common_variant_analysis_signal_id,chr,credible_set_variants_in_1_based_B37,genes,genes_with_zero_expression,true_gene,eqtl_tissue,category
20018498600092196-92196000002026,chr14,"14-105969061-C-T,14-105968583-C-G,14-105968585-A-C,14-105968621-A-G,14-105968616-A-G,14-105968595-T-C,14-105968700-C-T,14-105969396-A-G,14-105968504-T-C,14-106000977-A-G,14-105987725-AG-A,14-105988166-T-C,14-105977150-T-C,14-106002352-C-A,14-105973376-T-TTTTG,14-105992183-A-C,14-105968911-G-A,14-105968978-T-A,14-105969112-T-C,14-105979015-G-A,14-105980578-GA-G,14-105981602-C-T,14-105976554-C-G,14-105977313-T-C,14-105987782-C-G,14-105970176-A-G,14-105970520-G-GGGTGGAGGAGCTCTGGGCT,14-105967942-A-G,14-105970548-C-T,14-105982783-C-A,14-105996593-G-C,14-105993258-G-A,14-105978537-T-G,14-105980478-A-G,14-105990620-T-A,14-105970789-C-T,14-105970842-C-G,14-105971364-G-GA,14-105971435-G-C,14-105971670-A-G,14-105971702-A-G,14-105971794-T-C,14-105973469-A-C,14-105974501-A-G,14-105974781-T-C,14-105981527-CT-C,14-105989599-C-T,14-105968188-ACTT-A,14-105998544-T-C,14-105983096-C-T,14-105967278-G-A,14-106000231-G-A,14-106000214-C-A,14-105996341-C-G,14-105971375-G-C,14-105972562-G-A,14-105973121-G-A,14-105974696-G-A,14-105976621-T-C,14-105983740-A-G,14-105984145-C-G,14-105981241-C-T,14-105971701-C-A,14-105982772-A-C,14-105982780-A-G","ENSG00000211947,ENSG00000211934,ENSG00000211899,ENSG00000253755,ENSG00000211898,ENSG00000257270,ENSG00000211946,ENSG00000184887,ENSG00000282122,ENSG00000182979,ENSG00000184916,ENSG00000258701,ENSG00000276775,ENSG00000258811,ENSG00000184990,ENSG00000211952,ENSG00000213145,ENSG00000211945,ENSG00000185347,ENSG00000211949,ENSG00000211950,ENSG00000279140,ENSG00000232216,ENSG00000166428,ENSG00000211895,ENSG00000182809,ENSG00000211891,ENSG00000258986,ENSG00000211900,ENSG00000183828,ENSG00000211937,ENSG00000211943,ENSG00000179627,ENSG00000242085,ENSG00000140104,ENSG00000282639,ENSG00000240041,ENSG00000211938,ENSG00000270550,ENSG00000196183,ENSG00000211933,ENSG00000211941,ENSG00000211893,ENSG00000242472,ENSG00000282651,ENSG00000142208,ENSG00000203485,ENSG00000211897,ENSG00000279495,ENSG00000184986,ENSG00000185024,ENSG00000183484,ENSG00000251602,ENSG00000211896,ENSG00000185567,ENSG00000211942,ENSG00000170779,ENSG00000185100,ENSG00000231475,ENSG00000211935,ENSG00000211956,ENSG00000179364,ENSG00000211951,ENSG00000211904,ENSG00000226174,ENSG00000184601,ENSG00000225200,ENSG00000211890,ENSG00000211959,ENSG00000242887,ENSG00000099814,ENSG00000257556,ENSG00000211955,ENSG00000226777,ENSG00000258593","ENSG00000253462,ENSG00000253759,ENSG00000227800,ENSG00000253714,ENSG00000253780,ENSG00000253440,ENSG00000283607,ENSG00000254045,ENSG00000289598,ENSG00000279495,ENSG00000211917,ENSG00000254215,ENSG00000257556,ENSG00000211909,ENSG00000234402,ENSG00000253386,ENSG00000166428,ENSG00000253467,ENSG00000227196,ENSG00000211914,ENSG00000265929,ENSG00000238275,ENSG00000253325,ENSG00000257270,ENSG00000236170,ENSG00000211890,ENSG00000184990,ENSG00000225825,ENSG00000282651,ENSG00000253169,ENSG00000253240,ENSG00000253345,ENSG00000196183,ENSG00000211952,ENSG00000211897,ENSG00000211911,ENSG00000225200,ENSG00000211921,ENSG00000253703,ENSG00000142208,ENSG00000185347,ENSG00000211956,ENSG00000211930,ENSG00000211947,ENSG00000211959,ENSG00000211912,ENSG00000254228,ENSG00000283571,ENSG00000271968,ENSG00000279140,ENSG00000253310,ENSG00000211923,ENSG00000254176,ENSG00000275475,ENSG00000271201,ENSG00000283195,ENSG00000253359,ENSG00000258593,ENSG00000253149,ENSG00000253132,ENSG00000273778,ENSG00000242085,ENSG00000211899,ENSG00000254056,ENSG00000179364,ENSG00000185024,ENSG00000253209,ENSG00000254052,ENSG00000213140,ENSG00000184916,ENSG00000211924,ENSG00000227335,ENSG00000179627,ENSG00000253241,ENSG00000254134,ENSG00000280244,ENSG00000240041,ENSG00000223506,ENSG00000140104,ENSG00000253387,ENSG00000211935,ENSG00000213145,ENSG00000253367,ENSG00000211907,ENSG00000253294,ENSG00000237111,ENSG00000211942,ENSG00000211925,ENSG00000283906,ENSG00000232543,ENSG00000244620,ENSG00000253820,ENSG00000203485,ENSG00000237547,ENSG00000185100,ENSG00000254203,ENSG00000253692,ENSG00000211920,ENSG00000253491,ENSG00000276210,ENSG00000270371,ENSG00000251602,ENSG00000211934,ENSG00000211955,ENSG00000228757,ENSG00000253303,ENSG00000276775,ENSG00000253936,ENSG00000253587,ENSG00000211918,ENSG00000211950,ENSG00000253763,ENSG00000253482,ENSG00000254326,ENSG00000211945,ENSG00000253709,ENSG00000211893,ENSG00000242472,ENSG00000253808,ENSG00000275747,ENSG00000099814,ENSG00000236597,ENSG00000184986,ENSG00000282122,ENSG00000211957,ENSG00000170779,ENSG00000253458,ENSG00000229092,ENSG00000254174,ENSG00000254053,ENSG00000253545,ENSG00000282639,ENSG00000253364,ENSG00000211895,ENSG00000211946,ENSG00000287459,ENSG00000253989,ENSG00000237197,ENSG00000211896,ENSG00000283464,ENSG00000211900,ENSG00000183484,ENSG00000253941,ENSG00000264024,ENSG00000211944,ENSG00000231475,ENSG00000253131,ENSG00000289536,ENSG00000211951,ENSG00000253747,ENSG00000211943,ENSG00000211958,ENSG00000211937,ENSG00000237020,ENSG00000226174,ENSG00000254279,ENSG00000182809,ENSG00000253674,ENSG00000211928,ENSG00000270816,ENSG00000253465,ENSG00000211938,ENSG00000283562,ENSG00000228966,ENSG00000184601,ENSG00000253635,ENSG00000254289,ENSG00000199480,ENSG00000286636,ENSG00000233655,ENSG00000230157,ENSG00000253441,ENSG00000253247,ENSG00000184887,ENSG00000211979,ENSG00000278473,ENSG00000232216,ENSG00000211931,ENSG00000211933,ENSG00000253957,ENSG00000183828,ENSG00000283948,ENSG00000254329,ENSG00000288730,ENSG00000263413,ENSG00000185567,ENSG00000227108,ENSG00000211904,ENSG00000211898,ENSG00000228131,ENSG00000226777,ENSG00000254167,ENSG00000265612,ENSG00000258154,ENSG00000258811,ENSG00000254046,ENSG00000253412,ENSG00000242887,ENSG00000211949,ENSG00000270550,ENSG00000253895,ENSG00000254036,ENSG00000258986,ENSG00000273894,ENSG00000182979,ENSG00000270474,ENSG00000211915,ENSG00000211941,ENSG00000258701,ENSG00000253862,ENSG00000264781,ENSG00000211891,ENSG00000253883,ENSG00000253742,ENSG00000253755",ENSG00000184986,Liver eQTLs,train
20018499900092196-92196000001319,chr11,"11-63057925-G-A,11-63039983-C-A,11-63066667-T-C,11-63075977-A-G,11-63045365-G-A,11-63042316-G-A,11-63074438-T-C,11-63077163-C-T,11-63074801-GT-G,11-63066671-A-G,11-63091675-C-T,11-63092792-C-T,11-63098535-G-A,11-63098539-T-C,11-63103401-A-ATTC,11-63105017-T-G,11-63123990-CT-C,11-63036867-C-T,11-63078986-T-C,11-63047495-T-C,11-63046871-T-C,11-63078015-C-T,11-63147323-C-T,11-63117837-C-T,11-63123456-T-C,11-63148736-T-C,11-63149103-C-T,11-63113758-T-C,11-63051018-C-T,11-63072310-C-T,11-63074080-C-T,11-63082907-C-T,11-63044992-A-C,11-63045354-A-G,11-63108534-G-A,11-63074974-AAAAC-A,11-63095619-G-T,11-63108251-C-G,11-63095411-C-T,11-63103786-C-T,11-63109873-G-A,11-63111894-AT-A,11-63110149-C-T,11-63120020-C-A,11-63130311-G-A,11-63106017-A-G,11-63122632-A-ATTGATGG,11-63113777-G-T,11-63116021-C-T,11-63082400-G-A,11-63128098-C-T,11-63065426-C-CT,11-63126854-G-A,11-63146971-A-G,11-63123803-A-G,11-63151521-GAAAAA-G,11-63102711-G-A,11-63011713-A-G,11-63017092-A-T,11-63023019-G-A,11-63026038-T-C,11-63083315-G-A,11-63150787-T-C,11-63137384-A-G,11-63080526-C-T,11-63080066-G-A,11-63036386-A-G,11-63069715-A-G,11-63039972-C-A,11-63058337-A-G,11-63058759-A-G,11-63044027-C-T,11-63044637-G-T,11-63047698-C-G,11-63050279-C-A,11-63062420-C-A,11-63064823-T-C,11-63065885-TG-T,11-63067138-T-G,11-63044840-C-T,11-63050218-C-G,11-63057007-G-T,11-63064163-G-A,11-63068135-G-A,11-63068609-C-T","ENSG00000149480,ENSG00000269463,ENSG00000173511,ENSG00000184999,ENSG00000133316,ENSG00000173457,ENSG00000162188,ENSG00000185475,ENSG00000162227,ENSG00000162236,ENSG00000289562,ENSG00000133317,ENSG00000149761,ENSG00000162174,ENSG00000110011,ENSG00000162191,ENSG00000149541,ENSG00000110583,ENSG00000149016,ENSG00000270269,ENSG00000269176,ENSG00000168000,ENSG00000149782,ENSG00000149489,ENSG00000256690,ENSG00000168569,ENSG00000149743,ENSG00000185670,ENSG00000184743,ENSG00000124942,ENSG00000188070,ENSG00000288852,ENSG00000089597,ENSG00000177363,ENSG00000173264,ENSG00000133328,ENSG00000214756,ENSG00000167770,ENSG00000133321,ENSG00000257086,ENSG00000289486,ENSG00000256847,ENSG00000176340,ENSG00000162222,ENSG00000002330,ENSG00000197658,ENSG00000168439,ENSG00000168002,ENSG00000185085,ENSG00000072518,ENSG00000204922,ENSG00000256116,ENSG00000133318,ENSG00000162231,ENSG00000286264,ENSG00000196600,ENSG00000255717,ENSG00000149781,ENSG00000254772,ENSG00000168003,ENSG00000162194,ENSG00000214753,ENSG00000133315,ENSG00000167771,ENSG00000176485,ENSG00000149499,ENSG00000256940,ENSG00000126500,ENSG00000168005","ENSG00000197745,ENSG00000255446,ENSG00000149743,ENSG00000289562,ENSG00000149489,ENSG00000255717,ENSG00000149016,ENSG00000167771,ENSG00000241082,ENSG00000278615,ENSG00000184999,ENSG00000188070,ENSG00000255553,ENSG00000254404,ENSG00000173511,ENSG00000168569,ENSG00000124942,ENSG00000185085,ENSG00000196600,ENSG00000264519,ENSG00000168000,ENSG00000271100,ENSG00000149761,ENSG00000256847,ENSG00000168002,ENSG00000185670,ENSG00000289486,ENSG00000275598,ENSG00000256041,ENSG00000287412,ENSG00000207200,ENSG00000254424,ENSG00000133315,ENSG00000124939,ENSG00000133317,ENSG00000184743,ENSG00000256690,ENSG00000257002,ENSG00000276102,ENSG00000177363,ENSG00000286264,ENSG00000256181,ENSG00000203520,ENSG00000162188,ENSG00000124935,ENSG00000257058,ENSG00000288852,ENSG00000162174,ENSG00000256116,ENSG00000149452,ENSG00000162236,ENSG00000202089,ENSG00000162222,ENSG00000149781,ENSG00000255126,ENSG00000254964,ENSG00000236607,ENSG00000133328,ENSG00000089597,ENSG00000168515,ENSG00000110583,ENSG00000149499,ENSG00000110011,ENSG00000284535,ENSG00000133321,ENSG00000162231,ENSG00000149480,ENSG00000257086,ENSG00000214753,ENSG00000252361,ENSG00000197901,ENSG00000255213,ENSG00000162227,ENSG00000269463,ENSG00000239924,ENSG00000250659,ENSG00000197658,ENSG00000002330,ENSG00000133318,ENSG00000270269,ENSG00000133316,ENSG00000162191,ENSG00000285388,ENSG00000162194,ENSG00000168005,ENSG00000254772,ENSG00000274066,ENSG00000256940,ENSG00000256789,ENSG00000168003,ENSG00000168439,ENSG00000255118,ENSG00000167770,ENSG00000149541,ENSG00000253547,ENSG00000149021,ENSG00000173264,ENSG00000214756,ENSG00000285656,ENSG00000185475,ENSG00000176340,ENSG00000149782,ENSG00000126500,ENSG00000176485,ENSG00000072518,ENSG00000204922,ENSG00000269176,ENSG00000173457",ENSG00000184999,Liver eQTLs,train
20018504300092196-92196000002491,chr15,"15-90774447-TAGAG-T,15-90774987-G-A,15-90775913-C-T,15-90773147-CAAGGG-C,15-90771060-C-A,15-90775397-G-A,15-90776375-T-C,15-90772831-C-T,15-90773142-G-A,15-90775700-G-A,15-90769596-G-T,15-90775919-T-A,15-90776154-G-T,15-90773782-C-T","ENSG00000259677,ENSG00000228998,ENSG00000198901,ENSG00000259314,ENSG00000140564,ENSG00000140525,ENSG00000185518,ENSG00000140519,ENSG00000259746,ENSG00000166823,ENSG00000184056,ENSG00000166821,ENSG00000258725,ENSG00000140577,ENSG00000166965,ENSG00000140548,ENSG00000241362,ENSG00000197299,ENSG00000261441,ENSG00000225193,ENSG00000157823,ENSG00000185043,ENSG00000184508,ENSG00000140553,ENSG00000259291,ENSG00000285560,ENSG00000182511,ENSG00000166819,ENSG00000140534,ENSG00000259685,ENSG00000259212,ENSG00000183208,ENSG00000188095,ENSG00000166813,ENSG00000182768,ENSG00000166825,ENSG00000258384,ENSG00000185033,ENSG00000196547,ENSG00000242498,ENSG00000182054,ENSG00000140521","ENSG00000140534,ENSG00000166819,ENSG00000198901,ENSG00000259291,ENSG00000275929,ENSG00000285560,ENSG00000265871,ENSG00000285883,ENSG00000166965,ENSG00000270322,ENSG00000184508,ENSG00000258765,ENSG00000140525,ENSG00000200142,ENSG00000212420,ENSG00000259262,ENSG00000188095,ENSG00000278370,ENSG00000185518,ENSG00000140548,ENSG00000182054,ENSG00000259057,ENSG00000182511,ENSG00000259685,ENSG00000280377,ENSG00000241869,ENSG00000140521,ENSG00000258384,ENSG00000289066,ENSG00000259273,ENSG00000242498,ENSG00000240470,ENSG00000182768,ENSG00000258725,ENSG00000264966,ENSG00000166825,ENSG00000258665,ENSG00000259314,ENSG00000275803,ENSG00000228998,ENSG00000185033,ENSG00000259177,ENSG00000275345,ENSG00000261441,ENSG00000278514,ENSG00000259212,ENSG00000166821,ENSG00000241362,ENSG00000197299,ENSG00000157823,ENSG00000259704,ENSG00000259746,ENSG00000166813,ENSG00000166823,ENSG00000140577,ENSG00000140564,ENSG00000259677,ENSG00000183208,ENSG00000258954,ENSG00000140553,ENSG00000225193,ENSG00000200677,ENSG00000285661,ENSG00000264796,ENSG00000140519,ENSG00000184056,ENSG00000185043,ENSG00000196547,ENSG00000258540,ENSG00000287061",ENSG00000185043,Liver eQTLs,train
20018516800092196-92196000003278,chr17,"17-79306016-C-T,17-79303804-A-G,17-79303597-G-A,17-79303222-A-C,17-79299488-C-A,17-79299925-C-T,17-79301204-G-A,17-79301570-TG-T,17-79303772-C-T,17-79303786-T-C,17-79304507-A-G,17-79305197-A-T,17-79299625-G-A,17-79301816-A-G,17-79298590-T-C,17-79299105-G-A,17-79299484-G-A,17-79300488-G-A,17-79300667-C-G,17-79301251-C-T,17-79301445-G-A,17-79301507-A-G,17-79301539-G-A,17-79301565-G-A,17-79301720-CT-C,17-79302121-T-C,17-79302124-A-G,17-79302149-T-C,17-79301786-G-A,17-79301953-C-T","ENSG00000185298,ENSG00000176155,ENSG00000169738,ENSG00000173762,ENSG00000214087,ENSG00000182446,ENSG00000169733,ENSG00000181409,ENSG00000169750,ENSG00000224877,ENSG00000280407,ENSG00000183010,ENSG00000262814,ENSG00000187531,ENSG00000185168,ENSG00000167302,ENSG00000262873,ENSG00000287431,ENSG00000185813,ENSG00000262877,ENSG00000182612,ENSG00000141564,ENSG00000184009,ENSG00000265688,ENSG00000215644,ENSG00000141526,ENSG00000260563,ENSG00000262049,ENSG00000185504,ENSG00000183048,ENSG00000141552,ENSG00000197063,ENSG00000289182,ENSG00000186765,ENSG00000185359,ENSG00000260005,ENSG00000141551,ENSG00000260369,ENSG00000169696,ENSG00000263069,ENSG00000169727,ENSG00000279692,ENSG00000279372,ENSG00000265678,ENSG00000275902,ENSG00000280248,ENSG00000276101,ENSG00000262223,ENSG00000185527,ENSG00000173818,ENSG00000265692,ENSG00000275888,ENSG00000185269,ENSG00000169710,ENSG00000141577,ENSG00000176108,ENSG00000264569,ENSG00000225663,ENSG00000263731,ENSG00000264548,ENSG00000263167,ENSG00000182676,ENSG00000204237,ENSG00000226137,ENSG00000279187,ENSG00000169689,ENSG00000280351,ENSG00000287737,ENSG00000183684,ENSG00000169718,ENSG00000278876,ENSG00000175866,ENSG00000185624,ENSG00000141522,ENSG00000266074,ENSG00000169683","ENSG00000267432,ENSG00000169696,ENSG00000173818,ENSG00000169710,ENSG00000183048,ENSG00000287737,ENSG00000266074,ENSG00000262877,ENSG00000279187,ENSG00000279372,ENSG00000169750,ENSG00000262049,ENSG00000185624,ENSG00000262873,ENSG00000197063,ENSG00000265688,ENSG00000185168,ENSG00000167302,ENSG00000185813,ENSG00000176155,ENSG00000169727,ENSG00000267770,ENSG00000280248,ENSG00000141551,ENSG00000141552,ENSG00000264569,ENSG00000263731,ENSG00000289182,ENSG00000224877,ENSG00000204237,ENSG00000182612,ENSG00000265692,ENSG00000141577,ENSG00000275902,ENSG00000186765,ENSG00000169718,ENSG00000185298,ENSG00000169733,ENSG00000279692,ENSG00000176108,ENSG00000141564,ENSG00000263069,ENSG00000181409,ENSG00000169689,ENSG00000267355,ENSG00000276101,ENSG00000278876,ENSG00000266711,ENSG00000266665,ENSG00000183684,ENSG00000264548,ENSG00000275888,ENSG00000262223,ENSG00000185504,ENSG00000185359,ENSG00000263167,ENSG00000173762,ENSG00000275516,ENSG00000263278,ENSG00000141526,ENSG00000265678,ENSG00000185269,ENSG00000182446,ENSG00000260005,ENSG00000226137,ENSG00000200063,ENSG00000243870,ENSG00000215644,ENSG00000185527,ENSG00000280351,ENSG00000260369,ENSG00000169738,ENSG00000225663,ENSG00000260563,ENSG00000141522,ENSG00000169683,ENSG00000187531,ENSG00000265561,ENSG00000280407,ENSG00000214087,ENSG00000252391,ENSG00000267491,ENSG00000183010,ENSG00000175866,ENSG00000262343,ENSG00000243426,ENSG00000182676,ENSG00000287431,ENSG00000262768,ENSG00000184009,ENSG00000262814",ENSG00000185168,Liver eQTLs,train
20018529000092196-92196000006755,chr7,"7-55802063-T-C,7-55802428-C-CAA,7-55803970-G-A,7-55805495-C-G,7-55811904-A-G,7-55812407-T-C,7-55821556-T-C,7-55825157-C-G,7-55826775-C-G,7-55828834-G-A,7-55827309-A-G,7-55808805-A-G,7-55804561-T-C,7-55824205-A-G,7-55806087-G-T,7-55830778-A-ATTTTT,7-55835078-T-C,7-55884295-T-G","ENSG00000132432,ENSG00000164776,ENSG00000185290,ENSG00000132434,ENSG00000178665,ENSG00000224057,ENSG00000176826,ENSG00000230191,ENSG00000129103,ENSG00000154978,ENSG00000146648,ENSG00000106153,ENSG00000146731","ENSG00000185290,ENSG00000230564,ENSG00000252857,ENSG00000224155,ENSG00000228303,ENSG00000132432,ENSG00000233977,ENSG00000227499,ENSG00000203462,ENSG00000223740,ENSG00000280890,ENSG00000231504,ENSG00000146731,ENSG00000229909,ENSG00000154997,ENSG00000278205,ENSG00000234844,ENSG00000287019,ENSG00000176826,ENSG00000230191,ENSG00000206729,ENSG00000206603,ENSG00000233288,ENSG00000218586,ENSG00000237799,ENSG00000235738,ENSG00000224971,ENSG00000229762,ENSG00000146648,ENSG00000227491,ENSG00000277174,ENSG00000231394,ENSG00000223330,ENSG00000273720,ENSG00000261275,ENSG00000225018,ENSG00000129103,ENSG00000231317,ENSG00000225270,ENSG00000231299,ENSG00000213067,ENSG00000226278,ENSG00000132434,ENSG00000232944,ENSG00000271047,ENSG00000225488,ENSG00000275875,ENSG00000275853,ENSG00000230936,ENSG00000235207,ENSG00000178665,ENSG00000224947,ENSG00000225371,ENSG00000226485,ENSG00000234716,ENSG00000285670,ENSG00000164776,ENSG00000224370,ENSG00000237268,ENSG00000223475,ENSG00000237210,ENSG00000233028,ENSG00000213650,ENSG00000286477,ENSG00000224057,ENSG00000282879,ENSG00000202296,ENSG00000154978,ENSG00000106153",ENSG00000185290,Liver eQTLs,train
20018530400092196-92196000004386,chr2,"2-87182199-C-T,2-87120111-C-T,2-87152351-A-AT,2-87129701-A-G,2-87151342-G-A,2-87169316-T-G,2-87158211-T-G,2-87158202-G-A,2-87163229-C-T,2-87163278-G-A,2-87130299-T-C,2-87150092-A-G,2-87136066-A-G,2-87132188-G-A,2-87120217-C-T,2-87130104-G-A,2-87150667-C-T,2-87123114-G-A,2-87123824-C-T","ENSG00000068615,ENSG00000125551,ENSG00000229604,ENSG00000222041,ENSG00000153563,ENSG00000234231,ENSG00000183281,ENSG00000273080,ENSG00000132313,ENSG00000266931,ENSG00000132305,ENSG00000153561,ENSG00000208772,ENSG00000228363,ENSG00000115561,ENSG00000068654,ENSG00000239305,ENSG00000172116,ENSG00000280721,ENSG00000132300,ENSG00000185304,ENSG00000115548,ENSG00000204745","ENSG00000288437,ENSG00000202537,ENSG00000266931,ENSG00000275597,ENSG00000264793,ENSG00000224881,ENSG00000233999,ENSG00000185304,ENSG00000273080,ENSG00000068615,ENSG00000226114,ENSG00000132313,ENSG00000115548,ENSG00000233671,ENSG00000234231,ENSG00000214354,ENSG00000225933,ENSG00000153563,ENSG00000208772,ENSG00000281477,ENSG00000287763,ENSG00000172116,ENSG00000239305,ENSG00000265420,ENSG00000153561,ENSG00000068654,ENSG00000229604,ENSG00000204745,ENSG00000271097,ENSG00000132305,ENSG00000200563,ENSG00000115561,ENSG00000132300,ENSG00000213605,ENSG00000125551,ENSG00000225428,ENSG00000230395,ENSG00000251974,ENSG00000265003,ENSG00000222724,ENSG00000222041,ENSG00000287931,ENSG00000280721,ENSG00000183281,ENSG00000228363",ENSG00000185304,Liver eQTLs,train
20018533200092196-92196000003278,chr17,"17-79306016-C-T,17-79303804-A-G,17-79303597-G-A,17-79303222-A-C,17-79299488-C-A,17-79299925-C-T,17-79301204-G-A,17-79301570-TG-T,17-79303772-C-T,17-79303786-T-C,17-79304507-A-G,17-79305197-A-T,17-79299625-G-A,17-79301816-A-G,17-79298590-T-C,17-79299105-G-A,17-79299484-G-A,17-79300488-G-A,17-79300667-C-G,17-79301251-C-T,17-79301445-G-A,17-79301507-A-G,17-79301539-G-A,17-79301565-G-A,17-79301720-CT-C,17-79302121-T-C,17-79302124-A-G,17-79302149-T-C,17-79301786-G-A,17-79301953-C-T","ENSG00000185527,ENSG00000260563,ENSG00000183684,ENSG00000287431,ENSG00000184009,ENSG00000169738,ENSG00000279692,ENSG00000169696,ENSG00000169733,ENSG00000264548,ENSG00000181409,ENSG00000287737,ENSG00000265678,ENSG00000275902,ENSG00000225663,ENSG00000141551,ENSG00000260369,ENSG00000214087,ENSG00000141522,ENSG00000176108,ENSG00000185624,ENSG00000204237,ENSG00000224877,ENSG00000185504,ENSG00000167302,ENSG00000182612,ENSG00000226137,ENSG00000169727,ENSG00000185269,ENSG00000280351,ENSG00000264569,ENSG00000265688,ENSG00000141552,ENSG00000262814,ENSG00000182676,ENSG00000280407,ENSG00000185813,ENSG00000263167,ENSG00000289182,ENSG00000173762,ENSG00000169718,ENSG00000169710,ENSG00000215644,ENSG00000279187,ENSG00000169689,ENSG00000263069,ENSG00000141564,ENSG00000263731,ENSG00000173818,ENSG00000141526,ENSG00000262223,ENSG00000279372,ENSG00000185298,ENSG00000262049,ENSG00000276101,ENSG00000262873,ENSG00000265692,ENSG00000169683,ENSG00000278876,ENSG00000275888,ENSG00000280248,ENSG00000187531,ENSG00000176155,ENSG00000175866,ENSG00000186765,ENSG00000141577,ENSG00000183048,ENSG00000260005,ENSG00000182446,ENSG00000262877,ENSG00000185359,ENSG00000197063,ENSG00000169750,ENSG00000183010,ENSG00000185332,ENSG00000266074","ENSG00000185624,ENSG00000185332,ENSG00000279187,ENSG00000279692,ENSG00000169696,ENSG00000169689,ENSG00000262873,ENSG00000182676,ENSG00000185298,ENSG00000183684,ENSG00000275888,ENSG00000260563,ENSG00000141564,ENSG00000264548,ENSG00000287737,ENSG00000289182,ENSG00000262223,ENSG00000262049,ENSG00000185359,ENSG00000141522,ENSG00000215644,ENSG00000280407,ENSG00000185504,ENSG00000267491,ENSG00000275516,ENSG00000263278,ENSG00000185813,ENSG00000266074,ENSG00000265692,ENSG00000267770,ENSG00000169727,ENSG00000280351,ENSG00000265561,ENSG00000262814,ENSG00000266665,ENSG00000243870,ENSG00000214087,ENSG00000183010,ENSG00000167302,ENSG00000260005,ENSG00000267355,ENSG00000141577,ENSG00000263069,ENSG00000262877,ENSG00000252391,ENSG00000169710,ENSG00000169683,ENSG00000263731,ENSG00000263167,ENSG00000184009,ENSG00000226137,ENSG00000265678,ENSG00000267432,ENSG00000185527,ENSG00000169733,ENSG00000264569,ENSG00000266711,ENSG00000262768,ENSG00000224877,ENSG00000173818,ENSG00000200063,ENSG00000176155,ENSG00000169718,ENSG00000185269,ENSG00000141551,ENSG00000262343,ENSG00000181409,ENSG00000173762,ENSG00000204237,ENSG00000183048,ENSG00000182612,ENSG00000175866,ENSG00000141552,ENSG00000276101,ENSG00000182446,ENSG00000225663,ENSG00000275902,ENSG00000287431,ENSG00000141526,ENSG00000187531,ENSG00000176108,ENSG00000243426,ENSG00000279372,ENSG00000169750,ENSG00000186765,ENSG00000278876,ENSG00000169738,ENSG00000260369,ENSG00000197063,ENSG00000280248,ENSG00000265688",ENSG00000185332,Liver eQTLs,train
20018559600092196-92196000002270,chr15,15-102366849-G-A,"ENSG00000289028,ENSG00000185418,ENSG00000184277,ENSG00000131871,ENSG00000259172,ENSG00000274139,ENSG00000184254,ENSG00000131876,ENSG00000259764,ENSG00000286733,ENSG00000279970,ENSG00000259658,ENSG00000154237,ENSG00000259583,ENSG00000140479,ENSG00000277210,ENSG00000185596,ENSG00000131873,ENSG00000282793","ENSG00000248893,ENSG00000184254,ENSG00000240927,ENSG00000259695,ENSG00000259583,ENSG00000185596,ENSG00000184277,ENSG00000259172,ENSG00000214344,ENSG00000248472,ENSG00000232459,ENSG00000185418,ENSG00000131873,ENSG00000257109,ENSG00000154237,ENSG00000259454,ENSG00000259464,ENSG00000259764,ENSG00000259553,ENSG00000282793,ENSG00000275771,ENSG00000279970,ENSG00000277210,ENSG00000286733,ENSG00000259646,ENSG00000252614,ENSG00000274139,ENSG00000289028,ENSG00000289271,ENSG00000140479,ENSG00000182854,ENSG00000183909,ENSG00000275449,ENSG00000259658,ENSG00000131871,ENSG00000177693,ENSG00000184140,ENSG00000131876",ENSG00000185596,Liver eQTLs,train
20018561900092196-92196000005610,chr4,"4-726322-G-A,4-743519-T-C,4-741742-T-C,4-729290-G-A,4-716248-T-C,4-727153-C-T,4-719287-G-T,4-721565-G-A","ENSG00000272602,ENSG00000127418,ENSG00000182903,ENSG00000145217,ENSG00000145214,ENSG00000174227,ENSG00000186777,ENSG00000244459,ENSG00000273179,ENSG00000174137,ENSG00000251595,ENSG00000178222,ENSG00000196810,ENSG00000163945,ENSG00000272885,ENSG00000251188,ENSG00000272927,ENSG00000090316,ENSG00000185619,ENSG00000272588,ENSG00000127415,ENSG00000131127,ENSG00000159674,ENSG00000133256,ENSG00000013810,ENSG00000169020,ENSG00000286705,ENSG00000168936,ENSG00000275426,ENSG00000250312,ENSG00000168993,ENSG00000163950,ENSG00000280927,ENSG00000215375,ENSG00000127419,ENSG00000169026,ENSG00000198155,ENSG00000289361,ENSG00000159692,ENSG00000178950","ENSG00000273238,ENSG00000168993,ENSG00000159674,ENSG00000235608,ENSG00000207642,ENSG00000168936,ENSG00000253399,ENSG00000249025,ENSG00000185619,ENSG00000272602,ENSG00000272588,ENSG00000251652,ENSG00000169026,ENSG00000133256,ENSG00000163950,ENSG00000178222,ENSG00000250238,ENSG00000215375,ENSG00000198155,ENSG00000289361,ENSG00000251689,ENSG00000163945,ENSG00000212458,ENSG00000178950,ENSG00000169020,ENSG00000251188,ENSG00000159692,ENSG00000272927,ENSG00000090316,ENSG00000186777,ENSG00000283183,ENSG00000174227,ENSG00000145214,ENSG00000280927,ENSG00000127418,ENSG00000251595,ENSG00000182903,ENSG00000013810,ENSG00000127419,ENSG00000207009,ENSG00000272885,ENSG00000286705,ENSG00000127415,ENSG00000174137,ENSG00000131127,ENSG00000251535,ENSG00000145217,ENSG00000260262,ENSG00000196810,ENSG00000248416,ENSG00000215367,ENSG00000251639,ENSG00000273179,ENSG00000248302,ENSG00000250312,ENSG00000275426,ENSG00000250259,ENSG00000244459",ENSG00000185619,Liver eQTLs,train
20018568400092196-92196000001606,chr12,"12-132578050-C-T,12-132582125-A-G,12-132583235-C-CTT,12-132583556-G-A,12-132587204-C-T,12-132592494-T-C,12-132593606-G-A,12-132598348-CT-C,12-132600260-CA-C,12-132592715-A-G,12-132592428-T-G","ENSG00000072609,ENSG00000176894,ENSG00000247077,ENSG00000196458,ENSG00000198598,ENSG00000090615,ENSG00000176915,ENSG00000256576,ENSG00000185684,ENSG00000187848,ENSG00000255933,ENSG00000183495,ENSG00000198040,ENSG00000279283,ENSG00000256955,ENSG00000273568,ENSG00000177084,ENSG00000280287,ENSG00000289516,ENSG00000279700,ENSG00000198393,ENSG00000061936,ENSG00000278949,ENSG00000184967,ENSG00000177192,ENSG00000196387,ENSG00000279640,ENSG00000204583,ENSG00000112787,ENSG00000177169,ENSG00000277186,ENSG00000255992,ENSG00000236617","ENSG00000256108,ENSG00000255933,ENSG00000271963,ENSG00000238443,ENSG00000204583,ENSG00000274670,ENSG00000276693,ENSG00000255703,ENSG00000279817,ENSG00000256312,ENSG00000280287,ENSG00000277052,ENSG00000201469,ENSG00000255919,ENSG00000256258,ENSG00000177192,ENSG00000176915,ENSG00000255992,ENSG00000196458,ENSG00000200483,ENSG00000187848,ENSG00000289516,ENSG00000249926,ENSG00000176894,ENSG00000279466,ENSG00000185684,ENSG00000279283,ENSG00000279023,ENSG00000198598,ENSG00000246394,ENSG00000287639,ENSG00000252269,ENSG00000227059,ENSG00000198040,ENSG00000255916,ENSG00000279480,ENSG00000256875,ENSG00000256563,ENSG00000277011,ENSG00000200516,ENSG00000255807,ENSG00000177084,ENSG00000177169,ENSG00000243499,ENSG00000198393,ENSG00000061936,ENSG00000279153,ENSG00000255704,ENSG00000239190,ENSG00000280150,ENSG00000236617,ENSG00000273568,ENSG00000256424,ENSG00000247077,ENSG00000072609,ENSG00000286008,ENSG00000279704,ENSG00000279700,ENSG00000090615,ENSG00000112787,ENSG00000256576,ENSG00000279640,ENSG00000184967,ENSG00000212154,ENSG00000277186,ENSG00000279113,ENSG00000256943,ENSG00000183495,ENSG00000278949,ENSG00000208892,ENSG00000279455,ENSG00000256542,ENSG00000196387,ENSG00000256783,ENSG00000256955",ENSG00000185684,Liver eQTLs,train
20018594200092196-92196000007134,chr8,"8-63883970-C-T,8-63889037-T-A,8-63890832-C-T,8-63904617-G-A,8-63909596-C-A,8-63917641-C-T,8-63918764-A-C,8-63921513-G-A,8-63922402-A-G,8-63924414-G-C,8-63924428-T-C,8-63924705-G-A,8-63926622-T-A,8-63927746-T-C,8-63928087-C-T,8-63930559-C-A,8-63930927-T-TA,8-63938764-G-A,8-63940962-C-T,8-63941139-G-A,8-63941840-C-T,8-63944344-G-A,8-63945258-A-G,8-63945267-C-G,8-63945773-T-C,8-63884191-CA-C,8-63906199-G-A,8-63907144-A-G,8-63908088-C-A,8-63911296-A-G,8-63884046-A-ATTAG,8-63884091-T-C,8-63884450-A-G,8-63884593-A-G,8-63884645-C-G,8-63885270-A-T,8-63885412-G-A,8-63885429-C-T,8-63885621-G-A,8-63885949-G-A,8-63886218-C-T,8-63886725-T-C,8-63886763-A-G,8-63887103-C-G,8-63887215-A-T,8-63887293-T-G,8-63888598-TCTGAGAGA-T,8-63889083-T-C,8-63889114-T-C,8-63889581-G-C,8-63890650-T-C,8-63890717-T-C,8-63890905-A-G,8-63891204-T-G,8-63891311-A-C,8-63891319-G-A,8-63891336-A-G,8-63891446-A-G,8-63891796-G-T,8-63892800-G-A,8-63894455-T-G,8-63899482-C-T,8-63902237-G-A,8-63902886-C-T,8-63904263-G-A,8-63904532-C-G,8-63904818-G-T,8-63904818-G-T,8-63905227-T-C,8-63884511-G-A,8-63885100-G-A,8-63885622-T-G,8-63886069-A-G,8-63886815-G-C,8-63887480-T-C,8-63889651-T-C,8-63890381-G-C,8-63890870-T-C,8-63891308-A-G,8-63891368-T-C,8-63894154-G-A,8-63934658-AT-A,8-63889021-T-C,8-63912068-G-C,8-63912174-C-G,8-63912211-T-A,8-63912118-C-G,8-63912266-G-C,8-63884058-G-A,8-63883739-A-G,8-63883752-A-G,8-63880282-TAG-T,8-63881321-A-G,8-63881391-T-TTTTCTTTA,8-63862337-A-G,8-63879439-C-A,8-63864411-G-A,8-63883490-T-C,8-63883503-A-G","ENSG00000185942,ENSG00000261542,ENSG00000185728,ENSG00000137563,ENSG00000253121,ENSG00000270673,ENSG00000137561","ENSG00000254330,ENSG00000253121,ENSG00000253762,ENSG00000253894,ENSG00000270673,ENSG00000287844,ENSG00000137563,ENSG00000253554,ENSG00000241964,ENSG00000185942,ENSG00000254377,ENSG00000253750,ENSG00000207816,ENSG00000253231,ENSG00000253205,ENSG00000253555,ENSG00000137561,ENSG00000253583,ENSG00000253800,ENSG00000185728,ENSG00000253734,ENSG00000287615,ENSG00000261542,ENSG00000215096,ENSG00000252358",ENSG00000185942,Liver eQTLs,train
20018602600092196-92196000003676,chr19,"19-44504105-AAC-A,19-44497331-C-G","ENSG00000267467,ENSG00000104853,ENSG00000214855,ENSG00000159917,ENSG00000266921,ENSG00000176472,ENSG00000230666,ENSG00000011422,ENSG00000105767,ENSG00000267680,ENSG00000204920,ENSG00000124466,ENSG00000124444,ENSG00000130208,ENSG00000278917,ENSG00000285128,ENSG00000288773,ENSG00000069399,ENSG00000159915,ENSG00000062370,ENSG00000159885,ENSG00000289428,ENSG00000073008,ENSG00000187244,ENSG00000167380,ENSG00000186567,ENSG00000267191,ENSG00000130202,ENSG00000130203,ENSG00000263002,ENSG00000256294,ENSG00000267058,ENSG00000234465,ENSG00000226763,ENSG00000142273,ENSG00000124459,ENSG00000267508,ENSG00000270679,ENSG00000159905,ENSG00000266903,ENSG00000131115,ENSG00000277806,ENSG00000216588,ENSG00000279103,ENSG00000131116,ENSG00000176222,ENSG00000186026,ENSG00000167384,ENSG00000231412,ENSG00000286613,ENSG00000213892,ENSG00000073050,ENSG00000176531,ENSG00000204936,ENSG00000278318,ENSG00000273777,ENSG00000234906,ENSG00000167637,ENSG00000267282,ENSG00000105771,ENSG00000130204,ENSG00000186019,ENSG00000105755,ENSG00000104783,ENSG00000167378","ENSG00000266921,ENSG00000275726,ENSG00000231412,ENSG00000283525,ENSG00000256294,ENSG00000130208,ENSG00000214855,ENSG00000267614,ENSG00000267058,ENSG00000207003,ENSG00000242675,ENSG00000213892,ENSG00000062370,ENSG00000278917,ENSG00000186567,ENSG00000167378,ENSG00000159917,ENSG00000239948,ENSG00000285128,ENSG00000159905,ENSG00000130204,ENSG00000131116,ENSG00000105767,ENSG00000131115,ENSG00000187244,ENSG00000277806,ENSG00000253027,ENSG00000269177,ENSG00000124459,ENSG00000105755,ENSG00000124466,ENSG00000176531,ENSG00000104783,ENSG00000267346,ENSG00000167380,ENSG00000267191,ENSG00000267282,ENSG00000263002,ENSG00000069399,ENSG00000268601,ENSG00000252200,ENSG00000216588,ENSG00000124444,ENSG00000253021,ENSG00000267590,ENSG00000130203,ENSG00000186019,ENSG00000287035,ENSG00000130202,ENSG00000279103,ENSG00000269583,ENSG00000011422,ENSG00000289428,ENSG00000266903,ENSG00000234465,ENSG00000230666,ENSG00000283673,ENSG00000284258,ENSG00000286613,ENSG00000159885,ENSG00000186026,ENSG00000167637,ENSG00000159915,ENSG00000142273,ENSG00000267467,ENSG00000105771,ENSG00000236807,ENSG00000278318,ENSG00000204936,ENSG00000073050,ENSG00000267044,ENSG00000270679,ENSG00000288773,ENSG00000267144,ENSG00000204920,ENSG00000224366,ENSG00000273777,ENSG00000234906,ENSG00000267508,ENSG00000176472,ENSG00000267680,ENSG00000104853,ENSG00000226763,ENSG00000073008,ENSG00000167384,ENSG00000176222",ENSG00000186026,Liver eQTLs,train
20018620400092196-92196000003472,chr19,"19-15827005-A-ATT,19-15816573-C-G,19-15820638-C-G,19-15821104-C-T,19-15822636-A-G,19-15825739-A-C,19-15826442-A-G,19-15826599-T-C,19-15826688-A-C,19-15826806-A-T,19-15826989-A-T,19-15827090-T-A,19-15827152-C-T,19-15827275-C-T,19-15827465-T-C,19-15828172-T-C,19-15828629-T-C,19-15828876-C-T,19-15828959-G-T,19-15829364-C-T,19-15829379-A-G,19-15829398-A-G,19-15829748-A-G,19-15830869-T-G,19-15831278-C-G,19-15831496-A-C,19-15831793-G-T,19-15831958-A-G,19-15832076-A-T,19-15832316-A-T,19-15832395-A-G,19-15832426-T-C,19-15832839-T-G,19-15832930-A-T,19-15817815-T-C,19-15822390-A-T,19-15825611-G-A,19-15816402-C-CT,19-15824859-T-G,19-15804644-A-G,19-15800069-A-C,19-15816449-T-TA,19-15798520-C-T,19-15802572-ATTTTTATGAAG-A,19-15806187-T-C,19-15808025-A-G,19-15809547-A-T,19-15809945-C-T,19-15810312-A-C,19-15811079-G-C,19-15811717-A-C,19-15812328-C-A,19-15812558-C-T,19-15812744-A-G,19-15829458-A-AT,19-15833756-A-G,19-15833958-G-A,19-15824746-T-A,19-15798101-A-C","ENSG00000105127,ENSG00000105058,ENSG00000105085,ENSG00000105131,ENSG00000072958,ENSG00000186529,ENSG00000167460,ENSG00000011451,ENSG00000127507,ENSG00000085872,ENSG00000279748,ENSG00000279716,ENSG00000273218,ENSG00000127527,ENSG00000186115,ENSG00000268087,ENSG00000105141,ENSG00000279198,ENSG00000011243,ENSG00000280332,ENSG00000267308,ENSG00000279529,ENSG00000269399,ENSG00000167461,ENSG00000161031,ENSG00000269516,ENSG00000072954,ENSG00000127526,ENSG00000267056,ENSG00000105137,ENSG00000279203,ENSG00000269243,ENSG00000267904,ENSG00000105072,ENSG00000186204,ENSG00000269044,ENSG00000141867,ENSG00000074181,ENSG00000105122,ENSG00000214046,ENSG00000105135,ENSG00000127528,ENSG00000214049,ENSG00000171954,ENSG00000196684,ENSG00000171903","ENSG00000186204,ENSG00000105085,ENSG00000127527,ENSG00000105131,ENSG00000172148,ENSG00000161031,ENSG00000269678,ENSG00000196684,ENSG00000127526,ENSG00000275711,ENSG00000171942,ENSG00000141977,ENSG00000167461,ENSG00000105137,ENSG00000269799,ENSG00000269552,ENSG00000268189,ENSG00000279198,ENSG00000011243,ENSG00000188269,ENSG00000105127,ENSG00000214049,ENSG00000267517,ENSG00000267904,ENSG00000186529,ENSG00000269635,ENSG00000198367,ENSG00000176231,ENSG00000072954,ENSG00000267450,ENSG00000267373,ENSG00000280332,ENSG00000267609,ENSG00000141867,ENSG00000094661,ENSG00000273218,ENSG00000160994,ENSG00000279716,ENSG00000105072,ENSG00000267056,ENSG00000275901,ENSG00000074181,ENSG00000267275,ENSG00000214046,ENSG00000127529,ENSG00000240106,ENSG00000176923,ENSG00000269516,ENSG00000252661,ENSG00000167460,ENSG00000267961,ENSG00000186115,ENSG00000269044,ENSG00000279977,ENSG00000269085,ENSG00000186723,ENSG00000105058,ENSG00000127528,ENSG00000167459,ENSG00000269419,ENSG00000171903,ENSG00000105135,ENSG00000072958,ENSG00000267235,ENSG00000279529,ENSG00000279748,ENSG00000277766,ENSG00000267308,ENSG00000269765,ENSG00000269243,ENSG00000105141,ENSG00000289330,ENSG00000268673,ENSG00000277825,ENSG00000289333,ENSG00000085872,ENSG00000268564,ENSG00000011451,ENSG00000127515,ENSG00000105122,ENSG00000267135,ENSG00000171954,ENSG00000269787,ENSG00000269399,ENSG00000127507,ENSG00000171936,ENSG00000185385,ENSG00000279203,ENSG00000280412,ENSG00000268087,ENSG00000172519,ENSG00000266951,ENSG00000268834,ENSG00000267392",ENSG00000186204,Liver eQTLs,train
20018623000092196-92196000003854,chr19,"19-57943697-A-G,19-57939619-C-T,19-57949536-T-C,19-57896734-G-A,19-57898833-T-C,19-57892729-T-C,19-57920134-C-T,19-57930256-T-G,19-57930283-A-G","ENSG00000213013,ENSG00000268895,ENSG00000198466,ENSG00000197951,ENSG00000269343,ENSG00000256060,ENSG00000186272,ENSG00000268049,ENSG00000171606,ENSG00000121410,ENSG00000197016,ENSG00000268543,ENSG00000198131,ENSG00000121413,ENSG00000251369,ENSG00000196724,ENSG00000171649,ENSG00000181894,ENSG00000174586,ENSG00000183647,ENSG00000213762,ENSG00000177025,ENSG00000152443,ENSG00000121417,ENSG00000166770,ENSG00000083817,ENSG00000198046,ENSG00000083828,ENSG00000267871,ENSG00000176293,ENSG00000142396,ENSG00000197714,ENSG00000178229,ENSG00000204519,ENSG00000179909,ENSG00000105146,ENSG00000171574,ENSG00000083845,ENSG00000178201,ENSG00000121406,ENSG00000083814,ENSG00000173480,ENSG00000152475,ENSG00000196867,ENSG00000198300,ENSG00000196263,ENSG00000268205,ENSG00000152439,ENSG00000268182,ENSG00000083844,ENSG00000188785,ENSG00000283103,ENSG00000152454,ENSG00000279611,ENSG00000182318,ENSG00000269054,ENSG00000186230,ENSG00000278129,ENSG00000269794,ENSG00000204524,ENSG00000166704,ENSG00000279541,ENSG00000127903,ENSG00000269696,ENSG00000268516,ENSG00000105136,ENSG00000204514,ENSG00000270804,ENSG00000152433,ENSG00000269867,ENSG00000178935,ENSG00000268201,ENSG00000176593,ENSG00000232098,ENSG00000288899","ENSG00000268205,ENSG00000269343,ENSG00000268866,ENSG00000269054,ENSG00000283103,ENSG00000266640,ENSG00000152454,ENSG00000176293,ENSG00000269867,ENSG00000182318,ENSG00000268895,ENSG00000264910,ENSG00000198466,ENSG00000268307,ENSG00000121410,ENSG00000268713,ENSG00000268545,ENSG00000083844,ENSG00000258873,ENSG00000268293,ENSG00000196724,ENSG00000269304,ENSG00000268723,ENSG00000121413,ENSG00000083845,ENSG00000204524,ENSG00000268543,ENSG00000083814,ENSG00000171574,ENSG00000186230,ENSG00000083817,ENSG00000204519,ENSG00000152475,ENSG00000181894,ENSG00000286949,ENSG00000279541,ENSG00000268182,ENSG00000105146,ENSG00000278129,ENSG00000288899,ENSG00000270293,ENSG00000251369,ENSG00000269097,ENSG00000268201,ENSG00000243642,ENSG00000198131,ENSG00000176593,ENSG00000171606,ENSG00000268049,ENSG00000196867,ENSG00000188785,ENSG00000269696,ENSG00000196263,ENSG00000288830,ENSG00000268266,ENSG00000197016,ENSG00000268392,ENSG00000270790,ENSG00000213013,ENSG00000121417,ENSG00000279611,ENSG00000178935,ENSG00000178201,ENSG00000131864,ENSG00000270804,ENSG00000186272,ENSG00000166704,ENSG00000152443,ENSG00000269236,ENSG00000268483,ENSG00000243234,ENSG00000152439,ENSG00000274219,ENSG00000256060,ENSG00000277588,ENSG00000179909,ENSG00000269794,ENSG00000171649,ENSG00000121406,ENSG00000083828,ENSG00000268516,ENSG00000204514,ENSG00000197714,ENSG00000270837,ENSG00000152433,ENSG00000127903,ENSG00000141946,ENSG00000267871,ENSG00000252334,ENSG00000265272,ENSG00000252211,ENSG00000177025,ENSG00000183647,ENSG00000198046,ENSG00000178229,ENSG00000198300,ENSG00000142396,ENSG00000213762,ENSG00000235974,ENSG00000173480,ENSG00000286632,ENSG00000269855,ENSG00000105136,ENSG00000166770,ENSG00000197951,ENSG00000232098,ENSG00000174586",ENSG00000186230,Liver eQTLs,train
20018644600092196-92196000005269,chr3,"3-44762830-A-G,3-44883971-G-A","ENSG00000261786,ENSG00000249992,ENSG00000178917,ENSG00000144791,ENSG00000230530,ENSG00000163808,ENSG00000075914,ENSG00000272077,ENSG00000186446,ENSG00000280435,ENSG00000224094,ENSG00000011376,ENSG00000144792,ENSG00000196345,ENSG00000163807,ENSG00000214820,ENSG00000211456,ENSG00000169981,ENSG00000185219,ENSG00000179152,ENSG00000163815,ENSG00000283036,ENSG00000225873,ENSG00000163814","ENSG00000075914,ENSG00000236869,ENSG00000235805,ENSG00000261786,ENSG00000211456,ENSG00000233509,ENSG00000163808,ENSG00000186446,ENSG00000272121,ENSG00000235886,ENSG00000202268,ENSG00000277509,ENSG00000173769,ENSG00000011376,ENSG00000163814,ENSG00000144791,ENSG00000252410,ENSG00000225873,ENSG00000207954,ENSG00000144792,ENSG00000163807,ENSG00000178917,ENSG00000249992,ENSG00000227123,ENSG00000235845,ENSG00000214825,ENSG00000224094,ENSG00000280435,ENSG00000169981,ENSG00000272077,ENSG00000271192,ENSG00000283036,ENSG00000196345,ENSG00000185219,ENSG00000214820,ENSG00000163815,ENSG00000230530,ENSG00000284498,ENSG00000279017,ENSG00000179152,ENSG00000232455,ENSG00000252980",ENSG00000186446,Liver eQTLs,train
20018644800092196-92196000005267,chr3,"3-44678498-G-A,3-44667286-C-G,3-44704083-G-A,3-44674996-C-T,3-44599103-T-G,3-44594030-C-A,3-44602768-AG-A,3-44655476-A-C,3-44686087-C-T,3-44622551-G-A,3-44635461-G-A,3-44652287-A-G,3-44743993-G-A,3-44738515-C-G,3-44739783-G-A,3-44712097-A-C,3-44556861-T-A,3-44559156-G-A,3-44460954-G-A,3-44567065-T-C,3-44553722-G-A,3-44552421-A-G,3-44502108-A-G,3-44502864-AATAGGAGG-A,3-44503732-C-T,3-44508967-T-C,3-44509978-T-C,3-44516221-G-A,3-44516496-G-A,3-44530329-C-T,3-44532047-C-T,3-44547124-A-T,3-44509281-T-C,3-44515813-C-T,3-44468065-C-A","ENSG00000283036,ENSG00000011376,ENSG00000272077,ENSG00000169964,ENSG00000144792,ENSG00000214820,ENSG00000261786,ENSG00000196345,ENSG00000179152,ENSG00000249992,ENSG00000280435,ENSG00000163812,ENSG00000075914,ENSG00000225873,ENSG00000224094,ENSG00000163815,ENSG00000163814,ENSG00000169981,ENSG00000163807,ENSG00000178917,ENSG00000185219,ENSG00000144791,ENSG00000160746,ENSG00000186448,ENSG00000163808,ENSG00000011198,ENSG00000186446","ENSG00000202268,ENSG00000169964,ENSG00000236869,ENSG00000196345,ENSG00000280435,ENSG00000011376,ENSG00000163814,ENSG00000186448,ENSG00000163812,ENSG00000252980,ENSG00000163808,ENSG00000207954,ENSG00000144791,ENSG00000272121,ENSG00000277509,ENSG00000284498,ENSG00000163815,ENSG00000214825,ENSG00000272077,ENSG00000227123,ENSG00000283036,ENSG00000233509,ENSG00000261786,ENSG00000235805,ENSG00000173769,ENSG00000235845,ENSG00000225873,ENSG00000011198,ENSG00000144792,ENSG00000232455,ENSG00000179152,ENSG00000169981,ENSG00000163807,ENSG00000235886,ENSG00000178917,ENSG00000252410,ENSG00000249992,ENSG00000214820,ENSG00000224094,ENSG00000075914,ENSG00000186446,ENSG00000185219,ENSG00000271192,ENSG00000160746",ENSG00000186448,Liver eQTLs,train
20018647000092196-92196000006144,chr6,"6-26373507-G-A,6-26369549-C-T,6-26370474-C-T,6-26370657-A-G,6-26371000-G-C,6-26371679-A-G,6-26372427-A-G,6-26372584-G-A,6-26372786-A-G,6-26372827-C-T,6-26373121-G-A,6-26373150-C-T,6-26373678-G-A,6-26374274-C-G,6-26375159-A-G,6-26375645-G-A,6-26375658-G-A,6-26376103-A-G,6-26376314-A-G,6-26376368-A-G,6-26377546-A-G,6-26377573-T-A,6-26377591-G-T,6-26369587-A-G,6-26370365-G-C,6-26370572-C-T,6-26370659-C-T,6-26372460-C-CT,6-26373086-C-T,6-26373740-G-T,6-26374978-T-C,6-26375256-A-G,6-26377385-C-G,6-26375854-C-G,6-26354780-A-C,6-26355094-G-A,6-26356347-C-A,6-26356853-C-T,6-26356951-T-C,6-26357278-A-G,6-26357635-A-G,6-26359241-A-T,6-26360311-G-A,6-26361011-G-A,6-26361500-G-A,6-26361985-A-G,6-26362119-A-T,6-26362486-T-C,6-26362643-T-C,6-26362705-C-T,6-26362854-T-C,6-26363755-G-C,6-26364628-A-C,6-26364930-T-C,6-26365586-T-C,6-26365759-T-C,6-26365766-T-C,6-26365913-G-T,6-26366511-T-A,6-26366836-A-C,6-26367654-G-C,6-26367689-T-C,6-26367833-A-G,6-26368279-G-A,6-26375243-T-C,6-26377927-T-C,6-26377939-G-A,6-26378288-T-A,6-26377028-G-A,6-26361656-ATTTTTTT-A,6-26361656-ATTTTTTT-A,6-26358775-T-C,6-26357898-C-CT,6-26357011-C-T,6-26356038-TTTTC-T,6-26354100-G-T,6-26354247-G-A,6-26365679-T-G,6-26385093-C-G,6-26387546-C-T,6-26392515-G-C,6-26402717-T-C,6-26422627-C-A,6-26422627-C-A,6-26407482-G-A,6-26415409-T-A,6-26416787-C-G,6-26421345-T-C,6-26426856-G-A,6-26431982-C-T,6-26434630-T-C,6-26444732-C-T,6-26444938-T-A,6-26441725-C-CT,6-26485573-A-G,6-26479150-C-T,6-26487169-C-T","ENSG00000124564,ENSG00000224843,ENSG00000180596,ENSG00000187837,ENSG00000124635,ENSG00000197903,ENSG00000111801,ENSG00000124575,ENSG00000079689,ENSG00000277224,ENSG00000196866,ENSG00000272810,ENSG00000010704,ENSG00000277075,ENSG00000287966,ENSG00000196787,ENSG00000228223,ENSG00000180573,ENSG00000277157,ENSG00000276966,ENSG00000274750,ENSG00000197061,ENSG00000276180,ENSG00000272462,ENSG00000216331,ENSG00000112763,ENSG00000197409,ENSG00000158406,ENSG00000273802,ENSG00000181315,ENSG00000146109,ENSG00000217275,ENSG00000186470,ENSG00000146039,ENSG00000285571,ENSG00000124549,ENSG00000026950,ENSG00000287080,ENSG00000112337,ENSG00000168405,ENSG00000112343,ENSG00000168298,ENSG00000241549,ENSG00000124508,ENSG00000275713,ENSG00000112812,ENSG00000274290,ENSG00000272468,ENSG00000158373,ENSG00000124568","ENSG00000277720,ENSG00000272462,ENSG00000168298,ENSG00000146109,ENSG00000277410,ENSG00000220875,ENSG00000275846,ENSG00000186470,ENSG00000216436,ENSG00000112812,ENSG00000112763,ENSG00000124575,ENSG00000287080,ENSG00000271071,ENSG00000187837,ENSG00000287050,ENSG00000277775,ENSG00000146039,ENSG00000276180,ENSG00000168405,ENSG00000222800,ENSG00000228223,ENSG00000178762,ENSG00000217275,ENSG00000112337,ENSG00000207490,ENSG00000286933,ENSG00000124549,ENSG00000124568,ENSG00000274750,ENSG00000124635,ENSG00000124557,ENSG00000275663,ENSG00000278588,ENSG00000217408,ENSG00000196787,ENSG00000216331,ENSG00000216762,ENSG00000277157,ENSG00000112343,ENSG00000158553,ENSG00000242387,ENSG00000197409,ENSG00000079689,ENSG00000272468,ENSG00000278637,ENSG00000158373,ENSG00000224447,ENSG00000243307,ENSG00000270935,ENSG00000199289,ENSG00000277075,ENSG00000010704,ENSG00000287966,ENSG00000265565,ENSG00000274618,ENSG00000285571,ENSG00000124564,ENSG00000276966,ENSG00000197061,ENSG00000276410,ENSG00000224843,ENSG00000180573,ENSG00000174572,ENSG00000278463,ENSG00000274997,ENSG00000241549,ENSG00000026950,ENSG00000124610,ENSG00000181315,ENSG00000124508,ENSG00000218690,ENSG00000289447,ENSG00000218281,ENSG00000275713,ENSG00000220581,ENSG00000234816,ENSG00000284607,ENSG00000158406,ENSG00000261584,ENSG00000146047,ENSG00000180596,ENSG00000220758,ENSG00000273983,ENSG00000217159,ENSG00000274290,ENSG00000197903,ENSG00000284688,ENSG00000219770,ENSG00000272810,ENSG00000273802,ENSG00000196866,ENSG00000111801,ENSG00000286522,ENSG00000277224",ENSG00000186470,Liver eQTLs,train
20018647000092196-92196000006153,chr6,"6-26798784-G-A,6-26798784-G-A,6-26454363-C-T,6-26454363-C-T,6-26454956-C-T,6-26454956-C-T,6-26455814-T-C,6-26455814-T-C,6-26456074-T-G,6-26456074-T-G,6-26462104-C-T,6-26462104-C-T,6-26463271-T-A,6-26463271-T-A,6-26463660-G-A,6-26463660-G-A,6-26468326-G-A,6-26468326-G-A,6-26468545-G-C,6-26468545-G-C,6-26478252-C-T,6-26478252-C-T,6-26499185-C-T,6-26499185-C-T,6-26509382-C-T,6-26509382-C-T,6-26511744-G-C,6-26511744-G-C,6-26529890-G-A,6-26529890-G-A,6-26530376-C-T,6-26530376-C-T,6-26549212-G-A,6-26549212-G-A,6-26550144-C-T,6-26550144-C-T,6-26562269-G-T,6-26562269-G-T,6-26563864-A-C,6-26563864-A-C,6-26569135-T-C,6-26569135-T-C,6-26587373-G-T,6-26587373-G-T,6-26593037-A-G,6-26593037-A-G,6-26603924-C-A,6-26603924-C-A,6-26609989-G-C,6-26609989-G-C,6-26668832-TG-T,6-26668832-TG-T,6-26799828-C-G,6-26799828-C-G,6-26761282-ATG-A,6-26761282-ATG-A,6-26870627-T-G,6-26870627-T-G,6-26798796-G-T,6-26798796-G-T,6-26822009-TC-T,6-26822009-TC-T,6-26824920-T-C,6-26824920-T-C,6-26828359-C-T,6-26828359-C-T,6-26843647-G-GTAAA,6-26843647-G-GTAAA,6-26851415-G-A,6-26851415-G-A,6-26887821-G-A,6-26887821-G-A,6-26895248-C-A,6-26895248-C-A,6-26755915-C-T,6-26755915-C-T,6-26761745-T-C,6-26761745-T-C,6-26762087-C-T,6-26762087-C-T,6-26670618-A-G,6-26670618-A-G,6-26678939-A-G,6-26678939-A-G,6-26673953-C-T,6-26673953-C-T","ENSG00000272462,ENSG00000228223,ENSG00000277224,ENSG00000276966,ENSG00000274750,ENSG00000285571,ENSG00000216331,ENSG00000271755,ENSG00000274290,ENSG00000181315,ENSG00000277157,ENSG00000217275,ENSG00000287252,ENSG00000112337,ENSG00000180573,ENSG00000111801,ENSG00000197061,ENSG00000196787,ENSG00000124508,ENSG00000276180,ENSG00000287966,ENSG00000187837,ENSG00000124549,ENSG00000278828,ENSG00000026950,ENSG00000197238,ENSG00000196866,ENSG00000204789,ENSG00000180596,ENSG00000168298,ENSG00000096654,ENSG00000112763,ENSG00000272810,ENSG00000158406,ENSG00000272468,ENSG00000112343,ENSG00000158373,ENSG00000277075,ENSG00000124564,ENSG00000197903,ENSG00000224843,ENSG00000146109,ENSG00000124575,ENSG00000275713,ENSG00000010704,ENSG00000124635,ENSG00000273802,ENSG00000112812,ENSG00000241549,ENSG00000186470,ENSG00000197409,ENSG00000287080,ENSG00000286652,ENSG00000124568","ENSG00000278588,ENSG00000174572,ENSG00000197409,ENSG00000218069,ENSG00000186470,ENSG00000112343,ENSG00000286522,ENSG00000272468,ENSG00000224447,ENSG00000217159,ENSG00000277410,ENSG00000124564,ENSG00000234816,ENSG00000275846,ENSG00000278637,ENSG00000242387,ENSG00000111801,ENSG00000287080,ENSG00000010704,ENSG00000287674,ENSG00000272810,ENSG00000199289,ENSG00000287050,ENSG00000277157,ENSG00000181315,ENSG00000197061,ENSG00000187837,ENSG00000224843,ENSG00000124568,ENSG00000158406,ENSG00000124575,ENSG00000278332,ENSG00000124610,ENSG00000278828,ENSG00000277720,ENSG00000243307,ENSG00000277224,ENSG00000204789,ENSG00000219770,ENSG00000216762,ENSG00000275713,ENSG00000237154,ENSG00000216915,ENSG00000197903,ENSG00000241549,ENSG00000284688,ENSG00000286652,ENSG00000287252,ENSG00000158553,ENSG00000217275,ENSG00000146109,ENSG00000197238,ENSG00000216331,ENSG00000220581,ENSG00000272462,ENSG00000284607,ENSG00000112337,ENSG00000218690,ENSG00000261584,ENSG00000285703,ENSG00000180596,ENSG00000273983,ENSG00000271071,ENSG00000124557,ENSG00000276966,ENSG00000271755,ENSG00000124635,ENSG00000285571,ENSG00000222800,ENSG00000289447,ENSG00000275663,ENSG00000220758,ENSG00000196787,ENSG00000180573,ENSG00000219738,ENSG00000276180,ENSG00000277775,ENSG00000216676,ENSG00000206671,ENSG00000026950,ENSG00000277075,ENSG00000287966,ENSG00000124508,ENSG00000112763,ENSG00000158373,ENSG00000218281,ENSG00000168298,ENSG00000276410,ENSG00000278463,ENSG00000274618,ENSG00000274750,ENSG00000265565,ENSG00000273802,ENSG00000112812,ENSG00000274997,ENSG00000124549,ENSG00000270935,ENSG00000196866,ENSG00000218347,ENSG00000096654,ENSG00000220875,ENSG00000228223,ENSG00000274290",ENSG00000186470,Liver eQTLs,train
20018652300092196-92196000006964,chr8,"8-12250170-A-G,8-12239454-T-G,8-12232222-A-G,8-12237140-C-T,8-12232673-A-T,8-12243413-G-A,8-12233384-G-A,8-12236831-G-T,8-12245394-G-C,8-12246049-G-A,8-12243120-C-G,8-12245373-A-C,8-12242628-C-A,8-12245198-G-A,8-12247918-G-A,8-12245088-A-G,8-12226417-C-T,8-12224687-C-T,8-12226748-A-C,8-12225443-T-G","ENSG00000136574,ENSG00000255046,ENSG00000251402,ENSG00000269954,ENSG00000251468,ENSG00000186523,ENSG00000287134,ENSG00000154328,ENSG00000136573,ENSG00000164733,ENSG00000154359,ENSG00000079459,ENSG00000242607,ENSG00000255495,ENSG00000250305,ENSG00000154319,ENSG00000270154","ENSG00000255549,ENSG00000226430,ENSG00000286985,ENSG00000237215,ENSG00000233050,ENSG00000252029,ENSG00000284663,ENSG00000184608,ENSG00000232948,ENSG00000254527,ENSG00000255495,ENSG00000255494,ENSG00000154359,ENSG00000227888,ENSG00000136574,ENSG00000205884,ENSG00000287134,ENSG00000270154,ENSG00000242296,ENSG00000255544,ENSG00000254948,ENSG00000254813,ENSG00000284613,ENSG00000200630,ENSG00000255556,ENSG00000244289,ENSG00000284610,ENSG00000199368,ENSG00000270074,ENSG00000287798,ENSG00000287755,ENSG00000206014,ENSG00000206996,ENSG00000250794,ENSG00000255020,ENSG00000266206,ENSG00000255144,ENSG00000205882,ENSG00000255016,ENSG00000249316,ENSG00000251468,ENSG00000252535,ENSG00000242607,ENSG00000205883,ENSG00000186523,ENSG00000215339,ENSG00000177400,ENSG00000284957,ENSG00000250305,ENSG00000254623,ENSG00000154319,ENSG00000254724,ENSG00000269954,ENSG00000254700,ENSG00000164733,ENSG00000236827,ENSG00000254423,ENSG00000255174,ENSG00000242483,ENSG00000223443,ENSG00000254917,ENSG00000154328,ENSG00000251402,ENSG00000254817,ENSG00000255253,ENSG00000254507,ENSG00000136573,ENSG00000215343,ENSG00000254581,ENSG00000264512,ENSG00000249889,ENSG00000254923,ENSG00000239315,ENSG00000079459,ENSG00000170983,ENSG00000255046,ENSG00000205879",ENSG00000186523,Liver eQTLs,train
20018652900092196-92196000003471,chr19,"19-15745128-C-A,19-15744046-C-CA,19-15741237-C-G,19-15743473-G-T,19-15725792-T-C,19-15725922-C-T,19-15724855-C-T,19-15725209-C-G,19-15725228-C-T,19-15725424-C-T,19-15722588-C-T,19-15719119-T-C","ENSG00000171954,ENSG00000105141,ENSG00000186115,ENSG00000267308,ENSG00000127527,ENSG00000167461,ENSG00000279716,ENSG00000186529,ENSG00000273218,ENSG00000105137,ENSG00000267056,ENSG00000269516,ENSG00000186204,ENSG00000127507,ENSG00000171903,ENSG00000267594,ENSG00000127526,ENSG00000160961,ENSG00000074181,ENSG00000072958,ENSG00000131355,ENSG00000011243,ENSG00000105127,ENSG00000196684,ENSG00000279748,ENSG00000141867,ENSG00000279198,ENSG00000279529,ENSG00000105131,ENSG00000127528,ENSG00000105122,ENSG00000105058,ENSG00000011451,ENSG00000269399,ENSG00000167460,ENSG00000269243,ENSG00000105072,ENSG00000280332,ENSG00000085872,ENSG00000105135,ENSG00000105085,ENSG00000279203,ENSG00000161031,ENSG00000214049","ENSG00000167460,ENSG00000176923,ENSG00000267609,ENSG00000269085,ENSG00000196684,ENSG00000267308,ENSG00000252661,ENSG00000105127,ENSG00000280412,ENSG00000269678,ENSG00000277825,ENSG00000267275,ENSG00000188269,ENSG00000198367,ENSG00000094661,ENSG00000176231,ENSG00000185385,ENSG00000266951,ENSG00000267235,ENSG00000268189,ENSG00000105072,ENSG00000085872,ENSG00000267056,ENSG00000279977,ENSG00000279198,ENSG00000269787,ENSG00000167459,ENSG00000268564,ENSG00000289333,ENSG00000127507,ENSG00000011243,ENSG00000279529,ENSG00000268673,ENSG00000127526,ENSG00000279748,ENSG00000269243,ENSG00000186115,ENSG00000186204,ENSG00000141977,ENSG00000267392,ENSG00000269552,ENSG00000105085,ENSG00000105131,ENSG00000267594,ENSG00000171942,ENSG00000269635,ENSG00000279203,ENSG00000280332,ENSG00000214049,ENSG00000269516,ENSG00000072958,ENSG00000279716,ENSG00000269765,ENSG00000105135,ENSG00000275711,ENSG00000131355,ENSG00000105122,ENSG00000160994,ENSG00000171903,ENSG00000267517,ENSG00000011451,ENSG00000074181,ENSG00000127527,ENSG00000267373,ENSG00000186529,ENSG00000277766,ENSG00000161031,ENSG00000141867,ENSG00000273218,ENSG00000172519,ENSG00000269399,ENSG00000268834,ENSG00000160961,ENSG00000105058,ENSG00000240106,ENSG00000289330,ENSG00000105141,ENSG00000171936,ENSG00000275901,ENSG00000267135,ENSG00000171954,ENSG00000269419,ENSG00000267450,ENSG00000127528,ENSG00000172148,ENSG00000167461,ENSG00000267961,ENSG00000105137,ENSG00000127515,ENSG00000127529,ENSG00000186723",ENSG00000186529,Liver eQTLs,train
20018664500092196-92196000006851,chr7,"7-76591169-C-T,7-76611351-A-G,7-76610095-C-T,7-76600457-C-G,7-76601707-T-C,7-76623089-C-T,7-76609573-C-T,7-76632986-C-G,7-76625160-GA-G,7-76639172-G-A,7-76639721-G-T,7-76578596-T-A,7-76578561-A-G,7-76638223-A-G,7-76578390-T-A,7-76591267-C-G,7-76572865-AG-A,7-76633725-C-T,7-76609768-T-C,7-76627091-T-G,7-76579445-C-T,7-76689609-C-T,7-76582331-TTTTATTTA-T,7-76632916-T-C,7-76632936-C-T","ENSG00000127947,ENSG00000241350,ENSG00000146701,ENSG00000177679,ENSG00000186704,ENSG00000146700,ENSG00000280388,ENSG00000213549,ENSG00000187257,ENSG00000243566,ENSG00000205485,ENSG00000214293,ENSG00000146707,ENSG00000214243,ENSG00000224273,ENSG00000227038,ENSG00000205482,ENSG00000188372,ENSG00000214439,ENSG00000006576,ENSG00000213542,ENSG00000170027,ENSG00000091073,ENSG00000106211,ENSG00000230882,ENSG00000186088,ENSG00000189077,ENSG00000135211,ENSG00000186645,ENSG00000127951,ENSG00000127952,ENSG00000242435","ENSG00000205485,ENSG00000006576,ENSG00000241350,ENSG00000227038,ENSG00000219039,ENSG00000127951,ENSG00000230882,ENSG00000230305,ENSG00000146701,ENSG00000135211,ENSG00000250614,ENSG00000213548,ENSG00000170027,ENSG00000238560,ENSG00000201885,ENSG00000188372,ENSG00000285666,ENSG00000127947,ENSG00000287519,ENSG00000233980,ENSG00000213542,ENSG00000213549,ENSG00000231183,ENSG00000186645,ENSG00000224273,ENSG00000187257,ENSG00000091073,ENSG00000146700,ENSG00000146707,ENSG00000177679,ENSG00000201959,ENSG00000214243,ENSG00000250778,ENSG00000106211,ENSG00000127952,ENSG00000237620,ENSG00000228829,ENSG00000251798,ENSG00000225703,ENSG00000279996,ENSG00000214293,ENSG00000186704,ENSG00000201643,ENSG00000214439,ENSG00000186088,ENSG00000205482,ENSG00000243566,ENSG00000242435,ENSG00000189077,ENSG00000280388",ENSG00000186645,Liver eQTLs,train
20018665200092196-92196000001286,chr11,"11-57145498-C-T,11-57144500-G-C,11-57145633-T-C,11-57147838-AC-A,11-57149388-C-T,11-57153948-G-T,11-57171721-C-T,11-57158427-A-G,11-57166969-C-T,11-57158461-T-TA,11-57141310-A-T,11-57149641-C-T,11-57174584-T-C,11-57159019-T-C,11-57160186-T-C,11-57162364-G-T,11-57164154-T-C,11-57164280-T-C,11-57174630-A-C,11-57150708-A-G,11-57171123-A-G","ENSG00000254602,ENSG00000166793,ENSG00000149136,ENSG00000183908,ENSG00000149115,ENSG00000211450,ENSG00000134802,ENSG00000198561,ENSG00000149131,ENSG00000156603,ENSG00000172409,ENSG00000186907,ENSG00000205025,ENSG00000186652,ENSG00000156599,ENSG00000149150,ENSG00000156587,ENSG00000214872,ENSG00000213593,ENSG00000134817","ENSG00000254660,ENSG00000236541,ENSG00000254411,ENSG00000255461,ENSG00000181718,ENSG00000274150,ENSG00000254490,ENSG00000286704,ENSG00000134802,ENSG00000181698,ENSG00000254752,ENSG00000200817,ENSG00000150261,ENSG00000255266,ENSG00000238041,ENSG00000208009,ENSG00000230416,ENSG00000181282,ENSG00000185701,ENSG00000255217,ENSG00000272676,ENSG00000222998,ENSG00000186508,ENSG00000255466,ENSG00000186652,ENSG00000254825,ENSG00000213604,ENSG00000156575,ENSG00000254601,ENSG00000254834,ENSG00000280314,ENSG00000198561,ENSG00000255172,ENSG00000213593,ENSG00000242208,ENSG00000211450,ENSG00000255485,ENSG00000279961,ENSG00000255012,ENSG00000205025,ENSG00000186509,ENSG00000156587,ENSG00000255131,ENSG00000180714,ENSG00000183908,ENSG00000181296,ENSG00000254602,ENSG00000232511,ENSG00000181325,ENSG00000149150,ENSG00000214872,ENSG00000230213,ENSG00000149115,ENSG00000254903,ENSG00000274770,ENSG00000254603,ENSG00000172489,ENSG00000255146,ENSG00000172457,ENSG00000156603,ENSG00000166693,ENSG00000255134,ENSG00000254953,ENSG00000149131,ENSG00000149136,ENSG00000255083,ENSG00000273228,ENSG00000255223,ENSG00000255433,ENSG00000186907,ENSG00000134817,ENSG00000252070,ENSG00000172464,ENSG00000273255,ENSG00000254749,ENSG00000279051,ENSG00000150269,ENSG00000172199,ENSG00000254662,ENSG00000156599,ENSG00000181693,ENSG00000272685,ENSG00000181371,ENSG00000174937,ENSG00000254658,ENSG00000272987,ENSG00000254722,ENSG00000254795,ENSG00000172409,ENSG00000172487,ENSG00000174957,ENSG00000172377,ENSG00000166793,ENSG00000197866,ENSG00000174914,ENSG00000241356,ENSG00000254853,ENSG00000172459",ENSG00000186652,Liver eQTLs,train
20018670400092196-92196000006853,chr7,"7-76686511-G-A,7-76686511-G-A,7-76686512-A-G,7-76686512-A-G","ENSG00000205485,ENSG00000214243,ENSG00000205482,ENSG00000186704,ENSG00000170027,ENSG00000135205,ENSG00000177679,ENSG00000127951,ENSG00000243566,ENSG00000127947,ENSG00000187257,ENSG00000146700,ENSG00000213549,ENSG00000186645,ENSG00000213542,ENSG00000214293,ENSG00000091073,ENSG00000186088,ENSG00000230882,ENSG00000233448,ENSG00000214439,ENSG00000106211,ENSG00000006576,ENSG00000146707,ENSG00000135211,ENSG00000227038,ENSG00000224273,ENSG00000188372","ENSG00000146700,ENSG00000250778,ENSG00000250614,ENSG00000146707,ENSG00000205482,ENSG00000230882,ENSG00000214243,ENSG00000225703,ENSG00000214293,ENSG00000186704,ENSG00000170027,ENSG00000251798,ENSG00000177679,ENSG00000127951,ENSG00000219039,ENSG00000233448,ENSG00000106211,ENSG00000186088,ENSG00000238560,ENSG00000285666,ENSG00000230305,ENSG00000214439,ENSG00000201643,ENSG00000231183,ENSG00000287519,ENSG00000006576,ENSG00000187257,ENSG00000243566,ENSG00000213542,ENSG00000237620,ENSG00000224273,ENSG00000186645,ENSG00000201959,ENSG00000205485,ENSG00000091073,ENSG00000188372,ENSG00000227038,ENSG00000127947,ENSG00000135205,ENSG00000213548,ENSG00000135211,ENSG00000201885,ENSG00000233980,ENSG00000213549,ENSG00000228829",ENSG00000186704,Liver eQTLs,train
20018671600092196-92196000004787,chr22,"22-23654993-A-G,22-23658007-G-A,22-23662671-G-A,22-23653326-A-T,22-23652201-A-G,22-23652956-C-T,22-23653880-G-A,22-23657477-A-G,22-23657874-A-G,22-23657875-A-C,22-23657939-T-C,22-23653210-G-C,22-23661800-A-G,22-23662657-A-ATT,22-23662897-C-T,22-23655219-G-A,22-23652212-C-T,22-23663848-T-G,22-23657326-T-G,22-23661273-A-G,22-23657735-G-A,22-23663722-T-A,22-23662287-C-CT,22-23657495-C-G","ENSG00000225282,ENSG00000100228,ENSG00000128262,ENSG00000128266,ENSG00000211650,ENSG00000211678,ENSG00000211668,ENSG00000286941,ENSG00000223999,ENSG00000159496,ENSG00000211676,ENSG00000128218,ENSG00000133433,ENSG00000211660,ENSG00000099977,ENSG00000099998,ENSG00000133519,ENSG00000186716,ENSG00000228039,ENSG00000211664,ENSG00000273295,ENSG00000250479,ENSG00000099974,ENSG00000099984,ENSG00000272733,ENSG00000211654,ENSG00000211651,ENSG00000211658,ENSG00000169314,ENSG00000099958,ENSG00000211673,ENSG00000100014,ENSG00000189269,ENSG00000272578,ENSG00000099953,ENSG00000272787,ENSG00000099994,ENSG00000244723,ENSG00000211659,ENSG00000211644,ENSG00000211649,ENSG00000223350,ENSG00000211643,ENSG00000099956,ENSG00000211677,ENSG00000211653,ENSG00000211679,ENSG00000211685,ENSG00000211655,ENSG00000244425,ENSG00000234353,ENSG00000211652,ENSG00000218537,ENSG00000278196,ENSG00000211675,ENSG00000211670,ENSG00000211669,ENSG00000230701,ENSG00000211662,ENSG00000133460,ENSG00000187792,ENSG00000100218,ENSG00000232545,ENSG00000211663,ENSG00000211674,ENSG00000211666,ENSG00000211648,ENSG00000099991,ENSG00000224205","ENSG00000211674,ENSG00000099991,ENSG00000211650,ENSG00000159496,ENSG00000272733,ENSG00000187792,ENSG00000274381,ENSG00000211655,ENSG00000206090,ENSG00000248409,ENSG00000211662,ENSG00000099953,ENSG00000254029,ENSG00000211668,ENSG00000231392,ENSG00000253451,ENSG00000236794,ENSG00000211661,ENSG00000230947,ENSG00000253963,ENSG00000211644,ENSG00000231271,ENSG00000099994,ENSG00000211669,ENSG00000099977,ENSG00000250470,ENSG00000211680,ENSG00000235689,ENSG00000225098,ENSG00000211673,ENSG00000211666,ENSG00000253913,ENSG00000253786,ENSG00000254240,ENSG00000240972,ENSG00000128262,ENSG00000225413,ENSG00000099984,ENSG00000234353,ENSG00000253590,ENSG00000215478,ENSG00000226477,ENSG00000234928,ENSG00000215464,ENSG00000273295,ENSG00000211684,ENSG00000133460,ENSG00000211682,ENSG00000253152,ENSG00000250479,ENSG00000253779,ENSG00000278655,ENSG00000211681,ENSG00000224277,ENSG00000237472,ENSG00000211676,ENSG00000223679,ENSG00000128266,ENSG00000211652,ENSG00000214526,ENSG00000211653,ENSG00000186716,ENSG00000253338,ENSG00000100014,ENSG00000211660,ENSG00000211672,ENSG00000128218,ENSG00000287864,ENSG00000272578,ENSG00000223350,ENSG00000211654,ENSG00000211675,ENSG00000099956,ENSG00000133433,ENSG00000237127,ENSG00000100228,ENSG00000211664,ENSG00000211677,ENSG00000236611,ENSG00000286941,ENSG00000225282,ENSG00000272787,ENSG00000211658,ENSG00000211670,ENSG00000218537,ENSG00000228039,ENSG00000278667,ENSG00000230701,ENSG00000253822,ENSG00000211685,ENSG00000211679,ENSG00000178248,ENSG00000232545,ENSG00000099958,ENSG00000224205,ENSG00000232350,ENSG00000244425,ENSG00000244723,ENSG00000226420,ENSG00000100218,ENSG00000133519,ENSG00000253546,ENSG00000283438,ENSG00000211663,ENSG00000275609,ENSG00000284049,ENSG00000275772,ENSG00000211648,ENSG00000264824,ENSG00000276950,ENSG00000289120,ENSG00000189269,ENSG00000223999,ENSG00000278196,ENSG00000169314,ENSG00000211651,ENSG00000211649,ENSG00000254030,ENSG00000254077,ENSG00000099974,ENSG00000275635,ENSG00000253448,ENSG00000227755,ENSG00000288861,ENSG00000211678,ENSG00000211659,ENSG00000211643,ENSG00000099998",ENSG00000186716,Liver eQTLs,train
20018679200092196-92196000005309,chr3,"3-50332697-G-A,3-50371432-C-A","ENSG00000012171,ENSG00000114383,ENSG00000243477,ENSG00000188338,ENSG00000281358,ENSG00000067560,ENSG00000114349,ENSG00000164077,ENSG00000164061,ENSG00000273356,ENSG00000126062,ENSG00000114738,ENSG00000182179,ENSG00000145022,ENSG00000001617,ENSG00000114378,ENSG00000186792,ENSG00000145029,ENSG00000088543,ENSG00000235016,ENSG00000289504,ENSG00000164078,ENSG00000233276,ENSG00000114735,ENSG00000235908,ENSG00000114395,ENSG00000004838,ENSG00000114737,ENSG00000271858,ENSG00000183763,ENSG00000114316,ENSG00000185614,ENSG00000232352,ENSG00000173402,ENSG00000007402,ENSG00000173540,ENSG00000214706,ENSG00000068028,ENSG00000176095,ENSG00000230454,ENSG00000226913,ENSG00000003756,ENSG00000173531,ENSG00000145020,ENSG00000114388,ENSG00000281691,ENSG00000068001,ENSG00000164062,ENSG00000004534,ENSG00000114353","ENSG00000281691,ENSG00000232352,ENSG00000176020,ENSG00000244730,ENSG00000243477,ENSG00000239576,ENSG00000164077,ENSG00000004838,ENSG00000126062,ENSG00000226913,ENSG00000283726,ENSG00000114349,ENSG00000164078,ENSG00000088543,ENSG00000114353,ENSG00000114383,ENSG00000233276,ENSG00000280382,ENSG00000201301,ENSG00000176095,ENSG00000114395,ENSG00000186792,ENSG00000164061,ENSG00000230454,ENSG00000067560,ENSG00000173402,ENSG00000289504,ENSG00000275334,ENSG00000114316,ENSG00000183763,ENSG00000182179,ENSG00000173540,ENSG00000230698,ENSG00000214706,ENSG00000114735,ENSG00000003756,ENSG00000145022,ENSG00000271858,ENSG00000240959,ENSG00000114388,ENSG00000235120,ENSG00000235278,ENSG00000145020,ENSG00000173531,ENSG00000114378,ENSG00000114737,ENSG00000068001,ENSG00000001617,ENSG00000234667,ENSG00000188338,ENSG00000235016,ENSG00000281358,ENSG00000114738,ENSG00000185614,ENSG00000213587,ENSG00000235058,ENSG00000273356,ENSG00000068028,ENSG00000007402,ENSG00000235908,ENSG00000164062,ENSG00000012171,ENSG00000264706,ENSG00000207922,ENSG00000202322,ENSG00000004534,ENSG00000145029,ENSG00000228337",ENSG00000186792,Liver eQTLs,train
20018680600092196-92196000003768,chr19,"19-51848834-A-G,19-51851069-G-A,19-51848260-A-T,19-51847586-C-G,19-51849927-G-C,19-51848824-A-G,19-51848969-C-T,19-51853396-G-A,19-51851666-C-T,19-51851507-T-C,19-51851729-G-A,19-51852423-G-T","ENSG00000254415,ENSG00000269404,ENSG00000182310,ENSG00000176024,ENSG00000105383,ENSG00000105568,ENSG00000167757,ENSG00000254521,ENSG00000105374,ENSG00000131400,ENSG00000269681,ENSG00000256683,ENSG00000105492,ENSG00000269392,ENSG00000167554,ENSG00000289037,ENSG00000105472,ENSG00000161677,ENSG00000204611,ENSG00000204653,ENSG00000142530,ENSG00000267895,ENSG00000131409,ENSG00000168995,ENSG00000198093,ENSG00000260160,ENSG00000180279,ENSG00000268500,ENSG00000161671,ENSG00000161551,ENSG00000105366,ENSG00000196214,ENSG00000167751,ENSG00000283236,ENSG00000129450,ENSG00000160318,ENSG00000196267,ENSG00000269072,ENSG00000167759,ENSG00000129451,ENSG00000167747,ENSG00000171051,ENSG00000142544,ENSG00000256087,ENSG00000167748,ENSG00000105379,ENSG00000105509,ENSG00000269388,ENSG00000268520,ENSG00000142512,ENSG00000086967,ENSG00000105497,ENSG00000142556,ENSG00000142549,ENSG00000171101,ENSG00000269235,ENSG00000268849,ENSG00000142515,ENSG00000062822,ENSG00000186806,ENSG00000275055,ENSG00000197619,ENSG00000198464,ENSG00000187474,ENSG00000129437,ENSG00000171049,ENSG00000197608","ENSG00000105366,ENSG00000207265,ENSG00000142556,ENSG00000161551,ENSG00000062822,ENSG00000270248,ENSG00000167754,ENSG00000171101,ENSG00000268318,ENSG00000267905,ENSG00000260160,ENSG00000196267,ENSG00000167748,ENSG00000186474,ENSG00000207550,ENSG00000179213,ENSG00000268520,ENSG00000256683,ENSG00000105379,ENSG00000267879,ENSG00000269580,ENSG00000267927,ENSG00000105374,ENSG00000176024,ENSG00000255875,ENSG00000197608,ENSG00000243469,ENSG00000213822,ENSG00000277977,ENSG00000274380,ENSG00000268458,ENSG00000269681,ENSG00000161677,ENSG00000204611,ENSG00000167751,ENSG00000267984,ENSG00000283285,ENSG00000269235,ENSG00000279676,ENSG00000244071,ENSG00000278543,ENSG00000198093,ENSG00000269130,ENSG00000208002,ENSG00000268652,ENSG00000213022,ENSG00000105383,ENSG00000142530,ENSG00000283236,ENSG00000286236,ENSG00000129450,ENSG00000267990,ENSG00000182310,ENSG00000268595,ENSG00000269404,ENSG00000254521,ENSG00000171051,ENSG00000269392,ENSG00000105370,ENSG00000269072,ENSG00000142515,ENSG00000268390,ENSG00000268906,ENSG00000268015,ENSG00000268336,ENSG00000198464,ENSG00000228674,ENSG00000268267,ENSG00000105568,ENSG00000142549,ENSG00000267895,ENSG00000129451,ENSG00000269495,ENSG00000268095,ENSG00000269181,ENSG00000105472,ENSG00000269021,ENSG00000256087,ENSG00000180279,ENSG00000167759,ENSG00000268500,ENSG00000269253,ENSG00000268144,ENSG00000269388,ENSG00000142512,ENSG00000131400,ENSG00000197619,ENSG00000129455,ENSG00000105509,ENSG00000197588,ENSG00000204653,ENSG00000254415,ENSG00000171049,ENSG00000167747,ENSG00000105497,ENSG00000129437,ENSG00000268957,ENSG00000268711,ENSG00000142544,ENSG00000275055,ENSG00000268581,ENSG00000160318,ENSG00000186806,ENSG00000161671,ENSG00000268886,ENSG00000105501,ENSG00000268889,ENSG00000196214,ENSG00000131409,ENSG00000278617,ENSG00000268777,ENSG00000167757,ENSG00000167554,ENSG00000277562,ENSG00000105492,ENSG00000268849,ENSG00000268839,ENSG00000086967,ENSG00000187474,ENSG00000289037,ENSG00000269776,ENSG00000168995",ENSG00000186806,Liver eQTLs,train
20018699800092196-92196000004834,chr22,"22-29613439-C-T,22-29613441-G-T,22-29620176-G-A","ENSG00000272858,ENSG00000100330,ENSG00000100219,ENSG00000285697,ENSG00000100296,ENSG00000128250,ENSG00000100154,ENSG00000237015,ENSG00000100325,ENSG00000100285,ENSG00000184076,ENSG00000159873,ENSG00000184117,ENSG00000227117,ENSG00000185340,ENSG00000227201,ENSG00000273216,ENSG00000100319,ENSG00000176635,ENSG00000183765,ENSG00000100209,ENSG00000186575,ENSG00000279159,ENSG00000100280,ENSG00000186998,ENSG00000183762,ENSG00000278292,ENSG00000100314,ENSG00000100263,ENSG00000287967,ENSG00000100276,ENSG00000182944,ENSG00000226471,ENSG00000183579","ENSG00000287967,ENSG00000227201,ENSG00000128250,ENSG00000235786,ENSG00000278292,ENSG00000232530,ENSG00000266503,ENSG00000225971,ENSG00000273216,ENSG00000224256,ENSG00000100276,ENSG00000237015,ENSG00000183579,ENSG00000176635,ENSG00000232396,ENSG00000226471,ENSG00000184117,ENSG00000226573,ENSG00000100285,ENSG00000230137,ENSG00000159873,ENSG00000100314,ENSG00000100209,ENSG00000182944,ENSG00000100219,ENSG00000234208,ENSG00000251952,ENSG00000100263,ENSG00000200976,ENSG00000233010,ENSG00000183762,ENSG00000272858,ENSG00000184076,ENSG00000280968,ENSG00000186998,ENSG00000185340,ENSG00000279159,ENSG00000285697,ENSG00000226772,ENSG00000242156,ENSG00000100325,ENSG00000100319,ENSG00000100249,ENSG00000100296,ENSG00000183765,ENSG00000200871,ENSG00000207455,ENSG00000227117,ENSG00000225676,ENSG00000100280,ENSG00000223831,ENSG00000100154,ENSG00000100330,ENSG00000186575",ENSG00000186998,Liver eQTLs,train
20018709700092196-92196000002194,chr14,"14-74462868-C-T,14-74463560-C-T,14-74465756-T-A,14-74467250-G-A,14-74467449-C-A,14-74467531-G-A,14-74467757-G-A,14-74467839-T-C,14-74468643-T-C,14-74469480-A-T,14-74471016-A-G,14-74471267-T-C,14-74471377-C-T,14-74472197-C-A,14-74472979-C-T,14-74473170-C-T,14-74473413-T-C,14-74465290-A-G,14-74473578-C-A,14-74461117-T-A,14-74461121-C-T,14-74475856-CAGA-C,14-74477284-A-G,14-74481068-A-G,14-74483615-C-T,14-74483975-C-T,14-74484670-A-G,14-74485382-C-T,14-74487270-G-A,14-74487592-A-G,14-74498053-C-T,14-74484272-ACT-A,14-74487521-G-A,14-74474856-T-A,14-74467222-G-A,14-74476623-T-C,14-74480070-C-A,14-74482948-A-G,14-74491121-G-C,14-74492974-A-G,14-74497463-G-A,14-74476866-A-G,14-74478482-T-C,14-74478584-T-C,14-74481953-G-A,14-74482039-A-G,14-74483945-T-C,14-74483961-C-T,14-74485523-G-A,14-74485781-T-C,14-74485926-C-A,14-74486797-A-G,14-74489225-C-T,14-74489244-A-T,14-74494437-A-G,14-74495090-C-G,14-74493633-GAA-G,14-74458728-A-AT,14-74458729-A-AT,14-74545063-CT-C,14-74416665-T-C,14-74440119-A-G,14-74451938-A-G,14-74452495-G-C,14-74455219-G-C,14-74415553-G-A,14-74417609-T-C,14-74420620-C-CAG,14-74426375-C-T,14-74432158-G-A,14-74432423-C-CA,14-74439895-C-T,14-74447383-G-C,14-74447785-G-C,14-74450764-CTT-C,14-74455772-G-A,14-74456996-C-G,14-74457214-T-C,14-74474396-T-C,14-74456266-G-T,14-74520830-C-T,14-74520871-G-A,14-74526703-G-A,14-74532523-A-C,14-74541326-C-T,14-74543103-C-T,14-74564164-T-C,14-74564609-C-A,14-74569573-T-C,14-74588572-G-A,14-74601343-AT-A,14-74602360-A-T,14-74611320-A-AAATTAGAG,14-74614743-A-G,14-74637178-G-A,14-74649106-A-G,14-74652932-C-T,14-74529433-A-G,14-74555269-G-A,14-74567952-C-T,14-74584630-CA-C,14-74590230-T-C,14-74605723-TA-T,14-74649805-TC-T,14-74423801-A-T,14-74312458-C-T,14-74313352-C-T,14-74315376-T-G,14-74318136-T-C,14-74311720-G-A,14-74526851-T-A,14-74321322-G-A,14-74329781-A-G,14-74339759-A-C,14-74319904-A-AG,14-74306627-C-CT,14-74336823-G-A,14-74340141-G-A,14-74341438-G-A,14-74342812-G-A,14-74346295-A-G,14-74353020-G-A,14-74355285-T-C,14-74361201-T-G,14-74368017-T-A,14-74372164-C-A,14-74373609-T-G,14-74396251-G-A,14-74396283-G-A,14-74396434-C-T,14-74398030-C-T,14-74400177-C-T,14-74356053-T-A,14-74324403-G-A,14-74304567-G-A,14-74306527-C-T,14-74307398-C-T,14-74384939-A-G,14-74388372-G-A,14-74381477-G-A,14-74347100-A-C,14-74317000-C-T,14-74374600-A-G,14-74377608-G-A,14-74328799-G-T,14-74327621-A-C,14-74350149-A-G,14-74350227-C-T,14-74350313-C-T,14-74350638-G-A,14-74366378-A-G,14-74367564-C-T,14-74368741-C-T,14-74379868-G-A,14-74384941-G-A,14-74386523-G-A,14-74395582-T-A,14-74406382-G-A,14-74624828-A-T,14-74389082-A-T,14-74409035-G-A","ENSG00000119673,ENSG00000100767,ENSG00000251393,ENSG00000258524,ENSG00000205669,ENSG00000177465,ENSG00000119608,ENSG00000119616,ENSG00000184227,ENSG00000279026,ENSG00000119711,ENSG00000119655,ENSG00000165861,ENSG00000176903,ENSG00000140043,ENSG00000133961,ENSG00000156050,ENSG00000119723,ENSG00000258695,ENSG00000198208,ENSG00000258813,ENSG00000119596,ENSG00000187105,ENSG00000119681,ENSG00000270000,ENSG00000119689,ENSG00000170468,ENSG00000258559,ENSG00000119682,ENSG00000119725,ENSG00000080815,ENSG00000119661,ENSG00000258443,ENSG00000119630,ENSG00000187097,ENSG00000259065,ENSG00000258376,ENSG00000156030,ENSG00000165898,ENSG00000258586,ENSG00000205659,ENSG00000119688,ENSG00000258944,ENSG00000273711,ENSG00000259005,ENSG00000119707,ENSG00000258603,ENSG00000284930","ENSG00000270140,ENSG00000258976,ENSG00000258820,ENSG00000119608,ENSG00000177465,ENSG00000119711,ENSG00000252013,ENSG00000198208,ENSG00000258695,ENSG00000258559,ENSG00000119725,ENSG00000119688,ENSG00000140043,ENSG00000133961,ENSG00000119661,ENSG00000119660,ENSG00000177776,ENSG00000273711,ENSG00000258603,ENSG00000283519,ENSG00000205669,ENSG00000080815,ENSG00000187097,ENSG00000270000,ENSG00000258813,ENSG00000258740,ENSG00000119723,ENSG00000284930,ENSG00000119673,ENSG00000279026,ENSG00000133980,ENSG00000119707,ENSG00000206924,ENSG00000156050,ENSG00000258524,ENSG00000258978,ENSG00000100767,ENSG00000199472,ENSG00000222604,ENSG00000279461,ENSG00000258737,ENSG00000205659,ENSG00000259065,ENSG00000258944,ENSG00000258972,ENSG00000251907,ENSG00000119689,ENSG00000119681,ENSG00000258443,ENSG00000119614,ENSG00000258586,ENSG00000258425,ENSG00000165898,ENSG00000119682,ENSG00000239910,ENSG00000223300,ENSG00000119616,ENSG00000264741,ENSG00000258587,ENSG00000259005,ENSG00000119596,ENSG00000176903,ENSG00000119655,ENSG00000258376,ENSG00000165861,ENSG00000270576,ENSG00000170468,ENSG00000119630,ENSG00000187105,ENSG00000156030,ENSG00000258513,ENSG00000184227,ENSG00000251393",ENSG00000187097,Liver eQTLs,train
20018710500092196-92196000002187,chr14,"14-74032122-C-T,14-74033594-A-G","ENSG00000156030,ENSG00000100767,ENSG00000258443,ENSG00000187105,ENSG00000258586,ENSG00000273711,ENSG00000258376,ENSG00000258524,ENSG00000165898,ENSG00000205683,ENSG00000080815,ENSG00000259015,ENSG00000176903,ENSG00000119636,ENSG00000119655,ENSG00000140043,ENSG00000205659,ENSG00000258813,ENSG00000177465,ENSG00000258559,ENSG00000119725,ENSG00000170468,ENSG00000284930,ENSG00000205669,ENSG00000119723,ENSG00000119711,ENSG00000119688,ENSG00000133961,ENSG00000270000,ENSG00000258603,ENSG00000119707,ENSG00000251393,ENSG00000119599,ENSG00000259065,ENSG00000156050,ENSG00000259005,ENSG00000187097,ENSG00000258944,ENSG00000119661,ENSG00000165861","ENSG00000119723,ENSG00000165861,ENSG00000187097,ENSG00000258443,ENSG00000284930,ENSG00000251393,ENSG00000176903,ENSG00000119707,ENSG00000264741,ENSG00000205659,ENSG00000156050,ENSG00000100767,ENSG00000259109,ENSG00000258376,ENSG00000273711,ENSG00000252839,ENSG00000259065,ENSG00000199472,ENSG00000258813,ENSG00000177465,ENSG00000223300,ENSG00000156030,ENSG00000258513,ENSG00000258425,ENSG00000119725,ENSG00000119661,ENSG00000258737,ENSG00000205683,ENSG00000119688,ENSG00000239910,ENSG00000119655,ENSG00000119614,ENSG00000270576,ENSG00000119599,ENSG00000258587,ENSG00000206924,ENSG00000270000,ENSG00000259005,ENSG00000222604,ENSG00000133961,ENSG00000119711,ENSG00000251907,ENSG00000258972,ENSG00000279461,ENSG00000170468,ENSG00000165898,ENSG00000258586,ENSG00000258524,ENSG00000258559,ENSG00000258944,ENSG00000187105,ENSG00000080815,ENSG00000205669,ENSG00000177776,ENSG00000258603,ENSG00000119636,ENSG00000270140,ENSG00000258976,ENSG00000133980,ENSG00000241487,ENSG00000259015,ENSG00000140043,ENSG00000258448",ENSG00000187105,Liver eQTLs,train
20018748600092196-92196000001197,chr11,"11-17427557-T-C,11-17433862-A-G,11-17435214-G-A,11-17434020-TG-T,11-17437785-T-C,11-17430648-C-T,11-17429358-G-A,11-17430897-G-A,11-17429922-T-C","ENSG00000166788,ENSG00000187486,ENSG00000272034,ENSG00000256006,ENSG00000129167,ENSG00000184669,ENSG00000166787,ENSG00000134333,ENSG00000110700,ENSG00000110756,ENSG00000212789,ENSG00000197149,ENSG00000110696,ENSG00000110693,ENSG00000166689,ENSG00000070081,ENSG00000129158,ENSG00000011405,ENSG00000148965,ENSG00000285545,ENSG00000188211,ENSG00000173432,ENSG00000244398,ENSG00000006611,ENSG00000260196,ENSG00000134339,ENSG00000110768","ENSG00000006611,ENSG00000255470,ENSG00000110756,ENSG00000240808,ENSG00000179817,ENSG00000255335,ENSG00000285545,ENSG00000201586,ENSG00000255138,ENSG00000287898,ENSG00000254586,ENSG00000134333,ENSG00000199883,ENSG00000110696,ENSG00000260196,ENSG00000256006,ENSG00000200336,ENSG00000129158,ENSG00000241943,ENSG00000184669,ENSG00000110693,ENSG00000212789,ENSG00000179826,ENSG00000264603,ENSG00000213779,ENSG00000166689,ENSG00000187486,ENSG00000255035,ENSG00000148965,ENSG00000070081,ENSG00000166788,ENSG00000201695,ENSG00000213785,ENSG00000244398,ENSG00000134339,ENSG00000173432,ENSG00000188211,ENSG00000254546,ENSG00000129167,ENSG00000255254,ENSG00000011405,ENSG00000272034,ENSG00000110768,ENSG00000110700,ENSG00000254857,ENSG00000285562,ENSG00000197149,ENSG00000166787",ENSG00000187486,Liver eQTLs,train
20018760900092196-92196000007340,chr9,"9-140273017-GAGA-G,9-140268976-C-T,9-140274409-C-G,9-140275378-C-T,9-140275380-T-C,9-140271547-C-T,9-140275551-C-CTCACACACACAT","ENSG00000054148,ENSG00000169692,ENSG00000165724,ENSG00000177239,ENSG00000176058,ENSG00000148400,ENSG00000214402,ENSG00000203993,ENSG00000187922,ENSG00000188986,ENSG00000228401,ENSG00000159069,ENSG00000188566,ENSG00000148396,ENSG00000198435,ENSG00000187609,ENSG00000107317,ENSG00000275549,ENSG00000197070,ENSG00000186193,ENSG00000188163,ENSG00000054179,ENSG00000212864,ENSG00000184709,ENSG00000197191,ENSG00000181090,ENSG00000176978,ENSG00000188833,ENSG00000188747,ENSG00000198113,ENSG00000148399,ENSG00000255585,ENSG00000233198,ENSG00000165689,ENSG00000213213,ENSG00000196642,ENSG00000165802,ENSG00000232434,ENSG00000279141,ENSG00000107331,ENSG00000172889,ENSG00000213590,ENSG00000260996,ENSG00000176101,ENSG00000169583,ENSG00000196366,ENSG00000180549,ENSG00000197355,ENSG00000244187,ENSG00000237886,ENSG00000228544,ENSG00000213212,ENSG00000107281,ENSG00000127191,ENSG00000233016,ENSG00000288873,ENSG00000159247,ENSG00000176248,ENSG00000182154,ENSG00000176919,ENSG00000267206,ENSG00000260190,ENSG00000165716,ENSG00000184925,ENSG00000268996,ENSG00000187713,ENSG00000165688,ENSG00000165684,ENSG00000130653,ENSG00000188229,ENSG00000197768,ENSG00000107223,ENSG00000148384,ENSG00000180539,ENSG00000148362,ENSG00000177943","ENSG00000107331,ENSG00000203993,ENSG00000176101,ENSG00000213212,ENSG00000169583,ENSG00000228544,ENSG00000165688,ENSG00000260996,ENSG00000244187,ENSG00000198435,ENSG00000279141,ENSG00000165689,ENSG00000214402,ENSG00000165724,ENSG00000165716,ENSG00000130653,ENSG00000188163,ENSG00000198113,ENSG00000196366,ENSG00000228401,ENSG00000212864,ENSG00000197191,ENSG00000177943,ENSG00000213590,ENSG00000260190,ENSG00000233198,ENSG00000187609,ENSG00000176058,ENSG00000165802,ENSG00000165684,ENSG00000188747,ENSG00000159069,ENSG00000180539,ENSG00000054148,ENSG00000288873,ENSG00000054179,ENSG00000197768,ENSG00000148362,ENSG00000180549,ENSG00000188986,ENSG00000187922,ENSG00000267206,ENSG00000177239,ENSG00000237886,ENSG00000148384,ENSG00000148399,ENSG00000184709,ENSG00000232434,ENSG00000176248,ENSG00000188833,ENSG00000107223,ENSG00000107317,ENSG00000255585,ENSG00000188566,ENSG00000181090,ENSG00000213213,ENSG00000176919,ENSG00000182154,ENSG00000188229,ENSG00000107281,ENSG00000148396,ENSG00000196642,ENSG00000159247,ENSG00000233016,ENSG00000186193,ENSG00000197355,ENSG00000172889,ENSG00000268996,ENSG00000176978,ENSG00000184925,ENSG00000148400,ENSG00000187713,ENSG00000127191,ENSG00000275549,ENSG00000169692,ENSG00000197070",ENSG00000187609,Liver eQTLs,train
20018762400092196-92196000002995,chr17,"17-260142-G-T,17-260182-T-C,17-259304-A-G,17-259648-G-A,17-248856-C-T,17-252628-A-G","ENSG00000262920,ENSG00000262558,ENSG00000262228,ENSG00000272636,ENSG00000179409,ENSG00000141252,ENSG00000177370,ENSG00000280279,ENSG00000262003,ENSG00000262061,ENSG00000183688,ENSG00000231784,ENSG00000167693,ENSG00000167699,ENSG00000277491,ENSG00000167695,ENSG00000205899,ENSG00000262434,ENSG00000159842,ENSG00000171861,ENSG00000181031,ENSG00000108953,ENSG00000187624,ENSG00000262294","ENSG00000171861,ENSG00000273172,ENSG00000181031,ENSG00000262920,ENSG00000262294,ENSG00000205899,ENSG00000262003,ENSG00000272636,ENSG00000277613,ENSG00000167699,ENSG00000262133,ENSG00000177370,ENSG00000264429,ENSG00000235361,ENSG00000277491,ENSG00000141252,ENSG00000167695,ENSG00000187624,ENSG00000262558,ENSG00000275997,ENSG00000108953,ENSG00000262228,ENSG00000231784,ENSG00000278794,ENSG00000280279,ENSG00000263017,ENSG00000268320,ENSG00000183688,ENSG00000262434,ENSG00000159842,ENSG00000179409,ENSG00000262213,ENSG00000263015,ENSG00000280136,ENSG00000241525,ENSG00000262708,ENSG00000262061,ENSG00000167693",ENSG00000187624,Liver eQTLs,train
20018763000092196-92196000002090,chr14,"14-24477942-A-G,14-24481452-G-C,14-24481993-C-T,14-24476041-GC-G,14-24445049-G-A,14-24446168-TG-T,14-24446174-G-T,14-24446336-G-T,14-24483660-T-C,14-24428699-C-T,14-24405960-G-GTTGT,14-24405051-G-A,14-24405635-G-A,14-24408679-G-A,14-24425151-C-T,14-24408398-T-TC,14-24409687-T-G,14-24409799-A-G,14-24410092-G-A,14-24410417-A-G,14-24411035-G-A,14-24411626-A-G,14-24411851-A-G,14-24411883-A-G,14-24411962-C-T,14-24412217-C-A,14-24412292-G-A,14-24407139-AG-A,14-24408502-A-C,14-24408866-G-A,14-24409729-C-T,14-24410030-G-T,14-24410262-C-G,14-24410543-G-A,14-24410800-G-C,14-24411066-A-G,14-24411714-G-A,14-24411868-C-T,14-24412279-A-G,14-24412383-C-A,14-24421152-C-T,14-24475318-C-A,14-24422030-C-G,14-24419650-T-TA,14-24422795-A-G,14-24425993-G-A,14-24426797-C-A","ENSG00000100926,ENSG00000215256,ENSG00000100842,ENSG00000213920,ENSG00000139908,ENSG00000215271,ENSG00000100908,ENSG00000287481,ENSG00000205978,ENSG00000288100,ENSG00000270433,ENSG00000100949,ENSG00000100804,ENSG00000092009,ENSG00000139899,ENSG00000100445,ENSG00000157306,ENSG00000288820,ENSG00000100918,ENSG00000092295,ENSG00000100453,ENSG00000129473,ENSG00000166091,ENSG00000276698,ENSG00000100836,ENSG00000092054,ENSG00000259321,ENSG00000092068,ENSG00000258643,ENSG00000186648,ENSG00000100802,ENSG00000129535,ENSG00000213983,ENSG00000213903,ENSG00000213906,ENSG00000092010,ENSG00000129467,ENSG00000288044,ENSG00000213928,ENSG00000129559,ENSG00000196497,ENSG00000136367,ENSG00000100938,ENSG00000129465,ENSG00000187630,ENSG00000157326,ENSG00000274002,ENSG00000092067,ENSG00000100441,ENSG00000235194,ENSG00000259431,ENSG00000100884,ENSG00000100450,ENSG00000092098,ENSG00000100889,ENSG00000199804,ENSG00000197616,ENSG00000100911,ENSG00000092330,ENSG00000278784,ENSG00000092096,ENSG00000092051,ENSG00000196943,ENSG00000254505,ENSG00000139914,ENSG00000258744,ENSG00000100897,ENSG00000100813,ENSG00000100867,ENSG00000279656,ENSG00000100968,ENSG00000179933,ENSG00000225766,ENSG00000139880,ENSG00000129460,ENSG00000157379,ENSG00000100448,ENSG00000258727","ENSG00000100918,ENSG00000129465,ENSG00000213906,ENSG00000205978,ENSG00000197616,ENSG00000092068,ENSG00000259334,ENSG00000129460,ENSG00000179933,ENSG00000100926,ENSG00000196943,ENSG00000278784,ENSG00000235194,ENSG00000257179,ENSG00000139914,ENSG00000287481,ENSG00000100836,ENSG00000288044,ENSG00000259431,ENSG00000259043,ENSG00000129559,ENSG00000258643,ENSG00000258744,ENSG00000100911,ENSG00000129473,ENSG00000100949,ENSG00000274002,ENSG00000258275,ENSG00000100908,ENSG00000139908,ENSG00000258657,ENSG00000100448,ENSG00000092330,ENSG00000259321,ENSG00000288100,ENSG00000100938,ENSG00000258464,ENSG00000279656,ENSG00000222931,ENSG00000166091,ENSG00000258727,ENSG00000092009,ENSG00000199804,ENSG00000100802,ENSG00000100897,ENSG00000092067,ENSG00000092051,ENSG00000157379,ENSG00000157306,ENSG00000100884,ENSG00000257976,ENSG00000100450,ENSG00000283856,ENSG00000157326,ENSG00000092098,ENSG00000196497,ENSG00000186648,ENSG00000213920,ENSG00000100813,ENSG00000258887,ENSG00000092010,ENSG00000270618,ENSG00000092096,ENSG00000276698,ENSG00000100804,ENSG00000258098,ENSG00000092295,ENSG00000100453,ENSG00000100889,ENSG00000139899,ENSG00000254505,ENSG00000285727,ENSG00000100445,ENSG00000136367,ENSG00000215271,ENSG00000100867,ENSG00000213983,ENSG00000092054,ENSG00000225766,ENSG00000100842,ENSG00000129467,ENSG00000215256,ENSG00000100968,ENSG00000213903,ENSG00000139880,ENSG00000187630,ENSG00000270433,ENSG00000213928,ENSG00000283290,ENSG00000288820,ENSG00000100441,ENSG00000129535",ENSG00000187630,Liver eQTLs,train
20018774100092196-92196000002896,chr16,"16-89801569-C-T,16-89854762-A-C,16-89831940-G-C,16-89862202-C-T,16-89831510-C-A,16-89856481-G-C,16-89858759-C-T,16-89853065-C-T,16-89812299-C-T,16-89870143-C-A,16-89856779-G-C,16-89838685-C-G,16-89814807-T-C,16-89825464-C-T,16-89823951-A-T,16-89848203-C-G,16-89812778-G-A,16-89789311-G-A,16-89863586-A-T,16-89795144-G-A,16-89790297-C-T,16-89794051-G-A,16-89794052-C-A,16-89792827-C-A,16-89822757-G-A,16-89824072-C-T,16-89791597-G-A,16-89819243-A-G,16-89816896-AAAAC-A,16-89816896-AAAAC-A,16-89787340-C-T,16-89787962-G-A","ENSG00000260279,ENSG00000261253,ENSG00000261172,ENSG00000260259,ENSG00000275734,ENSG00000205022,ENSG00000015413,ENSG00000170100,ENSG00000131165,ENSG00000178773,ENSG00000158805,ENSG00000167526,ENSG00000141012,ENSG00000223959,ENSG00000259803,ENSG00000187741,ENSG00000167515,ENSG00000129910,ENSG00000222019,ENSG00000198931,ENSG00000261118,ENSG00000221819,ENSG00000103335,ENSG00000258947,ENSG00000260923,ENSG00000141013,ENSG00000258839,ENSG00000167523,ENSG00000261373,ENSG00000177946,ENSG00000259881,ENSG00000197912,ENSG00000259877,ENSG00000158792,ENSG00000268218,ENSG00000167513,ENSG00000075399,ENSG00000141002,ENSG00000129993,ENSG00000140995,ENSG00000167522,ENSG00000003249,ENSG00000260528","ENSG00000170100,ENSG00000259803,ENSG00000198931,ENSG00000287351,ENSG00000221819,ENSG00000261253,ENSG00000131165,ENSG00000260528,ENSG00000141013,ENSG00000158805,ENSG00000177946,ENSG00000223959,ENSG00000187741,ENSG00000260259,ENSG00000129910,ENSG00000015413,ENSG00000258947,ENSG00000129993,ENSG00000261373,ENSG00000275734,ENSG00000205022,ENSG00000003249,ENSG00000075399,ENSG00000222359,ENSG00000205015,ENSG00000259877,ENSG00000252887,ENSG00000222019,ENSG00000197912,ENSG00000167522,ENSG00000140995,ENSG00000178773,ENSG00000268218,ENSG00000141002,ENSG00000261172,ENSG00000260507,ENSG00000261118,ENSG00000258839,ENSG00000167515,ENSG00000259989,ENSG00000167513,ENSG00000259006,ENSG00000167523,ENSG00000103335,ENSG00000270832,ENSG00000167526,ENSG00000256982,ENSG00000260279,ENSG00000158792,ENSG00000260923,ENSG00000141012,ENSG00000261692,ENSG00000259881",ENSG00000187741,Liver eQTLs,train
20018786700092196-92196000003465,chr19,"19-14172921-A-T,19-14172951-T-G,19-14172728-C-T,19-14172896-G-C","ENSG00000123159,ENSG00000267169,ENSG00000037757,ENSG00000099795,ENSG00000160951,ENSG00000269378,ENSG00000160888,ENSG00000072062,ENSG00000132016,ENSG00000132000,ENSG00000104998,ENSG00000105141,ENSG00000072071,ENSG00000141837,ENSG00000131355,ENSG00000105011,ENSG00000127507,ENSG00000104907,ENSG00000104979,ENSG00000187867,ENSG00000267519,ENSG00000123136,ENSG00000228887,ENSG00000132002,ENSG00000132003,ENSG00000123143,ENSG00000160877,ENSG00000104903,ENSG00000123146,ENSG00000141858,ENSG00000132017,ENSG00000187912,ENSG00000141854,ENSG00000160961,ENSG00000224543,ENSG00000104915,ENSG00000099797,ENSG00000132024,ENSG00000104957,ENSG00000132005","ENSG00000267147,ENSG00000127515,ENSG00000176923,ENSG00000269552,ENSG00000132003,ENSG00000267169,ENSG00000198367,ENSG00000104907,ENSG00000072062,ENSG00000127507,ENSG00000105141,ENSG00000141837,ENSG00000132000,ENSG00000127529,ENSG00000160994,ENSG00000224543,ENSG00000187867,ENSG00000267723,ENSG00000287254,ENSG00000185385,ENSG00000131355,ENSG00000160877,ENSG00000132002,ENSG00000160951,ENSG00000171136,ENSG00000104979,ENSG00000267406,ENSG00000104998,ENSG00000187912,ENSG00000104903,ENSG00000188269,ENSG00000094661,ENSG00000123136,ENSG00000266913,ENSG00000240803,ENSG00000252661,ENSG00000037757,ENSG00000123159,ENSG00000243488,ENSG00000228887,ENSG00000104957,ENSG00000269787,ENSG00000267519,ENSG00000141854,ENSG00000132024,ENSG00000160961,ENSG00000123143,ENSG00000099797,ENSG00000104915,ENSG00000243066,ENSG00000266770,ENSG00000267961,ENSG00000268834,ENSG00000207585,ENSG00000160888,ENSG00000132016,ENSG00000187556,ENSG00000269378,ENSG00000172148,ENSG00000269678,ENSG00000132005,ENSG00000207613,ENSG00000132017,ENSG00000072071,ENSG00000267670,ENSG00000268564,ENSG00000099795,ENSG00000123146,ENSG00000267582,ENSG00000105011,ENSG00000267633,ENSG00000275432,ENSG00000141858",ENSG00000187867,Liver eQTLs,train
20018799400092196-92196000003621,chr19,"19-39368998-T-C,19-39363606-TGA-T,19-39364415-C-T,19-39366899-A-G,19-39363521-AAAAT-A,19-39366038-G-A,19-39366434-C-T,19-39365401-G-A","ENSG00000269246,ENSG00000099337,ENSG00000167645,ENSG00000178934,ENSG00000104824,ENSG00000171747,ENSG00000105738,ENSG00000068903,ENSG00000267892,ENSG00000288919,ENSG00000176396,ENSG00000104835,ENSG00000130402,ENSG00000178982,ENSG00000188766,ENSG00000188505,ENSG00000182472,ENSG00000104823,ENSG00000128626,ENSG00000099338,ENSG00000269190,ENSG00000104825,ENSG00000179134,ENSG00000288770,ENSG00000128016,ENSG00000241983,ENSG00000104814,ENSG00000006712,ENSG00000269688,ENSG00000090924,ENSG00000276445,ENSG00000176401,ENSG00000099341,ENSG00000130244,ENSG00000179168,ENSG00000269653,ENSG00000196218,ENSG00000167642,ENSG00000171777,ENSG00000105204,ENSG00000128011,ENSG00000268756,ENSG00000105193,ENSG00000196235,ENSG00000187994,ENSG00000161243,ENSG00000105202,ENSG00000262484,ENSG00000269486,ENSG00000130755,ENSG00000167641,ENSG00000287271,ENSG00000130669,ENSG00000063322,ENSG00000105197,ENSG00000105205,ENSG00000179751","ENSG00000104814,ENSG00000068903,ENSG00000105738,ENSG00000266559,ENSG00000244253,ENSG00000269588,ENSG00000268088,ENSG00000269653,ENSG00000272311,ENSG00000130402,ENSG00000268243,ENSG00000278813,ENSG00000267992,ENSG00000182393,ENSG00000104835,ENSG00000179751,ENSG00000130244,ENSG00000130669,ENSG00000288770,ENSG00000130755,ENSG00000269584,ENSG00000006659,ENSG00000269172,ENSG00000272395,ENSG00000230086,ENSG00000187994,ENSG00000178982,ENSG00000241983,ENSG00000277759,ENSG00000104825,ENSG00000268510,ENSG00000269688,ENSG00000128011,ENSG00000239320,ENSG00000262484,ENSG00000105193,ENSG00000128626,ENSG00000196218,ENSG00000269792,ENSG00000243581,ENSG00000269519,ENSG00000249861,ENSG00000105202,ENSG00000104824,ENSG00000176401,ENSG00000099341,ENSG00000171777,ENSG00000099337,ENSG00000167645,ENSG00000269050,ENSG00000269188,ENSG00000267291,ENSG00000167642,ENSG00000269246,ENSG00000207296,ENSG00000268756,ENSG00000063322,ENSG00000267375,ENSG00000161243,ENSG00000269486,ENSG00000207281,ENSG00000167641,ENSG00000269445,ENSG00000105197,ENSG00000128016,ENSG00000206674,ENSG00000006712,ENSG00000268055,ENSG00000179168,ENSG00000178934,ENSG00000206925,ENSG00000197110,ENSG00000287271,ENSG00000090924,ENSG00000240320,ENSG00000269296,ENSG00000105204,ENSG00000105205,ENSG00000213926,ENSG00000171747,ENSG00000188766,ENSG00000207631,ENSG00000288919,ENSG00000179134,ENSG00000176396,ENSG00000104823,ENSG00000186838,ENSG00000269190,ENSG00000213921,ENSG00000276445,ENSG00000196235,ENSG00000099338,ENSG00000267892,ENSG00000268153,ENSG00000105198,ENSG00000182472,ENSG00000188505,ENSG00000183709",ENSG00000187994,Liver eQTLs,train
20018813000092196-92196000004969,chr22,"22-50690322-G-C,22-50693340-A-T,22-50693479-A-G,22-50695946-C-G,22-50695908-G-T,22-50695270-A-C,22-50694297-A-G,22-50693554-A-G,22-50689030-A-G,22-50693521-C-T,22-50693534-A-G,22-50692908-C-T,22-50693538-G-A,22-50692562-G-A,22-50692848-G-A,22-50692853-G-A,22-50692856-C-T,22-50692878-G-A,22-50692966-G-A","ENSG00000284194,ENSG00000273137,ENSG00000196576,ENSG00000100288,ENSG00000289244,ENSG00000008735,ENSG00000235111,ENSG00000100427,ENSG00000100426,ENSG00000025770,ENSG00000273272,ENSG00000188511,ENSG00000272666,ENSG00000285722,ENSG00000198355,ENSG00000278869,ENSG00000184319,ENSG00000100258,ENSG00000217442,ENSG00000079974,ENSG00000100241,ENSG00000073150,ENSG00000273188,ENSG00000188130,ENSG00000128165,ENSG00000185386,ENSG00000100312,ENSG00000100299,ENSG00000225929,ENSG00000205593,ENSG00000130487,ENSG00000184164,ENSG00000205559,ENSG00000273253,ENSG00000279345,ENSG00000251322,ENSG00000073146,ENSG00000272836,ENSG00000205560,ENSG00000177989,ENSG00000100253,ENSG00000025708,ENSG00000286393,ENSG00000128159,ENSG00000273192,ENSG00000279182,ENSG00000182858,ENSG00000100425,ENSG00000100239","ENSG00000278869,ENSG00000100427,ENSG00000227484,ENSG00000100425,ENSG00000188511,ENSG00000100299,ENSG00000182858,ENSG00000214727,ENSG00000272836,ENSG00000100258,ENSG00000284194,ENSG00000226954,ENSG00000100426,ENSG00000286508,ENSG00000277771,ENSG00000130487,ENSG00000177989,ENSG00000217442,ENSG00000100241,ENSG00000073150,ENSG00000288871,ENSG00000279182,ENSG00000273192,ENSG00000254499,ENSG00000128165,ENSG00000073146,ENSG00000188130,ENSG00000025708,ENSG00000286393,ENSG00000079974,ENSG00000198355,ENSG00000289244,ENSG00000285722,ENSG00000184164,ENSG00000185386,ENSG00000273253,ENSG00000100253,ENSG00000100239,ENSG00000225929,ENSG00000280395,ENSG00000223142,ENSG00000272666,ENSG00000276753,ENSG00000273272,ENSG00000229409,ENSG00000100312,ENSG00000235111,ENSG00000205560,ENSG00000138892,ENSG00000273188,ENSG00000196576,ENSG00000128159,ENSG00000008735,ENSG00000212569,ENSG00000184319,ENSG00000251322,ENSG00000279345,ENSG00000025770,ENSG00000188263,ENSG00000100288,ENSG00000205559,ENSG00000273137,ENSG00000205593",ENSG00000188130,Liver eQTLs,train
20018816300092196-92196000007338,chr9,"9-140157460-T-C,9-140156105-G-A,9-140157701-C-T,9-140154759-C-T,9-140158043-T-A,9-140161909-G-T,9-140152837-C-G,9-140153145-A-G,9-140156219-G-A,9-140157002-G-A,9-140157063-G-A,9-140157429-G-A,9-140158014-C-G,9-140158871-T-C,9-140159682-G-A,9-140161201-T-C,9-140161334-C-T,9-140161970-A-C,9-140153073-T-G,9-140146651-T-C,9-140152252-CTTTTTTTCTT-C,9-140143384-C-T,9-140144649-G-A,9-140148051-A-G,9-140148189-G-T,9-140155784-T-G,9-140149248-T-G,9-140152112-G-A,9-140153105-C-T,9-140158650-C-T,9-140158949-G-T,9-140160086-C-T,9-140161871-C-T,9-140162833-C-T,9-140163033-G-A,9-140164376-C-T,9-140164689-C-T,9-140167022-G-A,9-140167877-T-G,9-140167985-T-A,9-140168079-C-T,9-140168614-C-T,9-140168907-GT-G,9-140169246-G-A,9-140169249-G-A,9-140169270-G-A,9-140156109-CAAAAAAAAA-C,9-140145308-G-A,9-140152297-G-T,9-140147094-C-CCT,9-140147094-C-CCT,9-140142949-C-T,9-140145431-A-C,9-140147152-C-G,9-140148853-AG-A,9-140169467-A-G,9-140142299-C-T,9-140149113-G-A","ENSG00000260190,ENSG00000107281,ENSG00000184925,ENSG00000279141,ENSG00000148384,ENSG00000148362,ENSG00000176101,ENSG00000182154,ENSG00000214402,ENSG00000107331,ENSG00000177239,ENSG00000054179,ENSG00000165802,ENSG00000159069,ENSG00000260996,ENSG00000169583,ENSG00000187609,ENSG00000177943,ENSG00000188229,ENSG00000197355,ENSG00000127191,ENSG00000169692,ENSG00000184709,ENSG00000203993,ENSG00000165684,ENSG00000288873,ENSG00000187713,ENSG00000186193,ENSG00000176058,ENSG00000165724,ENSG00000228401,ENSG00000228544,ENSG00000213212,ENSG00000213221,ENSG00000213590,ENSG00000148399,ENSG00000232434,ENSG00000244187,ENSG00000268996,ENSG00000176919,ENSG00000188747,ENSG00000233198,ENSG00000188833,ENSG00000188566,ENSG00000130653,ENSG00000233016,ENSG00000165716,ENSG00000196642,ENSG00000172889,ENSG00000267206,ENSG00000107223,ENSG00000188163,ENSG00000176978,ENSG00000148396,ENSG00000213213,ENSG00000180549,ENSG00000180539,ENSG00000148400,ENSG00000054148,ENSG00000212864,ENSG00000165688,ENSG00000197191,ENSG00000176248,ENSG00000165689,ENSG00000160360,ENSG00000237886,ENSG00000197070,ENSG00000198113,ENSG00000107317,ENSG00000159247,ENSG00000181090,ENSG00000198435,ENSG00000187922,ENSG00000187796,ENSG00000196366,ENSG00000255585","ENSG00000107223,ENSG00000212864,ENSG00000176101,ENSG00000213221,ENSG00000267206,ENSG00000184925,ENSG00000165688,ENSG00000197070,ENSG00000228544,ENSG00000169583,ENSG00000176058,ENSG00000237886,ENSG00000188163,ENSG00000188747,ENSG00000188229,ENSG00000148384,ENSG00000198113,ENSG00000180539,ENSG00000203993,ENSG00000233016,ENSG00000244187,ENSG00000148362,ENSG00000165689,ENSG00000172889,ENSG00000188566,ENSG00000288873,ENSG00000214402,ENSG00000213590,ENSG00000176919,ENSG00000255585,ENSG00000228401,ENSG00000054148,ENSG00000148399,ENSG00000188833,ENSG00000148400,ENSG00000054179,ENSG00000233198,ENSG00000213212,ENSG00000165724,ENSG00000127191,ENSG00000213213,ENSG00000260190,ENSG00000232434,ENSG00000187609,ENSG00000197191,ENSG00000165684,ENSG00000182154,ENSG00000260996,ENSG00000187796,ENSG00000160360,ENSG00000159069,ENSG00000130653,ENSG00000196366,ENSG00000148396,ENSG00000107331,ENSG00000279141,ENSG00000159247,ENSG00000184709,ENSG00000198435,ENSG00000165716,ENSG00000180549,ENSG00000176978,ENSG00000169692,ENSG00000197355,ENSG00000268996,ENSG00000177943,ENSG00000181090,ENSG00000187922,ENSG00000176248,ENSG00000165802,ENSG00000196642,ENSG00000186193,ENSG00000177239,ENSG00000107281,ENSG00000187713,ENSG00000107317",ENSG00000188163,Liver eQTLs,train
20018818500092196-92196000006718,chr7,"7-39772995-G-A,7-39710625-G-A,7-39746466-T-C,7-39733688-T-C,7-39741925-A-G,7-39738960-T-C,7-39742677-T-A,7-39730841-T-C,7-39683560-C-G,7-39683772-C-G,7-39727995-TA-T,7-39676036-G-A,7-39676607-G-A,7-39677925-A-G,7-39705273-C-T,7-39729140-G-A,7-39759814-T-A,7-39669491-A-G,7-39691443-C-T,7-39697365-G-GA,7-39666599-C-CCTT,7-39687887-T-C,7-39695873-G-A,7-39701218-A-G,7-39704394-G-T","ENSG00000233225,ENSG00000006715,ENSG00000168303,ENSG00000289269,ENSG00000175600,ENSG00000228554,ENSG00000106536,ENSG00000065883,ENSG00000175741,ENSG00000188185,ENSG00000259826,ENSG00000224122,ENSG00000236015,ENSG00000287584,ENSG00000006451,ENSG00000241127","ENSG00000231198,ENSG00000248711,ENSG00000231951,ENSG00000106536,ENSG00000242855,ENSG00000175741,ENSG00000233854,ENSG00000175600,ENSG00000168303,ENSG00000270797,ENSG00000236015,ENSG00000270577,ENSG00000252480,ENSG00000226220,ENSG00000273444,ENSG00000006451,ENSG00000233225,ENSG00000188185,ENSG00000065883,ENSG00000287584,ENSG00000206947,ENSG00000289269,ENSG00000228554,ENSG00000237251,ENSG00000006715,ENSG00000203446,ENSG00000241127,ENSG00000227172,ENSG00000224122,ENSG00000259826",ENSG00000188185,Liver eQTLs,train
20018819100092196-92196000006856,chr7,"7-769192-A-G,7-769196-G-T,7-770493-C-T,7-764537-A-G,7-765461-G-A,7-773802-C-A,7-774968-C-G,7-776774-C-A,7-777394-G-T,7-756483-G-C,7-765921-T-C,7-820526-T-C,7-777784-G-A,7-808178-C-T,7-808338-C-G,7-806428-C-A,7-799371-C-T,7-804075-C-T,7-833003-C-T,7-834669-C-G,7-780120-C-T,7-766016-T-C,7-784932-C-T,7-796430-C-T,7-834798-T-G,7-837407-C-T,7-838213-G-C,7-839248-G-A,7-839577-C-T,7-840960-T-C,7-842552-AAG-A,7-831371-C-T,7-779505-C-T,7-843453-G-A,7-843427-C-G,7-834093-C-T,7-835414-G-A,7-766982-C-A,7-831929-C-T,7-794963-C-T,7-796259-C-T,7-797319-G-A,7-821201-C-CT,7-761104-G-A","ENSG00000223855,ENSG00000239857,ENSG00000164855,ENSG00000282572,ENSG00000188191,ENSG00000177706,ENSG00000273230,ENSG00000164849,ENSG00000146540,ENSG00000230487,ENSG00000226291,ENSG00000197461,ENSG00000164850,ENSG00000229043,ENSG00000157778,ENSG00000240093,ENSG00000105963,ENSG00000164828,ENSG00000242474,ENSG00000164877,ENSG00000242611,ENSG00000240230,ENSG00000249852,ENSG00000287342,ENSG00000198517,ENSG00000164880,ENSG00000178381,ENSG00000073067,ENSG00000240859,ENSG00000225981,ENSG00000225968,ENSG00000237181","ENSG00000229380,ENSG00000230487,ENSG00000273644,ENSG00000240859,ENSG00000286764,ENSG00000225968,ENSG00000237181,ENSG00000230444,ENSG00000178381,ENSG00000287342,ENSG00000225981,ENSG00000283061,ENSG00000188191,ENSG00000225146,ENSG00000239715,ENSG00000073067,ENSG00000164849,ENSG00000177706,ENSG00000199023,ENSG00000146540,ENSG00000249574,ENSG00000164828,ENSG00000197461,ENSG00000249852,ENSG00000287883,ENSG00000282572,ENSG00000223855,ENSG00000229043,ENSG00000231476,ENSG00000164877,ENSG00000240230,ENSG00000273230,ENSG00000242611,ENSG00000231927,ENSG00000234977,ENSG00000232325,ENSG00000226291,ENSG00000157778,ENSG00000248767,ENSG00000261795,ENSG00000164853,ENSG00000198517,ENSG00000164880,ENSG00000205971,ENSG00000164850,ENSG00000234471,ENSG00000240093,ENSG00000239857,ENSG00000164855,ENSG00000233082,ENSG00000105963,ENSG00000242474",ENSG00000188191,Liver eQTLs,train
20018819900092196-92196000001007,chr10,"10-81440163-A-ATCT,10-81592152-T-C,10-81588553-T-C,10-81572189-T-C,10-81587541-T-G,10-81439708-C-T,10-81566234-C-A,10-81428180-G-A","ENSG00000283913,ENSG00000242600,ENSG00000234743,ENSG00000237523,ENSG00000122852,ENSG00000230091,ENSG00000133678,ENSG00000108175,ENSG00000273372,ENSG00000224596,ENSG00000122359,ENSG00000151224,ENSG00000108219,ENSG00000122378,ENSG00000189129,ENSG00000185303,ENSG00000165424,ENSG00000283101,ENSG00000226659,ENSG00000133661,ENSG00000272447,ENSG00000108179,ENSG00000188199,ENSG00000253626","ENSG00000231060,ENSG00000234743,ENSG00000287358,ENSG00000226659,ENSG00000122852,ENSG00000227209,ENSG00000165424,ENSG00000226466,ENSG00000283913,ENSG00000188199,ENSG00000229458,ENSG00000242600,ENSG00000285739,ENSG00000225738,ENSG00000185303,ENSG00000122378,ENSG00000272447,ENSG00000273372,ENSG00000230091,ENSG00000233703,ENSG00000224596,ENSG00000133661,ENSG00000237523,ENSG00000122359,ENSG00000108175,ENSG00000133678,ENSG00000253626,ENSG00000189129,ENSG00000151224,ENSG00000108179,ENSG00000233353,ENSG00000207275,ENSG00000283101,ENSG00000231082,ENSG00000108219",ENSG00000188199,Liver eQTLs,train
20018823400092196-92196000000927,chr10,"10-51568378-T-G,10-51588177-G-A,10-51585752-C-T,10-51566879-G-A,10-51573788-T-C,10-51565606-G-A","ENSG00000204176,ENSG00000265366,ENSG00000243289,ENSG00000229870,ENSG00000226200,ENSG00000204149,ENSG00000165406,ENSG00000270258,ENSG00000148584,ENSG00000225137,ENSG00000204179,ENSG00000215097,ENSG00000280913,ENSG00000231964,ENSG00000188611,ENSG00000165874,ENSG00000264230,ENSG00000226937,ENSG00000265354,ENSG00000165507,ENSG00000229927,ENSG00000279863,ENSG00000289092,ENSG00000165633,ENSG00000227345,ENSG00000099290,ENSG00000178440,ENSG00000165511,ENSG00000235618,ENSG00000197444,ENSG00000231345,ENSG00000231187,ENSG00000204147,ENSG00000172661,ENSG00000188234,ENSG00000285803,ENSG00000012779,ENSG00000239883,ENSG00000229711,ENSG00000237840,ENSG00000204161,ENSG00000165512,ENSG00000204152,ENSG00000204177,ENSG00000204175,ENSG00000285662,ENSG00000225830,ENSG00000263639,ENSG00000198964,ENSG00000172671,ENSG00000272430","ENSG00000099290,ENSG00000165511,ENSG00000213667,ENSG00000229711,ENSG00000204149,ENSG00000279863,ENSG00000236944,ENSG00000197444,ENSG00000270258,ENSG00000225137,ENSG00000285662,ENSG00000012779,ENSG00000227345,ENSG00000207813,ENSG00000280913,ENSG00000229870,ENSG00000226168,ENSG00000204152,ENSG00000188234,ENSG00000148584,ENSG00000237840,ENSG00000239883,ENSG00000230011,ENSG00000289092,ENSG00000204176,ENSG00000231132,ENSG00000204161,ENSG00000289527,ENSG00000263639,ENSG00000231345,ENSG00000165512,ENSG00000225830,ENSG00000178440,ENSG00000188611,ENSG00000226200,ENSG00000227972,ENSG00000229927,ENSG00000264230,ENSG00000204179,ENSG00000272430,ENSG00000204175,ENSG00000235618,ENSG00000285803,ENSG00000261368,ENSG00000204177,ENSG00000213659,ENSG00000213657,ENSG00000223502,ENSG00000238523,ENSG00000165633,ENSG00000165507,ENSG00000231964,ENSG00000287221,ENSG00000165874,ENSG00000226937,ENSG00000231588,ENSG00000198964,ENSG00000172671,ENSG00000265354,ENSG00000231187,ENSG00000172661,ENSG00000165406,ENSG00000289270,ENSG00000215097,ENSG00000243289,ENSG00000265366,ENSG00000204147,ENSG00000235279",ENSG00000188234,Liver eQTLs,train
20018832100092196-92196000003926,chr19,"19-9434872-C-T,19-9527073-CTT-C,19-9543029-T-C","ENSG00000188321,ENSG00000167798,ENSG00000130816,ENSG00000080573,ENSG00000130810,ENSG00000130818,ENSG00000105376,ENSG00000142347,ENSG00000133250,ENSG00000130812,ENSG00000090339,ENSG00000099785,ENSG00000198258,ENSG00000127445,ENSG00000267106,ENSG00000167772,ENSG00000099783,ENSG00000267673,ENSG00000105364,ENSG00000185236,ENSG00000171469,ENSG00000130803,ENSG00000278611,ENSG00000267387,ENSG00000186994,ENSG00000197961,ENSG00000268884,ENSG00000267119,ENSG00000171466,ENSG00000196110,ENSG00000267534,ENSG00000133246,ENSG00000127452,ENSG00000267607,ENSG00000269300,ENSG00000269386,ENSG00000267986,ENSG00000196605,ENSG00000130813,ENSG00000105088,ENSG00000267370,ENSG00000167785,ENSG00000224689,ENSG00000130811,ENSG00000277587,ENSG00000142303,ENSG00000220201,ENSG00000244165,ENSG00000267612","ENSG00000180926,ENSG00000283108,ENSG00000200237,ENSG00000105376,ENSG00000130816,ENSG00000127452,ENSG00000142303,ENSG00000267673,ENSG00000099785,ENSG00000267490,ENSG00000267775,ENSG00000130810,ENSG00000171466,ENSG00000196110,ENSG00000269244,ENSG00000264266,ENSG00000267387,ENSG00000209645,ENSG00000267607,ENSG00000267332,ENSG00000198258,ENSG00000237521,ENSG00000198028,ENSG00000267370,ENSG00000266204,ENSG00000197961,ENSG00000167785,ENSG00000267289,ENSG00000181733,ENSG00000187847,ENSG00000238531,ENSG00000220201,ENSG00000167798,ENSG00000130803,ENSG00000080573,ENSG00000269400,ENSG00000277587,ENSG00000167772,ENSG00000267534,ENSG00000171469,ENSG00000181786,ENSG00000275787,ENSG00000186994,ENSG00000142347,ENSG00000267986,ENSG00000170923,ENSG00000188321,ENSG00000130818,ENSG00000105364,ENSG00000244165,ENSG00000170948,ENSG00000267154,ENSG00000279426,ENSG00000267612,ENSG00000133250,ENSG00000130811,ENSG00000161807,ENSG00000226480,ENSG00000170929,ENSG00000090339,ENSG00000267119,ENSG00000196605,ENSG00000105088,ENSG00000267273,ENSG00000225980,ENSG00000133246,ENSG00000260112,ENSG00000267105,ENSG00000267106,ENSG00000185236,ENSG00000188314,ENSG00000174667,ENSG00000130813,ENSG00000080511,ENSG00000269300,ENSG00000127445,ENSG00000269386,ENSG00000267418,ENSG00000170920,ENSG00000268922,ENSG00000224689,ENSG00000278611,ENSG00000268884,ENSG00000266950,ENSG00000099783,ENSG00000130812",ENSG00000188321,Liver eQTLs,train
20018837200092196-92196000006839,chr7,"7-75747226-G-C,7-75590107-C-T","ENSG00000233448,ENSG00000146707,ENSG00000146700,ENSG00000280388,ENSG00000241350,ENSG00000186645,ENSG00000178809,ENSG00000127952,ENSG00000278416,ENSG00000186704,ENSG00000091073,ENSG00000235090,ENSG00000146701,ENSG00000205482,ENSG00000214243,ENSG00000127946,ENSG00000227038,ENSG00000127957,ENSG00000170027,ENSG00000106178,ENSG00000213549,ENSG00000170092,ENSG00000272391,ENSG00000243566,ENSG00000205583,ENSG00000205485,ENSG00000106211,ENSG00000189077,ENSG00000223705,ENSG00000242435,ENSG00000165178,ENSG00000230882,ENSG00000177679,ENSG00000127948,ENSG00000188372,ENSG00000213542,ENSG00000277053,ENSG00000224273,ENSG00000005486","ENSG00000005486,ENSG00000106178,ENSG00000272391,ENSG00000276592,ENSG00000205482,ENSG00000199870,ENSG00000106211,ENSG00000263081,ENSG00000214243,ENSG00000091073,ENSG00000146700,ENSG00000165178,ENSG00000286038,ENSG00000146722,ENSG00000250614,ENSG00000146707,ENSG00000279996,ENSG00000241350,ENSG00000213548,ENSG00000146701,ENSG00000127957,ENSG00000205485,ENSG00000276840,ENSG00000227038,ENSG00000127948,ENSG00000127952,ENSG00000224273,ENSG00000250778,ENSG00000127946,ENSG00000242435,ENSG00000219039,ENSG00000170027,ENSG00000275930,ENSG00000251798,ENSG00000267828,ENSG00000170092,ENSG00000273598,ENSG00000213549,ENSG00000188372,ENSG00000278416,ENSG00000230305,ENSG00000239069,ENSG00000277053,ENSG00000280388,ENSG00000230882,ENSG00000286137,ENSG00000177679,ENSG00000277127,ENSG00000202021,ENSG00000201643,ENSG00000178809,ENSG00000228829,ENSG00000186704,ENSG00000213542,ENSG00000243566,ENSG00000186645,ENSG00000200874,ENSG00000189077,ENSG00000238560,ENSG00000235090,ENSG00000205583,ENSG00000233980,ENSG00000233448,ENSG00000286014,ENSG00000277675,ENSG00000223705",ENSG00000188372,Liver eQTLs,train
20018837200092196-92196000006841,chr7,7-76060232-G-A,"ENSG00000230882,ENSG00000233448,ENSG00000146701,ENSG00000127951,ENSG00000170092,ENSG00000205482,ENSG00000188372,ENSG00000186645,ENSG00000214243,ENSG00000106211,ENSG00000170027,ENSG00000127948,ENSG00000127952,ENSG00000235090,ENSG00000280388,ENSG00000146700,ENSG00000106178,ENSG00000214439,ENSG00000189077,ENSG00000127946,ENSG00000135205,ENSG00000213542,ENSG00000227038,ENSG00000224273,ENSG00000091073,ENSG00000146707,ENSG00000243566,ENSG00000205485,ENSG00000177679,ENSG00000242435,ENSG00000241350,ENSG00000186088,ENSG00000272391,ENSG00000186704,ENSG00000213549,ENSG00000127957,ENSG00000005486","ENSG00000214243,ENSG00000170027,ENSG00000241350,ENSG00000230882,ENSG00000251798,ENSG00000267828,ENSG00000127946,ENSG00000273598,ENSG00000277675,ENSG00000286014,ENSG00000228829,ENSG00000188372,ENSG00000280388,ENSG00000233448,ENSG00000276840,ENSG00000186088,ENSG00000219039,ENSG00000286038,ENSG00000213549,ENSG00000213548,ENSG00000213542,ENSG00000276592,ENSG00000127951,ENSG00000231183,ENSG00000275930,ENSG00000272391,ENSG00000243566,ENSG00000225703,ENSG00000238560,ENSG00000250614,ENSG00000235090,ENSG00000106178,ENSG00000005486,ENSG00000146700,ENSG00000201643,ENSG00000285666,ENSG00000224273,ENSG00000233980,ENSG00000135205,ENSG00000127948,ENSG00000202021,ENSG00000205482,ENSG00000170092,ENSG00000205485,ENSG00000200874,ENSG00000127957,ENSG00000186704,ENSG00000279996,ENSG00000146701,ENSG00000177679,ENSG00000214439,ENSG00000242435,ENSG00000127952,ENSG00000286137,ENSG00000106211,ENSG00000146722,ENSG00000186645,ENSG00000250778,ENSG00000091073,ENSG00000199870,ENSG00000201885,ENSG00000201959,ENSG00000146707,ENSG00000189077,ENSG00000227038,ENSG00000230305,ENSG00000263081",ENSG00000188372,Liver eQTLs,train
20018838800092196-92196000002471,chr15,"15-85088079-G-A,15-85083041-T-C,15-85084383-C-T,15-85086958-T-C","ENSG00000197696,ENSG00000259630,ENSG00000286505,ENSG00000256278,ENSG00000230373,ENSG00000274128,ENSG00000156218,ENSG00000170776,ENSG00000275120,ENSG00000271044,ENSG00000177082,ENSG00000188388,ENSG00000259728,ENSG00000259683,ENSG00000156222,ENSG00000136383,ENSG00000285667,ENSG00000176371,ENSG00000166716,ENSG00000140612,ENSG00000073417","ENSG00000197627,ENSG00000230373,ENSG00000188388,ENSG00000256278,ENSG00000156218,ENSG00000273540,ENSG00000280038,ENSG00000259570,ENSG00000259367,ENSG00000259449,ENSG00000272887,ENSG00000259317,ENSG00000259630,ENSG00000259728,ENSG00000251891,ENSG00000278785,ENSG00000259726,ENSG00000264406,ENSG00000259453,ENSG00000252931,ENSG00000286505,ENSG00000166716,ENSG00000202081,ENSG00000285667,ENSG00000259551,ENSG00000259302,ENSG00000177082,ENSG00000176371,ENSG00000278422,ENSG00000259276,ENSG00000259683,ENSG00000259633,ENSG00000136383,ENSG00000259270,ENSG00000259774,ENSG00000271044,ENSG00000200991,ENSG00000259608,ENSG00000197696,ENSG00000259694,ENSG00000170776,ENSG00000156222,ENSG00000140612,ENSG00000259415,ENSG00000073417,ENSG00000259195,ENSG00000221634,ENSG00000275120,ENSG00000274128,ENSG00000259538",ENSG00000188388,Liver eQTLs,train
20018857300092196-92196000005761,chr5,"5-167958419-C-G,5-167964955-T-C,5-167964735-G-A,5-167965753-C-T,5-167966122-C-CAG","ENSG00000188573,ENSG00000113645,ENSG00000253978,ENSG00000184347,ENSG00000233913,ENSG00000120137,ENSG00000254042,ENSG00000253357","ENSG00000279739,ENSG00000199035,ENSG00000113645,ENSG00000254042,ENSG00000253925,ENSG00000253660,ENSG00000253065,ENSG00000253713,ENSG00000254187,ENSG00000253357,ENSG00000289264,ENSG00000207739,ENSG00000184347,ENSG00000253978,ENSG00000120137,ENSG00000253469,ENSG00000188573,ENSG00000254297,ENSG00000202345,ENSG00000253947,ENSG00000253527,ENSG00000254365,ENSG00000233913",ENSG00000188573,Liver eQTLs,train
20018858200092196-92196000005092,chr3,"3-142659361-A-G,3-142653249-G-T,3-142660706-G-A,3-142659837-A-G,3-142657761-A-G,3-142652559-G-T,3-142650458-T-A,3-142650463-T-A,3-142660022-ATTCAGTAG-A,3-142650291-C-A,3-142650667-C-T,3-142650931-A-T,3-142652059-A-G,3-142652604-T-C,3-142663950-G-A,3-142664819-A-G,3-142663207-T-C,3-142661841-A-G,3-142649110-C-G,3-142653650-T-G","ENSG00000163714,ENSG00000181804,ENSG00000163710,ENSG00000233597,ENSG00000240950,ENSG00000144935,ENSG00000175054,ENSG00000242479,ENSG00000244171,ENSG00000175040,ENSG00000114127,ENSG00000175066,ENSG00000243759,ENSG00000120756,ENSG00000188582,ENSG00000114126","ENSG00000144935,ENSG00000241899,ENSG00000163710,ENSG00000206604,ENSG00000199319,ENSG00000175054,ENSG00000244171,ENSG00000228398,ENSG00000240012,ENSG00000243033,ENSG00000202125,ENSG00000248374,ENSG00000239641,ENSG00000252745,ENSG00000188582,ENSG00000242479,ENSG00000243733,ENSG00000114126,ENSG00000279147,ENSG00000286822,ENSG00000175040,ENSG00000242104,ENSG00000114127,ENSG00000120756,ENSG00000251804,ENSG00000242390,ENSG00000233597,ENSG00000240888,ENSG00000200389,ENSG00000175066,ENSG00000240950,ENSG00000163714,ENSG00000241526,ENSG00000243759,ENSG00000244493,ENSG00000181804,ENSG00000251787",ENSG00000188582,Liver eQTLs,train
20018861100092196-92196000000941,chr10,10-52517237-C-A,"ENSG00000148584,ENSG00000204149,ENSG00000204152,ENSG00000177613,ENSG00000229711,ENSG00000185532,ENSG00000188611,ENSG00000226200,ENSG00000285803,ENSG00000225137,ENSG00000099290,ENSG00000231345,ENSG00000198964,ENSG00000229870,ENSG00000178440,ENSG00000227345,ENSG00000197444,ENSG00000235618,ENSG00000279863","ENSG00000279863,ENSG00000099290,ENSG00000188611,ENSG00000235618,ENSG00000227345,ENSG00000185532,ENSG00000285803,ENSG00000204149,ENSG00000229870,ENSG00000289270,ENSG00000289527,ENSG00000226296,ENSG00000229711,ENSG00000204152,ENSG00000178440,ENSG00000231345,ENSG00000197444,ENSG00000226200,ENSG00000198964,ENSG00000148584,ENSG00000231399,ENSG00000227121,ENSG00000177613,ENSG00000225137,ENSG00000213657,ENSG00000252161,ENSG00000201196,ENSG00000227972",ENSG00000188611,Liver eQTLs,train
20018862600092196-92196000002285,chr15,15-28886730-G-A,"ENSG00000034053,ENSG00000261377,ENSG00000260844,ENSG00000248334,ENSG00000104044,ENSG00000254398,ENSG00000128731,ENSG00000256338,ENSG00000185115,ENSG00000188626,ENSG00000206149","ENSG00000259300,ENSG00000261377,ENSG00000232431,ENSG00000259299,ENSG00000274814,ENSG00000206149,ENSG00000188626,ENSG00000274532,ENSG00000261365,ENSG00000259814,ENSG00000261649,ENSG00000183629,ENSG00000284628,ENSG00000034053,ENSG00000256951,ENSG00000263964,ENSG00000289209,ENSG00000260844,ENSG00000261561,ENSG00000261401,ENSG00000256338,ENSG00000276928,ENSG00000259277,ENSG00000261497,ENSG00000271616,ENSG00000260053,ENSG00000276891,ENSG00000276955,ENSG00000287894,ENSG00000237850,ENSG00000287334,ENSG00000227717,ENSG00000259690,ENSG00000254398,ENSG00000261524,ENSG00000248334,ENSG00000274632,ENSG00000185115,ENSG00000261041,ENSG00000260159,ENSG00000261581,ENSG00000128731,ENSG00000153684,ENSG00000266039,ENSG00000104044,ENSG00000260444,ENSG00000228992",ENSG00000188626,Liver eQTLs,train
20018862600092196-92196000002289,chr15,"15-29004950-C-A,15-28993714-G-A,15-29004156-A-G,15-29001133-C-T,15-29003560-G-A,15-29004873-C-T,15-28999168-T-C,15-28998428-A-G,15-28998529-G-A,15-29000247-A-G,15-29000843-A-T,15-28997206-C-T,15-29003218-A-G,15-29005479-C-T","ENSG00000188626,ENSG00000256338,ENSG00000248334,ENSG00000185115,ENSG00000128731,ENSG00000034053,ENSG00000104044,ENSG00000254398,ENSG00000234664,ENSG00000260844,ENSG00000256802,ENSG00000259644,ENSG00000206149,ENSG00000261377","ENSG00000287334,ENSG00000261497,ENSG00000261377,ENSG00000260159,ENSG00000259277,ENSG00000261401,ENSG00000256802,ENSG00000276955,ENSG00000237850,ENSG00000274532,ENSG00000104044,ENSG00000261561,ENSG00000153684,ENSG00000274814,ENSG00000248334,ENSG00000289209,ENSG00000185115,ENSG00000259644,ENSG00000188626,ENSG00000259690,ENSG00000261524,ENSG00000287894,ENSG00000183629,ENSG00000261649,ENSG00000260844,ENSG00000274632,ENSG00000261581,ENSG00000259299,ENSG00000260053,ENSG00000261365,ENSG00000263964,ENSG00000128731,ENSG00000284628,ENSG00000260444,ENSG00000256951,ENSG00000261041,ENSG00000206149,ENSG00000227717,ENSG00000259300,ENSG00000234664,ENSG00000256338,ENSG00000254398,ENSG00000276928,ENSG00000266039,ENSG00000034053,ENSG00000276891,ENSG00000259814,ENSG00000271616,ENSG00000232431",ENSG00000188626,Liver eQTLs,train
20018865900092196-92196000002454,chr15,"15-82440548-G-A,15-82493231-A-AT,15-82443587-C-T,15-82443824-C-T,15-82446883-CA-C,15-82448410-T-C,15-82449054-C-T,15-82450403-G-A,15-82450518-T-C,15-82451019-C-A,15-82451978-C-T,15-82454283-A-G,15-82457055-G-A,15-82459354-G-C,15-82459585-G-C,15-82469893-G-A,15-82476661-G-A,15-82482527-C-T,15-82482589-C-A,15-82494210-C-T,15-82516816-G-A,15-82518666-C-G,15-82533268-G-A,15-82542544-C-A,15-82543532-G-A,15-82544498-T-C,15-82555146-CCTCTG-C,15-82564206-C-G,15-82566069-G-A,15-82569278-T-C,15-82571201-G-T,15-82573350-T-A,15-82581577-A-G,15-82466738-A-T,15-82478427-G-C,15-82463129-C-A,15-82490697-G-A,15-82491131-G-A,15-82489901-T-C,15-82491672-A-AAG,15-82501613-C-T,15-82500125-G-A,15-82500157-G-A,15-82504029-C-G,15-82505719-C-A,15-82506110-T-A,15-82506518-A-G,15-82502528-A-G,15-82500217-C-T,15-82506607-T-C","ENSG00000169612,ENSG00000156232,ENSG00000250988,ENSG00000259315,ENSG00000136404,ENSG00000286488,ENSG00000288850,ENSG00000140598,ENSG00000273747,ENSG00000284709,ENSG00000064726,ENSG00000259429,ENSG00000103942,ENSG00000183496,ENSG00000279758,ENSG00000169609,ENSG00000277741,ENSG00000275995,ENSG00000172349,ENSG00000271725,ENSG00000188869,ENSG00000237550,ENSG00000182774,ENSG00000278662,ENSG00000273920,ENSG00000186628,ENSG00000172345,ENSG00000259594,ENSG00000276710,ENSG00000255769,ENSG00000259343,ENSG00000188659","ENSG00000186628,ENSG00000273747,ENSG00000260608,ENSG00000259707,ENSG00000259622,ENSG00000284709,ENSG00000278603,ENSG00000271725,ENSG00000259429,ENSG00000064726,ENSG00000182774,ENSG00000278013,ENSG00000259986,ENSG00000286817,ENSG00000259343,ENSG00000169612,ENSG00000259518,ENSG00000275995,ENSG00000276710,ENSG00000188659,ENSG00000140598,ENSG00000172349,ENSG00000169609,ENSG00000255769,ENSG00000259462,ENSG00000183496,ENSG00000286488,ENSG00000259637,ENSG00000278662,ENSG00000287872,ENSG00000263643,ENSG00000275695,ENSG00000212170,ENSG00000285974,ENSG00000237550,ENSG00000259594,ENSG00000103942,ENSG00000259442,ENSG00000273920,ENSG00000259805,ENSG00000188869,ENSG00000288850,ENSG00000250988,ENSG00000136404,ENSG00000260351,ENSG00000259315,ENSG00000156232,ENSG00000277741,ENSG00000172345,ENSG00000279758",ENSG00000188659,Liver eQTLs,train
20018869000092196-92196000000788,chr10,"10-127474657-C-T,10-127474657-C-T,10-127474707-C-T,10-127474707-C-T,10-127507647-G-A,10-127507647-G-A,10-127511756-C-T,10-127511756-C-T,10-127496359-C-T,10-127496359-C-T,10-127502347-T-G,10-127502347-T-G,10-127509294-G-C,10-127509294-G-C,10-127504389-G-A,10-127504389-G-A,10-127507552-G-GTTT,10-127507552-G-GTTT,10-127511790-G-T,10-127511790-G-T,10-127482137-C-T,10-127482137-C-T,10-127505863-C-A,10-127505863-C-A,10-127475792-T-C,10-127475792-T-C,10-127476323-C-A,10-127476323-C-A,10-127476874-T-C,10-127476874-T-C,10-127478594-G-C,10-127478594-G-C,10-127485254-A-G,10-127485254-A-G,10-127495354-C-G,10-127495354-C-G,10-127495807-A-C,10-127495807-A-C,10-127498368-A-G,10-127498368-A-G,10-127498555-C-T,10-127498555-C-T,10-127500490-T-G,10-127500490-T-G,10-127500718-C-G,10-127500718-C-G,10-127502834-A-C,10-127502834-A-C,10-127503213-C-T,10-127503213-C-T,10-127503943-G-A,10-127503943-G-A,10-127508725-T-C,10-127508725-T-C,10-127483573-G-A,10-127483573-G-A,10-127484543-G-C,10-127484543-G-C,10-127475169-A-C,10-127475169-A-C,10-127500374-C-CA,10-127500374-C-CA,10-127484617-C-G,10-127484617-C-G,10-127486341-CA-C,10-127486341-CA-C,10-127487171-G-A,10-127487171-G-A,10-127487815-T-G,10-127487815-T-G,10-127488927-T-C,10-127488927-T-C,10-127491732-CT-C,10-127491732-CT-C,10-127504019-G-A,10-127504019-G-A,10-127486885-C-T,10-127486885-C-T,10-127482950-G-A,10-127482950-G-A,10-127487773-C-A,10-127487773-C-A,10-127490689-C-T,10-127490689-C-T,10-127491165-C-T,10-127491165-C-T,10-127491896-G-T,10-127491896-G-T,10-127491906-C-T,10-127491906-C-T,10-127554534-C-T,10-127554534-C-T,10-127564306-G-A,10-127564306-G-A,10-127568260-G-A,10-127568260-G-A,10-127572773-A-G,10-127572773-A-G,10-127536562-C-T,10-127536562-C-T,10-127538973-C-T,10-127538973-C-T,10-127531514-A-G,10-127531514-A-G,10-127525072-A-C,10-127525072-A-C,10-127479115-T-C,10-127479115-T-C,10-127590349-G-A,10-127590349-G-A,10-127534930-A-G,10-127534930-A-G,10-127598226-G-A,10-127598226-G-A,10-127589202-T-G,10-127589202-T-G,10-127481908-T-C,10-127481908-T-C,10-127484653-G-A,10-127484653-G-A,10-127474375-T-C,10-127474375-T-C,10-127484234-A-G,10-127484234-A-G,10-127483964-T-C,10-127483964-T-C,10-127484203-C-T,10-127484203-C-T,10-127496951-CA-C,10-127496951-CA-C,10-127500279-C-T,10-127500279-C-T,10-127486429-G-A,10-127486429-G-A,10-127487800-T-A,10-127487800-T-A,10-127467748-A-T,10-127467748-A-T,10-127563509-T-C,10-127563509-T-C,10-127487529-A-T,10-127487529-A-T,10-127536267-A-G,10-127536267-A-G,10-127522572-T-G,10-127522572-T-G,10-127582020-C-G,10-127582020-C-G,10-127530325-T-C,10-127530325-T-C,10-127475151-A-T,10-127475151-A-T,10-127553359-T-C,10-127553359-T-C,10-127576809-G-A,10-127576809-G-A,10-127531959-C-T,10-127531959-C-T,10-127528267-T-C,10-127528267-T-C,10-127590661-G-C,10-127590661-G-C,10-127562375-C-T,10-127562375-C-T,10-127565320-A-G,10-127565320-A-G,10-127571426-C-A,10-127571426-C-A,10-127545418-T-C,10-127545418-T-C,10-127550491-T-C,10-127550491-T-C,10-127607827-C-T,10-127607827-C-T,10-127593632-G-A,10-127593632-G-A,10-127596596-C-T,10-127596596-C-T,10-127515069-C-T,10-127515069-C-T,10-127590076-T-G,10-127590076-T-G,10-127469566-A-G,10-127469566-A-G,10-127467697-C-T,10-127467697-C-T,10-127467987-G-T,10-127467987-G-T,10-127468458-T-C,10-127468458-T-C,10-127467650-A-G,10-127467650-A-G,10-127467664-A-G,10-127467664-A-G,10-127549431-T-TCTC,10-127549431-T-TCTC,10-127582899-A-T,10-127582899-A-T,10-127524612-C-T,10-127524612-C-T,10-127467292-T-G,10-127467292-T-G,10-127467300-C-G,10-127467300-C-G,10-127467328-G-A,10-127467328-G-A,10-127482764-T-C,10-127482764-T-C,10-127520429-A-G,10-127520429-A-G,10-127539196-T-C,10-127539196-T-C,10-127611864-CA-C,10-127611864-CA-C,10-127522988-A-T,10-127522988-A-T,10-127518538-G-A,10-127518538-G-A,10-127616826-G-A,10-127616826-G-A,10-127524156-A-C,10-127524156-A-C","ENSG00000154485,ENSG00000019995,ENSG00000148848,ENSG00000188690,ENSG00000224023,ENSG00000236991,ENSG00000107938,ENSG00000165660,ENSG00000273599,ENSG00000203791,ENSG00000107949,ENSG00000175029,ENSG00000203780","ENSG00000280953,ENSG00000019995,ENSG00000154485,ENSG00000165660,ENSG00000203780,ENSG00000107949,ENSG00000279725,ENSG00000234640,ENSG00000186766,ENSG00000188690,ENSG00000199321,ENSG00000203791,ENSG00000107938,ENSG00000236991,ENSG00000148848,ENSG00000287427,ENSG00000273599,ENSG00000270778,ENSG00000224023,ENSG00000227076,ENSG00000232259,ENSG00000175029,ENSG00000214285",ENSG00000188690,Liver eQTLs,train
20018874700092196-92196000007341,chr9,"9-140319497-C-T,9-140322640-C-T,9-140324768-GAGA-G,9-140320927-T-TGGGTC,9-140323906-G-C,9-140326728-TC-T,9-140326731-C-T,9-140321666-C-T,9-140321703-A-G,9-140323251-C-T,9-140329265-G-C,9-140324363-G-C,9-140315025-G-A,9-140316819-G-A,9-140325962-G-A,9-140319598-T-C,9-140322404-C-G,9-140311092-A-G,9-140324115-C-T,9-140313879-C-T,9-140320180-C-T,9-140307721-T-C,9-140328077-C-T,9-140313025-C-T,9-140329141-C-T,9-140336421-G-T","ENSG00000260190,ENSG00000176248,ENSG00000197355,ENSG00000182154,ENSG00000228401,ENSG00000176978,ENSG00000180539,ENSG00000054179,ENSG00000169583,ENSG00000186193,ENSG00000188833,ENSG00000172889,ENSG00000176101,ENSG00000177943,ENSG00000188566,ENSG00000228544,ENSG00000176058,ENSG00000165802,ENSG00000148400,ENSG00000148362,ENSG00000213212,ENSG00000148384,ENSG00000188747,ENSG00000130653,ENSG00000203993,ENSG00000107223,ENSG00000184709,ENSG00000165716,ENSG00000188229,ENSG00000196366,ENSG00000159247,ENSG00000244187,ENSG00000233198,ENSG00000169692,ENSG00000176919,ENSG00000212864,ENSG00000198435,ENSG00000198113,ENSG00000148396,ENSG00000165724,ENSG00000159069,ENSG00000233016,ENSG00000197191,ENSG00000188986,ENSG00000255585,ENSG00000148399,ENSG00000260996,ENSG00000196642,ENSG00000213590,ENSG00000187713,ENSG00000213213,ENSG00000127191,ENSG00000177239,ENSG00000268996,ENSG00000187609,ENSG00000107317,ENSG00000197768,ENSG00000107281,ENSG00000288873,ENSG00000181090,ENSG00000279141,ENSG00000107331,ENSG00000197070,ENSG00000187922,ENSG00000054148,ENSG00000184925,ENSG00000275549,ENSG00000188163,ENSG00000267206,ENSG00000237886,ENSG00000180549,ENSG00000232434,ENSG00000214402","ENSG00000260996,ENSG00000054179,ENSG00000197191,ENSG00000197070,ENSG00000187922,ENSG00000260190,ENSG00000196642,ENSG00000165724,ENSG00000177943,ENSG00000181090,ENSG00000148400,ENSG00000165802,ENSG00000268996,ENSG00000198435,ENSG00000228544,ENSG00000288873,ENSG00000172889,ENSG00000177239,ENSG00000233016,ENSG00000054148,ENSG00000228401,ENSG00000233198,ENSG00000165716,ENSG00000159247,ENSG00000197355,ENSG00000180539,ENSG00000186193,ENSG00000159069,ENSG00000275549,ENSG00000203993,ENSG00000148396,ENSG00000184925,ENSG00000188566,ENSG00000176919,ENSG00000196366,ENSG00000187609,ENSG00000148362,ENSG00000213590,ENSG00000148399,ENSG00000127191,ENSG00000130653,ENSG00000188986,ENSG00000187713,ENSG00000197768,ENSG00000107331,ENSG00000188747,ENSG00000169692,ENSG00000212864,ENSG00000255585,ENSG00000182154,ENSG00000213212,ENSG00000107317,ENSG00000188833,ENSG00000244187,ENSG00000214402,ENSG00000148384,ENSG00000188163,ENSG00000176248,ENSG00000188229,ENSG00000176978,ENSG00000237886,ENSG00000180549,ENSG00000198113,ENSG00000107223,ENSG00000267206,ENSG00000169583,ENSG00000176058,ENSG00000107281,ENSG00000213213,ENSG00000184709,ENSG00000232434,ENSG00000176101,ENSG00000279141",ENSG00000188747,Liver eQTLs,train
20018882500092196-92196000003065,chr17,"17-41438609-G-C,17-41438609-G-C,17-41438620-C-A,17-41438653-A-G,17-41438698-G-A,17-41439802-G-A,17-41438735-T-C,17-41438735-T-C,17-41438584-C-G,17-41438584-C-G,17-41438626-G-A,17-41438562-T-C,17-41438619-G-A,17-41438235-GTAACCTTTAACTCAA-G,17-41438406-G-T,17-41438468-C-T,17-41438729-C-T,17-41438674-G-A,17-41438720-T-C,17-41438692-C-G,17-41438692-C-G,17-41438953-C-CCGCCCCAGACG","ENSG00000267394,ENSG00000267060,ENSG00000004939,ENSG00000125319,ENSG00000030582,ENSG00000068137,ENSG00000131471,ENSG00000287710,ENSG00000267002,ENSG00000141349,ENSG00000108312,ENSG00000288961,ENSG00000108788,ENSG00000108784,ENSG00000131475,ENSG00000168610,ENSG00000288877,ENSG00000108785,ENSG00000108797,ENSG00000126562,ENSG00000197291,ENSG00000108861,ENSG00000033627,ENSG00000161653,ENSG00000177469,ENSG00000126581,ENSG00000108830,ENSG00000108840,ENSG00000236383,ENSG00000161664,ENSG00000188554,ENSG00000260793,ENSG00000067596,ENSG00000161649,ENSG00000267080,ENSG00000214578,ENSG00000013306,ENSG00000141699,ENSG00000267632,ENSG00000131467,ENSG00000260105,ENSG00000267681,ENSG00000068079,ENSG00000131462,ENSG00000161647,ENSG00000175832,ENSG00000091947,ENSG00000184451,ENSG00000087152,ENSG00000267185,ENSG00000198863,ENSG00000213373,ENSG00000289579,ENSG00000108786,ENSG00000168591,ENSG00000108852,ENSG00000005102,ENSG00000108309,ENSG00000108799,ENSG00000266962,ENSG00000175906,ENSG00000131096,ENSG00000068120,ENSG00000131482,ENSG00000188825,ENSG00000037042,ENSG00000131480,ENSG00000183978,ENSG00000131469,ENSG00000108828,ENSG00000131477,ENSG00000176563,ENSG00000266967,ENSG00000161654,ENSG00000267340,ENSG00000131470","ENSG00000266962,ENSG00000161647,ENSG00000131475,ENSG00000248807,ENSG00000240871,ENSG00000161610,ENSG00000212658,ENSG00000108417,ENSG00000204889,ENSG00000279775,ENSG00000198443,ENSG00000108784,ENSG00000213417,ENSG00000187242,ENSG00000226629,ENSG00000225438,ENSG00000108759,ENSG00000288877,ENSG00000221852,ENSG00000201920,ENSG00000108516,ENSG00000289579,ENSG00000091947,ENSG00000204873,ENSG00000204887,ENSG00000173908,ENSG00000161654,ENSG00000184502,ENSG00000108852,ENSG00000251439,ENSG00000239542,ENSG00000108799,ENSG00000241241,ENSG00000126581,ENSG00000131096,ENSG00000197291,ENSG00000226776,ENSG00000180386,ENSG00000030582,ENSG00000236383,ENSG00000213416,ENSG00000240125,ENSG00000108830,ENSG00000198090,ENSG00000187272,ENSG00000108312,ENSG00000204897,ENSG00000240542,ENSG00000168610,ENSG00000267394,ENSG00000223125,ENSG00000196156,ENSG00000212722,ENSG00000198271,ENSG00000289252,ENSG00000004939,ENSG00000176563,ENSG00000108786,ENSG00000131470,ENSG00000184451,ENSG00000126337,ENSG00000186860,ENSG00000283796,ENSG00000161653,ENSG00000260793,ENSG00000171403,ENSG00000005102,ENSG00000131737,ENSG00000108840,ENSG00000229351,ENSG00000131477,ENSG00000260105,ENSG00000214578,ENSG00000198863,ENSG00000108828,ENSG00000267060,ENSG00000171396,ENSG00000006059,ENSG00000212900,ENSG00000186393,ENSG00000175906,ENSG00000108785,ENSG00000221880,ENSG00000212659,ENSG00000288961,ENSG00000267002,ENSG00000212721,ENSG00000234477,ENSG00000171360,ENSG00000237230,ENSG00000212725,ENSG00000267681,ENSG00000213373,ENSG00000033627,ENSG00000212899,ENSG00000267080,ENSG00000067596,ENSG00000229028,ENSG00000013306,ENSG00000197079,ENSG00000131467,ENSG00000239886,ENSG00000236473,ENSG00000267340,ENSG00000087152,ENSG00000108788,ENSG00000188581,ENSG00000279806,ENSG00000131462,ENSG00000141349,ENSG00000108797,ENSG00000068079,ENSG00000188554,ENSG00000241595,ENSG00000224244,ENSG00000161664,ENSG00000108861,ENSG00000175832,ENSG00000108309,ENSG00000196859,ENSG00000214518,ENSG00000267185,ENSG00000161649,ENSG00000125319,ENSG00000183978,ENSG00000141699,ENSG00000264488,ENSG00000287602,ENSG00000068137,ENSG00000204880,ENSG00000212724,ENSG00000278954,ENSG00000094796,ENSG00000212657,ENSG00000234859,ENSG00000126562,ENSG00000188825,ENSG00000131480,ENSG00000287710,ENSG00000131482,ENSG00000265359,ENSG00000068120,ENSG00000244537,ENSG00000212901,ENSG00000131471,ENSG00000267632,ENSG00000266967,ENSG00000037042,ENSG00000131469,ENSG00000198083,ENSG00000233014,ENSG00000177469,ENSG00000131738,ENSG00000168591,ENSG00000237183",ENSG00000188825,Liver eQTLs,train
20018900700092196-92196000006052,chr6,"6-143752193-T-A,6-143751846-G-A,6-143752239-C-T,6-143752685-A-T,6-143752814-T-G,6-143753343-C-T,6-143753379-AAG-A,6-143753486-T-C,6-143754257-A-G,6-143754706-C-T,6-143755408-G-T,6-143756090-A-G,6-143756245-C-G,6-143757878-T-C,6-143758593-C-T,6-143760045-T-C,6-143760271-A-G,6-143761597-G-A,6-143762746-C-T,6-143763845-A-G,6-143753228-A-G,6-143754824-CT-C,6-143751710-T-G,6-143756512-A-G,6-143767557-A-G,6-143765143-T-C,6-143765329-G-T,6-143768120-T-C,6-143768657-T-C,6-143769669-TCCTCCCAACCAACAAACA-T,6-143769826-TACTC-T,6-143768106-T-C,6-143769131-A-T,6-143750587-A-T,6-143751177-C-A,6-143751179-T-G,6-143751335-T-C,6-143751614-C-T,6-143751625-A-G,6-143751627-T-G,6-143751633-A-G,6-143751662-T-C,6-143751782-G-A,6-143737291-A-G,6-143741334-A-C,6-143742264-A-G,6-143742549-T-C,6-143744264-C-T,6-143745268-T-C,6-143746186-A-C,6-143746275-A-G,6-143748686-A-T,6-143748801-A-G,6-143750161-G-GA,6-143750280-C-A,6-143750321-C-G,6-143750414-T-C,6-143750509-A-T,6-143750601-T-TATC,6-143737143-T-C,6-143738569-A-G,6-143738570-C-G,6-143738833-C-G,6-143741498-C-T,6-143746707-C-G,6-143747083-G-C,6-143752189-G-A,6-143753126-A-G,6-143756274-C-A,6-143758203-T-TA,6-143762245-C-A,6-143767286-G-T,6-143768508-C-T,6-143744037-C-T,6-143745154-T-C,6-143733908-T-A,6-143734156-G-A,6-143778674-G-A,6-143789040-G-A,6-143732342-T-C,6-143733124-C-A,6-143730076-T-C,6-143733576-C-A,6-143770189-C-CTTTTTT,6-143805085-GA-G,6-143751904-A-G,6-143814807-A-G","ENSG00000270890,ENSG00000118495,ENSG00000001036,ENSG00000217027,ENSG00000146416,ENSG00000229036,ENSG00000112419,ENSG00000189007,ENSG00000135604,ENSG00000034693,ENSG00000229017,ENSG00000010818,ENSG00000232618,ENSG00000135521,ENSG00000217648,ENSG00000227192,ENSG00000152818,ENSG00000169976","ENSG00000034693,ENSG00000225311,ENSG00000220739,ENSG00000229036,ENSG00000217495,ENSG00000216642,ENSG00000227192,ENSG00000288836,ENSG00000135521,ENSG00000270890,ENSG00000219409,ENSG00000237851,ENSG00000010818,ENSG00000229017,ENSG00000217648,ENSG00000169976,ENSG00000152818,ENSG00000216475,ENSG00000135604,ENSG00000146416,ENSG00000112419,ENSG00000118491,ENSG00000219297,ENSG00000225752,ENSG00000189007,ENSG00000223203,ENSG00000217195,ENSG00000235740,ENSG00000118495,ENSG00000232618,ENSG00000217231,ENSG00000001036,ENSG00000217027",ENSG00000189007,Liver eQTLs,train
20018906700092196-92196000002522,chr16,"16-11644842-A-G,16-11645013-A-T,16-11638910-C-T,16-11639000-G-A,16-11645198-T-C,16-11634563-G-T,16-11634430-C-G,16-11637357-G-T,16-11634438-A-G,16-11635010-A-G,16-11635296-A-G,16-11636306-A-G,16-11633381-A-G,16-11634650-G-GT,16-11638461-G-A,16-11633746-G-A,16-11633784-G-T,16-11634094-C-A,16-11634167-T-C,16-11634169-T-C,16-11634218-T-C,16-11633295-T-C,16-11631568-T-C,16-11637085-T-TTTTA,16-11632237-C-T,16-11632513-C-T,16-11632853-G-A,16-11633190-G-A,16-11632516-CAG-C,16-11632708-T-C,16-11632804-A-G,16-11633114-C-T,16-11639484-C-T,16-11632581-T-TCCC,16-11638188-G-C,16-11633432-T-C,16-11642242-T-C","ENSG00000179583,ENSG00000213853,ENSG00000038532,ENSG00000262420,ENSG00000189067,ENSG00000103342,ENSG00000182108,ENSG00000122299,ENSG00000263033,ENSG00000048462,ENSG00000122304,ENSG00000175643,ENSG00000175646,ENSG00000166676,ENSG00000184602,ENSG00000048471,ENSG00000153060,ENSG00000274038,ENSG00000289073,ENSG00000153066,ENSG00000263307,ENSG00000103274,ENSG00000185338,ENSG00000234719,ENSG00000261560,ENSG00000171490,ENSG00000277369","ENSG00000277458,ENSG00000213853,ENSG00000122304,ENSG00000260601,ENSG00000178279,ENSG00000199668,ENSG00000263196,ENSG00000103342,ENSG00000262999,ENSG00000038532,ENSG00000289073,ENSG00000260723,ENSG00000238685,ENSG00000185338,ENSG00000263033,ENSG00000277369,ENSG00000274834,ENSG00000274038,ENSG00000182108,ENSG00000103274,ENSG00000261394,ENSG00000260224,ENSG00000261560,ENSG00000263080,ENSG00000262107,ENSG00000262259,ENSG00000166676,ENSG00000262322,ENSG00000287429,ENSG00000259876,ENSG00000262381,ENSG00000153066,ENSG00000260488,ENSG00000262158,ENSG00000261904,ENSG00000048462,ENSG00000262117,ENSG00000261293,ENSG00000287121,ENSG00000175643,ENSG00000048471,ENSG00000229917,ENSG00000263241,ENSG00000262151,ENSG00000212228,ENSG00000122299,ENSG00000184602,ENSG00000171490,ENSG00000262703,ENSG00000234719,ENSG00000175646,ENSG00000175604,ENSG00000153060,ENSG00000263279,ENSG00000189067,ENSG00000179583,ENSG00000262420,ENSG00000178257,ENSG00000263307,ENSG00000262020,ENSG00000259899,ENSG00000221801,ENSG00000278979",ENSG00000189067,Liver eQTLs,train
20018906800092196-92196000003807,chr19,19-54545531-T-C,"ENSG00000170909,ENSG00000240403,ENSG00000167613,ENSG00000187116,ENSG00000275183,ENSG00000287608,ENSG00000189013,ENSG00000213799,ENSG00000167633,ENSG00000104974,ENSG00000142405,ENSG00000244482,ENSG00000226696,ENSG00000125505,ENSG00000235081,ENSG00000170889,ENSG00000196417,ENSG00000167615,ENSG00000104972,ENSG00000022556,ENSG00000167608,ENSG00000125498,ENSG00000239961,ENSG00000170892,ENSG00000088038,ENSG00000235681,ENSG00000243772,ENSG00000269001,ENSG00000130844,ENSG00000105618,ENSG00000167614,ENSG00000186431,ENSG00000179820,ENSG00000167617,ENSG00000131042,ENSG00000237017,ENSG00000203326,ENSG00000221957,ENSG00000250731,ENSG00000204577,ENSG00000197937,ENSG00000160336,ENSG00000105617,ENSG00000267265,ENSG00000239998,ENSG00000105609,ENSG00000267838,ENSG00000186818,ENSG00000197928,ENSG00000198346,ENSG00000197497,ENSG00000267809,ENSG00000241015,ENSG00000170954,ENSG00000170949,ENSG00000170906,ENSG00000189068,ENSG00000088053,ENSG00000189430,ENSG00000213777,ENSG00000105619","ENSG00000242019,ENSG00000207869,ENSG00000242856,ENSG00000234436,ENSG00000241015,ENSG00000228790,ENSG00000243772,ENSG00000207767,ENSG00000167613,ENSG00000276206,ENSG00000252025,ENSG00000207862,ENSG00000022556,ENSG00000170909,ENSG00000237589,ENSG00000160336,ENSG00000207987,ENSG00000105618,ENSG00000270347,ENSG00000105609,ENSG00000207616,ENSG00000207580,ENSG00000252734,ENSG00000235181,ENSG00000207549,ENSG00000170892,ENSG00000267265,ENSG00000204577,ENSG00000204595,ENSG00000225370,ENSG00000207738,ENSG00000207799,ENSG00000269842,ENSG00000187116,ENSG00000104974,ENSG00000249189,ENSG00000283540,ENSG00000221548,ENSG00000207810,ENSG00000130844,ENSG00000237017,ENSG00000207629,ENSG00000267577,ENSG00000250731,ENSG00000207734,ENSG00000237323,ENSG00000167615,ENSG00000237955,ENSG00000227407,ENSG00000104972,ENSG00000275183,ENSG00000229000,ENSG00000170858,ENSG00000167608,ENSG00000207837,ENSG00000170949,ENSG00000207825,ENSG00000287608,ENSG00000238094,ENSG00000142405,ENSG00000105617,ENSG00000189068,ENSG00000189013,ENSG00000251843,ENSG00000186152,ENSG00000207803,ENSG00000088038,ENSG00000207981,ENSG00000240197,ENSG00000283455,ENSG00000283567,ENSG00000179820,ENSG00000207992,ENSG00000264703,ENSG00000275863,ENSG00000269859,ENSG00000196417,ENSG00000223660,ENSG00000200393,ENSG00000283289,ENSG00000240296,ENSG00000276758,ENSG00000207706,ENSG00000244482,ENSG00000250507,ENSG00000207788,ENSG00000268864,ENSG00000186818,ENSG00000243494,ENSG00000252979,ENSG00000207979,ENSG00000170954,ENSG00000199143,ENSG00000207645,ENSG00000125498,ENSG00000239137,ENSG00000197928,ENSG00000207634,ENSG00000167617,ENSG00000242668,ENSG00000207925,ENSG00000211532,ENSG00000207946,ENSG00000221017,ENSG00000207615,ENSG00000203326,ENSG00000251431,ENSG00000197497,ENSG00000235081,ENSG00000283330,ENSG00000207722,ENSG00000239961,ENSG00000228323,ENSG00000213799,ENSG00000207861,ENSG00000269275,ENSG00000167633,ENSG00000207594,ENSG00000224579,ENSG00000213016,ENSG00000207838,ENSG00000267809,ENSG00000160472,ENSG00000269564,ENSG00000207599,ENSG00000275012,ENSG00000207735,ENSG00000167614,ENSG00000170889,ENSG00000267507,ENSG00000277636,ENSG00000240403,ENSG00000131042,ENSG00000197937,ENSG00000186431,ENSG00000275519,ENSG00000239998,ENSG00000283490,ENSG00000207644,ENSG00000207711,ENSG00000252063,ENSG00000224730,ENSG00000105619,ENSG00000212314,ENSG00000221957,ENSG00000170906,ENSG00000235681,ENSG00000226696,ENSG00000198346,ENSG00000279063,ENSG00000283685,ENSG00000199308,ENSG00000088053,ENSG00000269877,ENSG00000269608,ENSG00000278264,ENSG00000276831,ENSG00000264257,ENSG00000207699,ENSG00000125505,ENSG00000189430,ENSG00000278328,ENSG00000221421,ENSG00000252191,ENSG00000207620,ENSG00000248385,ENSG00000269001,ENSG00000213777,ENSG00000249654,ENSG00000267838",ENSG00000189068,Liver eQTLs,train
20018912900092196-92196000001022,chr10,10-81895970-A-G,"ENSG00000108179,ENSG00000133678,ENSG00000272447,ENSG00000278616,ENSG00000122378,ENSG00000230091,ENSG00000253626,ENSG00000225484,ENSG00000242600,ENSG00000283101,ENSG00000244733,ENSG00000185303,ENSG00000189129,ENSG00000273372,ENSG00000122852,ENSG00000280355,ENSG00000188199,ENSG00000283913,ENSG00000234743,ENSG00000226659,ENSG00000108219,ENSG00000122359,ENSG00000133661,ENSG00000237523,ENSG00000151224,ENSG00000133665,ENSG00000165424","ENSG00000108219,ENSG00000188199,ENSG00000280355,ENSG00000226659,ENSG00000225484,ENSG00000283101,ENSG00000122359,ENSG00000185303,ENSG00000122378,ENSG00000273372,ENSG00000133678,ENSG00000225738,ENSG00000287358,ENSG00000285739,ENSG00000272447,ENSG00000234743,ENSG00000133661,ENSG00000226466,ENSG00000207275,ENSG00000122852,ENSG00000189129,ENSG00000244733,ENSG00000165424,ENSG00000133665,ENSG00000230091,ENSG00000253626,ENSG00000283913,ENSG00000242600,ENSG00000237523,ENSG00000278616,ENSG00000151224,ENSG00000227209,ENSG00000108179,ENSG00000229458",ENSG00000189129,Liver eQTLs,train
20018915700092196-92196000005622,chr4,"4-77198571-G-A,4-77198791-G-A,4-77199414-C-A,4-77199941-C-T,4-77200799-C-T,4-77200805-C-T,4-77200875-A-G,4-77191596-A-G,4-77188132-A-G,4-77190680-G-A,4-77196500-C-T,4-77197882-G-C,4-77190932-T-C,4-77195318-C-T,4-77196034-T-C,4-77195009-A-AT,4-77189984-T-C,4-77190069-C-T,4-77190221-T-A,4-77190269-T-C,4-77190733-T-C,4-77191003-G-T,4-77191049-T-C,4-77191260-A-T,4-77191316-T-C,4-77191355-TC-T,4-77191422-G-A,4-77191921-C-A,4-77192063-T-G,4-77192388-T-G,4-77192688-G-T,4-77192868-G-A,4-77193136-A-G,4-77193449-T-C,4-77193742-C-A,4-77194092-G-T,4-77194246-G-A,4-77194664-T-G,4-77194670-G-T,4-77194684-C-T,4-77194881-C-T,4-77194997-G-T,4-77195562-C-CA,4-77185529-G-C,4-77186415-A-C,4-77185293-G-A,4-77185997-C-T,4-77186672-T-C,4-77187556-G-A,4-77188240-A-G,4-77190902-T-C,4-77197741-CCCAA-C,4-77196848-A-G,4-77202812-A-G,4-77202882-C-A,4-77203043-C-T,4-77195732-T-C,4-77186596-C-G,4-77203859-CT-C,4-77203413-C-G,4-77197223-C-A","ENSG00000118816,ENSG00000138764,ENSG00000138744,ENSG00000270244,ENSG00000138760,ENSG00000189157,ENSG00000289586,ENSG00000169248,ENSG00000138757,ENSG00000138755,ENSG00000289515,ENSG00000287401,ENSG00000138758,ENSG00000163749,ENSG00000198301,ENSG00000138771,ENSG00000138768,ENSG00000233860,ENSG00000288888,ENSG00000174796,ENSG00000163743,ENSG00000156219,ENSG00000289496,ENSG00000118804,ENSG00000169245,ENSG00000186212,ENSG00000289443,ENSG00000138750","ENSG00000169248,ENSG00000138758,ENSG00000249278,ENSG00000248956,ENSG00000156219,ENSG00000248128,ENSG00000289515,ENSG00000199857,ENSG00000240426,ENSG00000138768,ENSG00000250214,ENSG00000248640,ENSG00000283682,ENSG00000186212,ENSG00000248831,ENSG00000207307,ENSG00000270244,ENSG00000263445,ENSG00000214062,ENSG00000289586,ENSG00000189157,ENSG00000289443,ENSG00000138755,ENSG00000221711,ENSG00000224218,ENSG00000138750,ENSG00000198301,ENSG00000289379,ENSG00000249858,ENSG00000288888,ENSG00000138744,ENSG00000138764,ENSG00000270669,ENSG00000287401,ENSG00000250006,ENSG00000233860,ENSG00000242727,ENSG00000118816,ENSG00000138760,ENSG00000212368,ENSG00000289496,ENSG00000248926,ENSG00000174796,ENSG00000138771,ENSG00000163749,ENSG00000138757,ENSG00000169245,ENSG00000271676,ENSG00000118804,ENSG00000163743,ENSG00000201641,ENSG00000249036",ENSG00000189157,Liver eQTLs,train
20018919000092196-92196000003786,chr19,19-53284720-C-G,"ENSG00000167766,ENSG00000242779,ENSG00000213793,ENSG00000196214,ENSG00000170954,ENSG00000256683,ENSG00000160336,ENSG00000189190,ENSG00000167554,ENSG00000275055,ENSG00000170949,ENSG00000197497,ENSG00000269235,ENSG00000204604,ENSG00000213777,ENSG00000289102,ENSG00000269825,ENSG00000142556,ENSG00000105568,ENSG00000167555,ENSG00000180257,ENSG00000221923,ENSG00000204611,ENSG00000268970,ENSG00000182986,ENSG00000198464,ENSG00000203326,ENSG00000267809,ENSG00000287608,ENSG00000283236,ENSG00000171051,ENSG00000130844,ENSG00000198093,ENSG00000198482,ENSG00000161551,ENSG00000241015,ENSG00000213799,ENSG00000197619,ENSG00000197937,ENSG00000167562,ENSG00000198346,ENSG00000260160,ENSG00000196267,ENSG00000269834,ENSG00000187474,ENSG00000196417,ENSG00000288953,ENSG00000198538,ENSG00000197608,ENSG00000250731,ENSG00000213020,ENSG00000197928,ENSG00000176024,ENSG00000256087,ENSG00000213801,ENSG00000269001,ENSG00000123870","ENSG00000278543,ENSG00000256683,ENSG00000167554,ENSG00000269001,ENSG00000187474,ENSG00000199143,ENSG00000269608,ENSG00000196214,ENSG00000207810,ENSG00000268964,ENSG00000269118,ENSG00000207803,ENSG00000130844,ENSG00000249189,ENSG00000167555,ENSG00000242779,ENSG00000270347,ENSG00000269877,ENSG00000189348,ENSG00000207644,ENSG00000255875,ENSG00000196131,ENSG00000252063,ENSG00000207861,ENSG00000180257,ENSG00000182986,ENSG00000221923,ENSG00000207837,ENSG00000171051,ENSG00000197619,ENSG00000207992,ENSG00000269776,ENSG00000207981,ENSG00000228323,ENSG00000207838,ENSG00000213799,ENSG00000167562,ENSG00000213020,ENSG00000207734,ENSG00000161551,ENSG00000269842,ENSG00000207711,ENSG00000198538,ENSG00000197937,ENSG00000242668,ENSG00000223660,ENSG00000196267,ENSG00000275055,ENSG00000269526,ENSG00000283289,ENSG00000283685,ENSG00000207862,ENSG00000211532,ENSG00000207738,ENSG00000170949,ENSG00000250731,ENSG00000207615,ENSG00000207634,ENSG00000212314,ENSG00000189190,ENSG00000229000,ENSG00000269564,ENSG00000105568,ENSG00000268970,ENSG00000268886,ENSG00000228567,ENSG00000207549,ENSG00000207788,ENSG00000287608,ENSG00000203326,ENSG00000207825,ENSG00000252734,ENSG00000207629,ENSG00000163098,ENSG00000207699,ENSG00000207869,ENSG00000207594,ENSG00000288953,ENSG00000248385,ENSG00000269235,ENSG00000198093,ENSG00000252191,ENSG00000207599,ENSG00000289102,ENSG00000252025,ENSG00000160336,ENSG00000204595,ENSG00000240296,ENSG00000268282,ENSG00000204611,ENSG00000213801,ENSG00000174677,ENSG00000207767,ENSG00000283695,ENSG00000267943,ENSG00000264703,ENSG00000176024,ENSG00000213777,ENSG00000252979,ENSG00000207925,ENSG00000283330,ENSG00000251843,ENSG00000269834,ENSG00000237589,ENSG00000167766,ENSG00000200393,ENSG00000207799,ENSG00000283236,ENSG00000198482,ENSG00000283455,ENSG00000221421,ENSG00000170954,ENSG00000207735,ENSG00000277977,ENSG00000198346,ENSG00000268864,ENSG00000260160,ENSG00000196417,ENSG00000283540,ENSG00000142556,ENSG00000207946,ENSG00000207616,ENSG00000207580,ENSG00000221548,ENSG00000283490,ENSG00000197497,ENSG00000207645,ENSG00000267809,ENSG00000256087,ENSG00000204604,ENSG00000207620,ENSG00000207706,ENSG00000224579,ENSG00000197928,ENSG00000198464,ENSG00000269758,ENSG00000207722,ENSG00000207987,ENSG00000269825,ENSG00000221017,ENSG00000276206,ENSG00000197608,ENSG00000213793,ENSG00000207979,ENSG00000123870,ENSG00000241015",ENSG00000189190,Liver eQTLs,train
20018926900092196-92196000004791,chr22,"22-23991420-C-T,22-23978041-T-A,22-23978047-G-C,22-23978031-G-A,22-23978081-G-A,22-23988257-T-C,22-23978677-G-A,22-23974864-C-G,22-23999186-G-T","ENSG00000211666,ENSG00000224205,ENSG00000099977,ENSG00000159496,ENSG00000187792,ENSG00000128271,ENSG00000244425,ENSG00000099994,ENSG00000133519,ENSG00000128262,ENSG00000133433,ENSG00000211676,ENSG00000099958,ENSG00000211673,ENSG00000211658,ENSG00000211674,ENSG00000099974,ENSG00000284128,ENSG00000100218,ENSG00000223999,ENSG00000100031,ENSG00000178026,ENSG00000211663,ENSG00000211668,ENSG00000272578,ENSG00000099956,ENSG00000278196,ENSG00000211664,ENSG00000128266,ENSG00000211669,ENSG00000100014,ENSG00000228923,ENSG00000211660,ENSG00000189269,ENSG00000211662,ENSG00000099998,ENSG00000234353,ENSG00000273295,ENSG00000211659,ENSG00000225282,ENSG00000232545,ENSG00000133460,ENSG00000100228,ENSG00000099953,ENSG00000272787,ENSG00000099991,ENSG00000169314,ENSG00000211677,ENSG00000186716,ENSG00000250479,ENSG00000228039,ENSG00000178803,ENSG00000100024,ENSG00000211678,ENSG00000211670,ENSG00000100028,ENSG00000099984,ENSG00000284233,ENSG00000211685,ENSG00000128218,ENSG00000211679,ENSG00000230701,ENSG00000138867,ENSG00000211675,ENSG00000218537","ENSG00000099977,ENSG00000211668,ENSG00000237601,ENSG00000236611,ENSG00000211674,ENSG00000248409,ENSG00000284128,ENSG00000099994,ENSG00000169314,ENSG00000278655,ENSG00000230701,ENSG00000211664,ENSG00000100024,ENSG00000234353,ENSG00000230947,ENSG00000182351,ENSG00000287864,ENSG00000283438,ENSG00000275609,ENSG00000178248,ENSG00000099953,ENSG00000211658,ENSG00000128218,ENSG00000224205,ENSG00000211669,ENSG00000211678,ENSG00000250470,ENSG00000211677,ENSG00000211660,ENSG00000272578,ENSG00000133519,ENSG00000178803,ENSG00000199783,ENSG00000099956,ENSG00000273295,ENSG00000236794,ENSG00000224806,ENSG00000223999,ENSG00000100014,ENSG00000250479,ENSG00000211666,ENSG00000211663,ENSG00000211685,ENSG00000224124,ENSG00000211679,ENSG00000206069,ENSG00000138867,ENSG00000224334,ENSG00000214526,ENSG00000099991,ENSG00000189269,ENSG00000244425,ENSG00000099998,ENSG00000225413,ENSG00000211659,ENSG00000211662,ENSG00000231271,ENSG00000211676,ENSG00000227755,ENSG00000133460,ENSG00000218537,ENSG00000100218,ENSG00000099958,ENSG00000187792,ENSG00000215478,ENSG00000224277,ENSG00000235689,ENSG00000186716,ENSG00000272787,ENSG00000128266,ENSG00000278196,ENSG00000100031,ENSG00000234928,ENSG00000228039,ENSG00000099984,ENSG00000100228,ENSG00000206090,ENSG00000211675,ENSG00000099974,ENSG00000211673,ENSG00000228923,ENSG00000128271,ENSG00000178026,ENSG00000225098,ENSG00000184571,ENSG00000284233,ENSG00000215464,ENSG00000240972,ENSG00000100028,ENSG00000282012,ENSG00000225282,ENSG00000232545,ENSG00000276950,ENSG00000275635,ENSG00000128262,ENSG00000211670,ENSG00000159496,ENSG00000133433",ENSG00000189269,Liver eQTLs,train
20018930600092196-92196000004917,chr22,"22-42943481-G-A,22-42946880-C-A,22-42946371-C-T,22-42941390-T-C","ENSG00000177096,ENSG00000285531,ENSG00000286659,ENSG00000128274,ENSG00000100304,ENSG00000100207,ENSG00000100162,ENSG00000237037,ENSG00000234009,ENSG00000182057,ENSG00000159307,ENSG00000100227,ENSG00000232710,ENSG00000215347,ENSG00000184983,ENSG00000236117,ENSG00000100197,ENSG00000159958,ENSG00000202058,ENSG00000281538,ENSG00000183172,ENSG00000100271,ENSG00000100300,ENSG00000189306,ENSG00000167077,ENSG00000100418,ENSG00000213790,ENSG00000274717,ENSG00000100138,ENSG00000100266,ENSG00000227370,ENSG00000198951,ENSG00000196419,ENSG00000100147,ENSG00000172346,ENSG00000198911,ENSG00000270083,ENSG00000100243,ENSG00000242247,ENSG00000183066,ENSG00000100290,ENSG00000205702,ENSG00000229891,ENSG00000235568,ENSG00000184208,ENSG00000226450,ENSG00000184068,ENSG00000186732,ENSG00000100294,ENSG00000100417","ENSG00000286659,ENSG00000100266,ENSG00000189306,ENSG00000238498,ENSG00000236117,ENSG00000202058,ENSG00000100271,ENSG00000196419,ENSG00000237037,ENSG00000226450,ENSG00000100290,ENSG00000200448,ENSG00000100147,ENSG00000215347,ENSG00000234735,ENSG00000198951,ENSG00000281538,ENSG00000128274,ENSG00000100138,ENSG00000177096,ENSG00000159307,ENSG00000203527,ENSG00000186732,ENSG00000229891,ENSG00000198911,ENSG00000184208,ENSG00000224883,ENSG00000100300,ENSG00000100197,ENSG00000205704,ENSG00000249222,ENSG00000242247,ENSG00000100243,ENSG00000184068,ENSG00000233157,ENSG00000100294,ENSG00000285531,ENSG00000184983,ENSG00000100417,ENSG00000227370,ENSG00000100418,ENSG00000159958,ENSG00000180150,ENSG00000172250,ENSG00000286801,ENSG00000235568,ENSG00000100162,ENSG00000205702,ENSG00000226989,ENSG00000213790,ENSG00000274717,ENSG00000100227,ENSG00000270083,ENSG00000100304,ENSG00000172346,ENSG00000234009,ENSG00000183066,ENSG00000232710,ENSG00000167077,ENSG00000100207,ENSG00000229608,ENSG00000270022,ENSG00000230107,ENSG00000183172,ENSG00000182057",ENSG00000189306,Liver eQTLs,train
20018935000092196-92196000004249,chr2,"2-29134504-C-CT,2-29179936-C-CT,2-29180123-G-A,2-29152384-T-G,2-29181107-G-A,2-29191277-G-C,2-29121500-T-A,2-29143869-TC-T,2-29144354-C-A,2-29167933-T-C,2-29176667-T-C,2-29142463-A-G,2-29196523-C-G,2-29112852-T-C,2-29182781-C-T,2-29194455-C-A,2-29162031-A-G,2-29116882-C-A,2-29192077-A-C,2-29161173-G-C,2-29125805-G-A,2-29129712-G-T,2-29133905-C-G,2-29147012-A-G","ENSG00000189350,ENSG00000270210,ENSG00000171103,ENSG00000115295,ENSG00000163803,ENSG00000270640,ENSG00000163806,ENSG00000223522,ENSG00000163811,ENSG00000226833,ENSG00000075426,ENSG00000213639","ENSG00000223522,ENSG00000179270,ENSG00000200283,ENSG00000288553,ENSG00000273233,ENSG00000075426,ENSG00000226833,ENSG00000230730,ENSG00000222232,ENSG00000197644,ENSG00000286963,ENSG00000270210,ENSG00000225943,ENSG00000227938,ENSG00000189350,ENSG00000213639,ENSG00000242915,ENSG00000265145,ENSG00000230737,ENSG00000171103,ENSG00000270640,ENSG00000229224,ENSG00000163806,ENSG00000242699,ENSG00000163811,ENSG00000265706,ENSG00000115295,ENSG00000277035,ENSG00000163803,ENSG00000264994,ENSG00000222224",ENSG00000189350,Liver eQTLs,train
20018936600092196-92196000005034,chr3,"3-125669923-C-T,3-125677514-C-T,3-125659515-A-G,3-125655224-G-C,3-125656314-A-C,3-125666190-C-T,3-125670513-T-C,3-125670811-C-T,3-125671635-C-T,3-125655990-C-T,3-125661809-G-C,3-125655507-G-A,3-125654975-C-T,3-125661424-G-A,3-125672052-G-T,3-125659197-A-G,3-125676970-C-G,3-125669719-G-A,3-125670209-C-A,3-125670706-G-A,3-125655383-C-CTTGAGAGAGT,3-125655650-C-G,3-125655662-A-C,3-125677203-G-A,3-125660155-A-G,3-125661482-G-C,3-125659627-A-G,3-125651317-C-T,3-125650866-T-C,3-125650867-A-G","ENSG00000250218,ENSG00000287440,ENSG00000114547,ENSG00000287617,ENSG00000180697,ENSG00000070476,ENSG00000287232,ENSG00000250934,ENSG00000251448,ENSG00000252965,ENSG00000173706,ENSG00000114544,ENSG00000248557,ENSG00000159650,ENSG00000189366,ENSG00000279328,ENSG00000144908,ENSG00000241288,ENSG00000114520,ENSG00000144909,ENSG00000180767,ENSG00000197763,ENSG00000221955,ENSG00000159685,ENSG00000246022,ENSG00000243429,ENSG00000248787,ENSG00000163848,ENSG00000173702","ENSG00000242229,ENSG00000244286,ENSG00000246022,ENSG00000201800,ENSG00000264986,ENSG00000249833,ENSG00000243429,ENSG00000252953,ENSG00000070476,ENSG00000173706,ENSG00000272840,ENSG00000197763,ENSG00000114544,ENSG00000189366,ENSG00000228963,ENSG00000173702,ENSG00000144908,ENSG00000242001,ENSG00000198284,ENSG00000248787,ENSG00000287232,ENSG00000159650,ENSG00000221955,ENSG00000243508,ENSG00000239432,ENSG00000201968,ENSG00000265981,ENSG00000288713,ENSG00000163848,ENSG00000241439,ENSG00000199327,ENSG00000241288,ENSG00000243986,ENSG00000144909,ENSG00000221737,ENSG00000288022,ENSG00000251448,ENSG00000252965,ENSG00000243072,ENSG00000180697,ENSG00000179170,ENSG00000252642,ENSG00000229048,ENSG00000239978,ENSG00000279328,ENSG00000287617,ENSG00000248557,ENSG00000241346,ENSG00000284624,ENSG00000250218,ENSG00000248607,ENSG00000180767,ENSG00000114520,ENSG00000114547,ENSG00000159685,ENSG00000284660,ENSG00000250934,ENSG00000272020,ENSG00000287440,ENSG00000234458,ENSG00000289324",ENSG00000189366,Liver eQTLs,train
20019612600092196-92196000006301,chr6,"6-32538598-G-A,6-32538590-T-C","ENSG00000204371,ENSG00000213654,ENSG00000204428,ENSG00000204386,ENSG00000204420,ENSG00000204256,ENSG00000204421,ENSG00000237080,ENSG00000204248,ENSG00000204304,ENSG00000204231,ENSG00000235863,ENSG00000112514,ENSG00000204366,ENSG00000226979,ENSG00000240065,ENSG00000232940,ENSG00000204389,ENSG00000166278,ENSG00000204305,ENSG00000223865,ENSG00000204261,ENSG00000223501,ENSG00000240053,ENSG00000204410,ENSG00000204228,ENSG00000204264,ENSG00000204444,ENSG00000237649,ENSG00000204314,ENSG00000236104,ENSG00000168477,ENSG00000241404,ENSG00000204427,ENSG00000204287,ENSG00000231389,ENSG00000284446,ENSG00000197283,ENSG00000204356,ENSG00000227057,ENSG00000228727,ENSG00000204308,ENSG00000289100,ENSG00000231925,ENSG00000229776,ENSG00000242574,ENSG00000233627,ENSG00000204267,ENSG00000204439,ENSG00000204463,ENSG00000204387,ENSG00000289047,ENSG00000204351,ENSG00000204209,ENSG00000204435,ENSG00000243649,ENSG00000237441,ENSG00000112511,ENSG00000204385,ENSG00000204472,ENSG00000204394,ENSG00000204396,ENSG00000250535,ENSG00000204338,ENSG00000204388,ENSG00000284954,ENSG00000204252,ENSG00000204438,ENSG00000204390,ENSG00000204482,ENSG00000213722,ENSG00000204220,ENSG00000204344,ENSG00000204392,ENSG00000168394,ENSG00000286974,ENSG00000204475,ENSG00000289559,ENSG00000288751,ENSG00000248290,ENSG00000232810,ENSG00000213676,ENSG00000213588,ENSG00000289375,ENSG00000204227,ENSG00000224389,ENSG00000272217,ENSG00000241106,ENSG00000227507,ENSG00000244731,ENSG00000221988,ENSG00000196126,ENSG00000281756,ENSG00000231500,ENSG00000204257,ENSG00000204315,ENSG00000204469,ENSG00000213719,ENSG00000112473","ENSG00000204475,ENSG00000204472,ENSG00000230622,ENSG00000231925,ENSG00000204261,ENSG00000204256,ENSG00000197283,ENSG00000112511,ENSG00000204308,ENSG00000204469,ENSG00000223335,ENSG00000166278,ENSG00000204227,ENSG00000204427,ENSG00000265236,ENSG00000204338,ENSG00000213588,ENSG00000237398,ENSG00000204463,ENSG00000204439,ENSG00000235863,ENSG00000213654,ENSG00000221988,ENSG00000204482,ENSG00000244355,ENSG00000204290,ENSG00000196126,ENSG00000284954,ENSG00000225644,ENSG00000240053,ENSG00000284517,ENSG00000252512,ENSG00000235301,ENSG00000204396,ENSG00000204314,ENSG00000204264,ENSG00000204257,ENSG00000232080,ENSG00000225463,ENSG00000237080,ENSG00000226030,ENSG00000204392,ENSG00000223865,ENSG00000284446,ENSG00000232810,ENSG00000168477,ENSG00000284256,ENSG00000204386,ENSG00000204435,ENSG00000286974,ENSG00000231461,ENSG00000213719,ENSG00000204305,ENSG00000204252,ENSG00000251916,ENSG00000204387,ENSG00000204228,ENSG00000274494,ENSG00000289047,ENSG00000204209,ENSG00000255552,ENSG00000204438,ENSG00000266776,ENSG00000112473,ENSG00000227057,ENSG00000204420,ENSG00000204296,ENSG00000204248,ENSG00000200816,ENSG00000213676,ENSG00000204351,ENSG00000201823,ENSG00000204315,ENSG00000286920,ENSG00000204388,ENSG00000204220,ENSG00000241404,ENSG00000229776,ENSG00000204371,ENSG00000204344,ENSG00000204421,ENSG00000263649,ENSG00000204390,ENSG00000223837,ENSG00000289100,ENSG00000232940,ENSG00000272217,ENSG00000242574,ENSG00000284469,ENSG00000204267,ENSG00000223501,ENSG00000243649,ENSG00000204287,ENSG00000204389,ENSG00000228727,ENSG00000231389,ENSG00000233627,ENSG00000244731,ENSG00000204385,ENSG00000250535,ENSG00000204231,ENSG00000235040,ENSG00000231500,ENSG00000204444,ENSG00000204356,ENSG00000223457,ENSG00000112514,ENSG00000277264,ENSG00000237441,ENSG00000236104,ENSG00000289559,ENSG00000289375,ENSG00000213722,ENSG00000228688,ENSG00000248290,ENSG00000196301,ENSG00000168394,ENSG00000234515,ENSG00000224389,ENSG00000284064,ENSG00000204366,ENSG00000204410,ENSG00000226979,ENSG00000204394,ENSG00000281756,ENSG00000204304,ENSG00000288751,ENSG00000227507,ENSG00000204428,ENSG00000240065,ENSG00000237285,ENSG00000229596,ENSG00000230313,ENSG00000237649,ENSG00000241106",ENSG00000196126,Liver eQTLs,train
20019615200092196-92196000007260,chr9,"9-130194487-C-T,9-130219743-T-C,9-130224927-A-G,9-130228511-T-C,9-130228569-C-G,9-130231417-A-G,9-130190810-T-A,9-130192765-A-G,9-130193725-T-A,9-130196537-C-T,9-130196807-G-A,9-130198100-A-G,9-130200433-C-A,9-130201265-T-C,9-130202089-G-A,9-130202596-T-C,9-130203840-G-C,9-130213298-A-G,9-130213508-A-G,9-130191186-C-T,9-130196233-G-T,9-130197185-T-C,9-130197414-A-G,9-130198342-G-A,9-130199370-A-G,9-130200450-G-A,9-130201525-G-A,9-130201678-A-G,9-130202907-G-A,9-130208924-T-C,9-130208376-T-G,9-130194536-G-C,9-130219669-C-T,9-130215279-G-A,9-130215711-C-CT,9-130220956-G-A,9-130221388-T-C,9-130221698-T-A,9-130222452-A-G,9-130226909-T-C,9-130228444-C-T,9-130229652-A-G,9-130212876-T-A,9-130201390-C-CAAAAAAAAAGA,9-130220673-C-A,9-130194495-C-T,9-130198866-C-T,9-130204776-T-G,9-130210946-A-G,9-130220678-C-A,9-130220698-C-A,9-130219990-G-C,9-130213110-G-C,9-130181223-C-G,9-130187473-G-C,9-130230514-A-G,9-130188676-G-A,9-130210111-T-C,9-130173362-A-G,9-130166857-T-C,9-130166957-T-C,9-130175470-G-A,9-130284652-C-G,9-130172319-A-T,9-130168840-G-A","ENSG00000201302,ENSG00000106992,ENSG00000167113,ENSG00000234771,ENSG00000177125,ENSG00000148356,ENSG00000136877,ENSG00000136840,ENSG00000187024,ENSG00000171169,ENSG00000148337,ENSG00000136908,ENSG00000136830,ENSG00000160404,ENSG00000095370,ENSG00000148346,ENSG00000136854,ENSG00000196152,ENSG00000167123,ENSG00000167114,ENSG00000171159,ENSG00000223551,ENSG00000148334,ENSG00000136807,ENSG00000136856,ENSG00000227218,ENSG00000136828,ENSG00000167106,ENSG00000225032,ENSG00000136859,ENSG00000271833,ENSG00000167110,ENSG00000169155,ENSG00000167118,ENSG00000167112,ENSG00000106991,ENSG00000160408,ENSG00000136895,ENSG00000167094,ENSG00000148339,ENSG00000228487,ENSG00000232850,ENSG00000272696,ENSG00000160401,ENSG00000167103,ENSG00000106976,ENSG00000175854","ENSG00000187024,ENSG00000136854,ENSG00000175854,ENSG00000242281,ENSG00000136877,ENSG00000106992,ENSG00000236658,ENSG00000272696,ENSG00000136856,ENSG00000167113,ENSG00000224988,ENSG00000167106,ENSG00000136895,ENSG00000223188,ENSG00000160404,ENSG00000167114,ENSG00000228487,ENSG00000230676,ENSG00000160401,ENSG00000136859,ENSG00000234771,ENSG00000136908,ENSG00000148337,ENSG00000201302,ENSG00000148334,ENSG00000252622,ENSG00000224797,ENSG00000160408,ENSG00000171159,ENSG00000177125,ENSG00000130720,ENSG00000167123,ENSG00000264169,ENSG00000167118,ENSG00000136840,ENSG00000106976,ENSG00000276124,ENSG00000227218,ENSG00000236024,ENSG00000148356,ENSG00000277713,ENSG00000233909,ENSG00000136828,ENSG00000167112,ENSG00000136830,ENSG00000171169,ENSG00000136807,ENSG00000148339,ENSG00000270755,ENSG00000196979,ENSG00000261334,ENSG00000167110,ENSG00000223551,ENSG00000252582,ENSG00000169155,ENSG00000234789,ENSG00000106991,ENSG00000167103,ENSG00000230684,ENSG00000232172,ENSG00000148346,ENSG00000271833,ENSG00000095370,ENSG00000236146,ENSG00000232850,ENSG00000167094,ENSG00000196152,ENSG00000226355,ENSG00000225032",ENSG00000196152,Liver eQTLs,train
20019615900092196-92196000005417,chr4,"4-126234931-A-G,4-126233135-T-C,4-126236140-A-G","ENSG00000196159,ENSG00000151458","ENSG00000283550,ENSG00000196159,ENSG00000151458,ENSG00000223620,ENSG00000199862,ENSG00000250945,ENSG00000251005,ENSG00000251649,ENSG00000250149,ENSG00000286251,ENSG00000249555,ENSG00000251436,ENSG00000201297",ENSG00000196159,Liver eQTLs,train
20019616700092196-92196000001094,chr11,"11-111171071-T-C,11-111171646-T-G,11-111171672-G-T,11-111171709-C-A,11-111172179-T-C,11-111172210-A-G,11-111172236-ATGTGCAATG-A,11-111172403-T-C,11-111160491-T-C,11-111160753-C-T,11-111162691-A-G,11-111172911-G-C,11-111173290-C-T,11-111170540-A-G,11-111157227-T-TAAAAC,11-111165009-C-T,11-111156836-T-C,11-111139939-A-AC,11-111139939-A-AC,11-111143508-A-G,11-111154072-A-C,11-111139942-C-T,11-111140043-C-G,11-111169990-T-C,11-111170744-C-T,11-111152496-C-G,11-111152496-C-G,11-111139327-C-T,11-111167557-A-C,11-111167776-C-G,11-111166504-G-A","ENSG00000110777,ENSG00000150782,ENSG00000214264,ENSG00000109846,ENSG00000196167,ENSG00000197580,ENSG00000204370,ENSG00000255231,ENSG00000250303,ENSG00000137713,ENSG00000149300,ENSG00000137714,ENSG00000204381,ENSG00000254990,ENSG00000150773,ENSG00000150776,ENSG00000170276,ENSG00000086848,ENSG00000150783,ENSG00000255561,ENSG00000230911,ENSG00000150768,ENSG00000235286,ENSG00000170145,ENSG00000137720,ENSG00000137727,ENSG00000150764,ENSG00000150779,ENSG00000150787,ENSG00000254416","ENSG00000255334,ENSG00000254416,ENSG00000204381,ENSG00000137714,ENSG00000207811,ENSG00000223324,ENSG00000150782,ENSG00000170276,ENSG00000253099,ENSG00000255561,ENSG00000255149,ENSG00000238444,ENSG00000150783,ENSG00000254990,ENSG00000270202,ENSG00000137727,ENSG00000287556,ENSG00000110777,ENSG00000183644,ENSG00000137720,ENSG00000254450,ENSG00000271025,ENSG00000170145,ENSG00000230911,ENSG00000286028,ENSG00000255286,ENSG00000233497,ENSG00000255428,ENSG00000150779,ENSG00000287028,ENSG00000109846,ENSG00000150768,ENSG00000137707,ENSG00000150764,ENSG00000137713,ENSG00000255093,ENSG00000271390,ENSG00000271584,ENSG00000250303,ENSG00000150773,ENSG00000255231,ENSG00000235286,ENSG00000200168,ENSG00000204370,ENSG00000197580,ENSG00000264032,ENSG00000150776,ENSG00000086848,ENSG00000238965,ENSG00000149300,ENSG00000254980,ENSG00000288097,ENSG00000150787,ENSG00000254949,ENSG00000150750,ENSG00000196167,ENSG00000214264",ENSG00000196167,Liver eQTLs,train
20019620400092196-92196000006747,chr7,"7-5014019-C-T,7-5014692-C-T,7-5014719-AT-A,7-5014734-C-G,7-5014711-T-G,7-5014706-G-C,7-5037459-C-G,7-5038559-G-C","ENSG00000122543,ENSG00000011275,ENSG00000164916,ENSG00000273084,ENSG00000273313,ENSG00000182095,ENSG00000146587,ENSG00000157954,ENSG00000235944,ENSG00000234432,ENSG00000283991,ENSG00000272953,ENSG00000196204,ENSG00000272719,ENSG00000155034,ENSG00000241269,ENSG00000122674,ENSG00000075624,ENSG00000242802,ENSG00000164638,ENSG00000075618,ENSG00000157927,ENSG00000286874","ENSG00000201990,ENSG00000196204,ENSG00000207973,ENSG00000286874,ENSG00000241269,ENSG00000146587,ENSG00000228974,ENSG00000206895,ENSG00000272595,ENSG00000136297,ENSG00000273084,ENSG00000283419,ENSG00000164916,ENSG00000237738,ENSG00000182095,ENSG00000273313,ENSG00000011275,ENSG00000272953,ENSG00000155034,ENSG00000157954,ENSG00000275328,ENSG00000270822,ENSG00000261809,ENSG00000157927,ENSG00000234432,ENSG00000283991,ENSG00000235944,ENSG00000122674,ENSG00000202039,ENSG00000272719,ENSG00000122543,ENSG00000075624,ENSG00000213935,ENSG00000264474,ENSG00000164638,ENSG00000277265,ENSG00000218823,ENSG00000075618,ENSG00000242802",ENSG00000196204,Liver eQTLs,train
20019620900092196-92196000004450,chr20,"20-1467917-T-C,20-1457045-T-G","ENSG00000226644,ENSG00000125834,ENSG00000125895,ENSG00000089012,ENSG00000125898,ENSG00000101280,ENSG00000229728,ENSG00000286787,ENSG00000276649,ENSG00000198053,ENSG00000125878,ENSG00000088832,ENSG00000196209,ENSG00000232528,ENSG00000125780,ENSG00000125818,ENSG00000101266,ENSG00000101307,ENSG00000234684,ENSG00000125835,ENSG00000215388,ENSG00000125775,ENSG00000088833,ENSG00000101298,ENSG00000271303,ENSG00000101282,ENSG00000215595","ENSG00000244588,ENSG00000125780,ENSG00000207305,ENSG00000242324,ENSG00000101266,ENSG00000125895,ENSG00000196209,ENSG00000101282,ENSG00000236550,ENSG00000166948,ENSG00000125818,ENSG00000125878,ENSG00000232528,ENSG00000198053,ENSG00000215388,ENSG00000252103,ENSG00000215397,ENSG00000223750,ENSG00000101280,ENSG00000287561,ENSG00000271303,ENSG00000284436,ENSG00000227663,ENSG00000101298,ENSG00000088832,ENSG00000089012,ENSG00000125775,ENSG00000287213,ENSG00000286108,ENSG00000276649,ENSG00000215595,ENSG00000234684,ENSG00000242348,ENSG00000271523,ENSG00000125835,ENSG00000101327,ENSG00000237914,ENSG00000125898,ENSG00000234282,ENSG00000125834,ENSG00000271461,ENSG00000286787,ENSG00000125900,ENSG00000101307,ENSG00000233896,ENSG00000229728,ENSG00000088833,ENSG00000226644",ENSG00000196209,Liver eQTLs,train
20019631300092196-92196000006811,chr7,"7-72418963-T-C,7-72334588-A-G,7-72334630-C-G,7-72322635-T-C,7-72415552-CAG-C,7-72384926-T-TA,7-72408286-G-T,7-72352004-A-G,7-72417063-G-A,7-72364533-G-A,7-72368344-G-T,7-72368345-C-T","ENSG00000175877,ENSG00000196313,ENSG00000176410,ENSG00000106638,ENSG00000106635,ENSG00000233369,ENSG00000214544,ENSG00000009950,ENSG00000183166,ENSG00000071462,ENSG00000176428,ENSG00000165215,ENSG00000189143,ENSG00000106077,ENSG00000106089,ENSG00000155428,ENSG00000285886,ENSG00000165171,ENSG00000205578,ENSG00000174353,ENSG00000009954,ENSG00000188763,ENSG00000272843,ENSG00000225648,ENSG00000130305,ENSG00000182487,ENSG00000174384,ENSG00000146755,ENSG00000274080","ENSG00000202035,ENSG00000009954,ENSG00000235581,ENSG00000273897,ENSG00000285886,ENSG00000106077,ENSG00000201014,ENSG00000183166,ENSG00000225648,ENSG00000205578,ENSG00000262461,ENSG00000199913,ENSG00000266569,ENSG00000270555,ENSG00000196313,ENSG00000175877,ENSG00000264494,ENSG00000199940,ENSG00000174384,ENSG00000106638,ENSG00000146755,ENSG00000225005,ENSG00000174353,ENSG00000130305,ENSG00000201282,ENSG00000276178,ENSG00000179994,ENSG00000071462,ENSG00000176428,ENSG00000009950,ENSG00000214544,ENSG00000272843,ENSG00000273520,ENSG00000233369,ENSG00000165171,ENSG00000274080,ENSG00000189143,ENSG00000188763,ENSG00000106635,ENSG00000165215,ENSG00000274656,ENSG00000273927,ENSG00000228769,ENSG00000205584,ENSG00000176410,ENSG00000206709,ENSG00000233523,ENSG00000182487,ENSG00000270694,ENSG00000106089,ENSG00000274984,ENSG00000275976,ENSG00000155428",ENSG00000196313,Liver eQTLs,train
20019639100092196-92196000002495,chr15,"15-90924702-C-T,15-90917043-G-A,15-90919333-T-C,15-90921636-G-A,15-90922675-A-G,15-90922757-A-G,15-90924047-C-T,15-90916032-C-T,15-90916840-G-A,15-90891566-T-C,15-90924161-G-C,15-90923871-A-G,15-90925430-A-T,15-90895564-A-C,15-90894483-T-C,15-90915128-T-C,15-90915666-A-G,15-90903311-A-G,15-90922038-C-T,15-90894284-T-C,15-90929563-C-T,15-90925903-G-GT,15-90930459-T-C,15-90917827-C-T,15-90938232-G-A,15-90926413-C-T,15-90926415-A-T,15-90930633-C-G,15-90930875-C-T,15-90931363-C-T,15-90931457-C-T,15-90936704-G-A,15-90940059-C-A,15-90936418-C-CAT,15-90937051-T-A,15-90938037-T-TCTC,15-90959954-T-C,15-90977333-G-T,15-90961813-A-G,15-90962626-C-T,15-90968977-T-C,15-90969335-G-T,15-90971036-T-C,15-90967513-G-C,15-90968514-G-C,15-90932966-A-C,15-91036460-A-G,15-91036569-G-A,15-90953068-A-G,15-90982923-C-T,15-90994499-T-C,15-90928529-G-A,15-91036976-A-G,15-91037041-C-T,15-90952565-C-G,15-90950790-G-A,15-90990782-G-T,15-90995235-C-T,15-91039527-C-T,15-91037300-G-A,15-90936338-TA-T","ENSG00000166965,ENSG00000157823,ENSG00000183208,ENSG00000259677,ENSG00000184056,ENSG00000258384,ENSG00000166813,ENSG00000198901,ENSG00000140548,ENSG00000184508,ENSG00000140553,ENSG00000259685,ENSG00000241362,ENSG00000285560,ENSG00000140577,ENSG00000196391,ENSG00000166819,ENSG00000259291,ENSG00000166825,ENSG00000140519,ENSG00000197299,ENSG00000185043,ENSG00000196547,ENSG00000185033,ENSG00000140534,ENSG00000225193,ENSG00000258725,ENSG00000182768,ENSG00000228998,ENSG00000166821,ENSG00000185518,ENSG00000259212,ENSG00000182511,ENSG00000242498,ENSG00000188095,ENSG00000259746,ENSG00000166823,ENSG00000213471,ENSG00000140564,ENSG00000259314,ENSG00000182054","ENSG00000259291,ENSG00000166825,ENSG00000188095,ENSG00000213471,ENSG00000182054,ENSG00000258725,ENSG00000258540,ENSG00000275345,ENSG00000241869,ENSG00000259177,ENSG00000275929,ENSG00000259314,ENSG00000285883,ENSG00000259746,ENSG00000265871,ENSG00000259704,ENSG00000287061,ENSG00000140534,ENSG00000184508,ENSG00000285560,ENSG00000278370,ENSG00000184056,ENSG00000258665,ENSG00000185518,ENSG00000166823,ENSG00000182511,ENSG00000259262,ENSG00000196391,ENSG00000140548,ENSG00000259057,ENSG00000228998,ENSG00000200142,ENSG00000275803,ENSG00000259685,ENSG00000241362,ENSG00000140519,ENSG00000240470,ENSG00000242498,ENSG00000200677,ENSG00000259212,ENSG00000166821,ENSG00000140564,ENSG00000289066,ENSG00000166813,ENSG00000258384,ENSG00000166819,ENSG00000198901,ENSG00000258954,ENSG00000285661,ENSG00000278514,ENSG00000166965,ENSG00000182768,ENSG00000185043,ENSG00000140553,ENSG00000258765,ENSG00000197299,ENSG00000157823,ENSG00000280377,ENSG00000259677,ENSG00000183208,ENSG00000259273,ENSG00000225193,ENSG00000140577,ENSG00000185033,ENSG00000196547,ENSG00000270322",ENSG00000196391,Liver eQTLs,train
20019658400092196-92196000006625,chr7,"7-152337646-T-C,7-152342974-G-T,7-152367084-T-C,7-152373252-C-G,7-152364698-TCAAAG-T,7-152352139-C-G,7-152365050-T-A,7-152367616-A-C,7-152376536-C-T,7-152379555-G-A,7-152379586-G-A,7-152379708-G-A,7-152379822-C-A,7-152380789-C-G,7-152381266-A-G,7-152381207-C-T,7-152359819-G-A,7-152365634-AC-A","ENSG00000178234,ENSG00000229591,ENSG00000242048,ENSG00000261455,ENSG00000196584,ENSG00000239911,ENSG00000133627,ENSG00000106617,ENSG00000055609,ENSG00000270405","ENSG00000212219,ENSG00000196584,ENSG00000276213,ENSG00000204894,ENSG00000212590,ENSG00000231139,ENSG00000106648,ENSG00000289146,ENSG00000229591,ENSG00000055609,ENSG00000241456,ENSG00000227562,ENSG00000241007,ENSG00000244328,ENSG00000178234,ENSG00000261455,ENSG00000106617,ENSG00000239911,ENSG00000214003,ENSG00000253088,ENSG00000225416,ENSG00000285912,ENSG00000265810,ENSG00000241735,ENSG00000270405,ENSG00000241959,ENSG00000222941,ENSG00000286565,ENSG00000224104,ENSG00000020219,ENSG00000242048,ENSG00000133627",ENSG00000196584,Liver eQTLs,train
20019660500092196-92196000003931,chr19,"19-9868278-T-C,19-9868404-C-T,19-9791028-A-C,19-9873675-A-C,19-9853957-T-C,19-9855683-G-A,19-9856084-T-C,19-9858324-C-T,19-9861798-G-C,19-9871877-T-TCAAA,19-9872422-C-G,19-9876518-A-G,19-9876523-T-TG,19-9753749-C-T,19-9718587-T-C,19-9718757-T-C,19-9736308-T-C,19-9828752-C-G,19-9828686-T-G,19-9755448-C-A,19-9829177-T-A,19-9771250-T-C,19-9841738-A-G,19-9846630-C-T,19-9851482-A-G,19-9790464-T-C,19-9829303-A-G,19-9743601-G-A,19-9754694-A-G,19-9744572-G-A,19-9744669-G-GGAGAAAGGT,19-9745505-G-T,19-9751094-T-G,19-9797900-T-C,19-9798470-A-G,19-9803047-T-C,19-9805902-A-T,19-9777758-C-G,19-9784081-G-A,19-9785696-C-CA,19-9788329-G-A,19-9789252-A-G,19-9790674-A-G,19-9790702-A-G,19-9791011-A-G,19-9793768-T-C,19-9796992-T-C,19-9799227-G-C,19-9799655-G-C,19-9803267-T-C,19-9809267-A-T,19-9814256-A-G,19-9818253-T-TA,19-9836855-T-G,19-9747564-G-A,19-9750165-A-G,19-9753169-C-T,19-9767069-T-C,19-9776636-A-G,19-9800576-C-T,19-9808886-A-G,19-9819554-C-A,19-9824252-T-G,19-9860103-G-A,19-9863483-G-A,19-9863483-G-A,19-9760075-T-C,19-9760094-A-G,19-9766035-C-T,19-9768925-A-G,19-9771858-T-C,19-9788403-A-C,19-9820596-G-A,19-9820767-C-T,19-9821068-C-T,19-9821115-T-A,19-9821592-T-C,19-9821738-T-A,19-9822534-C-T,19-9823104-C-A,19-9823123-A-G,19-9823136-T-C,19-9823248-G-A,19-9824173-T-C,19-9824653-G-C,19-9824655-T-A,19-9825251-A-G,19-9825786-A-G,19-9825871-A-G,19-9826025-T-A,19-9826263-T-C,19-9826362-C-T,19-9826367-C-T,19-9827315-C-T,19-9827807-G-A,19-9828096-A-G,19-9828217-T-C,19-9828259-A-G,19-9829055-A-T,19-9829418-C-T,19-9829515-A-G,19-9829852-A-T,19-9830009-G-A,19-9830071-G-C,19-9830073-T-A,19-9830075-G-T,19-9830487-G-A,19-9830547-G-C,19-9830588-T-C,19-9830635-T-C,19-9830725-C-T,19-9830864-T-A,19-9830975-C-T,19-9831184-A-G,19-9831771-G-C,19-9831790-G-T,19-9831912-A-G,19-9832362-T-C,19-9833542-C-A,19-9836462-T-C,19-9822034-T-C,19-9838610-A-G,19-9840684-G-A,19-9841012-G-C,19-9856836-G-T,19-9862634-T-C,19-9876285-T-C,19-9827809-C-T,19-9741216-G-A,19-9915153-C-T,19-9766393-CTTTTTTTTTTTTTTTTTT-C,19-9911030-T-C,19-9917899-G-A,19-9924303-A-G,19-9929038-A-G,19-9716744-A-G,19-9715299-G-C,19-9717663-T-C,19-9718731-TAG-T,19-9721401-A-T,19-9738781-G-C,19-9731850-A-G,19-9821875-C-T,19-9893601-C-CT,19-9718692-T-C,19-9723146-A-G,19-9736380-T-C,19-9897977-G-A,19-9740346-T-C,19-9761410-A-G,19-9825556-G-A,19-9904722-A-G,19-9904723-A-C,19-9774085-CA-C,19-9779849-A-G,19-9779308-A-C,19-9781354-A-G,19-9878928-T-C,19-9878695-T-C,19-9909567-G-A","ENSG00000130818,ENSG00000105364,ENSG00000196605,ENSG00000080573,ENSG00000065989,ENSG00000129355,ENSG00000130811,ENSG00000076662,ENSG00000224689,ENSG00000274425,ENSG00000079999,ENSG00000267534,ENSG00000198258,ENSG00000196110,ENSG00000244165,ENSG00000267607,ENSG00000161847,ENSG00000130813,ENSG00000129347,ENSG00000267197,ENSG00000180739,ENSG00000129353,ENSG00000267100,ENSG00000105088,ENSG00000267612,ENSG00000090339,ENSG00000127452,ENSG00000167798,ENSG00000278611,ENSG00000174652,ENSG00000129351,ENSG00000105397,ENSG00000130816,ENSG00000130734,ENSG00000171466,ENSG00000267119,ENSG00000213339,ENSG00000105401,ENSG00000220201,ENSG00000105376,ENSG00000130812,ENSG00000197961,ENSG00000129354,ENSG00000267673,ENSG00000130810,ENSG00000267387,ENSG00000130803,ENSG00000188321,ENSG00000167785,ENSG00000269300,ENSG00000079805,ENSG00000270614,ENSG00000127445","ENSG00000221410,ENSG00000167798,ENSG00000209645,ENSG00000267197,ENSG00000265879,ENSG00000129347,ENSG00000079999,ENSG00000105364,ENSG00000129354,ENSG00000080511,ENSG00000267607,ENSG00000267673,ENSG00000207752,ENSG00000174667,ENSG00000196110,ENSG00000090339,ENSG00000237521,ENSG00000267289,ENSG00000130803,ENSG00000207972,ENSG00000264266,ENSG00000105376,ENSG00000188321,ENSG00000213339,ENSG00000267105,ENSG00000188314,ENSG00000267154,ENSG00000127445,ENSG00000130818,ENSG00000220201,ENSG00000238531,ENSG00000267332,ENSG00000170929,ENSG00000079805,ENSG00000129351,ENSG00000130811,ENSG00000129355,ENSG00000105397,ENSG00000198028,ENSG00000270614,ENSG00000267100,ENSG00000130812,ENSG00000226480,ENSG00000187847,ENSG00000269300,ENSG00000267490,ENSG00000130813,ENSG00000267544,ENSG00000197961,ENSG00000266204,ENSG00000065989,ENSG00000171466,ENSG00000198258,ENSG00000130734,ENSG00000130816,ENSG00000167785,ENSG00000271010,ENSG00000267119,ENSG00000244165,ENSG00000180739,ENSG00000161807,ENSG00000105088,ENSG00000129353,ENSG00000105401,ENSG00000267418,ENSG00000267612,ENSG00000174652,ENSG00000130810,ENSG00000278611,ENSG00000275640,ENSG00000267387,ENSG00000274425,ENSG00000260112,ENSG00000076662,ENSG00000238364,ENSG00000180926,ENSG00000283108,ENSG00000267775,ENSG00000267273,ENSG00000266950,ENSG00000275787,ENSG00000080573,ENSG00000225980,ENSG00000170923,ENSG00000127452,ENSG00000267534,ENSG00000196605,ENSG00000200237,ENSG00000224689,ENSG00000161847,ENSG00000170920",ENSG00000196605,Liver eQTLs,train
20019670000092196-92196000004610,chr20,"20-62599442-C-T,20-62599442-C-T,20-62599471-G-C,20-62599471-G-C,20-62594831-G-A,20-62594831-G-A,20-62589377-G-A,20-62589377-G-A,20-62592903-T-G,20-62592903-T-G,20-62592905-A-G,20-62592905-A-G,20-62586807-T-C,20-62586807-T-C,20-62601386-C-A,20-62601386-C-A,20-62602868-T-C,20-62602868-T-C,20-62602952-T-C,20-62602952-T-C","ENSG00000101204,ENSG00000243509,ENSG00000101246,ENSG00000197114,ENSG00000101199,ENSG00000231977,ENSG00000196421,ENSG00000203883,ENSG00000149658,ENSG00000125520,ENSG00000280213,ENSG00000101210,ENSG00000130584,ENSG00000125508,ENSG00000225978,ENSG00000274501,ENSG00000125534,ENSG00000232442,ENSG00000101152,ENSG00000197457,ENSG00000203880,ENSG00000207554,ENSG00000273821,ENSG00000196132,ENSG00000258366,ENSG00000101216,ENSG00000101161,ENSG00000171703,ENSG00000101150,ENSG00000171700,ENSG00000130590,ENSG00000101213,ENSG00000203896,ENSG00000203900,ENSG00000196700,ENSG00000268858,ENSG00000130589,ENSG00000198276","ENSG00000101152,ENSG00000171700,ENSG00000101199,ENSG00000101150,ENSG00000272259,ENSG00000125534,ENSG00000243509,ENSG00000266104,ENSG00000196132,ENSG00000101246,ENSG00000101210,ENSG00000280936,ENSG00000130590,ENSG00000284074,ENSG00000130589,ENSG00000101204,ENSG00000264490,ENSG00000171703,ENSG00000260542,ENSG00000226390,ENSG00000225978,ENSG00000203880,ENSG00000275812,ENSG00000222439,ENSG00000198276,ENSG00000266463,ENSG00000130584,ENSG00000226094,ENSG00000196700,ENSG00000274501,ENSG00000225106,ENSG00000287324,ENSG00000258366,ENSG00000101213,ENSG00000125520,ENSG00000101216,ENSG00000125508,ENSG00000207554,ENSG00000179253,ENSG00000196421,ENSG00000237119,ENSG00000286628,ENSG00000230226,ENSG00000273821,ENSG00000207598,ENSG00000125533,ENSG00000235018,ENSG00000149658,ENSG00000203896,ENSG00000125514,ENSG00000197114,ENSG00000197457,ENSG00000101161,ENSG00000289634,ENSG00000233017,ENSG00000203900,ENSG00000260416,ENSG00000272050,ENSG00000232121,ENSG00000284508,ENSG00000289548,ENSG00000280213,ENSG00000232442,ENSG00000231977,ENSG00000229882,ENSG00000237687,ENSG00000268858,ENSG00000199017,ENSG00000236527,ENSG00000203883",ENSG00000196700,Liver eQTLs,train
20019670400092196-92196000003197,chr17,"17-66244578-T-C,17-66244989-T-C,17-66255421-A-G,17-66258674-T-C,17-66259381-TA-T,17-66258954-T-G,17-66263888-CA-C,17-66264567-TTA-T,17-66262756-A-G,17-66262541-C-CT,17-66261853-GT-G","ENSG00000267659,ENSG00000182481,ENSG00000186665,ENSG00000154258,ENSG00000267009,ENSG00000279880,ENSG00000237854,ENSG00000108946,ENSG00000196704,ENSG00000266717,ENSG00000130935,ENSG00000265100,ENSG00000267250,ENSG00000154217,ENSG00000267361,ENSG00000267731,ENSG00000197170,ENSG00000267461,ENSG00000154262,ENSG00000070540,ENSG00000277476,ENSG00000141338,ENSG00000285931,ENSG00000278730,ENSG00000171634,ENSG00000141337,ENSG00000278740,ENSG00000279573,ENSG00000108932,ENSG00000279917,ENSG00000154263,ENSG00000265055,ENSG00000274712,ENSG00000267023,ENSG00000278873,ENSG00000108950,ENSG00000274561","ENSG00000277476,ENSG00000289587,ENSG00000207943,ENSG00000284242,ENSG00000141338,ENSG00000267461,ENSG00000108878,ENSG00000265100,ENSG00000252685,ENSG00000075429,ENSG00000197170,ENSG00000244044,ENSG00000196704,ENSG00000278740,ENSG00000267023,ENSG00000264421,ENSG00000279573,ENSG00000263520,ENSG00000154263,ENSG00000251764,ENSG00000154258,ENSG00000266717,ENSG00000108946,ENSG00000279917,ENSG00000267731,ENSG00000278873,ENSG00000265055,ENSG00000271587,ENSG00000264491,ENSG00000182481,ENSG00000264630,ENSG00000141337,ENSG00000267659,ENSG00000252653,ENSG00000130935,ENSG00000278730,ENSG00000251698,ENSG00000154217,ENSG00000070540,ENSG00000229330,ENSG00000274712,ENSG00000108950,ENSG00000285931,ENSG00000171634,ENSG00000237854,ENSG00000108932,ENSG00000267009,ENSG00000274561,ENSG00000154262,ENSG00000267361,ENSG00000213180,ENSG00000279880,ENSG00000270870,ENSG00000186665,ENSG00000267250",ENSG00000196704,Liver eQTLs,train
20019691200092196-92196000004430,chr2,"2-98177305-C-G,2-98207655-T-TCTTA,2-98204559-G-A,2-98204572-C-T,2-98178613-C-A,2-98174049-C-G,2-98174127-C-G,2-98176504-C-T,2-98189857-C-T,2-98225437-A-G,2-98214573-T-C,2-98205859-A-G,2-98173368-C-T,2-98209739-TG-T,2-98204464-C-T,2-98206188-C-G,2-98206282-C-T,2-98206293-G-A,2-98207253-G-A,2-98207930-T-C,2-98208116-C-G,2-98208346-A-C,2-98208380-A-T,2-98208691-G-T,2-98209061-G-A,2-98209456-T-C,2-98211676-G-T,2-98212608-A-G,2-98212640-C-A,2-98214674-A-G,2-98214754-C-T,2-98216119-A-T,2-98218290-G-A,2-98218313-G-T,2-98218639-G-C,2-98184793-C-A,2-98170122-T-C,2-98173369-A-G,2-98172898-G-T,2-98192743-A-AAC,2-98174434-T-A,2-98216270-T-A,2-98206546-G-C,2-98195581-C-T,2-98205882-T-A,2-98217971-A-G,2-98182058-GA-G,2-98163203-G-T,2-98163417-C-G,2-98163810-C-T,2-98163927-A-T,2-98164020-C-T,2-98164021-T-C,2-98164084-T-A,2-98164389-T-A,2-98175863-T-C,2-98176340-G-A,2-98178461-G-GATGCATTTA,2-98195010-A-G,2-98192749-T-C,2-98173875-T-C,2-98167017-T-C,2-98169110-A-C,2-98169544-C-G,2-98181571-T-C,2-98182458-A-C,2-98185321-C-T,2-98189615-C-G,2-98198416-C-A,2-98166779-A-C,2-98166928-C-A,2-98167020-G-A,2-98168055-T-C,2-98168868-T-G,2-98168869-C-G,2-98168912-C-T,2-98169354-C-T,2-98169479-T-G,2-98169519-G-C,2-98169583-G-T,2-98169901-G-T,2-98170933-T-G,2-98171807-T-C,2-98180253-A-C,2-98182451-A-C,2-98182560-C-T,2-98182568-A-G,2-98183116-A-C,2-98184891-A-G,2-98186298-A-G,2-98186674-T-A,2-98187938-A-G,2-98188065-C-T,2-98190115-G-C,2-98191096-C-T,2-98181056-T-C,2-98187101-T-C,2-98264857-C-T,2-98273290-C-T,2-98276014-CCCTCACCTGCCCTGACCAGAA-C,2-98282784-A-G,2-98177124-T-G,2-98182622-CAA-C,2-98164580-C-T,2-98217573-C-T,2-98167134-G-C,2-98167114-G-T,2-98166670-T-C,2-98166664-A-G,2-98166667-G-C,2-98166681-C-T,2-98166677-C-T,2-98196859-T-G,2-98166631-A-T,2-98203406-G-A,2-98204290-C-CT,2-98220374-G-C,2-98293983-T-C,2-98182699-G-A,2-98317685-G-A,2-98181377-T-C,2-98163124-T-G,2-98164184-C-G,2-98179418-T-C,2-98195213-T-C,2-98289839-G-C,2-98280055-G-A,2-98224752-T-C,2-98170267-C-A,2-98186699-G-T,2-98189508-T-C,2-98169742-A-C,2-98191241-A-G,2-98170123-G-A,2-98188646-G-A,2-98196849-G-A,2-98320037-TCA-T,2-98164948-C-T,2-98276519-G-C,2-98286954-C-CA,2-98228561-CT-C,2-98175712-C-T,2-98195954-C-G,2-98172627-C-T,2-98180628-T-A,2-98166734-G-A,2-98166731-G-T,2-98183628-C-T,2-98192626-G-C,2-98175138-G-A,2-98195985-CTA-C,2-98184234-C-A,2-98320186-C-A,2-98179617-T-C,2-98166215-C-G,2-98226007-G-A,2-98287483-T-C,2-98166183-C-T,2-98165047-T-C,2-98307823-C-T,2-98306608-C-A,2-98301399-A-AT,2-98215476-G-A,2-98255776-A-C,2-98127653-T-G,2-98022476-A-G,2-98023626-T-A,2-98013814-C-A,2-98019683-C-T,2-98081451-A-G,2-98064552-G-A,2-98059274-G-A","ENSG00000289135,ENSG00000114982,ENSG00000040933,ENSG00000114988,ENSG00000115073,ENSG00000158158,ENSG00000163126,ENSG00000273265,ENSG00000168763,ENSG00000135940,ENSG00000115085,ENSG00000213337,ENSG00000075568,ENSG00000168758,ENSG00000144199,ENSG00000196912","ENSG00000273265,ENSG00000168763,ENSG00000270187,ENSG00000231635,ENSG00000144199,ENSG00000144191,ENSG00000270252,ENSG00000040933,ENSG00000158158,ENSG00000115073,ENSG00000237837,ENSG00000201070,ENSG00000235734,ENSG00000163126,ENSG00000286036,ENSG00000235833,ENSG00000271015,ENSG00000238830,ENSG00000213337,ENSG00000168758,ENSG00000135940,ENSG00000236564,ENSG00000238719,ENSG00000075568,ENSG00000114988,ENSG00000227987,ENSG00000201806,ENSG00000196912,ENSG00000278537,ENSG00000114982,ENSG00000271351,ENSG00000228970,ENSG00000278766,ENSG00000222000,ENSG00000115085,ENSG00000270450,ENSG00000271569,ENSG00000289135,ENSG00000276050",ENSG00000196912,Liver eQTLs,train
20019696100092196-92196000003756,chr19,"19-50275178-G-A,19-50274961-T-C,19-50274120-A-G,19-50273126-G-A,19-50271087-G-A,19-50271356-G-A,19-50276414-G-C,19-50282319-C-T,19-50286338-C-T,19-50286382-T-C,19-50287255-A-G,19-50289948-A-G,19-50291835-A-G,19-50294457-T-G,19-50276856-A-G,19-50279657-G-A,19-50281369-C-G,19-50282717-T-C,19-50282897-G-A,19-50276181-G-T,19-50289428-C-CAAGAGGCCCAGGGTGCAGTG,19-50293435-G-A,19-50295708-G-C,19-50296145-T-C,19-50297004-A-C,19-50297554-C-A,19-50297614-G-A,19-50267774-A-G","ENSG00000104951,ENSG00000221916,ENSG00000204666,ENSG00000126460,ENSG00000213024,ENSG00000268686,ENSG00000104973,ENSG00000104804,ENSG00000269091,ENSG00000090554,ENSG00000269404,ENSG00000130528,ENSG00000200530,ENSG00000131401,ENSG00000161677,ENSG00000131409,ENSG00000039650,ENSG00000105472,ENSG00000104812,ENSG00000126456,ENSG00000104901,ENSG00000243829,ENSG00000142534,ENSG00000104894,ENSG00000161671,ENSG00000087074,ENSG00000142541,ENSG00000131398,ENSG00000126464,ENSG00000197813,ENSG00000286024,ENSG00000142530,ENSG00000131400,ENSG00000126453,ENSG00000126461,ENSG00000063127,ENSG00000104960,ENSG00000196961,ENSG00000161643,ENSG00000260366,ENSG00000177380,ENSG00000104870,ENSG00000131408,ENSG00000010361,ENSG00000142528,ENSG00000104872,ENSG00000204653,ENSG00000126457,ENSG00000268047,ENSG00000269194,ENSG00000062822,ENSG00000104826,ENSG00000105552,ENSG00000126467,ENSG00000169169,ENSG00000104852,ENSG00000087088,ENSG00000074219,ENSG00000161618,ENSG00000142552,ENSG00000200259,ENSG00000104808,ENSG00000104946,ENSG00000161640,ENSG00000268006,ENSG00000224420,ENSG00000169136,ENSG00000105053,ENSG00000105357,ENSG00000086967,ENSG00000087076,ENSG00000269352,ENSG00000142546,ENSG00000126458,ENSG00000204673,ENSG00000105559,ENSG00000087086,ENSG00000104888,ENSG00000104805,ENSG00000104863,ENSG00000183207,ENSG00000130529,ENSG00000267898,ENSG00000235191,ENSG00000269392","ENSG00000260366,ENSG00000142511,ENSG00000267990,ENSG00000142538,ENSG00000268006,ENSG00000206599,ENSG00000197813,ENSG00000268906,ENSG00000179213,ENSG00000268375,ENSG00000087088,ENSG00000268681,ENSG00000063127,ENSG00000267898,ENSG00000196961,ENSG00000200259,ENSG00000126461,ENSG00000268595,ENSG00000265954,ENSG00000104808,ENSG00000104946,ENSG00000130528,ENSG00000261949,ENSG00000221241,ENSG00000105559,ENSG00000161643,ENSG00000142530,ENSG00000276270,ENSG00000131401,ENSG00000177380,ENSG00000169169,ENSG00000087086,ENSG00000126464,ENSG00000087074,ENSG00000104888,ENSG00000142552,ENSG00000131400,ENSG00000235034,ENSG00000221916,ENSG00000269404,ENSG00000284114,ENSG00000131408,ENSG00000039650,ENSG00000161652,ENSG00000105053,ENSG00000204673,ENSG00000142546,ENSG00000131409,ENSG00000269565,ENSG00000142541,ENSG00000261341,ENSG00000126460,ENSG00000010361,ENSG00000062822,ENSG00000269540,ENSG00000090554,ENSG00000161671,ENSG00000202503,ENSG00000200530,ENSG00000207782,ENSG00000268231,ENSG00000104804,ENSG00000186474,ENSG00000104951,ENSG00000276002,ENSG00000161640,ENSG00000243829,ENSG00000267968,ENSG00000183207,ENSG00000286024,ENSG00000126456,ENSG00000142534,ENSG00000268390,ENSG00000204653,ENSG00000204666,ENSG00000104973,ENSG00000268047,ENSG00000267890,ENSG00000279676,ENSG00000131398,ENSG00000074219,ENSG00000228674,ENSG00000142528,ENSG00000126457,ENSG00000213024,ENSG00000269495,ENSG00000220988,ENSG00000105472,ENSG00000130529,ENSG00000269194,ENSG00000104872,ENSG00000197588,ENSG00000278617,ENSG00000104960,ENSG00000207073,ENSG00000224420,ENSG00000235191,ENSG00000269253,ENSG00000126467,ENSG00000104870,ENSG00000274306,ENSG00000174562,ENSG00000104901,ENSG00000104863,ENSG00000167754,ENSG00000126458,ENSG00000105552,ENSG00000169136,ENSG00000268581,ENSG00000284711,ENSG00000269091,ENSG00000268652,ENSG00000276729,ENSG00000268318,ENSG00000086967,ENSG00000087076,ENSG00000269392,ENSG00000161618,ENSG00000269352,ENSG00000105357,ENSG00000104805,ENSG00000265407,ENSG00000104812,ENSG00000126453,ENSG00000104894,ENSG00000268336,ENSG00000129455,ENSG00000267879,ENSG00000268686,ENSG00000161677,ENSG00000104852,ENSG00000104826,ENSG00000213022",ENSG00000196961,Liver eQTLs,train
20019701300092196-92196000003526,chr19,"19-21701504-A-G,19-21723264-G-C,19-21724318-T-C,19-21725901-T-C,19-21727746-ATAT-A,19-21728114-G-A,19-21739870-C-T,19-21743971-G-A,19-21722834-C-T,19-21722287-A-G,19-21743168-G-T,19-21713895-T-C,19-21672414-T-C,19-21673882-A-G,19-21674082-C-A,19-21674914-A-G,19-21676831-CT-C,19-21679254-T-G,19-21680336-A-G,19-21681102-A-G,19-21683504-A-G,19-21685274-G-A,19-21686437-A-G,19-21686745-C-T,19-21690009-A-G,19-21690867-T-C,19-21691399-C-G,19-21691797-C-T,19-21694135-A-G,19-21694757-G-C,19-21697423-A-G,19-21702492-T-A,19-21703545-A-G,19-21704103-G-A,19-21705980-T-C,19-21709145-C-G,19-21712415-T-TTC,19-21712766-A-G,19-21714364-A-G,19-21714508-A-G,19-21715156-C-T,19-21716481-A-G,19-21716539-C-CCT,19-21721489-T-C,19-21743921-C-T,19-21755871-A-C,19-21700498-GA-G,19-21687049-G-A,19-21724081-GCTT-G,19-21723469-AATAG-A,19-21696963-T-C,19-21694006-G-A,19-21704587-A-G,19-21722479-C-T,19-21726125-G-A,19-21718161-T-C,19-21734187-C-T,19-21683635-T-A,19-21708647-A-T,19-21759549-T-TTTTTG,19-21722341-A-G,19-21724986-CTGTA-C,19-21730187-A-G,19-21734032-C-T,19-21740123-G-GA,19-21750261-C-T,19-21751144-G-A,19-21724538-AGTTTT-A,19-21676537-G-A,19-21676890-C-T,19-21689825-C-T,19-21699940-C-T,19-21707309-G-A,19-21709157-A-G,19-21711215-T-C,19-21721682-TAGTCTGAGGAAAAACATTACAAA-T,19-21674962-C-T,19-21678547-C-G,19-21679022-A-G,19-21681569-G-A,19-21690950-A-T,19-21694081-A-G,19-21695171-G-A,19-21696514-A-G,19-21698923-T-A,19-21702040-T-G,19-21703964-G-A,19-21704164-G-A,19-21707728-G-A,19-21709381-C-T,19-21717031-T-C,19-21720803-C-T,19-21721913-CAT-C,19-21722227-T-C,19-21669441-G-A,19-21669441-G-A,19-21672817-C-CT,19-21769445-G-A,19-21755663-C-T,19-21755870-G-T,19-21762129-T-C,19-21764736-G-A,19-21768278-T-C,19-21669836-G-A,19-21772352-C-T,19-21655236-T-C,19-21669272-T-C,19-21769749-C-A,19-21659175-C-A,19-21659332-T-C,19-21660545-G-A,19-21660555-T-C,19-21661037-G-C,19-21663424-ATGGT-A,19-21664988-T-C,19-21665127-A-G,19-21665536-T-C,19-21666116-A-G,19-21666168-G-A,19-21666423-C-G,19-21666815-G-A,19-21667165-C-T,19-21667295-T-C,19-21667506-C-A,19-21668714-T-A,19-21668871-A-G,19-21668984-T-C,19-21670028-T-C,19-21670312-C-T,19-21670418-G-C,19-21670958-G-T,19-21671221-A-T,19-21670164-T-G,19-21769335-C-T,19-21679293-G-C,19-21695264-C-G,19-21700722-A-G,19-21705045-C-T,19-21707116-C-T,19-21707186-C-A,19-21710314-G-T,19-21686650-T-C,19-21712737-C-T,19-21718669-A-T,19-21720942-G-A,19-21693672-T-G,19-21670135-T-G,19-21738138-T-C,19-21670122-T-A,19-21669524-A-C,19-21738391-C-T,19-21665637-T-C,19-21668124-T-A,19-21668126-C-A,19-21711501-C-T,19-21710881-A-G,19-21654986-C-CT,19-21658674-CT-C,19-21659517-C-T,19-21661515-C-T,19-21663255-C-T,19-21665080-G-A,19-21666652-G-A,19-21666759-C-T,19-21668320-T-C,19-21669048-CCTCT-C,19-21669832-G-A,19-21670924-A-G,19-21661652-T-C,19-21668948-T-C,19-21659168-T-C,19-21668135-G-A","ENSG00000197134,ENSG00000196705,ENSG00000172687,ENSG00000188171,ENSG00000268521,ENSG00000118620,ENSG00000196268,ENSG00000268555,ENSG00000268433,ENSG00000105750,ENSG00000288815,ENSG00000240522,ENSG00000196109,ENSG00000197013,ENSG00000268081,ENSG00000160352,ENSG00000198521,ENSG00000237440,ENSG00000160321,ENSG00000197020,ENSG00000182141","ENSG00000269885,ENSG00000269332,ENSG00000268079,ENSG00000268240,ENSG00000269136,ENSG00000268747,ENSG00000229676,ENSG00000118620,ENSG00000268326,ENSG00000269040,ENSG00000271095,ENSG00000269796,ENSG00000196268,ENSG00000268731,ENSG00000188171,ENSG00000182141,ENSG00000289297,ENSG00000196109,ENSG00000197020,ENSG00000269504,ENSG00000269742,ENSG00000197134,ENSG00000288815,ENSG00000160321,ENSG00000268081,ENSG00000268184,ENSG00000268597,ENSG00000279377,ENSG00000268685,ENSG00000105750,ENSG00000271149,ENSG00000269316,ENSG00000240522,ENSG00000270191,ENSG00000268598,ENSG00000271598,ENSG00000172687,ENSG00000268438,ENSG00000197360,ENSG00000160352,ENSG00000197013,ENSG00000237440,ENSG00000269845,ENSG00000269025,ENSG00000268038,ENSG00000268278,ENSG00000271182,ENSG00000279404,ENSG00000269364,ENSG00000269575,ENSG00000268433,ENSG00000268589,ENSG00000201035,ENSG00000269505,ENSG00000198521,ENSG00000269839,ENSG00000196705,ENSG00000268322,ENSG00000268117,ENSG00000269012,ENSG00000196350,ENSG00000268555,ENSG00000260599,ENSG00000268535,ENSG00000269615,ENSG00000198153,ENSG00000270947,ENSG00000268116,ENSG00000268892,ENSG00000242291,ENSG00000268521,ENSG00000268830,ENSG00000269373,ENSG00000269138,ENSG00000207397,ENSG00000270317,ENSG00000286157,ENSG00000267872,ENSG00000268717,ENSG00000268705",ENSG00000197013,Liver eQTLs,train
20019726100092196-92196000006403,chr6,"6-49536892-G-A,6-49535828-G-GTTA,6-49539699-ACTAT-A,6-49535530-T-TTG,6-49535524-GT-G,6-49535506-G-T,6-49539120-T-G,6-49540240-C-T,6-49530112-C-T,6-49530385-C-T,6-49533682-G-T,6-49535111-C-A,6-49535887-G-A,6-49535983-A-C,6-49536024-A-C,6-49536070-T-C,6-49536203-G-A,6-49537285-C-T,6-49537551-C-T,6-49537737-A-G,6-49537820-C-T,6-49537862-T-C,6-49538125-G-A,6-49538731-G-C,6-49538807-G-T,6-49539222-A-G,6-49539432-G-A,6-49539475-G-C,6-49539863-C-A,6-49540008-G-A,6-49545213-A-G,6-49536061-A-G,6-49536564-A-G,6-49537719-T-C,6-49538502-T-C,6-49536358-C-T,6-49532250-C-T,6-49538566-G-A,6-49527513-G-T,6-49547409-G-A,6-49557354-C-T","ENSG00000226733,ENSG00000197261,ENSG00000096006,ENSG00000031691,ENSG00000124490,ENSG00000112077,ENSG00000146085,ENSG00000203972","ENSG00000216998,ENSG00000226707,ENSG00000278736,ENSG00000214643,ENSG00000197261,ENSG00000233470,ENSG00000286405,ENSG00000124812,ENSG00000226733,ENSG00000287137,ENSG00000203970,ENSG00000096006,ENSG00000274867,ENSG00000218337,ENSG00000170950,ENSG00000203972,ENSG00000146085,ENSG00000031691,ENSG00000277043,ENSG00000180872,ENSG00000112077,ENSG00000252457,ENSG00000279127,ENSG00000271162,ENSG00000124490,ENSG00000217631,ENSG00000177684,ENSG00000214642,ENSG00000235122",ENSG00000197261,Liver eQTLs,train
20019727200092196-92196000002606,chr16,"16-28527221-C-T,16-28527221-C-T,16-28527326-G-A,16-28527326-G-A,16-28523144-T-C,16-28523144-T-C,16-28528781-G-A,16-28528781-G-A,16-28513530-C-T,16-28513530-C-T,16-28535834-G-A,16-28535834-G-A,16-28538640-A-G,16-28538640-A-G,16-28512524-A-G,16-28512524-A-G,16-28514854-G-T,16-28514854-G-T,16-28513068-ACT-A,16-28513068-ACT-A,16-28582941-C-A,16-28582941-C-A,16-28583362-A-G,16-28583362-A-G,16-28583610-C-T,16-28583610-C-T,16-28583865-C-T,16-28583865-C-T,16-28587389-T-C,16-28587389-T-C,16-28588443-C-T,16-28588443-C-T,16-28590030-G-A,16-28590030-G-A,16-28590862-C-T,16-28590862-C-T,16-28593347-T-C,16-28593347-T-C,16-28594549-A-G,16-28594549-A-G,16-28595700-A-G,16-28595700-A-G,16-28595810-C-G,16-28595810-C-G,16-28599411-A-G,16-28599411-A-G,16-28600201-G-GT,16-28600201-G-GT,16-28605915-T-A,16-28605915-T-A,16-28606160-G-T,16-28606160-G-T,16-28607070-A-G,16-28607070-A-G,16-28608230-G-A,16-28608230-G-A,16-28512371-A-C,16-28512371-A-C,16-28585636-C-T,16-28585636-C-T,16-28539386-G-A,16-28539386-G-A,16-28513403-A-G,16-28513403-A-G,16-28531287-A-G,16-28531287-A-G","ENSG00000178952,ENSG00000176476,ENSG00000197272,ENSG00000273582,ENSG00000169180,ENSG00000047578,ENSG00000169203,ENSG00000188603,ENSG00000196502,ENSG00000233232,ENSG00000205609,ENSG00000077235,ENSG00000213658,ENSG00000184730,ENSG00000289080,ENSG00000260413,ENSG00000254634,ENSG00000168488,ENSG00000260853,ENSG00000261089,ENSG00000275807,ENSG00000213648,ENSG00000169682,ENSG00000177455,ENSG00000277999,ENSG00000181625,ENSG00000176953,ENSG00000240634,ENSG00000196296,ENSG00000198156,ENSG00000177548,ENSG00000284685,ENSG00000260367,ENSG00000275441,ENSG00000260517,ENSG00000261766,ENSG00000254206,ENSG00000259807,ENSG00000289029,ENSG00000260953,ENSG00000184110,ENSG00000196796,ENSG00000188322,ENSG00000271699,ENSG00000197165,ENSG00000284671,ENSG00000178188,ENSG00000284649,ENSG00000279106","ENSG00000270424,ENSG00000197272,ENSG00000278340,ENSG00000261552,ENSG00000271699,ENSG00000197165,ENSG00000260517,ENSG00000260570,ENSG00000077235,ENSG00000260452,ENSG00000233232,ENSG00000275429,ENSG00000278078,ENSG00000176953,ENSG00000277999,ENSG00000259807,ENSG00000283662,ENSG00000168488,ENSG00000177455,ENSG00000257506,ENSG00000201371,ENSG00000261740,ENSG00000196796,ENSG00000260335,ENSG00000275441,ENSG00000279106,ENSG00000240634,ENSG00000270118,ENSG00000047578,ENSG00000188603,ENSG00000283845,ENSG00000200652,ENSG00000183336,ENSG00000289029,ENSG00000196296,ENSG00000284649,ENSG00000205609,ENSG00000169682,ENSG00000271623,ENSG00000176476,ENSG00000213648,ENSG00000284671,ENSG00000261419,ENSG00000284685,ENSG00000213658,ENSG00000261766,ENSG00000169180,ENSG00000254634,ENSG00000289080,ENSG00000260413,ENSG00000181625,ENSG00000184110,ENSG00000198156,ENSG00000260953,ENSG00000261089,ENSG00000271495,ENSG00000254206,ENSG00000196502,ENSG00000258150,ENSG00000200138,ENSG00000257691,ENSG00000275654,ENSG00000178952,ENSG00000260853,ENSG00000252461,ENSG00000260367,ENSG00000285020,ENSG00000277191,ENSG00000246465,ENSG00000278528,ENSG00000278665,ENSG00000273553,ENSG00000273582,ENSG00000177548,ENSG00000207266,ENSG00000184730,ENSG00000188322,ENSG00000275807,ENSG00000169203,ENSG00000212382,ENSG00000261736,ENSG00000178188,ENSG00000279228",ENSG00000197272,Liver eQTLs,train
20019734500092196-92196000001376,chr11,"11-68698762-G-T,11-68698762-G-T,11-68698996-C-T,11-68698996-C-T,11-68700424-C-T,11-68700424-C-T,11-68703959-A-G,11-68703959-A-G,11-68704264-C-T,11-68704264-C-T,11-68706848-G-A,11-68706848-G-A,11-68710438-G-GC,11-68710438-G-GC,11-68710847-C-A,11-68710847-C-A,11-68715675-G-A,11-68715675-G-A,11-68715820-CT-C,11-68715820-CT-C,11-68718288-G-GTC,11-68718288-G-GTC,11-68695144-T-G,11-68695144-T-G,11-68698663-A-C,11-68698663-A-C,11-68705504-G-T,11-68705504-G-T,11-68719284-T-C,11-68719284-T-C,11-68720011-G-A,11-68720011-G-A,11-68718669-G-T,11-68718669-G-T,11-68719221-C-T,11-68719221-C-T,11-68720767-C-G,11-68720767-C-G,11-68720915-A-G,11-68720915-A-G,11-68636362-G-A,11-68636362-G-A,11-68642974-C-T,11-68642974-C-T,11-68722162-C-T,11-68722162-C-T,11-68722694-C-T,11-68722694-C-T,11-68628553-G-A,11-68628553-G-A,11-68626294-C-T,11-68626294-C-T,11-68639481-C-T,11-68639481-C-T,11-68656077-T-C,11-68656077-T-C,11-68672800-G-C,11-68672800-G-C,11-68679868-G-T,11-68679868-G-T,11-68646146-T-A,11-68646146-T-A,11-68646845-G-A,11-68646845-G-A,11-68650064-G-A,11-68650064-G-A,11-68653432-A-C,11-68653432-A-C,11-68654774-C-T,11-68654774-C-T,11-68657734-C-T,11-68657734-C-T,11-68659488-G-A,11-68659488-G-A,11-68662076-A-T,11-68662076-A-T,11-68662167-C-T,11-68662167-C-T,11-68668208-A-G,11-68668208-A-G,11-68669496-T-A,11-68669496-T-A,11-68658298-C-G,11-68658298-C-G,11-68668437-C-A,11-68668437-C-A,11-68671104-A-G,11-68671104-A-G,11-68656769-T-C,11-68656769-T-C,11-68666054-C-T,11-68666054-C-T,11-68678718-G-T,11-68678718-G-T,11-68634138-G-GT,11-68634138-G-GT,11-68627938-C-T,11-68627938-C-T,11-68630282-T-A,11-68630282-T-A,11-68627912-G-A,11-68627912-G-A,11-68629478-A-C,11-68629478-A-C,11-68731122-A-G,11-68731122-A-G,11-68678634-C-T,11-68678634-C-T,11-68633358-T-C,11-68633358-T-C,11-68627939-A-G,11-68627939-A-G,11-68629929-G-A,11-68629929-G-A,11-68630874-T-C,11-68630874-T-C,11-68631240-G-T,11-68631240-G-T,11-68631704-T-C,11-68631704-T-C,11-68632225-T-C,11-68632225-T-C,11-68634722-G-A,11-68634722-G-A,11-68635120-C-A,11-68635120-C-A,11-68635623-G-C,11-68635623-G-C,11-68635623-G-C,11-68635623-G-C,11-68635770-C-A,11-68635770-C-A,11-68636996-A-G,11-68636996-A-G,11-68637086-AAAG-A,11-68637086-AAAG-A,11-68637169-G-A,11-68637169-G-A,11-68637476-C-G,11-68637476-C-G,11-68637737-G-C,11-68637737-G-C,11-68637808-G-A,11-68637808-G-A,11-68638058-G-T,11-68638058-G-T,11-68628298-C-A,11-68628298-C-A,11-68681653-A-G,11-68681653-A-G,11-68633826-G-A,11-68633826-G-A,11-68730729-A-G,11-68730729-A-G,11-68627535-T-C,11-68627535-T-C,11-68629509-A-AC,11-68629509-A-AC,11-68625875-T-C,11-68625875-T-C,11-68648691-T-TG,11-68648691-T-TG,11-68654182-G-T,11-68654182-G-T,11-68667198-A-C,11-68667198-A-C,11-68628743-A-G,11-68628743-A-G,11-68626405-A-G,11-68626405-A-G,11-68626639-A-T,11-68626639-A-T,11-68618439-AT-A,11-68618439-AT-A,11-68626194-CAAAA-C,11-68626194-CAAAA-C,11-68681769-A-AG,11-68681769-A-AG,11-68674203-G-A,11-68674203-G-A,11-68655063-C-A,11-68655063-C-A,11-68653232-C-T,11-68653232-C-T,11-68671280-G-GCCGCCGCCATCTTC,11-68671280-G-GCCGCCGCCATCTTC,11-68625286-T-G,11-68625286-T-G,11-68625809-C-T,11-68625809-C-T,11-68624483-C-G,11-68624483-C-G,11-68683570-A-AGGT,11-68683570-A-AGGT,11-68623978-C-T,11-68623978-C-T,11-68624118-G-C,11-68624118-G-C,11-68685776-T-A,11-68685776-T-A,11-68697336-T-C,11-68697336-T-C,11-68653267-CT-C,11-68653267-CT-C,11-68708731-C-T,11-68708731-C-T,11-68617886-A-G,11-68617886-A-G,11-68618182-T-C,11-68618182-T-C,11-68618279-C-T,11-68618279-C-T,11-68618964-T-G,11-68618964-T-G,11-68620271-C-T,11-68620271-C-T,11-68620849-C-T,11-68620849-C-T,11-68621003-T-C,11-68621003-T-C,11-68621806-G-C,11-68621806-G-C,11-68622456-A-G,11-68622456-A-G,11-68623228-T-G,11-68623228-T-G,11-68623712-A-G,11-68623712-A-G,11-68623092-C-CT,11-68623092-C-CT,11-68617022-A-G,11-68617022-A-G,11-68617477-AT-A,11-68617477-AT-A,11-68617477-AT-A,11-68617477-AT-A,11-68621440-C-T,11-68621440-C-T,11-68617987-A-G,11-68617987-A-G","ENSG00000110066,ENSG00000255774,ENSG00000260808,ENSG00000149716,ENSG00000285094,ENSG00000110717,ENSG00000197345,ENSG00000255236,ENSG00000110719,ENSG00000110057,ENSG00000172927,ENSG00000275022,ENSG00000255031,ENSG00000162341,ENSG00000260877,ENSG00000132749,ENSG00000255306,ENSG00000172935,ENSG00000286369,ENSG00000171067,ENSG00000110075,ENSG00000110092,ENSG00000006534,ENSG00000256508,ENSG00000162337,ENSG00000110721,ENSG00000251637,ENSG00000069482,ENSG00000255980,ENSG00000162344","ENSG00000197345,ENSG00000254856,ENSG00000254883,ENSG00000171067,ENSG00000227834,ENSG00000243672,ENSG00000255236,ENSG00000255306,ENSG00000285537,ENSG00000256508,ENSG00000261070,ENSG00000172927,ENSG00000260895,ENSG00000265539,ENSG00000255774,ENSG00000254850,ENSG00000110057,ENSG00000172938,ENSG00000184795,ENSG00000259854,ENSG00000284293,ENSG00000255031,ENSG00000132749,ENSG00000261347,ENSG00000255230,ENSG00000206587,ENSG00000254792,ENSG00000255147,ENSG00000255606,ENSG00000110719,ENSG00000260808,ENSG00000149716,ENSG00000227620,ENSG00000006534,ENSG00000275022,ENSG00000110075,ENSG00000251637,ENSG00000285094,ENSG00000235855,ENSG00000069482,ENSG00000110066,ENSG00000260877,ENSG00000162344,ENSG00000110717,ENSG00000172935,ENSG00000162341,ENSG00000110092,ENSG00000110721,ENSG00000286369,ENSG00000162337,ENSG00000255554,ENSG00000273819,ENSG00000255980,ENSG00000254610",ENSG00000197345,Liver eQTLs,train
20019736200092196-92196000006595,chr7,"7-148781070-G-C,7-148781070-G-C,7-148781247-G-A,7-148781247-G-A,7-148756738-G-A,7-148756738-G-A,7-148780287-C-A,7-148780287-C-A,7-148773226-G-T,7-148773226-G-T,7-148774433-T-A,7-148774433-T-A,7-148779618-G-A,7-148779618-G-A,7-148882616-C-CA,7-148882616-C-CA,7-148783743-T-C,7-148783743-T-C,7-148760501-C-T,7-148760501-C-T,7-148772323-T-C,7-148772323-T-C,7-148772837-C-CCTCAACCT,7-148772837-C-CCTCAACCT,7-148790591-G-A,7-148790591-G-A,7-148799125-G-A,7-148799125-G-A,7-148772066-C-CA,7-148772066-C-CA,7-148816722-A-T,7-148816722-A-T,7-148832652-C-T,7-148832652-C-T,7-148832750-GAAT-G,7-148832750-GAAT-G,7-148832774-G-A,7-148832774-G-A,7-148833836-A-G,7-148833836-A-G,7-148834670-C-T,7-148834670-C-T,7-148835506-T-C,7-148835506-T-C,7-148840772-C-T,7-148840772-C-T,7-148840794-C-T,7-148840794-C-T,7-148833216-AATTT-A,7-148833216-AATTT-A,7-148870026-A-G,7-148870026-A-G,7-148852434-C-A,7-148852434-C-A,7-148847606-G-A,7-148847606-G-A,7-148848257-T-C,7-148848257-T-C,7-148848358-G-A,7-148848358-G-A,7-148825826-C-G,7-148825826-C-G,7-148811725-A-G,7-148811725-A-G,7-148822062-A-G,7-148822062-A-G,7-148827117-C-T,7-148827117-C-T,7-148827865-G-A,7-148827865-G-A,7-148827909-T-C,7-148827909-T-C,7-148828637-G-A,7-148828637-G-A,7-148845773-G-A,7-148845773-G-A,7-148831621-A-G,7-148831621-A-G,7-148839840-G-C,7-148839840-G-C,7-148841793-A-G,7-148841793-A-G,7-148842403-C-G,7-148842403-C-G,7-148834780-C-T,7-148834780-C-T,7-148783936-CT-C,7-148783936-CT-C,7-148883647-A-C,7-148883647-A-C,7-148849502-G-A,7-148849502-G-A,7-148849656-T-A,7-148849656-T-A,7-148849680-C-T,7-148849680-C-T,7-148850621-G-A,7-148850621-G-A,7-148853424-C-T,7-148853424-C-T,7-148855891-A-G,7-148855891-A-G,7-148857624-A-T,7-148857624-A-T,7-148857795-T-C,7-148857795-T-C,7-148862041-C-T,7-148862041-C-T,7-148862284-C-T,7-148862284-C-T,7-148862863-A-G,7-148862863-A-G,7-148863414-CAGCTCCA-C,7-148863414-CAGCTCCA-C,7-148863674-C-G,7-148863674-C-G,7-148864233-A-C,7-148864233-A-C,7-148864757-T-C,7-148864757-T-C,7-148864852-G-A,7-148864852-G-A,7-148864924-T-C,7-148864924-T-C,7-148865707-C-G,7-148865707-C-G,7-148866173-T-C,7-148866173-T-C,7-148872351-T-G,7-148872351-T-G,7-148874666-G-A,7-148874666-G-A,7-148875379-G-A,7-148875379-G-A,7-148877029-TGACTA-T,7-148877029-TGACTA-T,7-148879134-A-T,7-148879134-A-T,7-148879951-C-A,7-148879951-C-A,7-148884083-A-G,7-148884083-A-G,7-148765687-A-G,7-148765687-A-G,7-148870108-G-A,7-148870108-G-A,7-148847178-G-A,7-148847178-G-A,7-148854915-T-C,7-148854915-T-C,7-148854132-A-T,7-148854132-A-T,7-148852080-TA-T,7-148852080-TA-T,7-148764182-C-T,7-148764182-C-T,7-148774869-C-T,7-148774869-C-T,7-148778355-C-A,7-148778355-C-A,7-148779032-T-C,7-148779032-T-C,7-148763702-T-C,7-148763702-T-C,7-148825918-T-G,7-148825918-T-G,7-148826309-G-T,7-148826309-G-T,7-148826368-T-C,7-148826368-T-C,7-148830888-A-G,7-148830888-A-G,7-148868080-C-T,7-148868080-C-T,7-148829566-A-G,7-148829566-A-G,7-148796559-CT-C,7-148796559-CT-C,7-148874112-T-G,7-148874112-T-G,7-148849942-T-C,7-148849942-T-C,7-148852444-A-G,7-148852444-A-G,7-148771970-T-C,7-148771970-T-C,7-148786228-T-C,7-148786228-T-C,7-148792515-T-C,7-148792515-T-C,7-148795522-C-T,7-148795522-C-T,7-148795685-C-T,7-148795685-C-T,7-148796048-G-A,7-148796048-G-A,7-148796253-C-T,7-148796253-C-T,7-148796707-G-A,7-148796707-G-A,7-148797255-C-G,7-148797255-C-G,7-148799338-C-T,7-148799338-C-T,7-148859342-C-T,7-148859342-C-T,7-148862516-C-G,7-148862516-C-G,7-148869915-A-G,7-148869915-A-G,7-148870411-T-C,7-148870411-T-C,7-148877737-T-C,7-148877737-T-C,7-148880299-T-TTCTC,7-148880299-T-TTCTC,7-148880299-T-TTCTC,7-148880299-T-TTCTC,7-148871779-A-G,7-148871779-A-G,7-148801658-C-T,7-148801658-C-T,7-148803017-G-A,7-148803017-G-A,7-148806012-C-T,7-148806012-C-T,7-148807120-C-T,7-148807120-C-T,7-148807437-C-G,7-148807437-C-G,7-148810282-G-A,7-148810282-G-A,7-148816081-C-G,7-148816081-C-G,7-148796080-C-A,7-148796080-C-A,7-148796080-C-A,7-148796080-C-A,7-148758885-A-G,7-148758885-A-G,7-148795879-C-T,7-148795879-C-T,7-148819519-T-C,7-148819519-T-C,7-148822247-G-C,7-148822247-G-C,7-148822266-A-G,7-148822266-A-G,7-148805282-T-C,7-148805282-T-C,7-148806729-A-G,7-148806729-A-G,7-148809054-A-G,7-148809054-A-G,7-148810032-T-C,7-148810032-T-C,7-148810304-A-T,7-148810304-A-T,7-148780658-A-G,7-148780658-A-G,7-148780659-A-T,7-148780659-A-T,7-148795985-A-G,7-148795985-A-G,7-148846775-T-A,7-148846775-T-A,7-148846775-T-A,7-148846775-T-A,7-148838548-C-T,7-148838548-C-T,7-148804446-C-T,7-148804446-C-T,7-148784495-A-G,7-148784495-A-G,7-148801091-G-A,7-148801091-G-A,7-148761994-T-TCA,7-148761994-T-TCA,7-148775001-T-C,7-148775001-T-C,7-148793586-A-G,7-148793586-A-G,7-148794442-T-G,7-148794442-T-G,7-148803529-G-C,7-148803529-G-C,7-148808369-T-C,7-148808369-T-C,7-148810865-A-G,7-148810865-A-G,7-148812322-A-G,7-148812322-A-G,7-148813138-G-C,7-148813138-G-C,7-148869277-G-A,7-148869277-G-A,7-148886039-A-AT,7-148886039-A-AT,7-148886058-C-T,7-148886058-C-T","ENSG00000197024,ENSG00000133619,ENSG00000170260,ENSG00000106479,ENSG00000271664,ENSG00000204946,ENSG00000281189,ENSG00000155660,ENSG00000181444,ENSG00000273314,ENSG00000273419,ENSG00000240877,ENSG00000197558,ENSG00000181220,ENSG00000197362,ENSG00000170265,ENSG00000280149,ENSG00000286180,ENSG00000279536,ENSG00000055130,ENSG00000204934,ENSG00000171130,ENSG00000106462,ENSG00000133624,ENSG00000196453,ENSG00000204947","ENSG00000196453,ENSG00000155660,ENSG00000231397,ENSG00000197558,ENSG00000239468,ENSG00000286171,ENSG00000202354,ENSG00000243374,ENSG00000213209,ENSG00000201098,ENSG00000197024,ENSG00000181444,ENSG00000283504,ENSG00000240877,ENSG00000133619,ENSG00000170265,ENSG00000197362,ENSG00000133624,ENSG00000242266,ENSG00000281189,ENSG00000251936,ENSG00000287636,ENSG00000207318,ENSG00000228151,ENSG00000270200,ENSG00000280149,ENSG00000170279,ENSG00000271664,ENSG00000171130,ENSG00000106462,ENSG00000275586,ENSG00000215311,ENSG00000252316,ENSG00000273314,ENSG00000204934,ENSG00000283648,ENSG00000170260,ENSG00000199370,ENSG00000286180,ENSG00000055130,ENSG00000213210,ENSG00000204947,ENSG00000274133,ENSG00000251712,ENSG00000273419,ENSG00000181220,ENSG00000106479,ENSG00000202528,ENSG00000204946,ENSG00000279536,ENSG00000234565",ENSG00000197362,Liver eQTLs,train
20019737200092196-92196000003542,chr19,"19-23870110-G-T,19-23879679-G-A,19-23828364-C-A,19-23805345-C-G,19-23907630-G-T,19-23831811-A-G","ENSG00000213096,ENSG00000167232,ENSG00000279425,ENSG00000269421,ENSG00000284428,ENSG00000268442,ENSG00000288920,ENSG00000267934,ENSG00000213967,ENSG00000269397,ENSG00000276030,ENSG00000197372,ENSG00000269837,ENSG00000196081,ENSG00000196172,ENSG00000268362","ENSG00000269397,ENSG00000196172,ENSG00000268992,ENSG00000268148,ENSG00000275201,ENSG00000213967,ENSG00000197372,ENSG00000268469,ENSG00000268296,ENSG00000267886,ENSG00000287399,ENSG00000267924,ENSG00000267920,ENSG00000240231,ENSG00000233836,ENSG00000268442,ENSG00000271661,ENSG00000267934,ENSG00000269471,ENSG00000268794,ENSG00000167232,ENSG00000288920,ENSG00000284428,ENSG00000268362,ENSG00000269662,ENSG00000213096,ENSG00000276030,ENSG00000268100,ENSG00000269320,ENSG00000269543,ENSG00000261615,ENSG00000268105,ENSG00000269837,ENSG00000201966,ENSG00000261558,ENSG00000196081,ENSG00000279425,ENSG00000270479,ENSG00000269421,ENSG00000269431,ENSG00000268908,ENSG00000277493,ENSG00000269416,ENSG00000183850,ENSG00000269458,ENSG00000268455",ENSG00000197372,Liver eQTLs,train
20019755800092196-92196000006600,chr7,"7-149528262-C-T,7-149521183-G-A,7-149529255-CTT-C,7-149528392-C-T,7-149514651-C-G,7-149515775-C-G,7-149515796-C-T,7-149516173-T-TA,7-149516881-G-T,7-149513152-C-T,7-149515103-C-T,7-149511509-G-A,7-149513395-G-T,7-149521544-C-T,7-149522162-G-T,7-149512177-C-T,7-149519184-C-T","ENSG00000240877,ENSG00000155660,ENSG00000170260,ENSG00000106538,ENSG00000106560,ENSG00000188707,ENSG00000204947,ENSG00000127399,ENSG00000002726,ENSG00000179144,ENSG00000197362,ENSG00000289470,ENSG00000204946,ENSG00000106479,ENSG00000002933,ENSG00000279536,ENSG00000204934,ENSG00000240449,ENSG00000133624,ENSG00000273419,ENSG00000271664,ENSG00000280149,ENSG00000281189,ENSG00000214022,ENSG00000171115,ENSG00000170265,ENSG00000196329,ENSG00000106526,ENSG00000171130,ENSG00000181444,ENSG00000106565,ENSG00000286180,ENSG00000244560,ENSG00000284691,ENSG00000106462,ENSG00000213203,ENSG00000242258,ENSG00000133561,ENSG00000197558,ENSG00000197024,ENSG00000133619,ENSG00000133574,ENSG00000196456,ENSG00000286912,ENSG00000261305,ENSG00000196453,ENSG00000181220","ENSG00000279536,ENSG00000002726,ENSG00000188707,ENSG00000197558,ENSG00000284691,ENSG00000242258,ENSG00000106565,ENSG00000240877,ENSG00000273419,ENSG00000106538,ENSG00000197024,ENSG00000240449,ENSG00000213203,ENSG00000287636,ENSG00000280149,ENSG00000179144,ENSG00000002933,ENSG00000273011,ENSG00000106560,ENSG00000261305,ENSG00000133619,ENSG00000215311,ENSG00000197362,ENSG00000213205,ENSG00000204934,ENSG00000201098,ENSG00000181220,ENSG00000289470,ENSG00000133574,ENSG00000286180,ENSG00000204946,ENSG00000133561,ENSG00000106462,ENSG00000196329,ENSG00000286171,ENSG00000196456,ENSG00000213210,ENSG00000286912,ENSG00000202528,ENSG00000106479,ENSG00000213209,ENSG00000170279,ENSG00000252316,ENSG00000155660,ENSG00000273293,ENSG00000106526,ENSG00000202354,ENSG00000228151,ENSG00000181444,ENSG00000170260,ENSG00000283648,ENSG00000251712,ENSG00000204947,ENSG00000275586,ENSG00000171130,ENSG00000276538,ENSG00000239468,ENSG00000281189,ENSG00000133624,ENSG00000231397,ENSG00000214022,ENSG00000270200,ENSG00000234565,ENSG00000171115,ENSG00000244560,ENSG00000196453,ENSG00000127399,ENSG00000271582,ENSG00000170265,ENSG00000271664",ENSG00000197558,Liver eQTLs,train
20019756200092196-92196000002754,chr16,16-673430-G-A,"ENSG00000007376,ENSG00000185615,ENSG00000161981,ENSG00000172366,ENSG00000188536,ENSG00000103326,ENSG00000257108,ENSG00000277010,ENSG00000242612,ENSG00000103269,ENSG00000274751,ENSG00000007392,ENSG00000262528,ENSG00000103253,ENSG00000103202,ENSG00000206172,ENSG00000287855,ENSG00000103260,ENSG00000007520,ENSG00000260807,ENSG00000260710,ENSG00000102854,ENSG00000228201,ENSG00000276931,ENSG00000197562,ENSG00000116176,ENSG00000103249,ENSG00000261505,ENSG00000197253,ENSG00000103266,ENSG00000280231,ENSG00000127578,ENSG00000172236,ENSG00000236829,ENSG00000007545,ENSG00000005513,ENSG00000260403,ENSG00000167930,ENSG00000129925,ENSG00000086504,ENSG00000095917,ENSG00000269482,ENSG00000086506,ENSG00000260022,ENSG00000268836,ENSG00000127585,ENSG00000100726,ENSG00000059145,ENSG00000162004,ENSG00000131634,ENSG00000127586,ENSG00000007541,ENSG00000090581,ENSG00000260284,ENSG00000103245,ENSG00000197599,ENSG00000140983,ENSG00000103227,ENSG00000007516,ENSG00000206177,ENSG00000161980,ENSG00000007384,ENSG00000280327,ENSG00000127580,ENSG00000196557,ENSG00000226942,ENSG00000103152,ENSG00000187535,ENSG00000242173,ENSG00000076344,ENSG00000228779,ENSG00000174109,ENSG00000277142,ENSG00000103126,ENSG00000103148,ENSG00000279930,ENSG00000130731,ENSG00000260425,ENSG00000103254,ENSG00000260646,ENSG00000103275,ENSG00000161996,ENSG00000260051,ENSG00000260394,ENSG00000234769,ENSG00000090565","ENSG00000274751,ENSG00000090581,ENSG00000234769,ENSG00000130731,ENSG00000196364,ENSG00000185615,ENSG00000206177,ENSG00000260710,ENSG00000277010,ENSG00000007520,ENSG00000103269,ENSG00000260182,ENSG00000086506,ENSG00000279930,ENSG00000197599,ENSG00000266235,ENSG00000161980,ENSG00000260532,ENSG00000261294,ENSG00000260807,ENSG00000273551,ENSG00000140983,ENSG00000268836,ENSG00000162004,ENSG00000257108,ENSG00000103245,ENSG00000260989,ENSG00000172236,ENSG00000219274,ENSG00000086504,ENSG00000262528,ENSG00000103227,ENSG00000280231,ENSG00000129925,ENSG00000102854,ENSG00000161992,ENSG00000103152,ENSG00000276931,ENSG00000103260,ENSG00000226890,ENSG00000231439,ENSG00000242173,ENSG00000260991,ENSG00000127580,ENSG00000127585,ENSG00000228201,ENSG00000259840,ENSG00000007541,ENSG00000196557,ENSG00000260132,ENSG00000131634,ENSG00000130656,ENSG00000260702,ENSG00000219027,ENSG00000103253,ENSG00000206168,ENSG00000103148,ENSG00000260022,ENSG00000103254,ENSG00000161996,ENSG00000103326,ENSG00000261564,ENSG00000275438,ENSG00000090565,ENSG00000116176,ENSG00000076344,ENSG00000207243,ENSG00000242612,ENSG00000095917,ENSG00000279136,ENSG00000172366,ENSG00000206172,ENSG00000226942,ENSG00000127578,ENSG00000007545,ENSG00000197562,ENSG00000127588,ENSG00000103126,ENSG00000260496,ENSG00000206178,ENSG00000188536,ENSG00000103266,ENSG00000280327,ENSG00000007376,ENSG00000007384,ENSG00000261430,ENSG00000260646,ENSG00000277142,ENSG00000103249,ENSG00000287855,ENSG00000007516,ENSG00000278995,ENSG00000187535,ENSG00000225323,ENSG00000230428,ENSG00000269482,ENSG00000261659,ENSG00000266124,ENSG00000103202,ENSG00000007392,ENSG00000174109,ENSG00000100726,ENSG00000167930,ENSG00000162006,ENSG00000278739,ENSG00000228779,ENSG00000184471,ENSG00000260051,ENSG00000127586,ENSG00000261505,ENSG00000103275,ENSG00000260394,ENSG00000260425,ENSG00000236829,ENSG00000005513,ENSG00000260403,ENSG00000201034,ENSG00000197253,ENSG00000161981,ENSG00000059145,ENSG00000260284",ENSG00000197562,Liver eQTLs,train
20019758000092196-92196000001104,chr11,"11-112037384-A-G,11-112037384-A-G,11-112034725-G-A,11-112034725-G-A,11-112034988-C-G,11-112034988-C-G,11-112036149-A-G,11-112036149-A-G,11-112037653-G-A,11-112037653-G-A,11-112047456-A-T,11-112047456-A-T,11-112050326-A-T,11-112050326-A-T,11-112042197-C-T,11-112042197-C-T,11-112037554-C-A,11-112037554-C-A,11-112034739-A-C,11-112034739-A-C,11-112058276-C-T,11-112058276-C-T,11-112070174-G-A,11-112070174-G-A,11-112080424-T-C,11-112080424-T-C,11-112081208-A-C,11-112081208-A-C,11-112084061-T-C,11-112084061-T-C,11-112059277-C-T,11-112059277-C-T,11-112061441-T-A,11-112061441-T-A,11-112068758-G-A,11-112068758-G-A,11-112058408-G-A,11-112058408-G-A,11-112059715-T-C,11-112059715-T-C,11-112063254-C-T,11-112063254-C-T,11-112068285-A-G,11-112068285-A-G,11-112057306-A-G,11-112057306-A-G,11-112068593-G-A,11-112068593-G-A,11-112052071-A-AT,11-112052071-A-AT,11-112076587-G-C,11-112076587-G-C,11-112084619-A-C,11-112084619-A-C,11-112071880-AT-A,11-112071880-AT-A,11-112085019-G-A,11-112085019-G-A","ENSG00000150783,ENSG00000150776,ENSG00000196167,ENSG00000137713,ENSG00000109846,ENSG00000149300,ENSG00000170276,ENSG00000150779,ENSG00000255561,ENSG00000110777,ENSG00000137720,ENSG00000170145,ENSG00000214290,ENSG00000150764,ENSG00000250303,ENSG00000150768,ENSG00000197580,ENSG00000204381,ENSG00000086848,ENSG00000150773,ENSG00000254990,ENSG00000150782,ENSG00000230911,ENSG00000204370,ENSG00000235286,ENSG00000149294","ENSG00000254980,ENSG00000235286,ENSG00000264032,ENSG00000206772,ENSG00000150764,ENSG00000287028,ENSG00000255093,ENSG00000150768,ENSG00000204381,ENSG00000270202,ENSG00000271390,ENSG00000223324,ENSG00000150776,ENSG00000149294,ENSG00000170145,ENSG00000255484,ENSG00000207811,ENSG00000137713,ENSG00000287006,ENSG00000238444,ENSG00000149300,ENSG00000230911,ENSG00000254949,ENSG00000183644,ENSG00000247416,ENSG00000286028,ENSG00000137707,ENSG00000288097,ENSG00000188771,ENSG00000150782,ENSG00000254626,ENSG00000255334,ENSG00000109846,ENSG00000250303,ENSG00000150773,ENSG00000271584,ENSG00000196167,ENSG00000150779,ENSG00000170276,ENSG00000255561,ENSG00000150783,ENSG00000271025,ENSG00000137720,ENSG00000253099,ENSG00000254638,ENSG00000213233,ENSG00000150750,ENSG00000204370,ENSG00000254990,ENSG00000255428,ENSG00000254450,ENSG00000255286,ENSG00000212397,ENSG00000197580,ENSG00000238998,ENSG00000288070,ENSG00000238965,ENSG00000214290,ENSG00000086848,ENSG00000110777,ENSG00000285769",ENSG00000197580,Liver eQTLs,train
20019759900092196-92196000002541,chr16,"16-1476465-A-G,16-1470901-AG-A,16-1473250-G-A,16-1477836-A-G,16-1468977-C-T,16-1486462-C-T,16-1457158-G-A,16-1464636-A-C,16-1483053-A-C,16-1487131-G-A,16-1453043-G-A,16-1454171-T-C,16-1455486-G-A,16-1456935-TA-T,16-1459414-A-AT,16-1462535-C-G,16-1466171-G-A,16-1466299-G-C,16-1466331-A-G,16-1444729-T-G,16-1471885-A-G,16-1456665-G-T,16-1481865-C-G,16-1442466-T-C,16-1458561-T-C,16-1472101-A-G,16-1472295-C-A,16-1472856-A-C,16-1454082-T-C,16-1483825-T-C,16-1483540-G-T,16-1455900-C-T,16-1458381-G-C","ENSG00000197562,ENSG00000205937,ENSG00000179580,ENSG00000008710,ENSG00000116176,ENSG00000103275,ENSG00000127580,ENSG00000198736,ENSG00000102854,ENSG00000260646,ENSG00000187535,ENSG00000103197,ENSG00000274751,ENSG00000065054,ENSG00000280327,ENSG00000065057,ENSG00000183751,ENSG00000172236,ENSG00000095906,ENSG00000277142,ENSG00000277010,ENSG00000261790,ENSG00000140988,ENSG00000140983,ENSG00000167964,ENSG00000130731,ENSG00000007516,ENSG00000260022,ENSG00000007376,ENSG00000127561,ENSG00000005513,ENSG00000140986,ENSG00000162004,ENSG00000099769,ENSG00000197774,ENSG00000259933,ENSG00000260425,ENSG00000196557,ENSG00000280231,ENSG00000103245,ENSG00000140990,ENSG00000161999,ENSG00000167968,ENSG00000138834,ENSG00000059145,ENSG00000184207,ENSG00000131653,ENSG00000103266,ENSG00000103227,ENSG00000197253,ENSG00000162039,ENSG00000167967,ENSG00000260403,ENSG00000262528,ENSG00000131634,ENSG00000090581,ENSG00000127585,ENSG00000287855,ENSG00000127554,ENSG00000127578,ENSG00000180185,ENSG00000260394,ENSG00000007520,ENSG00000278987,ENSG00000174109,ENSG00000103253,ENSG00000182685,ENSG00000103326,ENSG00000260710,ENSG00000161996,ENSG00000063854,ENSG00000276931,ENSG00000261663,ENSG00000103269,ENSG00000074071,ENSG00000167969,ENSG00000261505,ENSG00000275092,ENSG00000183971,ENSG00000100726,ENSG00000228201,ENSG00000167972,ENSG00000260284,ENSG00000260260,ENSG00000255513,ENSG00000103260,ENSG00000127586,ENSG00000007545,ENSG00000206053,ENSG00000007541,ENSG00000255198,ENSG00000261123,ENSG00000103024,ENSG00000167962,ENSG00000260778,ENSG00000095917,ENSG00000257108,ENSG00000167965,ENSG00000207405,ENSG00000172366,ENSG00000260807,ENSG00000103254,ENSG00000197599","ENSG00000196408,ENSG00000103275,ENSG00000260496,ENSG00000090581,ENSG00000260702,ENSG00000007541,ENSG00000261294,ENSG00000197562,ENSG00000196557,ENSG00000260989,ENSG00000074071,ENSG00000196364,ENSG00000283180,ENSG00000261564,ENSG00000130731,ENSG00000228201,ENSG00000261663,ENSG00000197599,ENSG00000261659,ENSG00000184471,ENSG00000275092,ENSG00000260394,ENSG00000274751,ENSG00000287855,ENSG00000103227,ENSG00000260710,ENSG00000182685,ENSG00000162032,ENSG00000138834,ENSG00000180185,ENSG00000260022,ENSG00000200059,ENSG00000127578,ENSG00000127561,ENSG00000162006,ENSG00000284008,ENSG00000260260,ENSG00000140983,ENSG00000255198,ENSG00000265820,ENSG00000116176,ENSG00000127580,ENSG00000008710,ENSG00000174109,ENSG00000103024,ENSG00000127585,ENSG00000280327,ENSG00000131653,ENSG00000007376,ENSG00000103253,ENSG00000161996,ENSG00000261430,ENSG00000261790,ENSG00000266643,ENSG00000206053,ENSG00000100726,ENSG00000065054,ENSG00000219027,ENSG00000099769,ENSG00000261505,ENSG00000275438,ENSG00000102854,ENSG00000103326,ENSG00000205937,ENSG00000167965,ENSG00000276931,ENSG00000279136,ENSG00000264004,ENSG00000226890,ENSG00000259947,ENSG00000127586,ENSG00000167969,ENSG00000259840,ENSG00000161999,ENSG00000007520,ENSG00000257108,ENSG00000197774,ENSG00000261240,ENSG00000260284,ENSG00000179580,ENSG00000059145,ENSG00000277602,ENSG00000197253,ENSG00000260991,ENSG00000221656,ENSG00000264397,ENSG00000219274,ENSG00000281219,ENSG00000095906,ENSG00000285970,ENSG00000260182,ENSG00000172236,ENSG00000277010,ENSG00000007516,ENSG00000167968,ENSG00000280231,ENSG00000261399,ENSG00000063854,ENSG00000260646,ENSG00000140986,ENSG00000167964,ENSG00000162004,ENSG00000127588,ENSG00000103245,ENSG00000266235,ENSG00000273551,ENSG00000162039,ENSG00000167972,ENSG00000260425,ENSG00000005513,ENSG00000140988,ENSG00000103266,ENSG00000187535,ENSG00000183751,ENSG00000278987,ENSG00000065057,ENSG00000183971,ENSG00000167962,ENSG00000095917,ENSG00000172366,ENSG00000260132,ENSG00000260778,ENSG00000167967,ENSG00000265867,ENSG00000127554,ENSG00000259780,ENSG00000103197,ENSG00000131634,ENSG00000207405,ENSG00000260532,ENSG00000260807,ENSG00000140990,ENSG00000184207,ENSG00000277142,ENSG00000274805,ENSG00000103269,ENSG00000103254,ENSG00000255513,ENSG00000259933,ENSG00000260403,ENSG00000198736,ENSG00000161992,ENSG00000103260,ENSG00000266124,ENSG00000262528,ENSG00000007545,ENSG00000261123",ENSG00000197599,Liver eQTLs,train
20019772800092196-92196000001734,chr12,"12-56384804-G-A,12-56372558-CT-C,12-56389293-T-C,12-56393337-C-G,12-56379427-G-C,12-56379060-A-T,12-56435929-C-G,12-56401085-G-A,12-56470625-C-T,12-56394954-A-G,12-56473808-T-C,12-56478002-A-C,12-56477694-A-T,12-56478658-A-C,12-56469185-C-T","ENSG00000139540,ENSG00000065361,ENSG00000025423,ENSG00000135437,ENSG00000181852,ENSG00000196465,ENSG00000139645,ENSG00000197728,ENSG00000175336,ENSG00000123411,ENSG00000176422,ENSG00000166863,ENSG00000065357,ENSG00000092841,ENSG00000076067,ENSG00000166860,ENSG00000170439,ENSG00000076108,ENSG00000139641,ENSG00000273890,ENSG00000257509,ENSG00000135392,ENSG00000205323,ENSG00000111540,ENSG00000110944,ENSG00000257576,ENSG00000241217,ENSG00000110958,ENSG00000185664,ENSG00000135473,ENSG00000135517,ENSG00000139547,ENSG00000170581,ENSG00000123342,ENSG00000135482,ENSG00000170515,ENSG00000135441,ENSG00000135424,ENSG00000135423,ENSG00000179899,ENSG00000198056,ENSG00000237493,ENSG00000139613,ENSG00000135469,ENSG00000258056,ENSG00000257740,ENSG00000111602,ENSG00000166856,ENSG00000135404,ENSG00000229117,ENSG00000135414,ENSG00000257727,ENSG00000170473,ENSG00000123353,ENSG00000139579,ENSG00000170426,ENSG00000258679,ENSG00000276272,ENSG00000123374,ENSG00000258260,ENSG00000196531,ENSG00000110955,ENSG00000257303,ENSG00000062485,ENSG00000258317,ENSG00000182796","ENSG00000135414,ENSG00000201579,ENSG00000065357,ENSG00000123342,ENSG00000135473,ENSG00000170581,ENSG00000166860,ENSG00000196465,ENSG00000182796,ENSG00000229117,ENSG00000252206,ENSG00000258056,ENSG00000257303,ENSG00000092841,ENSG00000197728,ENSG00000135404,ENSG00000257809,ENSG00000179615,ENSG00000259099,ENSG00000181852,ENSG00000166863,ENSG00000170515,ENSG00000139540,ENSG00000123374,ENSG00000205323,ENSG00000257727,ENSG00000276272,ENSG00000257509,ENSG00000139579,ENSG00000196531,ENSG00000139613,ENSG00000175336,ENSG00000135423,ENSG00000258679,ENSG00000110958,ENSG00000139641,ENSG00000065361,ENSG00000272837,ENSG00000135517,ENSG00000170426,ENSG00000166856,ENSG00000184954,ENSG00000201198,ENSG00000111602,ENSG00000241217,ENSG00000257576,ENSG00000179695,ENSG00000110955,ENSG00000185664,ENSG00000170439,ENSG00000170473,ENSG00000139645,ENSG00000274823,ENSG00000237493,ENSG00000258907,ENSG00000025423,ENSG00000273536,ENSG00000139547,ENSG00000205327,ENSG00000258345,ENSG00000207031,ENSG00000076108,ENSG00000179899,ENSG00000258317,ENSG00000175398,ENSG00000198056,ENSG00000135469,ENSG00000221365,ENSG00000062485,ENSG00000135482,ENSG00000110944,ENSG00000234670,ENSG00000135424,ENSG00000258816,ENSG00000179626,ENSG00000176422,ENSG00000273890,ENSG00000135392,ENSG00000123411,ENSG00000258763,ENSG00000257449,ENSG00000258921,ENSG00000272937,ENSG00000270458,ENSG00000258260,ENSG00000135437,ENSG00000257740,ENSG00000135441,ENSG00000278400,ENSG00000123353,ENSG00000212383,ENSG00000076067,ENSG00000111540,ENSG00000257384,ENSG00000257569",ENSG00000197728,Liver eQTLs,train
20019788800092196-92196000005593,chr4,4-69491183-G-T,"ENSG00000033178,ENSG00000162840,ENSG00000251685,ENSG00000249956,ENSG00000251424,ENSG00000135220,ENSG00000197888,ENSG00000198277,ENSG00000250376,ENSG00000171234,ENSG00000135226,ENSG00000196620,ENSG00000213759,ENSG00000251177,ENSG00000248886,ENSG00000185873,ENSG00000083896,ENSG00000250656,ENSG00000248049,ENSG00000270292,ENSG00000109181,ENSG00000250696,ENSG00000270228,ENSG00000156096","ENSG00000213759,ENSG00000135222,ENSG00000205649,ENSG00000126549,ENSG00000083896,ENSG00000196620,ENSG00000268209,ENSG00000249890,ENSG00000249686,ENSG00000109208,ENSG00000249956,ENSG00000156096,ENSG00000135220,ENSG00000249735,ENSG00000249763,ENSG00000033178,ENSG00000126550,ENSG00000249235,ENSG00000251691,ENSG00000171201,ENSG00000251424,ENSG00000185873,ENSG00000251529,ENSG00000271271,ENSG00000135226,ENSG00000171209,ENSG00000250656,ENSG00000251489,ENSG00000109205,ENSG00000248049,ENSG00000251427,ENSG00000187533,ENSG00000248547,ENSG00000250566,ENSG00000250612,ENSG00000251236,ENSG00000126545,ENSG00000145309,ENSG00000251284,ENSG00000251685,ENSG00000250100,ENSG00000234124,ENSG00000270228,ENSG00000248613,ENSG00000162840,ENSG00000250828,ENSG00000250376,ENSG00000248824,ENSG00000236959,ENSG00000251177,ENSG00000109181,ENSG00000198277,ENSG00000250696,ENSG00000197888,ENSG00000249985,ENSG00000250277,ENSG00000173610,ENSG00000270292,ENSG00000171234,ENSG00000251498,ENSG00000248886,ENSG00000248763",ENSG00000197888,Liver eQTLs,train
20019789400092196-92196000005374,chr4,"4-100039651-GT-G,4-100020481-A-G,4-100006645-A-G,4-100007434-T-TATATC,4-100008494-T-C,4-100012261-G-A,4-100014976-G-A,4-100016033-A-G,4-100017164-G-A,4-100017933-A-T,4-100019811-C-T,4-100020435-C-CAGTT,4-100021253-G-C,4-100034337-A-G,4-100035681-G-T,4-100038204-A-G,4-100039847-T-A,4-100039953-T-G,4-100012425-T-G,4-100014510-T-C,4-100015699-T-C,4-100016201-T-G,4-100016899-A-G,4-100018211-G-C,4-100019960-T-TC,4-100021787-A-G,4-100023811-T-A,4-100024696-A-AT,4-100025151-T-A,4-100026671-A-G,4-100027584-A-G,4-100031889-C-T,4-100038571-T-C,4-100038682-T-G,4-100039032-G-C,4-100040914-A-T,4-100008332-G-C,4-100012303-T-G,4-100012999-T-C,4-100016760-A-G,4-100017142-G-A,4-100017385-T-C,4-100018169-T-A,4-100020946-T-C,4-100022724-G-A,4-100025963-T-C,4-100030583-G-A,4-100033574-C-T,4-100034841-T-C,4-100037512-A-C,4-100038609-A-G,4-100040653-C-T,4-100040765-C-T,4-100008750-G-A,4-100012612-A-G,4-100015485-C-T,4-100015918-G-T,4-100017093-G-A,4-100017386-G-A,4-100018039-C-T,4-100019517-A-T,4-100020028-G-A,4-100020476-C-T,4-100020944-T-C,4-100022571-T-C,4-100022910-G-T,4-100023944-T-C,4-100024322-C-G,4-100026098-C-T,4-100026332-T-C,4-100027179-A-G,4-100027878-A-G,4-100028519-A-G,4-100030354-A-G,4-100030461-T-C,4-100032168-C-G,4-100034477-T-C,4-100034997-A-G,4-100039313-T-TA,4-100039499-G-C,4-100039549-G-A,4-100039620-G-A,4-100040652-G-A,4-100040695-A-G,4-100022331-GA-G,4-100035282-T-G,4-100032520-A-G,4-100032517-C-T,4-100028886-A-G,4-100024464-TA-T,4-100029684-A-G,4-100018492-G-C,4-100031801-A-G,4-100005538-C-T,4-100039422-GAAACA-G,4-100028699-G-A,4-100018892-A-C,4-100023051-G-A,4-100023052-G-A,4-100038996-A-G,4-100018947-T-TTCCTCCA,4-100042103-C-G,4-100041706-C-T,4-100034303-C-T,4-100039535-A-T,4-100055531-G-GTATA,4-100058337-G-A,4-100058339-C-T,4-100058104-ATT-A,4-100058288-T-TA,4-100058290-T-TA,4-100044095-G-T,4-100044111-A-G,4-100044113-G-C,4-100047433-C-T,4-100048999-A-G,4-100048982-C-CA,4-100053782-T-A,4-100058121-C-T,4-100059568-G-T,4-100060490-A-T,4-100061837-G-A,4-100062216-G-A,4-100046654-G-C,4-100046823-A-G,4-100048809-G-A,4-100048951-G-C,4-100049352-A-G,4-100049528-G-A,4-100050319-A-T,4-100050400-T-C,4-100050528-A-G,4-100050786-C-A,4-100051087-A-G,4-100051303-T-C,4-100051722-T-C,4-100051733-A-G,4-100051941-C-T,4-100052052-TAAAG-T,4-100052340-C-A,4-100052539-A-C,4-100053025-G-T,4-100053091-T-C,4-100053861-T-C,4-100053891-A-G,4-100054116-C-T,4-100054197-G-T,4-100054312-A-G,4-100054723-G-C,4-100054844-A-G,4-100054970-A-G,4-100055173-A-G,4-100055575-A-G,4-100055755-T-C,4-100055825-G-A,4-100055908-T-C,4-100056060-G-A,4-100056539-C-T,4-100057020-G-A,4-100058194-G-A,4-100058439-C-T,4-100058528-C-T,4-100058662-T-C,4-100058697-C-G,4-100059080-CT-C,4-100059312-G-A,4-100059807-G-C,4-100060538-A-G,4-100060623-C-T,4-100060794-A-G,4-100060882-A-G,4-100060899-C-T,4-100061073-A-G,4-100061388-T-C,4-100061527-G-C,4-100061562-T-C,4-100061692-T-A,4-100061784-C-T,4-100062430-A-G,4-100062675-T-G,4-100064233-G-A,4-100064326-A-T,4-100043179-C-T,4-100043189-G-A,4-100043284-C-T,4-100043505-T-G,4-100043652-A-G,4-100044399-A-AAT,4-100044822-T-C,4-100045500-T-G,4-100045574-T-C,4-100045647-A-G,4-100045840-C-T,4-100045974-T-C,4-100046091-G-C,4-100046104-T-C,4-100046207-A-G,4-100046293-A-T,4-100046680-T-C,4-100047373-G-A,4-100047812-G-A,4-100048509-T-C,4-100049253-T-G,4-100050974-C-G,4-100051556-A-T,4-100051877-T-C,4-100052384-G-A,4-100054244-G-T,4-100055739-G-A,4-100058030-A-T,4-100058255-T-C,4-100058527-T-G,4-100058727-C-T,4-100059139-T-C,4-100059732-T-A,4-100060513-C-T,4-100061245-G-T,4-100062466-G-A,4-100064856-TA-T,4-100059619-G-T,4-100052963-C-CT,4-100044640-T-C,4-100057858-T-TA,4-100066686-C-T,4-100069281-A-T,4-100069627-T-G,4-100067362-C-A,4-100069847-G-C,4-100070973-G-A,4-100066125-G-A,4-100066137-C-T,4-100066670-ATCT-A,4-100067791-G-A,4-100069529-C-T,4-100070783-A-C,4-100049579-C-T,4-100069335-T-C,4-100053276-G-A","ENSG00000245322,ENSG00000172955,ENSG00000246090,ENSG00000187758,ENSG00000197894,ENSG00000164032,ENSG00000198099,ENSG00000289532,ENSG00000196344,ENSG00000145331,ENSG00000164031,ENSG00000248144,ENSG00000138823,ENSG00000168785,ENSG00000070190,ENSG00000151247,ENSG00000164024,ENSG00000138698,ENSG00000248676,ENSG00000196616,ENSG00000109270,ENSG00000272777","ENSG00000251219,ENSG00000279913,ENSG00000138823,ENSG00000164032,ENSG00000286150,ENSG00000138698,ENSG00000164031,ENSG00000250403,ENSG00000250223,ENSG00000289532,ENSG00000245322,ENSG00000249065,ENSG00000172955,ENSG00000151247,ENSG00000196616,ENSG00000246090,ENSG00000248144,ENSG00000279098,ENSG00000249710,ENSG00000250300,ENSG00000248820,ENSG00000251636,ENSG00000248676,ENSG00000168785,ENSG00000109270,ENSG00000272777,ENSG00000198099,ENSG00000196344,ENSG00000197894,ENSG00000138813,ENSG00000187758,ENSG00000164024,ENSG00000145331,ENSG00000070190",ENSG00000197894,Liver eQTLs,train
20019795100092196-92196000003847,chr19,"19-57089050-C-T,19-57084124-C-T,19-57092369-C-T,19-57103278-A-C,19-57097025-A-C,19-57084679-G-A,19-57071752-C-G,19-57063916-T-G,19-57065189-T-C,19-57081942-C-T,19-57086815-C-T,19-57087158-T-C,19-57073614-G-A,19-57076126-G-A,19-57079948-G-A,19-57102758-T-C","ENSG00000186230,ENSG00000142409,ENSG00000167685,ENSG00000105146,ENSG00000083844,ENSG00000179873,ENSG00000269696,ENSG00000267871,ENSG00000131848,ENSG00000218891,ENSG00000256060,ENSG00000197487,ENSG00000213015,ENSG00000186272,ENSG00000198300,ENSG00000288899,ENSG00000121406,ENSG00000276449,ENSG00000268205,ENSG00000197714,ENSG00000063245,ENSG00000018869,ENSG00000197128,ENSG00000152439,ENSG00000240225,ENSG00000197951,ENSG00000285996,ENSG00000131845,ENSG00000267096,ENSG00000173581,ENSG00000204524,ENSG00000267454,ENSG00000276488,ENSG00000251369,ENSG00000105136,ENSG00000178229,ENSG00000279541,ENSG00000261221,ENSG00000188785,ENSG00000229292,ENSG00000267781,ENSG00000178201,ENSG00000179943,ENSG00000171443,ENSG00000196867,ENSG00000267523,ENSG00000166770,ENSG00000267117,ENSG00000198440,ENSG00000179922,ENSG00000223638,ENSG00000268182,ENSG00000063244,ENSG00000171425,ENSG00000152433,ENSG00000279794","ENSG00000197951,ENSG00000261221,ENSG00000267096,ENSG00000131845,ENSG00000268847,ENSG00000063245,ENSG00000268483,ENSG00000267781,ENSG00000204532,ENSG00000256060,ENSG00000269097,ENSG00000288899,ENSG00000267224,ENSG00000131848,ENSG00000152433,ENSG00000270837,ENSG00000276449,ENSG00000269696,ENSG00000274219,ENSG00000188785,ENSG00000198440,ENSG00000197487,ENSG00000267421,ENSG00000266932,ENSG00000197128,ENSG00000167685,ENSG00000196867,ENSG00000166770,ENSG00000218891,ENSG00000268723,ENSG00000288830,ENSG00000268392,ENSG00000269786,ENSG00000121406,ENSG00000268545,ENSG00000179943,ENSG00000268205,ENSG00000251369,ENSG00000267871,ENSG00000235974,ENSG00000152439,ENSG00000267454,ENSG00000213015,ENSG00000243642,ENSG00000131864,ENSG00000267298,ENSG00000223638,ENSG00000267523,ENSG00000285996,ENSG00000268266,ENSG00000083844,ENSG00000276578,ENSG00000279405,ENSG00000268407,ENSG00000240225,ENSG00000268067,ENSG00000186230,ENSG00000018869,ENSG00000258873,ENSG00000197714,ENSG00000242411,ENSG00000142409,ENSG00000286949,ENSG00000179873,ENSG00000105136,ENSG00000179922,ENSG00000229292,ENSG00000267145,ENSG00000270790,ENSG00000204524,ENSG00000173581,ENSG00000279794,ENSG00000279959,ENSG00000268182,ENSG00000198300,ENSG00000270293,ENSG00000171425,ENSG00000178229,ENSG00000186272,ENSG00000171443,ENSG00000267606,ENSG00000268713,ENSG00000267117,ENSG00000243234,ENSG00000141946,ENSG00000279541,ENSG00000267429,ENSG00000223060,ENSG00000063244,ENSG00000178201,ENSG00000276488,ENSG00000105146,ENSG00000269304",ENSG00000197951,Liver eQTLs,train
20019795800092196-92196000007261,chr9,"9-130194487-C-T,9-130219743-T-C,9-130224927-A-G,9-130228511-T-C,9-130228569-C-G,9-130231417-A-G,9-130190810-T-A,9-130192765-A-G,9-130193725-T-A,9-130196537-C-T,9-130196807-G-A,9-130198100-A-G,9-130200433-C-A,9-130201265-T-C,9-130202089-G-A,9-130202596-T-C,9-130203840-G-C,9-130213298-A-G,9-130213508-A-G,9-130191186-C-T,9-130196233-G-T,9-130197185-T-C,9-130197414-A-G,9-130198342-G-A,9-130199370-A-G,9-130200450-G-A,9-130201525-G-A,9-130201678-A-G,9-130202907-G-A,9-130208924-T-C,9-130208376-T-G,9-130194536-G-C,9-130219669-C-T,9-130215279-G-A,9-130215711-C-CT,9-130220956-G-A,9-130221388-T-C,9-130221698-T-A,9-130222452-A-G,9-130226909-T-C,9-130228444-C-T,9-130229652-A-G,9-130212876-T-A,9-130201390-C-CAAAAAAAAAGA,9-130220673-C-A,9-130194495-C-T,9-130198866-C-T,9-130204776-T-G,9-130210946-A-G,9-130220678-C-A,9-130220698-C-A,9-130219990-G-C,9-130213110-G-C,9-130181223-C-G,9-130187473-G-C,9-130230514-A-G,9-130188676-G-A,9-130210111-T-C,9-130173362-A-G,9-130166857-T-C,9-130166957-T-C,9-130175470-G-A,9-130284652-C-G,9-130172319-A-T,9-130168840-G-A","ENSG00000167106,ENSG00000227218,ENSG00000167110,ENSG00000148334,ENSG00000232850,ENSG00000175854,ENSG00000136840,ENSG00000171159,ENSG00000167114,ENSG00000136828,ENSG00000271833,ENSG00000169155,ENSG00000234771,ENSG00000148339,ENSG00000136877,ENSG00000201302,ENSG00000136908,ENSG00000106992,ENSG00000187024,ENSG00000136895,ENSG00000160401,ENSG00000167123,ENSG00000136830,ENSG00000272696,ENSG00000148356,ENSG00000167113,ENSG00000095370,ENSG00000136854,ENSG00000177125,ENSG00000167094,ENSG00000167112,ENSG00000148337,ENSG00000197958,ENSG00000228487,ENSG00000223551,ENSG00000160408,ENSG00000171169,ENSG00000136859,ENSG00000106991,ENSG00000225032,ENSG00000167103,ENSG00000148346,ENSG00000167118,ENSG00000136807,ENSG00000136856,ENSG00000160404,ENSG00000106976","ENSG00000234771,ENSG00000167123,ENSG00000230684,ENSG00000136877,ENSG00000106992,ENSG00000136854,ENSG00000233909,ENSG00000148346,ENSG00000136840,ENSG00000264169,ENSG00000252582,ENSG00000095370,ENSG00000226355,ENSG00000261334,ENSG00000223551,ENSG00000234789,ENSG00000148356,ENSG00000167110,ENSG00000106976,ENSG00000171169,ENSG00000177125,ENSG00000167106,ENSG00000148339,ENSG00000171159,ENSG00000148337,ENSG00000160404,ENSG00000272696,ENSG00000136830,ENSG00000236658,ENSG00000230676,ENSG00000175854,ENSG00000242281,ENSG00000232172,ENSG00000136908,ENSG00000197958,ENSG00000187024,ENSG00000227218,ENSG00000270755,ENSG00000136895,ENSG00000223188,ENSG00000196979,ENSG00000167114,ENSG00000271833,ENSG00000148334,ENSG00000160401,ENSG00000224797,ENSG00000167103,ENSG00000232850,ENSG00000236146,ENSG00000167112,ENSG00000167094,ENSG00000130720,ENSG00000228487,ENSG00000236024,ENSG00000136807,ENSG00000169155,ENSG00000167113,ENSG00000136828,ENSG00000277713,ENSG00000224988,ENSG00000252622,ENSG00000136859,ENSG00000106991,ENSG00000167118,ENSG00000136856,ENSG00000160408,ENSG00000201302,ENSG00000225032,ENSG00000276124",ENSG00000197958,Liver eQTLs,train
20019797700092196-92196000005980,chr6,"6-11004561-C-G,6-11006026-A-G,6-10995015-G-C,6-10997166-C-T,6-11008622-G-C,6-11011405-G-A,6-10982973-T-C,6-10990906-C-CCG,6-11044658-C-T,6-10983971-C-G,6-11033468-T-C,6-10985330-T-C,6-10981053-G-A,6-11018812-T-G,6-10991667-C-CT,6-10991935-C-T,6-11011074-T-G,6-10999650-T-C,6-11005842-T-C,6-11010800-T-G,6-11011531-A-G,6-11012859-G-A,6-11014220-A-G,6-11017825-A-G,6-11027949-A-C,6-10997823-G-A,6-11002810-T-C,6-11020416-TA-T,6-10984330-G-A,6-10986812-A-G,6-10982652-C-T,6-11052418-C-A,6-11040002-G-A,6-11074302-T-C,6-11074688-T-C,6-11075152-T-C,6-11075200-A-G,6-11076026-T-G,6-11080825-G-A,6-11073223-G-T,6-11074347-C-T,6-11047476-T-C,6-10967020-A-T,6-10967918-T-G,6-11047869-T-TATTTATC,6-11047956-C-A,6-11045192-G-C,6-11045196-A-G,6-11059185-T-A,6-11059209-T-G,6-11059210-T-C,6-11083486-T-C,6-11085511-A-G,6-11083472-A-G,6-11072895-C-A,6-11075017-T-C,6-11082322-G-A,6-11089128-A-T,6-11088421-C-A,6-11086033-G-A,6-11088533-T-C,6-11082924-A-G,6-11084554-G-C,6-11085334-A-ACT,6-11064780-C-T,6-11050523-A-G,6-11062201-T-C,6-11065138-T-C,6-11072714-T-TCC","ENSG00000244476,ENSG00000137210,ENSG00000111843,ENSG00000234427,ENSG00000215124,ENSG00000111846,ENSG00000111863,ENSG00000197977,ENSG00000272097,ENSG00000285278,ENSG00000205269,ENSG00000285763,ENSG00000224531,ENSG00000137434,ENSG00000287593,ENSG00000153157,ENSG00000111859,ENSG00000229950,ENSG00000111845,ENSG00000111837","ENSG00000233656,ENSG00000263705,ENSG00000285278,ENSG00000207419,ENSG00000197977,ENSG00000216368,ENSG00000183674,ENSG00000124827,ENSG00000137210,ENSG00000181355,ENSG00000222383,ENSG00000111843,ENSG00000274541,ENSG00000111846,ENSG00000229401,ENSG00000225102,ENSG00000287593,ENSG00000202313,ENSG00000272097,ENSG00000205269,ENSG00000229950,ENSG00000228478,ENSG00000111859,ENSG00000111837,ENSG00000247925,ENSG00000153157,ENSG00000271897,ENSG00000215124,ENSG00000216359,ENSG00000277473,ENSG00000231056,ENSG00000244476,ENSG00000111863,ENSG00000285759,ENSG00000235051,ENSG00000201048,ENSG00000285763,ENSG00000238076,ENSG00000229765,ENSG00000234427,ENSG00000224531,ENSG00000271245,ENSG00000237685,ENSG00000242753,ENSG00000218020,ENSG00000137434,ENSG00000111845,ENSG00000221583,ENSG00000216781",ENSG00000197977,Liver eQTLs,train
20019797800092196-92196000002459,chr15,15-83041916-G-A,"ENSG00000277741,ENSG00000156232,ENSG00000279758,ENSG00000136404,ENSG00000273747,ENSG00000140598,ENSG00000197978,ENSG00000259315,ENSG00000276710,ENSG00000103942,ENSG00000169612,ENSG00000237550,ENSG00000275995,ENSG00000284709,ENSG00000186628,ENSG00000255769,ENSG00000166503,ENSG00000064726,ENSG00000182774,ENSG00000259594,ENSG00000288850,ENSG00000183496,ENSG00000188869,ENSG00000169609,ENSG00000250988","ENSG00000278603,ENSG00000284709,ENSG00000263643,ENSG00000259986,ENSG00000136404,ENSG00000279758,ENSG00000250988,ENSG00000259462,ENSG00000183496,ENSG00000169609,ENSG00000182774,ENSG00000261665,ENSG00000064726,ENSG00000259518,ENSG00000259315,ENSG00000200444,ENSG00000287872,ENSG00000186628,ENSG00000288850,ENSG00000259442,ENSG00000275995,ENSG00000277741,ENSG00000273747,ENSG00000197978,ENSG00000276710,ENSG00000103942,ENSG00000259707,ENSG00000286817,ENSG00000169612,ENSG00000237550,ENSG00000259637,ENSG00000259805,ENSG00000156232,ENSG00000188869,ENSG00000260608,ENSG00000212170,ENSG00000255769,ENSG00000278013,ENSG00000166503,ENSG00000212374,ENSG00000260351,ENSG00000275695,ENSG00000285974,ENSG00000259594,ENSG00000140598",ENSG00000197978,Liver eQTLs,train
20019808900092196-92196000004851,chr22,"22-31970054-T-G,22-31966313-A-C,22-31994469-T-G,22-31994470-G-A,22-32006408-T-C,22-32011929-T-C,22-31911719-C-CT,22-31941032-C-T,22-31895987-A-C,22-31872829-C-CA,22-31874342-T-TA,22-31875017-AGACAGAT-A,22-31878581-T-C,22-31879465-A-G,22-31882785-G-A,22-31890577-G-A,22-31895940-C-T,22-31896138-CTACT-C,22-31896309-C-T,22-31897571-C-T,22-31897795-T-C,22-31899797-C-A,22-31899892-ATCATTATAT-A,22-31900359-C-A,22-31901789-G-C,22-31901867-G-A,22-31903072-T-C,22-31903155-T-C,22-31903376-A-G,22-31905819-T-G,22-31906456-G-T,22-31907523-C-G,22-31907985-G-A,22-31908447-C-CA,22-31910355-G-A,22-31910734-T-C,22-31912094-CTAAT-C,22-32043630-G-A,22-31908678-AT-A,22-31891052-AACT-A,22-31891784-T-G,22-31893613-A-G,22-31893731-C-A,22-31894237-C-T,22-31845149-A-G,22-31847647-T-C,22-31850891-A-AC,22-31853371-A-C,22-31860322-A-G,22-31849022-G-GA,22-31818103-A-AAAAG,22-31841287-GAATC-G,22-31842554-C-T,22-31863022-A-C,22-31836486-T-C,22-31790289-G-A,22-31793302-C-T,22-31796897-A-C,22-31797318-T-C,22-31798259-G-T,22-31799448-G-C,22-31800336-C-T,22-31802710-A-C,22-31808080-A-G,22-31809152-G-A,22-31812462-G-A,22-31812853-C-T,22-31817921-T-G,22-31821479-T-C,22-31824259-G-A,22-31780514-G-A,22-31802324-T-C,22-31843567-G-C,22-31819755-C-T,22-31677130-C-G,22-31687792-CA-C,22-31696615-A-G,22-31698166-C-T,22-31724972-CA-C,22-31704492-A-G,22-31705942-G-A,22-31717799-T-G,22-31732512-C-T,22-31750187-C-G,22-31759033-A-G,22-31675185-A-C,22-31676454-T-C,22-31690528-T-A,22-31699447-A-G,22-31701821-A-G,22-31714356-G-A,22-31719315-A-G,22-31741067-G-A,22-31744721-T-C,22-31746719-C-G,22-31748415-G-A,22-31750481-C-T,22-31752427-C-A,22-31775982-G-T,22-31857934-AC-A,22-31828027-T-C,22-31831017-T-C,22-31786961-T-A,22-31791384-C-CA,22-31852427-T-C","ENSG00000185721,ENSG00000235989,ENSG00000128253,ENSG00000128242,ENSG00000100036,ENSG00000100100,ENSG00000198832,ENSG00000214093,ENSG00000100150,ENSG00000100029,ENSG00000100191,ENSG00000228839,ENSG00000184792,ENSG00000100170,ENSG00000253352,ENSG00000198089,ENSG00000133422,ENSG00000138942,ENSG00000273325,ENSG00000182541,ENSG00000205853,ENSG00000242082,ENSG00000183530,ENSG00000273387,ENSG00000250318,ENSG00000128245,ENSG00000287817,ENSG00000232346,ENSG00000100225,ENSG00000237977,ENSG00000167065,ENSG00000185133,ENSG00000184708,ENSG00000240591,ENSG00000241878,ENSG00000183963,ENSG00000100220,ENSG00000213888,ENSG00000185339","ENSG00000100078,ENSG00000254127,ENSG00000251890,ENSG00000128253,ENSG00000240591,ENSG00000237439,ENSG00000275656,ENSG00000214125,ENSG00000235989,ENSG00000264141,ENSG00000230866,ENSG00000100036,ENSG00000284082,ENSG00000183963,ENSG00000138942,ENSG00000100170,ENSG00000185339,ENSG00000133422,ENSG00000198832,ENSG00000242251,ENSG00000243519,ENSG00000271093,ENSG00000242082,ENSG00000240647,ENSG00000100100,ENSG00000100225,ENSG00000230120,ENSG00000185133,ENSG00000214093,ENSG00000235573,ENSG00000233733,ENSG00000206615,ENSG00000128276,ENSG00000253352,ENSG00000205853,ENSG00000236132,ENSG00000182541,ENSG00000184792,ENSG00000184708,ENSG00000100191,ENSG00000184459,ENSG00000241878,ENSG00000199248,ENSG00000212542,ENSG00000227519,ENSG00000198089,ENSG00000167065,ENSG00000237977,ENSG00000213888,ENSG00000202019,ENSG00000273387,ENSG00000287817,ENSG00000199695,ENSG00000273325,ENSG00000100029,ENSG00000232707,ENSG00000183530,ENSG00000228839,ENSG00000234626,ENSG00000232346,ENSG00000205856,ENSG00000185721,ENSG00000229673,ENSG00000100150,ENSG00000128245,ENSG00000227813,ENSG00000239674,ENSG00000234479,ENSG00000250318,ENSG00000128242,ENSG00000229169,ENSG00000100220",ENSG00000198089,Liver eQTLs,train
20019813000092196-92196000004106,chr2,"2-191144892-A-T,2-191145274-G-A,2-191163784-T-C,2-191166212-G-A,2-191136794-A-C,2-191141283-C-T,2-191184475-A-G,2-191148347-G-A,2-191143132-G-A,2-191143350-GAGC-G,2-191143798-T-C,2-191163459-A-C,2-191164679-A-AT,2-191176223-T-C,2-191176479-G-A,2-191177005-A-C,2-191177216-T-C,2-191177467-C-T,2-191177958-C-CCCTT,2-191181481-A-C,2-191181527-T-C,2-191181585-G-A,2-191181644-T-G,2-191181678-T-C,2-191194059-C-T,2-191197941-G-A,2-191204977-TA-T,2-191198727-A-C,2-191136004-C-A,2-191147667-C-T,2-191148558-G-A,2-191160196-G-A,2-191167414-T-C,2-191188119-A-G,2-191202637-A-G,2-191205969-C-T,2-191182710-C-G,2-191189558-T-A,2-191138433-A-T,2-191190605-T-C,2-191197226-G-T,2-191191233-G-T,2-191199530-G-A,2-191163706-A-G,2-191205499-G-C,2-191166849-GAA-G,2-191179116-T-TAC,2-191179116-T-TAC,2-191138432-A-T,2-191085818-TACACAC-T,2-191151588-T-TA","ENSG00000115368,ENSG00000064933,ENSG00000138379,ENSG00000138449,ENSG00000284052,ENSG00000115419,ENSG00000128694,ENSG00000138381,ENSG00000151687,ENSG00000128699,ENSG00000204253,ENSG00000227542,ENSG00000288866,ENSG00000198130,ENSG00000273240,ENSG00000151690,ENSG00000187699,ENSG00000115415,ENSG00000253559,ENSG00000128641,ENSG00000272979,ENSG00000280083,ENSG00000233654,ENSG00000230611,ENSG00000138386,ENSG00000138378","ENSG00000128694,ENSG00000288064,ENSG00000288582,ENSG00000128699,ENSG00000064933,ENSG00000274845,ENSG00000213946,ENSG00000138381,ENSG00000115368,ENSG00000284052,ENSG00000151690,ENSG00000253559,ENSG00000204253,ENSG00000225884,ENSG00000288866,ENSG00000115419,ENSG00000151687,ENSG00000128641,ENSG00000251935,ENSG00000230611,ENSG00000280083,ENSG00000187699,ENSG00000273240,ENSG00000252130,ENSG00000235852,ENSG00000227542,ENSG00000272979,ENSG00000233654,ENSG00000138378,ENSG00000230686,ENSG00000198130,ENSG00000207402,ENSG00000138379,ENSG00000138449,ENSG00000138386,ENSG00000115415",ENSG00000198130,Liver eQTLs,train
20019818500092196-92196000004551,chr20,"20-45125293-G-C,20-45135595-T-A,20-45134087-T-G,20-45136254-T-C,20-45135893-G-C,20-45133767-C-T,20-45134166-T-C,20-45141833-T-C,20-45142291-C-G,20-45142619-A-T,20-45153350-A-T,20-45145102-A-C,20-45145922-T-C,20-45153487-A-G,20-45154742-C-T,20-45154757-A-G,20-45121949-G-A,20-45123421-C-T,20-45139289-T-C,20-45125082-T-G,20-45151273-A-G,20-45147261-T-A,20-45156272-C-G,20-45146758-A-G,20-45151130-A-G,20-45150235-A-G,20-45146249-A-C,20-45138689-T-C,20-45126603-C-CCT,20-45158450-G-C,20-45159712-G-A,20-45148118-G-C,20-45153203-T-C,20-45152468-C-A,20-45152940-T-C","ENSG00000101040,ENSG00000149634,ENSG00000101470,ENSG00000100979,ENSG00000124160,ENSG00000197496,ENSG00000124116,ENSG00000080189,ENSG00000101017,ENSG00000273828,ENSG00000172315,ENSG00000124257,ENSG00000101473,ENSG00000100982,ENSG00000285796,ENSG00000064601,ENSG00000271784,ENSG00000273451,ENSG00000158296,ENSG00000132801,ENSG00000198026,ENSG00000273893,ENSG00000124151,ENSG00000168612,ENSG00000064655,ENSG00000101457,ENSG00000100985,ENSG00000124104,ENSG00000198185,ENSG00000231119,ENSG00000235508,ENSG00000062598,ENSG00000175063","ENSG00000172315,ENSG00000168703,ENSG00000287570,ENSG00000285796,ENSG00000175121,ENSG00000124157,ENSG00000273828,ENSG00000237464,ENSG00000101457,ENSG00000124160,ENSG00000124104,ENSG00000230860,ENSG00000266071,ENSG00000277708,ENSG00000226188,ENSG00000168634,ENSG00000180205,ENSG00000235508,ENSG00000175063,ENSG00000243543,ENSG00000198026,ENSG00000101473,ENSG00000132801,ENSG00000100979,ENSG00000277051,ENSG00000158901,ENSG00000182931,ENSG00000180305,ENSG00000101446,ENSG00000158296,ENSG00000080189,ENSG00000252021,ENSG00000289172,ENSG00000124233,ENSG00000271984,ENSG00000101448,ENSG00000062598,ENSG00000273451,ENSG00000231119,ENSG00000168630,ENSG00000243995,ENSG00000229900,ENSG00000124116,ENSG00000101017,ENSG00000271784,ENSG00000149651,ENSG00000235525,ENSG00000180083,ENSG00000101040,ENSG00000100982,ENSG00000273555,ENSG00000232880,ENSG00000149634,ENSG00000273893,ENSG00000101470,ENSG00000064655,ENSG00000201363,ENSG00000233352,ENSG00000124257,ENSG00000237068,ENSG00000168612,ENSG00000232135,ENSG00000276223,ENSG00000198185,ENSG00000201923,ENSG00000124151,ENSG00000221046,ENSG00000064601,ENSG00000197496,ENSG00000100985,ENSG00000283142",ENSG00000198185,Liver eQTLs,train
20019820300092196-92196000003955,chr2,"2-108886435-C-T,2-108887459-G-A,2-108895968-A-T,2-108899288-A-C,2-108889719-A-G,2-108891844-G-A,2-108891945-T-C,2-108892330-G-A","ENSG00000196862,ENSG00000135960,ENSG00000259863,ENSG00000172985,ENSG00000214184,ENSG00000198203,ENSG00000169756,ENSG00000198075,ENSG00000135968,ENSG00000153201,ENSG00000163006","ENSG00000282033,ENSG00000198203,ENSG00000163006,ENSG00000233494,ENSG00000230696,ENSG00000237745,ENSG00000228551,ENSG00000227270,ENSG00000233707,ENSG00000265965,ENSG00000198075,ENSG00000235325,ENSG00000135968,ENSG00000277628,ENSG00000231099,ENSG00000135960,ENSG00000169756,ENSG00000229890,ENSG00000227470,ENSG00000196862,ENSG00000196228,ENSG00000264934,ENSG00000230603,ENSG00000172985,ENSG00000235644,ENSG00000233648,ENSG00000271070,ENSG00000231221,ENSG00000271284,ENSG00000259863,ENSG00000261209,ENSG00000236877,ENSG00000227597,ENSG00000214184,ENSG00000153201,ENSG00000233307,ENSG00000225328",ENSG00000198203,Liver eQTLs,train
20019846700092196-92196000007389,chr9,"9-35696625-G-A,9-35681299-C-T,9-35700825-T-C,9-35680337-C-G,9-35686390-G-A,9-35693121-A-G,9-35707338-G-A,9-35712003-G-A,9-35725985-C-T,9-35687556-G-C,9-35696076-A-G,9-35680370-T-C,9-35723712-T-C,9-35722282-T-C,9-35689949-A-T,9-35689950-A-T,9-35689951-A-T,9-35690530-T-A,9-35686376-G-A,9-35705759-G-A,9-35711806-G-T,9-35716066-T-C,9-35728494-G-A,9-35726821-G-T","ENSG00000213866,ENSG00000005238,ENSG00000215187,ENSG00000137077,ENSG00000122705,ENSG00000122707,ENSG00000137076,ENSG00000107185,ENSG00000165283,ENSG00000137101,ENSG00000137103,ENSG00000137133,ENSG00000279608,ENSG00000288586,ENSG00000137075,ENSG00000107175,ENSG00000165280,ENSG00000159884,ENSG00000159921,ENSG00000107140,ENSG00000215283,ENSG00000198467,ENSG00000235387,ENSG00000198853,ENSG00000228307,ENSG00000137078,ENSG00000137135,ENSG00000165282,ENSG00000227388,ENSG00000070610,ENSG00000174038,ENSG00000137094,ENSG00000137098,ENSG00000165304,ENSG00000196196,ENSG00000287868,ENSG00000286782,ENSG00000122694,ENSG00000107159,ENSG00000122733,ENSG00000281491,ENSG00000198722,ENSG00000221829","ENSG00000137078,ENSG00000236110,ENSG00000228307,ENSG00000137094,ENSG00000235387,ENSG00000137133,ENSG00000235619,ENSG00000241568,ENSG00000227933,ENSG00000159884,ENSG00000215199,ENSG00000122733,ENSG00000287368,ENSG00000196196,ENSG00000215187,ENSG00000233659,ENSG00000137075,ENSG00000137135,ENSG00000198853,ENSG00000215198,ENSG00000070610,ENSG00000165282,ENSG00000165280,ENSG00000263892,ENSG00000288586,ENSG00000273945,ENSG00000288583,ENSG00000287868,ENSG00000198722,ENSG00000107140,ENSG00000107159,ENSG00000215283,ENSG00000174038,ENSG00000279608,ENSG00000243136,ENSG00000227388,ENSG00000137076,ENSG00000222760,ENSG00000122707,ENSG00000284195,ENSG00000221829,ENSG00000198467,ENSG00000165283,ENSG00000122705,ENSG00000286782,ENSG00000137098,ENSG00000257198,ENSG00000185972,ENSG00000213866,ENSG00000276730,ENSG00000137101,ENSG00000279083,ENSG00000231393,ENSG00000187791,ENSG00000179443,ENSG00000107175,ENSG00000243641,ENSG00000165304,ENSG00000005238,ENSG00000234181,ENSG00000137077,ENSG00000233148,ENSG00000281491,ENSG00000137103,ENSG00000159921,ENSG00000278889,ENSG00000122694,ENSG00000225639,ENSG00000269900,ENSG00000107185",ENSG00000198467,Liver eQTLs,train
20019849600092196-92196000003062,chr17,"17-41391759-G-A,17-41383772-G-A,17-41385485-T-C,17-41385976-C-T,17-41387033-A-G,17-41387445-T-C,17-41387610-T-C,17-41394177-C-T,17-41395592-T-A,17-41396491-T-C,17-41399932-C-G,17-41401482-G-T,17-41401570-A-T,17-41401733-T-G,17-41403711-C-T,17-41405417-A-G,17-41409416-T-C,17-41410918-C-T,17-41411602-G-C,17-41413074-C-CTTG,17-41414293-G-A,17-41414324-C-G,17-41415016-A-T,17-41415023-T-C,17-41415522-A-G,17-41417113-A-T,17-41418334-A-G,17-41420035-A-G,17-41424101-C-A,17-41424919-C-G,17-41427721-A-G,17-41428061-T-C,17-41429038-CCTAA-C,17-41431808-A-G,17-41434990-G-T,17-41435665-C-T,17-41436183-A-G,17-41384405-C-T,17-41387375-A-G,17-41387716-G-A,17-41393295-T-C,17-41395491-G-T,17-41402874-T-C,17-41409653-T-G,17-41414025-A-G,17-41417382-A-G,17-41422985-T-C,17-41428666-G-A,17-41433935-G-GC,17-41435437-G-C,17-41436440-T-C,17-41393265-T-C,17-41389393-G-T,17-41393440-T-C,17-41423734-A-AAT,17-41423734-A-AAT,17-41410460-C-T,17-41408054-G-A,17-41408266-T-C,17-41408297-G-A,17-41348148-A-C,17-41374793-GT-G,17-41373899-C-G,17-41330383-CT-C,17-41340689-A-G,17-41361960-A-G,17-41362272-C-G,17-41361342-G-A,17-41334016-C-A,17-41325490-G-A,17-41327648-T-C,17-41328818-T-A,17-41329010-A-G,17-41329172-T-C,17-41331460-G-A,17-41331919-T-TCTTGAGTCCTGAGCATCA,17-41332330-T-C,17-41333786-A-G,17-41337900-A-C,17-41341984-A-G,17-41342313-A-C,17-41344312-A-T,17-41347816-T-C,17-41349336-T-A,17-41349713-A-G,17-41375597-A-G,17-41376104-C-T,17-41377185-C-T,17-41379112-A-G,17-41380756-C-T,17-41351400-T-A,17-41378392-AAAG-A,17-41392153-T-C,17-41392153-T-C,17-41388568-C-G,17-41334749-C-T,17-41351099-G-A,17-41352643-C-T,17-41353088-G-A,17-41353806-C-T,17-41356947-A-G,17-41358152-G-A,17-41362721-C-T,17-41364910-A-G,17-41334925-T-C,17-41335472-A-G,17-41394798-C-T,17-41377741-T-A,17-41377739-T-A,17-41377969-C-T,17-41325020-T-C,17-41325342-A-G,17-41326898-G-A,17-41326940-G-A,17-41327621-A-G,17-41327650-G-GT,17-41329847-G-A,17-41330024-T-C,17-41330265-A-G,17-41330820-C-G,17-41331306-C-T,17-41331597-T-C,17-41331816-C-T,17-41346283-G-A,17-41346798-T-C,17-41347821-G-A,17-41349312-G-A,17-41351731-A-G,17-41370984-C-A,17-41375555-T-G,17-41383726-C-CTGTG,17-41387871-G-A,17-41394877-C-T,17-41396505-T-G,17-41399445-G-C,17-41401582-A-G,17-41401730-G-A,17-41403329-C-G,17-41409774-G-A,17-41414679-A-G,17-41419385-A-G,17-41419656-C-T,17-41420143-G-T,17-41422131-C-T,17-41423017-G-A,17-41423944-C-T,17-41424033-A-C,17-41424052-G-A,17-41424253-G-A,17-41424565-G-A,17-41425893-A-T,17-41427469-A-G,17-41432968-CT-C,17-41435192-C-T,17-41400913-T-C,17-41375509-T-A,17-41344502-C-T,17-41403767-C-G,17-41408001-G-C,17-41353919-A-G,17-41354011-A-G,17-41354888-A-G,17-41356559-A-G,17-41357647-A-G,17-41377871-C-T,17-41408858-A-G,17-41412250-A-C,17-41425739-C-T,17-41426157-A-G,17-41430179-C-G,17-41326087-T-G,17-41434874-G-T,17-41393260-G-A,17-41408581-A-G,17-41230228-G-A,17-41230336-A-G,17-41230376-A-G,17-41231902-G-A,17-41249363-TA-T,17-41384118-A-G,17-41442751-A-G,17-41445145-G-A,17-41445410-A-T,17-41231221-A-C,17-41374463-G-A,17-41416058-T-C,17-41217874-C-T,17-41234470-A-G,17-41245237-A-G,17-41248484-G-C,17-41251495-C-G,17-41255102-A-G,17-41257458-A-C,17-41264146-G-A,17-41264364-A-G,17-41275151-G-C,17-41218572-T-C,17-41244435-T-C,17-41248164-C-T,17-41273379-G-C,17-41222723-T-C,17-41371844-A-G,17-41445459-G-C,17-41445460-C-A,17-41445462-C-G,17-41220223-A-G,17-41223094-T-C,17-41263566-T-C,17-41256075-AAAAAAAAAAAAG-A,17-41229773-T-C,17-41437552-T-C,17-41437547-T-C,17-41296197-A-G,17-41224833-G-C,17-41275081-G-GA,17-41402020-C-T,17-41229760-AT-A,17-41229763-T-A,17-41261058-T-TCTATCTATCTACCTAC,17-41372116-C-CT,17-41354541-T-A,17-41354541-T-A,17-41302750-T-C,17-41229386-T-C,17-41231516-C-T,17-41437398-A-G,17-41394075-C-T,17-41273095-G-A,17-41326508-A-G,17-41225781-A-T,17-41260808-A-G,17-41174025-A-C,17-41291194-CT-C,17-41371751-CAA-C,17-41397495-G-A,17-41287880-A-G,17-41218333-G-A,17-41219780-T-C,17-41219804-T-C,17-41223538-G-GAATGTTCACTGTAACAATGCTTGT,17-41237953-G-A,17-41239491-T-C,17-41239628-A-G,17-41241390-C-A,17-41241503-T-C,17-41242285-T-G,17-41244000-T-C,17-41249094-A-G,17-41250678-C-CT,17-41251646-T-A,17-41254174-A-G,17-41255111-A-T,17-41258043-C-T,17-41259049-C-T,17-41261233-C-T,17-41263044-A-G,17-41265776-A-G,17-41268206-A-C,17-41273537-A-C,17-41274778-G-A,17-41275645-A-G,17-41276247-A-G,17-41276348-T-C,17-41306523-C-T,17-41279837-C-A,17-41281754-G-A,17-41283865-A-G,17-41284699-A-G,17-41287924-C-A,17-41291953-C-G,17-41292323-T-C,17-41292427-C-G,17-41298434-T-C,17-41298499-G-A,17-41298515-C-T,17-41301428-T-G,17-41302940-C-G,17-41303071-C-T,17-41305826-G-T,17-41306697-TTAAG-T,17-41307687-C-G,17-41307702-G-C,17-41307703-C-T,17-41309752-G-T,17-41310495-T-C,17-41318932-G-A,17-41270277-C-T,17-41270666-C-A,17-41222462-A-G,17-41187684-A-C,17-41187974-G-C,17-41188786-G-A,17-41201702-C-T,17-41211653-A-G,17-41212169-C-T,17-41213626-G-T,17-41213893-C-T,17-41213996-C-T,17-41393438-G-A,17-41197274-C-A,17-41317802-CT-C,17-41226736-GGGGTT-G,17-41279882-A-G,17-41280073-G-A,17-41284792-T-A,17-41225839-T-C,17-41239472-G-A,17-41337472-C-T,17-41359589-C-T,17-41371958-T-C,17-41425901-A-G,17-41427403-A-C,17-41393275-C-A,17-41278005-G-GTGT,17-41278377-G-A,17-41279298-A-G,17-41280682-A-G,17-41281680-T-C,17-41283377-C-T,17-41283854-G-A,17-41286822-T-G,17-41289764-A-G,17-41290613-G-T,17-41290674-G-C,17-41291779-G-T,17-41292739-G-A,17-41297992-G-T,17-41299407-T-C,17-41299589-C-T,17-41299607-A-G,17-41299928-G-C,17-41300799-C-A,17-41301709-C-T,17-41304463-T-C,17-41305397-C-T,17-41305571-T-TC,17-41305883-G-A,17-41307473-A-C,17-41307772-G-A,17-41308274-A-G,17-41311469-T-G,17-41313612-A-G,17-41317432-C-T,17-41317811-T-TAGACTGTCTA,17-41318800-T-C,17-41321387-C-T,17-41321846-C-T,17-41402144-G-A,17-41402342-C-T,17-41270229-T-G,17-41270463-G-A,17-41241568-T-TC,17-41187567-T-G,17-41189045-A-G,17-41189383-G-T,17-41192016-C-CAT,17-41195025-T-A,17-41195711-G-C,17-41195773-A-G,17-41196408-G-A,17-41198621-A-G,17-41200109-T-C,17-41203325-T-A,17-41203591-T-C,17-41204377-A-G,17-41204390-T-C,17-41205772-G-A,17-41206056-T-C,17-41209578-T-C,17-41212338-A-C,17-41212547-C-T,17-41213660-T-C,17-41215825-C-T,17-41267050-G-A,17-41226601-G-C,17-41181297-T-C,17-41179864-C-T,17-41287315-G-GC,17-41295489-G-A,17-41443014-T-C,17-41229352-C-CT,17-41254405-C-T,17-41248393-C-CAAAAAAAAAAA,17-41214209-CAA-C,17-41432820-A-G,17-41436595-A-T,17-41387051-A-G,17-41229812-A-G,17-41230537-A-T,17-41191129-G-T,17-41317896-T-A,17-41230990-A-G,17-41243190-T-G,17-41449294-T-A,17-41210396-A-C,17-41176688-T-C,17-41176831-G-A,17-41181746-A-G,17-41181835-C-T,17-41182662-G-A,17-41339697-T-C,17-41328095-A-G,17-41398579-C-T,17-41252612-T-A,17-41252613-T-C,17-41301286-T-TG,17-41278116-T-C,17-41278916-A-G,17-41287145-T-C,17-41288843-A-G,17-41316747-C-G,17-41216933-T-C,17-41188342-A-G,17-41194885-T-C,17-41226675-A-T,17-41264740-TGA-T,17-41339487-G-A,17-41264739-C-T,17-41264743-CT-C,17-41264749-C-G,17-41264750-A-T,17-41264753-C-T,17-41264755-TGAAAC-T,17-41190715-G-A,17-41279770-A-G,17-41180772-C-T,17-41297652-A-C,17-41229857-G-A,17-41229908-T-A,17-41294955-G-A,17-41244936-G-A,17-41250923-T-C,17-41254486-T-G,17-41257134-T-C,17-41273348-T-C,17-41277187-G-C,17-41230105-CT-C,17-41205941-A-G,17-41212805-C-T,17-41370337-A-T,17-41279561-G-C,17-41293613-C-T,17-41312859-T-C,17-41193910-A-T,17-41199913-T-C,17-41202688-G-A,17-41457386-A-AC,17-41181898-A-G,17-41206761-AT-A,17-41173226-A-T,17-41235799-G-A,17-41294957-G-A,17-41284742-T-C,17-41299831-C-CCT,17-41198774-C-CA,17-41186030-GA-G","ENSG00000131096,ENSG00000131477,ENSG00000068120,ENSG00000108788,ENSG00000037042,ENSG00000131475,ENSG00000033627,ENSG00000108852,ENSG00000267340,ENSG00000108786,ENSG00000266962,ENSG00000289579,ENSG00000175832,ENSG00000131470,ENSG00000188554,ENSG00000108785,ENSG00000198863,ENSG00000131469,ENSG00000197291,ENSG00000131462,ENSG00000198496,ENSG00000184451,ENSG00000131467,ENSG00000161647,ENSG00000141349,ENSG00000278829,ENSG00000173757,ENSG00000108774,ENSG00000236194,ENSG00000091947,ENSG00000287710,ENSG00000126581,ENSG00000131471,ENSG00000183978,ENSG00000176563,ENSG00000161649,ENSG00000266967,ENSG00000108830,ENSG00000168610,ENSG00000260105,ENSG00000167925,ENSG00000213373,ENSG00000131482,ENSG00000005102,ENSG00000108840,ENSG00000126561,ENSG00000068137,ENSG00000126562,ENSG00000267632,ENSG00000108828,ENSG00000280295,ENSG00000175906,ENSG00000108799,ENSG00000177469,ENSG00000068079,ENSG00000108784,ENSG00000108797,ENSG00000279602,ENSG00000267002,ENSG00000236383,ENSG00000131480,ENSG00000161653,ENSG00000214578,ENSG00000108861,ENSG00000161654,ENSG00000141699,ENSG00000267060,ENSG00000267681,ENSG00000067596,ENSG00000267185","ENSG00000212901,ENSG00000183978,ENSG00000213417,ENSG00000108852,ENSG00000237183,ENSG00000131482,ENSG00000033627,ENSG00000266962,ENSG00000196859,ENSG00000108788,ENSG00000161647,ENSG00000108799,ENSG00000108786,ENSG00000289252,ENSG00000108785,ENSG00000176563,ENSG00000068137,ENSG00000214578,ENSG00000175832,ENSG00000141349,ENSG00000204880,ENSG00000248807,ENSG00000265359,ENSG00000240542,ENSG00000267681,ENSG00000171396,ENSG00000108830,ENSG00000067596,ENSG00000236473,ENSG00000186860,ENSG00000006059,ENSG00000198271,ENSG00000131480,ENSG00000264488,ENSG00000221880,ENSG00000212900,ENSG00000212722,ENSG00000240871,ENSG00000225438,ENSG00000126337,ENSG00000214518,ENSG00000173908,ENSG00000236383,ENSG00000212657,ENSG00000187272,ENSG00000266967,ENSG00000278829,ENSG00000241595,ENSG00000131467,ENSG00000224244,ENSG00000212724,ENSG00000131738,ENSG00000223125,ENSG00000173757,ENSG00000131737,ENSG00000108417,ENSG00000222881,ENSG00000226776,ENSG00000213416,ENSG00000201920,ENSG00000283796,ENSG00000188554,ENSG00000126561,ENSG00000131462,ENSG00000267632,ENSG00000289579,ENSG00000161649,ENSG00000213373,ENSG00000212658,ENSG00000252618,ENSG00000108759,ENSG00000131470,ENSG00000204897,ENSG00000171360,ENSG00000234477,ENSG00000161653,ENSG00000287710,ENSG00000131471,ENSG00000236194,ENSG00000094796,ENSG00000229351,ENSG00000108797,ENSG00000212725,ENSG00000279775,ENSG00000141699,ENSG00000212899,ENSG00000239886,ENSG00000239542,ENSG00000198090,ENSG00000212721,ENSG00000234859,ENSG00000240125,ENSG00000251439,ENSG00000126581,ENSG00000267002,ENSG00000229028,ENSG00000168610,ENSG00000161654,ENSG00000267060,ENSG00000167925,ENSG00000260105,ENSG00000204887,ENSG00000131475,ENSG00000108516,ENSG00000171403,ENSG00000226629,ENSG00000237230,ENSG00000196156,ENSG00000241241,ENSG00000197079,ENSG00000188581,ENSG00000187242,ENSG00000131096,ENSG00000198443,ENSG00000108784,ENSG00000267185,ENSG00000198496,ENSG00000126562,ENSG00000068120,ENSG00000186393,ENSG00000180386,ENSG00000204873,ENSG00000005102,ENSG00000108840,ENSG00000278954,ENSG00000197291,ENSG00000161610,ENSG00000221852,ENSG00000131477,ENSG00000280295,ENSG00000184502,ENSG00000204889,ENSG00000212659,ENSG00000175906,ENSG00000108861,ENSG00000177469,ENSG00000198083,ENSG00000233014,ENSG00000068079,ENSG00000287644,ENSG00000198863,ENSG00000267340,ENSG00000278346,ENSG00000287602,ENSG00000279602,ENSG00000279806,ENSG00000108828,ENSG00000244537,ENSG00000108774,ENSG00000184451,ENSG00000091947,ENSG00000131469,ENSG00000037042",ENSG00000198496,Liver eQTLs,train
20019853800092196-92196000003787,chr19,19-53303890-C-G,"ENSG00000196267,ENSG00000283236,ENSG00000269834,ENSG00000269001,ENSG00000256683,ENSG00000289102,ENSG00000170954,ENSG00000197497,ENSG00000242779,ENSG00000161551,ENSG00000250731,ENSG00000167766,ENSG00000268970,ENSG00000221923,ENSG00000197619,ENSG00000142556,ENSG00000260160,ENSG00000198482,ENSG00000288953,ENSG00000196417,ENSG00000196214,ENSG00000182986,ENSG00000167555,ENSG00000198093,ENSG00000197608,ENSG00000170949,ENSG00000198464,ENSG00000275055,ENSG00000204611,ENSG00000213801,ENSG00000267809,ENSG00000160336,ENSG00000204604,ENSG00000167554,ENSG00000197928,ENSG00000197937,ENSG00000176024,ENSG00000269235,ENSG00000213799,ENSG00000189190,ENSG00000213777,ENSG00000269825,ENSG00000213793,ENSG00000105568,ENSG00000123870,ENSG00000130844,ENSG00000241015,ENSG00000203326,ENSG00000198538,ENSG00000180257,ENSG00000256087,ENSG00000213020,ENSG00000287608,ENSG00000198346,ENSG00000167562,ENSG00000171051","ENSG00000198093,ENSG00000207620,ENSG00000163098,ENSG00000207981,ENSG00000207629,ENSG00000207580,ENSG00000203326,ENSG00000207979,ENSG00000213777,ENSG00000207722,ENSG00000229000,ENSG00000171051,ENSG00000268964,ENSG00000269118,ENSG00000207767,ENSG00000207861,ENSG00000278543,ENSG00000269776,ENSG00000207810,ENSG00000283540,ENSG00000283236,ENSG00000204611,ENSG00000160336,ENSG00000207803,ENSG00000199143,ENSG00000242668,ENSG00000198464,ENSG00000268864,ENSG00000207869,ENSG00000207788,ENSG00000240197,ENSG00000198538,ENSG00000223660,ENSG00000197608,ENSG00000207987,ENSG00000170949,ENSG00000207594,ENSG00000123870,ENSG00000167562,ENSG00000252191,ENSG00000211532,ENSG00000268886,ENSG00000221421,ENSG00000269526,ENSG00000276758,ENSG00000251843,ENSG00000269877,ENSG00000221548,ENSG00000283455,ENSG00000180257,ENSG00000207706,ENSG00000167555,ENSG00000242779,ENSG00000197928,ENSG00000213799,ENSG00000240296,ENSG00000176024,ENSG00000269235,ENSG00000207862,ENSG00000207925,ENSG00000207734,ENSG00000269608,ENSG00000255875,ENSG00000207735,ENSG00000207992,ENSG00000207711,ENSG00000198346,ENSG00000174677,ENSG00000251431,ENSG00000269834,ENSG00000287608,ENSG00000207645,ENSG00000221923,ENSG00000204595,ENSG00000283289,ENSG00000207799,ENSG00000196417,ENSG00000207838,ENSG00000197497,ENSG00000130844,ENSG00000196131,ENSG00000228323,ENSG00000207634,ENSG00000213793,ENSG00000204604,ENSG00000283330,ENSG00000207599,ENSG00000207615,ENSG00000269564,ENSG00000269001,ENSG00000275055,ENSG00000276206,ENSG00000207946,ENSG00000213801,ENSG00000252063,ENSG00000198482,ENSG00000237589,ENSG00000288953,ENSG00000289102,ENSG00000267943,ENSG00000189190,ENSG00000250731,ENSG00000268970,ENSG00000264703,ENSG00000268282,ENSG00000269825,ENSG00000260160,ENSG00000283685,ENSG00000270347,ENSG00000200393,ENSG00000207825,ENSG00000170954,ENSG00000167554,ENSG00000248385,ENSG00000249189,ENSG00000207616,ENSG00000207549,ENSG00000167766,ENSG00000105568,ENSG00000224579,ENSG00000212314,ENSG00000182986,ENSG00000207699,ENSG00000196214,ENSG00000189348,ENSG00000277977,ENSG00000252025,ENSG00000207644,ENSG00000256683,ENSG00000161551,ENSG00000283695,ENSG00000256087,ENSG00000269842,ENSG00000241015,ENSG00000283490,ENSG00000197937,ENSG00000197619,ENSG00000213020,ENSG00000142556,ENSG00000269758,ENSG00000207837,ENSG00000252979,ENSG00000196267,ENSG00000207738,ENSG00000252734,ENSG00000221017,ENSG00000228567,ENSG00000267809",ENSG00000198538,Liver eQTLs,train
20019867000092196-92196000006087,chr6,"6-161094269-G-T,6-161094796-C-T,6-161096802-A-T,6-161096150-G-GAAAAC,6-161090570-C-G,6-161097681-T-C,6-161097865-G-A,6-161097590-A-T,6-161025797-T-C,6-161031577-G-A,6-161068607-T-C,6-161070990-G-A,6-161097218-A-C,6-161067624-T-C,6-161023345-T-C,6-161070455-C-T,6-161073464-T-C,6-161079003-T-A,6-161083025-G-A,6-161085026-G-C,6-161091168-A-G,6-161030231-C-A,6-161068192-A-G,6-161088399-G-T,6-161090520-G-T,6-161122274-A-G,6-161122221-C-T,6-161122216-T-C,6-161116465-C-T,6-161117450-G-A,6-161119431-C-T,6-161119578-T-C,6-161120563-G-A,6-161116416-C-T,6-161109053-A-G,6-161102831-C-T,6-161097871-A-G,6-161107018-G-A,6-161097821-C-T,6-161105200-A-G,6-161100495-A-C,6-161099290-T-C,6-161099503-G-A,6-161099959-T-A,6-161105153-A-G,6-161106508-G-T,6-161104970-A-G,6-161100998-T-C,6-161100785-A-G,6-161100887-T-C","ENSG00000146477,ENSG00000120438,ENSG00000085511,ENSG00000122194,ENSG00000287558,ENSG00000197081,ENSG00000175003,ENSG00000207392,ENSG00000146453,ENSG00000243831,ENSG00000112096,ENSG00000285427,ENSG00000146457,ENSG00000272841,ENSG00000213073,ENSG00000287656,ENSG00000026652,ENSG00000198670,ENSG00000213071,ENSG00000206910,ENSG00000220305,ENSG00000112110,ENSG00000120437","ENSG00000220305,ENSG00000175003,ENSG00000286805,ENSG00000112096,ENSG00000207392,ENSG00000231863,ENSG00000146457,ENSG00000120437,ENSG00000243831,ENSG00000112110,ENSG00000206910,ENSG00000233342,ENSG00000122194,ENSG00000197081,ENSG00000146477,ENSG00000287558,ENSG00000287656,ENSG00000230234,ENSG00000285427,ENSG00000216516,ENSG00000120438,ENSG00000220913,ENSG00000276960,ENSG00000198670,ENSG00000146453,ENSG00000286498,ENSG00000272841,ENSG00000085511,ENSG00000213073,ENSG00000026652,ENSG00000274903,ENSG00000213071",ENSG00000198670,Liver eQTLs,train
20019867700092196-92196000005947,chr5,"5-94798404-A-AAC,5-94800655-A-G,5-94800660-T-G,5-94800648-G-A,5-94795869-A-AAG,5-94800111-AT-A,5-94805839-A-G,5-94793488-T-C,5-94793866-A-T,5-94793926-GA-G,5-94794097-G-A,5-94794218-C-T,5-94794408-C-T,5-94794506-T-A,5-94794508-T-A,5-94794590-A-T,5-94794671-G-C,5-94794914-T-C,5-94795081-A-G,5-94795329-T-G,5-94795599-G-A,5-94795846-C-A,5-94795953-T-C,5-94796123-A-T,5-94796213-T-A,5-94796274-A-G,5-94796811-G-A,5-94796981-T-TGGTTGTA,5-94797364-G-A,5-94797371-A-G,5-94797685-G-T,5-94798012-AT-A,5-94798100-C-A,5-94798107-T-C,5-94798274-G-C,5-94798329-A-G,5-94798519-T-A,5-94798609-T-G,5-94798893-A-C,5-94798916-C-T,5-94799411-G-A,5-94799532-C-T,5-94799762-T-A,5-94799767-T-C,5-94799778-A-G,5-94799799-T-C,5-94799853-A-G,5-94799882-C-G,5-94800503-T-C,5-94800547-G-A,5-94800700-T-C,5-94800885-T-C,5-94801014-T-C,5-94801063-T-C,5-94801355-A-G,5-94801402-G-A,5-94801724-C-G,5-94801947-G-C,5-94801972-C-T,5-94802023-A-G,5-94802030-G-A,5-94802149-A-G,5-94802158-T-C,5-94802389-G-A,5-94802646-C-T,5-94802986-A-T,5-94804136-T-C,5-94804795-C-G,5-94806094-T-C,5-94832932-A-G,5-94843594-A-G,5-94843465-T-C,5-94807245-CT-C,5-94854223-A-AT,5-94846931-C-G,5-94845995-A-G,5-94846298-C-T,5-94919966-A-G,5-94923063-C-G,5-94927426-T-C,5-94930272-A-G,5-94851796-A-G,5-94861118-G-C,5-94880342-C-T,5-94885515-C-T,5-94888264-T-C,5-94888726-A-ATG,5-94884955-T-C,5-94789352-A-G,5-94924679-A-AAAC,5-94924679-A-AAAC,5-94847945-A-C,5-94819808-T-C,5-94826655-C-A,5-94855224-T-C,5-94786142-C-T,5-94787132-G-T,5-94787317-C-G,5-94787906-G-A,5-94789362-A-T,5-94789503-G-A,5-94789860-TA-T,5-94790764-AGGACTAGAT-A,5-94792095-A-G,5-94792259-A-G,5-94785184-C-T,5-94797602-G-A,5-94799342-G-A,5-94801641-C-T,5-94802819-C-T,5-94806485-TTCTC-T,5-94807516-T-C,5-94812777-T-A,5-94841770-C-T,5-94820639-G-A,5-94897935-T-TA,5-94864505-C-T,5-94867454-C-T,5-94908268-G-T,5-94908813-C-T,5-94791106-C-G,5-94939777-A-G,5-94864378-G-C,5-94864565-A-C,5-94864568-T-C,5-94866502-G-A,5-94876217-C-G,5-94807358-A-G,5-94810950-G-T,5-94918076-C-T,5-94922530-A-AC,5-94928729-C-T,5-94785401-T-C,5-94935158-A-AC,5-94773898-T-C,5-94783620-C-T,5-94773482-C-T,5-94768050-C-G,5-94768091-T-C,5-94768965-G-GA,5-94768965-G-GA","ENSG00000175449,ENSG00000185261,ENSG00000251000,ENSG00000272021,ENSG00000251409,ENSG00000133302,ENSG00000175471,ENSG00000118985,ENSG00000164291,ENSG00000250362,ENSG00000145757,ENSG00000198677,ENSG00000251348,ENSG00000250240,ENSG00000236882,ENSG00000178015,ENSG00000164292,ENSG00000173221,ENSG00000249746","ENSG00000118985,ENSG00000173221,ENSG00000153347,ENSG00000251409,ENSG00000243806,ENSG00000236882,ENSG00000250362,ENSG00000212259,ENSG00000272021,ENSG00000175471,ENSG00000276514,ENSG00000251340,ENSG00000133302,ENSG00000225165,ENSG00000175449,ENSG00000251544,ENSG00000286577,ENSG00000145757,ENSG00000249545,ENSG00000249746,ENSG00000164292,ENSG00000185261,ENSG00000251348,ENSG00000164291,ENSG00000249175,ENSG00000178015,ENSG00000250240,ENSG00000251000,ENSG00000198677,ENSG00000254132",ENSG00000198677,Liver eQTLs,train
20019869000092196-92196000002299,chr15,"15-31232581-A-C,15-31245175-C-T,15-31243173-A-C,15-31246840-A-G,15-31248736-C-G,15-31233352-GTGAC-G,15-31255895-G-GATAA,15-31255895-G-GATAA,15-31216225-C-T,15-31235005-G-C,15-31235452-G-A,15-31237776-G-A,15-31238271-G-C,15-31238423-G-A,15-31240957-T-C,15-31242461-CTGACTG-C,15-31244495-T-G,15-31234981-G-A,15-31238783-T-C,15-31243792-T-G,15-31284170-C-T,15-31253984-A-G,15-31254588-G-A,15-31258931-A-AT,15-31267664-T-TC,15-31270776-C-T,15-31277312-A-G,15-31285422-G-A,15-31273602-C-G,15-31287234-CAAGTT-C,15-31287343-A-T,15-31281789-G-GT,15-31184803-C-G,15-31271599-TA-T,15-31241346-G-A,15-31269235-T-C,15-31269691-C-T,15-31263057-T-C,15-31277788-T-C,15-31183948-C-A,15-31287849-C-T,15-31185772-G-A,15-31185986-A-G,15-31187663-C-T,15-31188179-C-T,15-31191991-G-A,15-31290538-A-C,15-31291634-G-A,15-31292023-A-C,15-31255438-C-T,15-31288190-A-C,15-31288670-G-A,15-31268781-T-C,15-31268309-TA-T","ENSG00000285077,ENSG00000270016,ENSG00000259772,ENSG00000270055,ENSG00000198690,ENSG00000261247,ENSG00000166912,ENSG00000215302,ENSG00000178115,ENSG00000283345,ENSG00000169918,ENSG00000247728,ENSG00000289083,ENSG00000179938,ENSG00000104067,ENSG00000260693,ENSG00000259448,ENSG00000169926,ENSG00000186399","ENSG00000285035,ENSG00000201084,ENSG00000206972,ENSG00000259179,ENSG00000284783,ENSG00000274966,ENSG00000179938,ENSG00000260784,ENSG00000277031,ENSG00000186399,ENSG00000238783,ENSG00000274424,ENSG00000259720,ENSG00000207430,ENSG00000283345,ENSG00000278696,ENSG00000206846,ENSG00000259696,ENSG00000259448,ENSG00000103832,ENSG00000178115,ENSG00000238519,ENSG00000259772,ENSG00000104067,ENSG00000271333,ENSG00000166664,ENSG00000169918,ENSG00000261247,ENSG00000289397,ENSG00000260693,ENSG00000247728,ENSG00000285077,ENSG00000277500,ENSG00000279417,ENSG00000261628,ENSG00000260382,ENSG00000277467,ENSG00000260128,ENSG00000270016,ENSG00000215302,ENSG00000169926,ENSG00000270055,ENSG00000289083,ENSG00000207702,ENSG00000259358,ENSG00000289455,ENSG00000212526,ENSG00000198690,ENSG00000259890,ENSG00000166912,ENSG00000279912,ENSG00000206849,ENSG00000270955",ENSG00000198690,Liver eQTLs,train
20019887400092196-92196000006798,chr7,"7-66639607-A-G,7-66647866-G-A,7-66631244-AAAAAC-A,7-66646338-A-ATAAG,7-66625582-A-T,7-66625588-C-A,7-66631529-CCT-C,7-66661740-C-T,7-66631525-CT-C,7-66633085-T-C,7-66630462-G-T,7-66630423-G-A,7-66629440-C-CA,7-66636827-A-G,7-66635189-C-A,7-66635248-G-A,7-66648788-T-C,7-66626831-C-G,7-66626849-T-C,7-66631144-T-G,7-66631593-T-C,7-66631811-T-C,7-66631838-T-C,7-66631921-A-G,7-66631940-C-G,7-66632199-A-G,7-66632279-A-G,7-66632328-C-T,7-66632410-T-C,7-66632583-A-G,7-66632824-C-A,7-66632905-A-C,7-66632934-C-G,7-66632976-A-G,7-66642378-G-A,7-66642301-G-T,7-66641782-A-G,7-66635016-T-G,7-66637075-G-T,7-66640198-G-GC,7-66635331-T-C,7-66635279-G-C,7-66635611-C-T,7-66637172-T-C,7-66660045-C-T,7-66624763-A-G,7-66661669-A-C,7-66654389-C-CATGT,7-66654389-C-CATGT,7-66643975-A-G,7-66644035-T-C,7-66644026-C-T,7-66652406-A-T,7-66652425-A-C,7-66625134-G-A,7-66625481-ATTAAGGAC-A,7-66625778-C-T,7-66625780-C-T,7-66626297-A-G,7-66626464-G-A,7-66626504-C-A,7-66626804-G-T,7-66627002-G-T,7-66627021-C-T,7-66627110-T-C,7-66627187-G-A,7-66627394-A-G,7-66627718-G-A,7-66628179-C-A,7-66628257-T-G,7-66628421-C-T,7-66628876-G-A,7-66628925-G-A,7-66629142-G-T,7-66629168-G-A,7-66629326-A-G,7-66629418-G-A,7-66629537-G-A,7-66629557-T-C,7-66629671-C-CA,7-66629902-C-A,7-66629989-A-ATT,7-66630059-G-A,7-66630146-C-A,7-66630409-A-T,7-66630594-C-T,7-66633191-A-G,7-66633434-C-T,7-66633756-T-A,7-66633978-T-C,7-66633985-AC-A,7-66634144-T-A,7-66634410-T-C,7-66634480-C-T,7-66634666-G-A,7-66634800-T-G,7-66634838-G-A,7-66635658-G-A,7-66636286-A-G,7-66636398-C-G,7-66636410-A-G,7-66636582-T-C,7-66636585-G-C,7-66636691-G-T,7-66636725-C-T,7-66636761-A-C,7-66656956-T-C,7-66656986-T-G,7-66654082-G-T,7-66661785-A-G,7-66651926-G-A,7-66651955-A-G,7-66652557-C-T,7-66653197-C-T,7-66653622-T-C,7-66653710-A-G,7-66653940-G-A,7-66654518-CATGTG-C,7-66654619-A-G,7-66654740-A-G,7-66655070-C-T,7-66655781-C-T,7-66656047-G-A,7-66656119-G-A,7-66656195-C-T,7-66656379-A-G,7-66657701-A-G,7-66657781-T-G,7-66657836-C-T,7-66658230-T-C,7-66658504-A-G,7-66658678-G-A,7-66658979-G-A,7-66659560-C-G,7-66660078-T-C,7-66660360-C-T,7-66660377-C-A,7-66661025-C-T,7-66661533-T-C,7-66661541-T-C,7-66661555-T-C,7-66661636-T-TTC,7-66661792-G-A,7-66639710-G-A,7-66639971-A-G,7-66640043-G-A,7-66640218-G-A,7-66640315-T-C,7-66640531-A-C,7-66640552-T-C,7-66640902-G-A,7-66641105-A-G,7-66641245-T-C,7-66641376-G-A,7-66641413-T-C,7-66641596-G-A,7-66641627-T-C,7-66641847-G-A,7-66641851-A-C,7-66641887-C-T,7-66642615-A-G,7-66642891-A-T,7-66643268-G-A,7-66643638-A-G,7-66645920-T-C,7-66645955-G-A,7-66645958-G-C,7-66646179-A-G,7-66646188-T-C,7-66646385-A-G,7-66646505-C-T,7-66646664-G-GT,7-66646856-G-A,7-66647405-G-T,7-66647734-G-GAT,7-66648030-A-G,7-66648468-C-G,7-66648476-G-A,7-66648911-T-C,7-66648917-T-C,7-66649261-G-A,7-66649301-T-C,7-66649901-A-G,7-66649918-C-G,7-66649986-G-A,7-66650122-C-T,7-66650181-A-C,7-66650423-C-A,7-66650716-G-A,7-66644039-T-C,7-66654697-T-G,7-66637950-T-TA,7-66629362-C-T,7-66650687-A-T,7-66666148-A-G,7-66668863-A-G,7-66632178-C-T,7-66632930-C-T,7-66658799-G-GGT,7-66670113-T-G,7-66567598-T-C,7-66571111-T-C,7-66571163-T-C,7-66571439-G-GT,7-66572968-G-A,7-66573794-T-C,7-66573857-A-G,7-66575738-T-C,7-66659377-T-C,7-66637842-A-C,7-66638281-T-C,7-66638344-A-G,7-66664186-A-T,7-66664905-GAAAGAGAA-G,7-66669557-C-T,7-66668717-G-A,7-66669586-CT-C,7-66669551-C-CT,7-66670123-A-G,7-66625067-A-G,7-66625083-C-A,7-66625084-T-C,7-66629804-G-A,7-66630064-T-C,7-66633276-T-G,7-66568247-T-C,7-66656911-G-C,7-66651611-T-C,7-66669077-CTTTGGGTCTGTTGT-C,7-66629613-G-T,7-66641647-AG-A,7-66645922-C-T,7-66648684-A-AT,7-66652585-G-GATGTTTATA,7-66653665-C-T,7-66657198-G-A,7-66658574-C-G,7-66662132-A-G,7-66662368-A-G,7-66662433-C-A,7-66662457-C-T,7-66662501-C-T,7-66662513-G-A,7-66663394-G-T,7-66663801-A-G,7-66663841-G-A,7-66664028-A-G,7-66664444-C-G,7-66664458-G-A,7-66664630-A-G,7-66665292-C-T,7-66665569-G-T,7-66665794-A-G,7-66665886-A-G,7-66666732-A-C,7-66666917-C-A,7-66667012-T-C,7-66667081-A-G,7-66667119-C-T,7-66667278-G-T,7-66667315-C-T,7-66667382-A-AT,7-66667636-A-G,7-66667774-C-T,7-66667903-C-T,7-66668176-C-T,7-66668226-A-G,7-66668500-G-A,7-66668663-CAAGAG-C,7-66668884-C-T,7-66669068-A-T,7-66669250-G-A,7-66669322-T-C,7-66669411-T-C,7-66669662-A-G,7-66669956-A-T,7-66660903-G-A,7-66665500-C-T,7-66645506-G-A,7-66635953-A-AT,7-66601675-T-C,7-66645694-G-A,7-66645804-A-AT,7-66600323-A-G,7-66608623-A-G,7-66605191-G-C,7-66605193-C-T,7-66600592-C-A,7-66624049-A-G,7-66624096-C-G,7-66624020-T-C,7-66610926-T-C,7-66612410-ATT-A,7-66605604-A-AT,7-66619074-T-A,7-66603924-T-C,7-66614999-A-G,7-66614897-C-G,7-66598572-G-C,7-66653817-C-G,7-66618926-T-A,7-66618928-T-G,7-66618925-T-A,7-66650415-C-T,7-66612637-A-C,7-66617426-G-T,7-66605062-CA-C,7-66605390-T-G,7-66605729-A-G,7-66606022-A-T,7-66606298-C-G,7-66606719-G-A,7-66606820-T-C,7-66606828-C-G,7-66606894-C-T,7-66606987-A-C,7-66607088-CTAT-C,7-66607218-G-GA,7-66607253-T-A,7-66608735-G-A,7-66608863-G-A,7-66608985-A-G,7-66609110-C-T,7-66609111-A-G,7-66609133-T-C,7-66609268-T-TA,7-66609553-A-G,7-66609561-A-G,7-66609747-G-A,7-66610387-C-T,7-66610565-T-G,7-66610745-G-C,7-66610752-G-T,7-66611121-T-G,7-66611530-C-G,7-66611855-T-C,7-66612338-C-T,7-66612967-A-G,7-66613354-A-G,7-66613561-T-C,7-66613562-G-A,7-66613569-C-T,7-66614306-A-T,7-66614556-GA-G,7-66616604-C-G,7-66616816-T-C,7-66617308-C-A,7-66617486-C-T,7-66617560-T-C,7-66617961-C-A,7-66618316-A-G,7-66618385-G-T,7-66618582-T-C,7-66618751-G-A,7-66619005-C-T,7-66619099-T-C,7-66619313-G-A,7-66619700-C-T,7-66619852-G-A,7-66620405-G-C,7-66620460-A-T,7-66620502-G-T,7-66620609-A-G,7-66620777-C-T,7-66620890-A-G,7-66621053-C-T,7-66621212-T-G,7-66621424-T-G,7-66621524-G-A,7-66621712-T-G,7-66621712-T-G,7-66621964-T-C,7-66622134-C-G,7-66622148-C-T,7-66622266-C-G,7-66622305-C-T,7-66622406-G-T,7-66622473-A-G,7-66622552-T-C,7-66622571-C-T,7-66622758-A-C,7-66623023-T-C,7-66623046-T-C,7-66623276-G-A,7-66623572-C-T,7-66623657-T-C,7-66623679-A-C,7-66674509-A-G,7-66702486-CAAA-C,7-66616323-G-A,7-66706349-A-ACACTAGTT,7-66604286-A-G,7-66588324-C-T,7-66602730-A-AT,7-66591196-G-A,7-66598047-G-A,7-66677290-G-A,7-66598030-A-G,7-66583480-C-T,7-66586897-G-T,7-66585063-T-TTTTC,7-66599766-GTT-G,7-66585288-CA-C,7-66675850-A-G,7-66578613-T-G,7-66702952-A-G,7-66578291-G-C,7-66673908-G-A,7-66680322-G-T,7-66601668-G-A,7-66680479-G-A,7-66673854-T-C,7-66680384-C-T,7-66603827-A-G,7-66670308-G-C,7-66601615-ATG-A,7-66699942-TAAA-T,7-66702599-GA-G,7-66684629-G-A,7-66704681-T-TTTAGTTAG,7-66687879-C-T,7-66696403-T-C,7-66696362-G-A,7-66702866-C-T,7-66687207-A-G,7-66708377-T-G,7-66631843-G-A,7-66589391-A-T,7-66596064-TTC-T,7-66684080-C-T,7-66702356-A-G,7-66670782-C-CTT,7-66597287-T-C,7-66603732-C-G,7-66682807-T-C,7-66566206-A-G,7-66566769-A-G,7-66578056-G-C,7-66578174-T-C,7-66578215-C-T,7-66578224-ACTCTCATCCATCTTCTGTTCC-A,7-66578404-T-C,7-66578694-T-C,7-66579759-T-C,7-66580067-A-G,7-66580126-C-G,7-66580386-G-A,7-66580484-A-C,7-66581085-T-C,7-66581369-G-T,7-66581452-C-T,7-66581517-A-T,7-66581684-C-T,7-66581995-G-A,7-66582082-C-T,7-66582460-T-A,7-66582700-T-A,7-66582740-T-A,7-66582908-G-A,7-66582908-G-A,7-66582917-A-G,7-66583570-C-T,7-66583910-A-T,7-66584039-A-G,7-66584176-T-C,7-66584198-C-T,7-66584589-T-C,7-66584887-T-G,7-66585161-T-C,7-66585775-A-G,7-66586111-TGAATGTCTGATCTTATAA-T,7-66586335-T-C,7-66586452-G-C,7-66586565-G-A,7-66586772-G-T,7-66586828-T-C,7-66587173-C-CT,7-66587221-G-A,7-66588182-C-T,7-66588582-A-G,7-66588644-G-A,7-66589106-T-G,7-66590467-C-T,7-66590511-G-A,7-66591546-TTC-T,7-66591794-G-A,7-66592027-G-A,7-66592105-C-G,7-66592228-C-T,7-66592290-C-A,7-66592784-T-C,7-66592842-G-T,7-66593017-A-G,7-66593364-A-G,7-66593785-C-T,7-66593967-C-T,7-66594208-G-A,7-66594646-G-A,7-66594777-T-A,7-66594822-T-C,7-66594881-A-G,7-66595014-A-G,7-66595236-T-C,7-66595752-A-G,7-66596022-C-G,7-66596044-T-C,7-66596150-C-T,7-66596529-T-C,7-66596749-A-G,7-66596976-C-T,7-66597046-C-T,7-66597344-G-A,7-66597647-A-C,7-66597658-TCTTTCCC-T,7-66598243-TC-T,7-66598453-A-G,7-66598511-C-T,7-66599015-A-G,7-66599144-G-A,7-66599216-A-G,7-66599412-T-TC,7-66599504-A-G,7-66600200-AT-A,7-66600219-A-C,7-66600482-G-A,7-66600536-C-T,7-66600700-T-C,7-66600727-T-C,7-66601020-C-T,7-66601211-G-A,7-66601262-T-C,7-66601324-T-C,7-66601552-G-A,7-66601836-C-G,7-66602051-T-C,7-66602091-C-T,7-66602511-C-T,7-66602984-A-G,7-66597207-C-T,7-66705128-T-C,7-66583991-C-T,7-66688797-C-T,7-66671591-A-G,7-66671597-C-T,7-66671683-G-A,7-66671783-C-T,7-66671919-T-G,7-66672196-C-T,7-66672423-G-A,7-66672434-G-A,7-66672448-G-A,7-66672523-G-C,7-66672608-A-G,7-66672833-A-G,7-66673130-T-C,7-66673229-G-A,7-66673352-C-T,7-66673399-T-C,7-66673453-C-T,7-66673709-A-G,7-66674195-G-A,7-66674391-G-C,7-66675131-C-T,7-66675198-G-A,7-66675215-G-A,7-66675215-G-A,7-66675231-T-A,7-66675424-A-C,7-66675709-T-G,7-66675807-CTCTG-C,7-66676262-G-T,7-66676318-C-T,7-66676380-A-G,7-66676410-C-T,7-66676850-G-A,7-66677356-A-T,7-66677892-T-C,7-66678006-G-GTGCC,7-66678591-T-C,7-66678636-A-G,7-66678723-C-T,7-66678887-C-G,7-66679262-G-T,7-66680999-ACAAT-A,7-66682446-C-T,7-66682771-G-GT,7-66683989-G-A,7-66684657-G-A,7-66685133-G-A,7-66685436-T-C,7-66685683-T-G,7-66686386-A-G,7-66686766-T-C,7-66686921-A-G,7-66687113-G-A,7-66687549-A-C,7-66687941-T-G,7-66688061-G-A,7-66688289-T-G,7-66689230-T-C,7-66690225-G-A,7-66690677-A-G,7-66691466-C-T,7-66691590-T-C,7-66691609-G-T,7-66692243-T-A,7-66692252-TA-T,7-66692329-C-T,7-66692345-T-G,7-66692683-T-C,7-66692857-G-C,7-66693028-A-G,7-66693064-T-A,7-66693330-G-A,7-66694070-T-C,7-66694322-T-C,7-66694384-GC-G,7-66694862-C-T,7-66695461-G-A,7-66696019-C-T,7-66696486-C-T,7-66696937-T-C,7-66697205-G-T,7-66697293-G-T,7-66697402-C-T,7-66699405-T-C,7-66699767-CAGA-C,7-66699930-C-CT,7-66700177-G-A,7-66700190-A-G,7-66700484-T-C,7-66700576-A-C,7-66700644-C-T,7-66700750-A-G,7-66700946-T-C,7-66701033-T-G,7-66701429-G-C,7-66701492-C-T,7-66701515-C-T,7-66701936-T-A,7-66702062-A-G,7-66702355-C-T,7-66702798-G-A,7-66703328-G-A,7-66703636-G-A,7-66703652-T-C,7-66703653-G-A,7-66703655-A-G,7-66703869-G-A,7-66704200-A-G,7-66704407-A-C,7-66704521-A-T,7-66704545-C-T,7-66704730-T-C,7-66705357-T-C,7-66705553-C-T,7-66705611-A-G,7-66705842-A-G,7-66706102-A-G,7-66706116-C-T,7-66706160-C-T,7-66706444-A-C,7-66706728-C-T,7-66706768-T-C,7-66609469-G-GT,7-66688764-A-G,7-66605166-C-T,7-66684685-GT-G,7-66607147-A-G,7-66608420-C-G,7-66608855-G-T,7-66610751-G-GT,7-66611347-A-C,7-66614462-T-C,7-66618358-G-A,7-66620160-C-T,7-66620603-G-A,7-66621061-C-T,7-66621143-G-A,7-66622569-G-A,7-66624963-AT-A,7-66506237-T-A,7-66608570-A-G,7-66589136-A-T,7-66591170-C-T,7-66702592-T-A,7-66702593-A-T,7-66680251-C-G,7-66684986-G-A,7-66707698-G-A,7-66613499-G-A,7-66666609-G-A,7-66650711-C-G,7-66506086-G-A,7-66555846-G-A,7-66546656-G-C,7-66663686-C-T,7-66703119-G-C,7-66513614-G-A,7-66515394-G-A,7-66515528-C-G,7-66516151-C-T,7-66517049-C-T,7-66518851-G-A,7-66518946-C-T,7-66519689-AT-A,7-66521471-T-C,7-66522546-C-T,7-66525513-C-T,7-66538688-G-T,7-66538797-C-T,7-66538918-C-A,7-66539772-G-A,7-66541706-G-A,7-66541889-C-A,7-66549247-TA-T,7-66551370-G-A,7-66551407-G-A,7-66555347-G-T,7-66557020-C-G,7-66557148-C-T,7-66557326-T-G,7-66557950-G-A,7-66558071-C-T,7-66561217-C-A,7-66515614-T-C,7-66516641-G-A,7-66520438-C-T,7-66529741-C-G,7-66533077-T-C,7-66538714-T-C,7-66671017-C-T,7-66700173-C-G,7-66694525-CA-C,7-66651773-G-C,7-66512317-A-C,7-66512581-T-C,7-66514708-G-A,7-66523392-G-A,7-66523521-G-T,7-66528050-T-A,7-66528654-G-C,7-66542135-G-A,7-66543514-T-A,7-66543980-T-C,7-66545725-G-C,7-66547296-T-G,7-66552282-A-G,7-66562441-G-A,7-66563135-A-G,7-66566448-G-A,7-66569208-G-A,7-66574209-C-T,7-66574420-A-C,7-66574425-C-T,7-66576213-C-T,7-66584459-T-G,7-66584841-C-T,7-66584920-C-T,7-66586221-A-G,7-66589409-G-C,7-66590824-G-C,7-66592378-C-A,7-66593134-T-C,7-66595583-A-G,7-66598251-C-T,7-66602947-A-G,7-66602986-C-T,7-66546243-A-G,7-66599782-A-G,7-66612461-C-T,7-66614003-G-C,7-66687461-AT-A,7-66513067-G-A,7-66585504-T-C,7-66695505-T-A,7-66514516-A-T,7-66564018-AT-A,7-66578612-C-T,7-66688353-G-A,7-66674106-A-G,7-66600352-C-CA,7-66702137-C-T,7-66604147-C-A,7-66621824-A-G,7-66550307-T-C,7-66615118-C-A,7-66693414-T-C,7-66590764-G-A,7-66692584-A-G,7-66692575-G-A,7-66567698-G-T,7-66703238-A-AT,7-66703238-A-AT,7-66616791-T-TG,7-66561114-C-T","ENSG00000273142,ENSG00000154710,ENSG00000230189,ENSG00000126524,ENSG00000229180,ENSG00000230583,ENSG00000169902,ENSG00000289015,ENSG00000198874,ENSG00000225573,ENSG00000231234,ENSG00000067601,ENSG00000230295,ENSG00000232491,ENSG00000289177,ENSG00000234500,ENSG00000243335,ENSG00000237310,ENSG00000106609,ENSG00000179406,ENSG00000251451","ENSG00000230583,ENSG00000106609,ENSG00000237466,ENSG00000237310,ENSG00000289177,ENSG00000234500,ENSG00000198874,ENSG00000266525,ENSG00000229180,ENSG00000225573,ENSG00000275878,ENSG00000226392,ENSG00000126524,ENSG00000230295,ENSG00000179406,ENSG00000230189,ENSG00000201565,ENSG00000224365,ENSG00000179131,ENSG00000244657,ENSG00000271064,ENSG00000212568,ENSG00000232546,ENSG00000233383,ENSG00000231234,ENSG00000154710,ENSG00000234185,ENSG00000243335,ENSG00000232491,ENSG00000273142,ENSG00000205596,ENSG00000252126,ENSG00000251451,ENSG00000169902,ENSG00000289015,ENSG00000201560,ENSG00000067601,ENSG00000274135,ENSG00000200670",ENSG00000198874,Liver eQTLs,train
20019891700092196-92196000007282,chr9,"9-131587240-G-A,9-131579338-G-C,9-131589033-C-T,9-131591832-G-A,9-131595035-G-A,9-131612564-T-G,9-131579182-C-T,9-131579807-G-A,9-131580744-C-T,9-131585216-G-T,9-131585808-C-G,9-131598767-A-G,9-131598897-T-A,9-131599008-C-T,9-131576117-G-A,9-131607921-A-G,9-131611191-G-A,9-131611465-C-T,9-131613637-C-T,9-131608786-G-A,9-131598513-T-TTTCC,9-131577981-A-T,9-131576416-T-G,9-131588888-G-C,9-131605661-C-CT,9-131614082-A-C,9-131617167-G-A,9-131569345-G-A,9-131572027-G-A,9-131571756-G-A,9-131572903-A-G,9-131570178-T-C,9-131562232-A-G,9-131565554-T-C,9-131575642-AAAAT-A,9-131567995-G-A,9-131574453-GT-G,9-131574437-GT-G,9-131600111-T-C,9-131601890-C-T,9-131611810-T-C","ENSG00000148331,ENSG00000224307,ENSG00000106992,ENSG00000167110,ENSG00000119333,ENSG00000136816,ENSG00000119335,ENSG00000119383,ENSG00000171169,ENSG00000107021,ENSG00000136811,ENSG00000232850,ENSG00000167123,ENSG00000175854,ENSG00000095321,ENSG00000167118,ENSG00000119392,ENSG00000171159,ENSG00000223551,ENSG00000148341,ENSG00000234771,ENSG00000280758,ENSG00000233901,ENSG00000136908,ENSG00000227218,ENSG00000167106,ENSG00000136878,ENSG00000148344,ENSG00000167112,ENSG00000160445,ENSG00000136819,ENSG00000175283,ENSG00000234055,ENSG00000167114,ENSG00000223478,ENSG00000148335,ENSG00000148346,ENSG00000198917,ENSG00000267834,ENSG00000188483,ENSG00000167130,ENSG00000167113,ENSG00000272696,ENSG00000136827,ENSG00000160446,ENSG00000160408,ENSG00000228395,ENSG00000268707,ENSG00000136840,ENSG00000287234,ENSG00000197694,ENSG00000203286,ENSG00000167103,ENSG00000148334,ENSG00000204054,ENSG00000148337,ENSG00000179082,ENSG00000148343,ENSG00000095319,ENSG00000234705,ENSG00000106976,ENSG00000106991,ENSG00000148339","ENSG00000171159,ENSG00000130720,ENSG00000252582,ENSG00000227218,ENSG00000197694,ENSG00000224797,ENSG00000119383,ENSG00000175854,ENSG00000268707,ENSG00000267834,ENSG00000280758,ENSG00000106991,ENSG00000285287,ENSG00000272696,ENSG00000148337,ENSG00000167103,ENSG00000167123,ENSG00000171169,ENSG00000175283,ENSG00000167130,ENSG00000106992,ENSG00000231587,ENSG00000179082,ENSG00000252622,ENSG00000095321,ENSG00000232850,ENSG00000148335,ENSG00000204054,ENSG00000212395,ENSG00000226987,ENSG00000240853,ENSG00000160445,ENSG00000277713,ENSG00000223478,ENSG00000148343,ENSG00000234771,ENSG00000167106,ENSG00000235284,ENSG00000148331,ENSG00000167114,ENSG00000148341,ENSG00000167112,ENSG00000148334,ENSG00000286547,ENSG00000119392,ENSG00000236658,ENSG00000136816,ENSG00000136908,ENSG00000167113,ENSG00000203286,ENSG00000234705,ENSG00000167118,ENSG00000136840,ENSG00000232172,ENSG00000289000,ENSG00000233901,ENSG00000223551,ENSG00000188523,ENSG00000160446,ENSG00000125492,ENSG00000231018,ENSG00000136819,ENSG00000148344,ENSG00000160408,ENSG00000228395,ENSG00000119333,ENSG00000198917,ENSG00000167110,ENSG00000148346,ENSG00000136827,ENSG00000107021,ENSG00000234055,ENSG00000095319,ENSG00000136878,ENSG00000230289,ENSG00000188483,ENSG00000136811,ENSG00000148339,ENSG00000287234,ENSG00000106976,ENSG00000119335,ENSG00000236687,ENSG00000252521,ENSG00000224307",ENSG00000198917,Liver eQTLs,train
20019983600092196-92196000001998,chr14,"14-100417990-C-A,14-100413750-G-C,14-100413751-CTTGG-C","ENSG00000140107,ENSG00000168350,ENSG00000183576,ENSG00000258521,ENSG00000247970,ENSG00000183092,ENSG00000176473,ENSG00000066629,ENSG00000199836,ENSG00000127152,ENSG00000182218,ENSG00000214548,ENSG00000100811,ENSG00000197119,ENSG00000234648,ENSG00000289137,ENSG00000140105,ENSG00000232573,ENSG00000090061,ENSG00000205476,ENSG00000258666,ENSG00000185559,ENSG00000036530","ENSG00000214548,ENSG00000199109,ENSG00000200506,ENSG00000289278,ENSG00000288252,ENSG00000201240,ENSG00000221525,ENSG00000201950,ENSG00000258521,ENSG00000258681,ENSG00000182218,ENSG00000258717,ENSG00000207959,ENSG00000100811,ENSG00000272474,ENSG00000243976,ENSG00000277754,ENSG00000202293,ENSG00000232573,ENSG00000183576,ENSG00000201263,ENSG00000196273,ENSG00000201710,ENSG00000283159,ENSG00000265154,ENSG00000289137,ENSG00000205476,ENSG00000090061,ENSG00000200089,ENSG00000201500,ENSG00000201557,ENSG00000199005,ENSG00000207762,ENSG00000208027,ENSG00000202560,ENSG00000221614,ENSG00000207754,ENSG00000258666,ENSG00000201700,ENSG00000199914,ENSG00000197119,ENSG00000266461,ENSG00000259004,ENSG00000247970,ENSG00000207761,ENSG00000208004,ENSG00000216179,ENSG00000201839,ENSG00000253075,ENSG00000207978,ENSG00000230805,ENSG00000283561,ENSG00000211582,ENSG00000200608,ENSG00000198984,ENSG00000207961,ENSG00000259023,ENSG00000202048,ENSG00000036530,ENSG00000199069,ENSG00000212384,ENSG00000258500,ENSG00000258693,ENSG00000200279,ENSG00000234648,ENSG00000221036,ENSG00000201036,ENSG00000283279,ENSG00000199942,ENSG00000272439,ENSG00000207993,ENSG00000202191,ENSG00000199088,ENSG00000283840,ENSG00000198982,ENSG00000127152,ENSG00000258560,ENSG00000183092,ENSG00000271198,ENSG00000207743,ENSG00000215957,ENSG00000176473,ENSG00000200823,ENSG00000207749,ENSG00000272344,ENSG00000276352,ENSG00000258861,ENSG00000283588,ENSG00000194717,ENSG00000140105,ENSG00000207587,ENSG00000207742,ENSG00000201899,ENSG00000199025,ENSG00000200632,ENSG00000283170,ENSG00000199151,ENSG00000275662,ENSG00000207934,ENSG00000216099,ENSG00000207989,ENSG00000221745,ENSG00000200612,ENSG00000199015,ENSG00000140107,ENSG00000199390,ENSG00000286551,ENSG00000199082,ENSG00000207646,ENSG00000199798,ENSG00000202142,ENSG00000199012,ENSG00000199836,ENSG00000200636,ENSG00000242888,ENSG00000275161,ENSG00000288245,ENSG00000199020,ENSG00000200832,ENSG00000185559,ENSG00000258576,ENSG00000168350,ENSG00000258982,ENSG00000274884,ENSG00000258672,ENSG00000258497,ENSG00000199107,ENSG00000199092,ENSG00000283556,ENSG00000212040,ENSG00000066629",ENSG00000199836,Liver eQTLs,train
20020377200092196-92196000000813,chr10,10-135254576-G-A,"ENSG00000148832,ENSG00000226699,ENSG00000151651,ENSG00000289039,ENSG00000230306,ENSG00000130640,ENSG00000171798,ENSG00000151650,ENSG00000127884,ENSG00000068383,ENSG00000130649,ENSG00000148824,ENSG00000165828,ENSG00000166917,ENSG00000273336,ENSG00000278518,ENSG00000130643,ENSG00000203772,ENSG00000198546,ENSG00000232903,ENSG00000214279,ENSG00000171772,ENSG00000148803,ENSG00000171811,ENSG00000286789,ENSG00000197177","ENSG00000203772,ENSG00000130643,ENSG00000230306,ENSG00000273336,ENSG00000278518,ENSG00000171811,ENSG00000214279,ENSG00000130640,ENSG00000166917,ENSG00000151651,ENSG00000165828,ENSG00000289039,ENSG00000130649,ENSG00000148803,ENSG00000068383,ENSG00000148824,ENSG00000197177,ENSG00000232903,ENSG00000198546,ENSG00000148832,ENSG00000171798,ENSG00000171772,ENSG00000151650,ENSG00000127884,ENSG00000226699,ENSG00000286789",ENSG00000203772,Liver eQTLs,train
20020377800092196-92196000005991,chr6,"6-112418863-CAG-C,6-112385125-G-A,6-112398450-G-A,6-112411682-G-A,6-112411770-ACAAT-A,6-112412257-CTCTACTTT-C,6-112434159-T-G,6-112383780-G-A,6-112423687-C-CA,6-112413178-G-A,6-112415463-C-G,6-112411250-A-G,6-112419664-C-T,6-112411410-G-GTCTA,6-112412295-C-A,6-112408208-G-A,6-112414035-A-G,6-112414280-A-T,6-112417677-T-TG,6-112418514-G-A,6-112421305-C-T,6-112421721-C-T,6-112423262-G-C,6-112425503-C-CTG,6-112426306-G-A,6-112427251-A-G,6-112428295-G-A,6-112428989-T-A,6-112429787-T-A,6-112429912-T-A,6-112430180-A-G,6-112431405-C-CTCTTA,6-112433912-C-A,6-112433973-T-G,6-112435273-A-C,6-112414045-G-A,6-112415351-T-C,6-112417580-A-G,6-112426831-G-T,6-112428219-G-C,6-112428712-G-A,6-112432135-A-C,6-112433664-T-C,6-112433902-T-C,6-112434566-T-G,6-112435264-T-G,6-112435444-G-GAAT,6-112383461-G-A,6-112430886-T-C,6-112370492-G-A,6-112394214-CA-C,6-112412059-G-A,6-112413420-C-A,6-112414310-A-C,6-112423582-G-C,6-112388670-A-C,6-112394413-G-T,6-112413081-GAA-G,6-112425856-A-G,6-112432452-G-A,6-112404770-T-C,6-112412183-G-T,6-112413516-T-G,6-112414252-A-G,6-112416020-A-G,6-112416185-A-G,6-112420052-G-A,6-112420685-T-G,6-112420703-T-C,6-112422647-T-C,6-112425972-A-G,6-112429793-C-T,6-112433865-A-AAGG,6-112433920-T-C,6-112422664-A-C,6-112427296-A-G,6-112430027-G-T,6-112374944-G-A,6-112394326-G-GA,6-112399750-C-T,6-112410336-A-G,6-112402683-T-A,6-112420227-T-C,6-112399878-G-A,6-112422154-T-C,6-112378384-T-G,6-112382313-G-T,6-112397445-C-T,6-112366386-C-T,6-112391533-C-A,6-112398675-G-GTTTTC,6-112407590-G-C,6-112408610-T-C,6-112414776-G-A,6-112416317-A-G,6-112419509-T-A,6-112425055-G-C,6-112427118-G-A,6-112384854-T-C,6-112359543-G-A,6-112410591-G-GA,6-112435796-G-C,6-112437642-C-G,6-112445106-C-T,6-112448654-A-G,6-112445258-C-A,6-112435807-G-T,6-112400442-G-A,6-112375307-A-G,6-112386815-A-G,6-112375889-A-G,6-112435682-G-A,6-112375644-G-A,6-112363390-A-C,6-112435912-A-T,6-112363605-A-T,6-112363760-A-G,6-112457383-G-C","ENSG00000112769,ENSG00000271789,ENSG00000231889,ENSG00000272356,ENSG00000074935,ENSG00000286616,ENSG00000112761,ENSG00000010810,ENSG00000237234,ENSG00000173214,ENSG00000009413,ENSG00000255389,ENSG00000056972,ENSG00000203778","ENSG00000226440,ENSG00000207044,ENSG00000286914,ENSG00000231889,ENSG00000287728,ENSG00000270661,ENSG00000056972,ENSG00000203778,ENSG00000223811,ENSG00000216904,ENSG00000255389,ENSG00000232299,ENSG00000112769,ENSG00000201386,ENSG00000218676,ENSG00000074935,ENSG00000286616,ENSG00000272356,ENSG00000215807,ENSG00000227012,ENSG00000112761,ENSG00000288560,ENSG00000225580,ENSG00000220506,ENSG00000216663,ENSG00000010810,ENSG00000271208,ENSG00000219773,ENSG00000217770,ENSG00000289256,ENSG00000218490,ENSG00000251258,ENSG00000237234,ENSG00000009413,ENSG00000271789,ENSG00000271498,ENSG00000173214",ENSG00000203778,Liver eQTLs,train
20020379100092196-92196000000786,chr10,"10-126458373-G-A,10-126424823-G-A,10-126424835-C-T,10-126455808-C-T,10-126431281-G-C,10-126539128-T-G,10-126433570-C-G,10-126436717-G-T,10-126438963-G-T,10-126439062-C-T,10-126440395-G-A,10-126443404-A-T,10-126447545-G-C,10-126453481-T-C,10-126461368-C-A,10-126480591-G-C,10-126482389-G-A,10-126482849-C-T,10-126488660-G-A,10-126517989-G-A,10-126427037-G-T,10-126436279-C-T,10-126449428-G-A,10-126450125-C-A,10-126451385-G-A,10-126452042-A-G,10-126456997-T-G,10-126418782-C-T,10-126486443-T-C,10-126424137-C-T,10-126446592-A-G,10-126469005-G-A,10-126419841-C-T,10-126474200-C-T,10-126544646-A-T,10-126500187-A-G,10-126551900-C-A,10-126424344-GGGCT-G,10-126473499-TA-T","ENSG00000107902,ENSG00000175029,ENSG00000203791,ENSG00000189319,ENSG00000107938,ENSG00000224023,ENSG00000182022,ENSG00000165660,ENSG00000065154,ENSG00000121898,ENSG00000273599,ENSG00000019995,ENSG00000288757,ENSG00000278831,ENSG00000236991","ENSG00000287326,ENSG00000175029,ENSG00000222629,ENSG00000189319,ENSG00000107938,ENSG00000233409,ENSG00000265092,ENSG00000182022,ENSG00000287609,ENSG00000288757,ENSG00000237675,ENSG00000278831,ENSG00000121898,ENSG00000273599,ENSG00000165660,ENSG00000224023,ENSG00000199321,ENSG00000203791,ENSG00000236991,ENSG00000234016,ENSG00000107902,ENSG00000019995,ENSG00000235180,ENSG00000213170,ENSG00000214297,ENSG00000233135,ENSG00000175018,ENSG00000065154,ENSG00000222740",ENSG00000203791,Liver eQTLs,train
20020387500092196-92196000006462,chr6,"6-86387888-G-T,6-86376586-G-A,6-86388223-C-T,6-86402916-G-A,6-86425148-C-T,6-86364434-A-G,6-86247799-T-C,6-86335150-A-T,6-86340848-G-C,6-86344296-G-A,6-86347189-TAA-T,6-86347605-C-T,6-86353621-A-G,6-86353622-A-C,6-86206773-G-A,6-86207947-TG-T,6-86208096-A-G,6-86220907-AT-A,6-86223316-T-C,6-86232710-G-A,6-86234384-C-T,6-86236616-G-A,6-86238632-TG-T,6-86240147-G-A,6-86258614-G-A,6-86263555-T-C,6-86282278-A-AAAATACC,6-86298063-A-G,6-86291935-G-A,6-86257535-C-A,6-86189520-T-C,6-86325632-C-T,6-86350394-C-T,6-86283777-TATA-T,6-86287129-C-A,6-86302034-A-G,6-86246709-C-A,6-86224053-T-G,6-86415813-G-A,6-86421414-T-C,6-86381844-TA-T,6-86180732-A-C,6-86180926-A-G,6-86205968-C-A,6-86219212-T-TTCTG,6-86199329-G-C,6-86392102-C-T,6-86393905-C-T,6-86394066-T-C,6-86241751-G-GA,6-86221586-A-T","ENSG00000203875,ENSG00000112837,ENSG00000135317,ENSG00000135318,ENSG00000135316,ENSG00000214460","ENSG00000112837,ENSG00000217776,ENSG00000203875,ENSG00000220831,ENSG00000214457,ENSG00000217334,ENSG00000198738,ENSG00000202103,ENSG00000252697,ENSG00000135318,ENSG00000217272,ENSG00000200427,ENSG00000220069,ENSG00000168830,ENSG00000219500,ENSG00000279616,ENSG00000218766,ENSG00000222686,ENSG00000220240,ENSG00000135317,ENSG00000217169,ENSG00000135316,ENSG00000288021,ENSG00000218561,ENSG00000218313,ENSG00000243124,ENSG00000216439,ENSG00000214460,ENSG00000217769,ENSG00000219190,ENSG00000215477",ENSG00000203875,Liver eQTLs,train
20020405400092196-92196000007288,chr9,9-132267508-AC-A,"ENSG00000267834,ENSG00000187239,ENSG00000179082,ENSG00000197694,ENSG00000160447,ENSG00000234055,ENSG00000287234,ENSG00000175287,ENSG00000136827,ENSG00000148357,ENSG00000119335,ENSG00000188483,ENSG00000107021,ENSG00000107130,ENSG00000268707,ENSG00000160446,ENSG00000234705,ENSG00000095321,ENSG00000228395,ENSG00000148331,ENSG00000119333,ENSG00000148335,ENSG00000095319,ENSG00000148343,ENSG00000280758,ENSG00000136802,ENSG00000288924,ENSG00000136878,ENSG00000148344,ENSG00000136816,ENSG00000204054,ENSG00000223478,ENSG00000148341,ENSG00000233901,ENSG00000167136,ENSG00000198917,ENSG00000160445,ENSG00000175283,ENSG00000136819,ENSG00000171097,ENSG00000119383,ENSG00000130707,ENSG00000148358,ENSG00000203286,ENSG00000167130,ENSG00000224307","ENSG00000252521,ENSG00000148344,ENSG00000148341,ENSG00000231587,ENSG00000188523,ENSG00000198917,ENSG00000167130,ENSG00000267834,ENSG00000171102,ENSG00000236687,ENSG00000285287,ENSG00000224307,ENSG00000234907,ENSG00000148331,ENSG00000212395,ENSG00000130707,ENSG00000240853,ENSG00000263816,ENSG00000119333,ENSG00000287234,ENSG00000160445,ENSG00000107130,ENSG00000188483,ENSG00000136816,ENSG00000175287,ENSG00000167136,ENSG00000148357,ENSG00000136827,ENSG00000233901,ENSG00000160446,ENSG00000179082,ENSG00000286547,ENSG00000289000,ENSG00000231018,ENSG00000280758,ENSG00000136878,ENSG00000136802,ENSG00000268707,ENSG00000160447,ENSG00000119440,ENSG00000148343,ENSG00000288924,ENSG00000230289,ENSG00000119335,ENSG00000197694,ENSG00000107021,ENSG00000187239,ENSG00000148358,ENSG00000095321,ENSG00000223478,ENSG00000228395,ENSG00000235284,ENSG00000203286,ENSG00000238558,ENSG00000148335,ENSG00000273932,ENSG00000171097,ENSG00000136819,ENSG00000234055,ENSG00000119383,ENSG00000234705,ENSG00000175283,ENSG00000095319,ENSG00000204054,ENSG00000125492",ENSG00000204054,Liver eQTLs,train
20020414700092196-92196000000940,chr10,"10-52516665-C-T,10-52521538-A-G,10-52516765-C-T,10-52516164-C-T,10-52521315-G-A,10-52521662-T-C,10-52522068-A-G,10-52522161-T-C,10-52522346-T-A,10-52531048-C-T,10-52531192-C-T,10-52531309-G-A,10-52501044-G-A,10-52526915-G-A,10-52526898-G-C,10-52499303-C-G,10-52499880-A-G,10-52520369-TA-T,10-52525008-G-A,10-52519259-G-A,10-52524783-A-G,10-52532242-G-A,10-52524173-G-A,10-52525896-G-C,10-52526385-T-G,10-52527873-T-A,10-52533645-G-A,10-52533892-G-A,10-52479351-G-GA,10-52488000-A-C","ENSG00000204147,ENSG00000177613,ENSG00000099290,ENSG00000148584,ENSG00000178440,ENSG00000227345,ENSG00000231345,ENSG00000225137,ENSG00000279863,ENSG00000204149,ENSG00000198964,ENSG00000204152,ENSG00000185532,ENSG00000285803,ENSG00000197444,ENSG00000235618,ENSG00000229870,ENSG00000229711,ENSG00000226200","ENSG00000213657,ENSG00000252161,ENSG00000289527,ENSG00000197444,ENSG00000231345,ENSG00000229870,ENSG00000231399,ENSG00000099290,ENSG00000229711,ENSG00000226296,ENSG00000201196,ENSG00000226200,ENSG00000285803,ENSG00000289270,ENSG00000227972,ENSG00000148584,ENSG00000204152,ENSG00000198964,ENSG00000204149,ENSG00000178440,ENSG00000204147,ENSG00000225137,ENSG00000235618,ENSG00000227121,ENSG00000279863,ENSG00000185532,ENSG00000177613,ENSG00000227345",ENSG00000204147,Liver eQTLs,train
20020414900092196-92196000000925,chr10,"10-51016993-A-G,10-51022359-A-G,10-51022683-T-TTC,10-51126485-A-G,10-51040390-A-G,10-51021509-A-C,10-51035834-CTTAT-C,10-51048071-T-C,10-51129815-T-A,10-51054651-C-T,10-51056638-G-A,10-51117698-C-T,10-51094660-C-T,10-51128803-G-A,10-51115133-T-C,10-51039279-A-AT,10-51067223-A-G,10-51122710-C-T,10-51056858-C-T,10-51100530-T-C,10-50993119-A-G","ENSG00000197444,ENSG00000285803,ENSG00000225137,ENSG00000289092,ENSG00000279863,ENSG00000235618,ENSG00000285662,ENSG00000229870,ENSG00000204147,ENSG00000172671,ENSG00000188234,ENSG00000204177,ENSG00000264230,ENSG00000204149,ENSG00000230869,ENSG00000178440,ENSG00000263639,ENSG00000272430,ENSG00000226200,ENSG00000215097,ENSG00000231345,ENSG00000204175,ENSG00000225830,ENSG00000266412,ENSG00000229927,ENSG00000265354,ENSG00000198964,ENSG00000204176,ENSG00000165633,ENSG00000099290,ENSG00000188611,ENSG00000165507,ENSG00000227345,ENSG00000231964,ENSG00000265366,ENSG00000231187,ENSG00000204179,ENSG00000279058,ENSG00000243289,ENSG00000226937,ENSG00000165512,ENSG00000012779,ENSG00000280913,ENSG00000204161,ENSG00000239883,ENSG00000165406,ENSG00000264204,ENSG00000165511,ENSG00000270258,ENSG00000165874","ENSG00000204177,ENSG00000213659,ENSG00000229927,ENSG00000231345,ENSG00000178440,ENSG00000197444,ENSG00000165512,ENSG00000235618,ENSG00000204149,ENSG00000236944,ENSG00000223502,ENSG00000226168,ENSG00000165406,ENSG00000207813,ENSG00000165511,ENSG00000272430,ENSG00000243289,ENSG00000204175,ENSG00000204161,ENSG00000225830,ENSG00000188611,ENSG00000172671,ENSG00000198964,ENSG00000239883,ENSG00000279058,ENSG00000233011,ENSG00000215097,ENSG00000263639,ENSG00000261368,ENSG00000165874,ENSG00000229870,ENSG00000226937,ENSG00000264204,ENSG00000231964,ENSG00000230011,ENSG00000289270,ENSG00000225137,ENSG00000238523,ENSG00000287221,ENSG00000265366,ENSG00000226631,ENSG00000225303,ENSG00000265354,ENSG00000289092,ENSG00000165633,ENSG00000279863,ENSG00000230869,ENSG00000235279,ENSG00000231187,ENSG00000264230,ENSG00000231132,ENSG00000099290,ENSG00000012779,ENSG00000270258,ENSG00000285662,ENSG00000231588,ENSG00000165507,ENSG00000188234,ENSG00000204147,ENSG00000204179,ENSG00000213667,ENSG00000227345,ENSG00000285803,ENSG00000266412,ENSG00000226200,ENSG00000204176,ENSG00000280913",ENSG00000204149,Liver eQTLs,train
20020414900092196-92196000000934,chr10,"10-51779087-T-C,10-51770746-T-C","ENSG00000148584,ENSG00000279863,ENSG00000225830,ENSG00000229711,ENSG00000197444,ENSG00000229870,ENSG00000225137,ENSG00000285803,ENSG00000235618,ENSG00000178440,ENSG00000188611,ENSG00000165633,ENSG00000227345,ENSG00000099290,ENSG00000226200,ENSG00000185532,ENSG00000231345,ENSG00000204147,ENSG00000198964,ENSG00000204161,ENSG00000204149","ENSG00000204161,ENSG00000188611,ENSG00000148584,ENSG00000231132,ENSG00000226200,ENSG00000204149,ENSG00000229870,ENSG00000178440,ENSG00000227972,ENSG00000207813,ENSG00000289527,ENSG00000185532,ENSG00000235618,ENSG00000204147,ENSG00000225830,ENSG00000099290,ENSG00000229711,ENSG00000227345,ENSG00000223502,ENSG00000279863,ENSG00000213657,ENSG00000165633,ENSG00000285803,ENSG00000289270,ENSG00000236944,ENSG00000235279,ENSG00000213659,ENSG00000231345,ENSG00000261368,ENSG00000225137,ENSG00000197444,ENSG00000198964",ENSG00000204149,Liver eQTLs,train
20020417200092196-92196000000891,chr10,"10-48303741-G-A,10-48311583-A-T,10-48318619-C-T,10-48307363-GA-G,10-48313059-T-C,10-48319641-A-G,10-48308886-T-C,10-48310622-A-G,10-48313591-A-G,10-48320032-T-C,10-48320402-T-C,10-48319273-T-C,10-48322538-C-T,10-48307938-T-C,10-48311776-T-C,10-48305258-A-G","ENSG00000107643,ENSG00000263639,ENSG00000204176,ENSG00000204177,ENSG00000012779,ENSG00000231187,ENSG00000265354,ENSG00000231964,ENSG00000276850,ENSG00000265366,ENSG00000128815,ENSG00000204179,ENSG00000265630,ENSG00000273760,ENSG00000285662,ENSG00000172661,ENSG00000189014,ENSG00000128805,ENSG00000188234,ENSG00000204175,ENSG00000266412,ENSG00000263761,ENSG00000229927,ENSG00000264204,ENSG00000204172,ENSG00000237840,ENSG00000279058,ENSG00000243289,ENSG00000165406,ENSG00000215097,ENSG00000265190,ENSG00000280913,ENSG00000230869,ENSG00000239883,ENSG00000289092,ENSG00000172671,ENSG00000264230,ENSG00000266524","ENSG00000237840,ENSG00000248682,ENSG00000264204,ENSG00000276850,ENSG00000204175,ENSG00000264717,ENSG00000236208,ENSG00000204177,ENSG00000229927,ENSG00000234736,ENSG00000172671,ENSG00000264230,ENSG00000266524,ENSG00000265366,ENSG00000172538,ENSG00000280913,ENSG00000225482,ENSG00000273760,ENSG00000270369,ENSG00000204172,ENSG00000263639,ENSG00000228754,ENSG00000286993,ENSG00000241577,ENSG00000107643,ENSG00000264800,ENSG00000285662,ENSG00000128815,ENSG00000263761,ENSG00000243289,ENSG00000165383,ENSG00000265190,ENSG00000239883,ENSG00000236800,ENSG00000252149,ENSG00000289092,ENSG00000276544,ENSG00000279822,ENSG00000265354,ENSG00000231906,ENSG00000266412,ENSG00000204179,ENSG00000224919,ENSG00000278561,ENSG00000188234,ENSG00000285786,ENSG00000189014,ENSG00000128805,ENSG00000265630,ENSG00000170324,ENSG00000230869,ENSG00000279058,ENSG00000165406,ENSG00000252877,ENSG00000226576,ENSG00000265203,ENSG00000189090,ENSG00000276430,ENSG00000204176,ENSG00000231187,ENSG00000251413,ENSG00000231964,ENSG00000172661,ENSG00000228403,ENSG00000215097,ENSG00000012779",ENSG00000204172,Liver eQTLs,train
20020417200092196-92196000000908,chr10,10-48953923-C-T,"ENSG00000128805,ENSG00000204175,ENSG00000237840,ENSG00000165406,ENSG00000172671,ENSG00000229927,ENSG00000215097,ENSG00000273760,ENSG00000204172,ENSG00000204177,ENSG00000289092,ENSG00000263639,ENSG00000188234,ENSG00000266412,ENSG00000266524,ENSG00000264230,ENSG00000231187,ENSG00000204176,ENSG00000204179,ENSG00000285662,ENSG00000128815,ENSG00000264204,ENSG00000265190,ENSG00000230869,ENSG00000276850,ENSG00000265366,ENSG00000263761,ENSG00000239883,ENSG00000265630,ENSG00000243289,ENSG00000265354,ENSG00000107643,ENSG00000280913,ENSG00000279058,ENSG00000277758,ENSG00000172661","ENSG00000280913,ENSG00000264204,ENSG00000289092,ENSG00000278561,ENSG00000228754,ENSG00000276850,ENSG00000231906,ENSG00000204179,ENSG00000215097,ENSG00000128815,ENSG00000204172,ENSG00000165383,ENSG00000229927,ENSG00000243289,ENSG00000251413,ENSG00000170324,ENSG00000234736,ENSG00000285662,ENSG00000226389,ENSG00000265190,ENSG00000239883,ENSG00000226576,ENSG00000204175,ENSG00000286993,ENSG00000204176,ENSG00000277758,ENSG00000273760,ENSG00000279058,ENSG00000276430,ENSG00000279822,ENSG00000236208,ENSG00000204177,ENSG00000107643,ENSG00000188234,ENSG00000265354,ENSG00000264230,ENSG00000236800,ENSG00000252149,ENSG00000263761,ENSG00000230166,ENSG00000128805,ENSG00000237840,ENSG00000231187,ENSG00000070748,ENSG00000266412,ENSG00000230869,ENSG00000165606,ENSG00000187714,ENSG00000264800,ENSG00000178645,ENSG00000285786,ENSG00000271237,ENSG00000265366,ENSG00000228403,ENSG00000266524,ENSG00000172661,ENSG00000263639,ENSG00000225482,ENSG00000172671,ENSG00000165406,ENSG00000172538,ENSG00000241577,ENSG00000235939,ENSG00000265630,ENSG00000248682",ENSG00000204172,Liver eQTLs,train
20020417700092196-92196000000894,chr10,"10-48339911-T-A,10-48442495-A-G,10-48447097-A-C,10-48444257-G-A,10-48442261-G-C,10-48447121-G-A,10-48443983-A-C,10-48444889-G-C,10-48446036-A-G,10-48449659-G-A","ENSG00000128815,ENSG00000265630,ENSG00000265366,ENSG00000277758,ENSG00000265354,ENSG00000239883,ENSG00000165406,ENSG00000229927,ENSG00000107643,ENSG00000204177,ENSG00000204175,ENSG00000204179,ENSG00000243289,ENSG00000237840,ENSG00000172661,ENSG00000265190,ENSG00000266524,ENSG00000264230,ENSG00000226964,ENSG00000264204,ENSG00000265018,ENSG00000263639,ENSG00000266412,ENSG00000231964,ENSG00000266217,ENSG00000230869,ENSG00000204172,ENSG00000172671,ENSG00000012779,ENSG00000189014,ENSG00000188234,ENSG00000264404,ENSG00000279058,ENSG00000289092,ENSG00000128805,ENSG00000263761,ENSG00000251079","ENSG00000264204,ENSG00000265630,ENSG00000172538,ENSG00000128805,ENSG00000012779,ENSG00000165383,ENSG00000286993,ENSG00000204175,ENSG00000236800,ENSG00000226964,ENSG00000231906,ENSG00000248682,ENSG00000265366,ENSG00000265203,ENSG00000189014,ENSG00000172671,ENSG00000229927,ENSG00000170324,ENSG00000237840,ENSG00000264800,ENSG00000165406,ENSG00000264717,ENSG00000226576,ENSG00000265190,ENSG00000265354,ENSG00000243289,ENSG00000188234,ENSG00000251413,ENSG00000241577,ENSG00000228754,ENSG00000252149,ENSG00000172661,ENSG00000189090,ENSG00000266412,ENSG00000231964,ENSG00000276544,ENSG00000266217,ENSG00000263639,ENSG00000266524,ENSG00000278561,ENSG00000239883,ENSG00000279058,ENSG00000277758,ENSG00000225482,ENSG00000228403,ENSG00000236208,ENSG00000270369,ENSG00000285786,ENSG00000204179,ENSG00000234736,ENSG00000279822,ENSG00000230869,ENSG00000263761,ENSG00000128815,ENSG00000224919,ENSG00000204177,ENSG00000289092,ENSG00000264404,ENSG00000276430,ENSG00000265018,ENSG00000107643,ENSG00000264230,ENSG00000204172,ENSG00000252877,ENSG00000251079",ENSG00000204177,Liver eQTLs,train
20020417700092196-92196000000897,chr10,"10-48458363-T-G,10-48530526-G-A,10-48494584-G-A,10-48541413-C-T,10-48541787-G-C,10-48537702-C-T,10-48507049-C-T","ENSG00000165406,ENSG00000251079,ENSG00000289092,ENSG00000265190,ENSG00000128815,ENSG00000188234,ENSG00000264404,ENSG00000266524,ENSG00000263639,ENSG00000264204,ENSG00000279058,ENSG00000265630,ENSG00000239883,ENSG00000204172,ENSG00000264230,ENSG00000204177,ENSG00000172661,ENSG00000128805,ENSG00000266412,ENSG00000265354,ENSG00000265018,ENSG00000229927,ENSG00000189014,ENSG00000204176,ENSG00000172671,ENSG00000204175,ENSG00000277758,ENSG00000107643,ENSG00000237840,ENSG00000263761,ENSG00000204179,ENSG00000265366,ENSG00000230869,ENSG00000231964,ENSG00000226964,ENSG00000266217","ENSG00000252149,ENSG00000170324,ENSG00000224919,ENSG00000237840,ENSG00000172538,ENSG00000226576,ENSG00000165406,ENSG00000189014,ENSG00000265018,ENSG00000266217,ENSG00000128805,ENSG00000265190,ENSG00000165383,ENSG00000263761,ENSG00000285786,ENSG00000235939,ENSG00000230869,ENSG00000204172,ENSG00000263639,ENSG00000226964,ENSG00000264717,ENSG00000278561,ENSG00000204175,ENSG00000265354,ENSG00000286993,ENSG00000266412,ENSG00000204179,ENSG00000276430,ENSG00000279058,ENSG00000264800,ENSG00000252877,ENSG00000128815,ENSG00000204177,ENSG00000239883,ENSG00000204176,ENSG00000172661,ENSG00000107643,ENSG00000189090,ENSG00000236208,ENSG00000241577,ENSG00000188234,ENSG00000229927,ENSG00000231964,ENSG00000264404,ENSG00000277758,ENSG00000231906,ENSG00000266524,ENSG00000289092,ENSG00000270369,ENSG00000264230,ENSG00000279822,ENSG00000251413,ENSG00000236800,ENSG00000225482,ENSG00000234736,ENSG00000172671,ENSG00000251079,ENSG00000248682,ENSG00000264204,ENSG00000165606,ENSG00000228403,ENSG00000228754,ENSG00000276544,ENSG00000265366,ENSG00000265630",ENSG00000204177,Liver eQTLs,train
20020420900092196-92196000006338,chr6,"6-33278816-G-A,6-33268737-C-A,6-33280309-C-T,6-33280505-C-A,6-33281842-G-T,6-33281843-A-T,6-33288075-C-A,6-33288271-A-G,6-33290872-G-A,6-33311661-C-CA,6-33253608-G-A,6-33261871-A-G","ENSG00000272217,ENSG00000237441,ENSG00000204256,ENSG00000231389,ENSG00000223865,ENSG00000223534,ENSG00000137288,ENSG00000233183,ENSG00000227057,ENSG00000096433,ENSG00000204231,ENSG00000231925,ENSG00000241106,ENSG00000168394,ENSG00000232940,ENSG00000240065,ENSG00000204257,ENSG00000289559,ENSG00000242574,ENSG00000204287,ENSG00000161904,ENSG00000235863,ENSG00000112514,ENSG00000186577,ENSG00000204209,ENSG00000288751,ENSG00000231500,ENSG00000179344,ENSG00000213588,ENSG00000289047,ENSG00000223501,ENSG00000204264,ENSG00000237541,ENSG00000225339,ENSG00000196735,ENSG00000204267,ENSG00000204248,ENSG00000204220,ENSG00000237649,ENSG00000229391,ENSG00000204252,ENSG00000196126,ENSG00000112511,ENSG00000112473,ENSG00000030110,ENSG00000198502,ENSG00000204228,ENSG00000197283,ENSG00000204227,ENSG00000204261,ENSG00000289100,ENSG00000232629,ENSG00000161896,ENSG00000137309,ENSG00000236104","ENSG00000284064,ENSG00000289047,ENSG00000204290,ENSG00000204256,ENSG00000227057,ENSG00000229391,ENSG00000231925,ENSG00000240065,ENSG00000237649,ENSG00000242574,ENSG00000204267,ENSG00000232080,ENSG00000112511,ENSG00000272217,ENSG00000237441,ENSG00000223534,ENSG00000204252,ENSG00000237541,ENSG00000271231,ENSG00000223837,ENSG00000288751,ENSG00000204220,ENSG00000231389,ENSG00000225463,ENSG00000228688,ENSG00000204264,ENSG00000196126,ENSG00000196301,ENSG00000230313,ENSG00000214810,ENSG00000232629,ENSG00000197251,ENSG00000241106,ENSG00000284256,ENSG00000231500,ENSG00000161896,ENSG00000232940,ENSG00000112514,ENSG00000030110,ENSG00000197283,ENSG00000235301,ENSG00000161904,ENSG00000235040,ENSG00000137288,ENSG00000229596,ENSG00000276824,ENSG00000223457,ENSG00000179344,ENSG00000213588,ENSG00000231461,ENSG00000251916,ENSG00000287089,ENSG00000204209,ENSG00000289559,ENSG00000223335,ENSG00000271362,ENSG00000204257,ENSG00000284517,ENSG00000288879,ENSG00000196735,ENSG00000223865,ENSG00000233183,ENSG00000235863,ENSG00000234515,ENSG00000204261,ENSG00000168394,ENSG00000204188,ENSG00000186577,ENSG00000137309,ENSG00000204296,ENSG00000204227,ENSG00000221697,ENSG00000286920,ENSG00000237398,ENSG00000198502,ENSG00000223501,ENSG00000204231,ENSG00000204287,ENSG00000237285,ENSG00000236104,ENSG00000225644,ENSG00000112473,ENSG00000263649,ENSG00000204228,ENSG00000225339,ENSG00000204248,ENSG00000289100,ENSG00000096395,ENSG00000220583,ENSG00000226030,ENSG00000276404,ENSG00000242014,ENSG00000096433,ENSG00000276746",ENSG00000204209,Liver eQTLs,train
20020425700092196-92196000006323,chr6,"6-32807490-C-T,6-32808299-G-A,6-32813768-G-A,6-32844103-A-G,6-32879471-A-G,6-32776921-T-C,6-32862958-C-G","ENSG00000236104,ENSG00000227057,ENSG00000166278,ENSG00000289559,ENSG00000241404,ENSG00000232629,ENSG00000281756,ENSG00000204231,ENSG00000204256,ENSG00000289047,ENSG00000137288,ENSG00000232940,ENSG00000231500,ENSG00000243649,ENSG00000224389,ENSG00000161904,ENSG00000204301,ENSG00000204305,ENSG00000196126,ENSG00000284446,ENSG00000030110,ENSG00000198502,ENSG00000112511,ENSG00000213654,ENSG00000112514,ENSG00000204261,ENSG00000161896,ENSG00000223534,ENSG00000204287,ENSG00000229391,ENSG00000168394,ENSG00000237441,ENSG00000241106,ENSG00000204386,ENSG00000237080,ENSG00000197283,ENSG00000272217,ENSG00000237541,ENSG00000233627,ENSG00000235863,ENSG00000223865,ENSG00000096433,ENSG00000112473,ENSG00000237649,ENSG00000204315,ENSG00000204257,ENSG00000231925,ENSG00000221988,ENSG00000204264,ENSG00000223501,ENSG00000204248,ENSG00000286974,ENSG00000196735,ENSG00000204228,ENSG00000289100,ENSG00000284954,ENSG00000204351,ENSG00000204356,ENSG00000231389,ENSG00000204385,ENSG00000204267,ENSG00000204227,ENSG00000204252,ENSG00000204314,ENSG00000231852,ENSG00000229776,ENSG00000204304,ENSG00000204366,ENSG00000204209,ENSG00000204371,ENSG00000213588,ENSG00000168477,ENSG00000242574,ENSG00000204348,ENSG00000179344,ENSG00000204220,ENSG00000204310,ENSG00000288751","ENSG00000286920,ENSG00000225463,ENSG00000204371,ENSG00000204287,ENSG00000213588,ENSG00000284469,ENSG00000231461,ENSG00000277264,ENSG00000096433,ENSG00000197283,ENSG00000196301,ENSG00000289559,ENSG00000204366,ENSG00000096395,ENSG00000204348,ENSG00000242574,ENSG00000204188,ENSG00000235040,ENSG00000204304,ENSG00000161904,ENSG00000204261,ENSG00000289100,ENSG00000243649,ENSG00000284446,ENSG00000284517,ENSG00000234515,ENSG00000231389,ENSG00000223837,ENSG00000221988,ENSG00000204252,ENSG00000286974,ENSG00000251916,ENSG00000227057,ENSG00000228688,ENSG00000204257,ENSG00000237649,ENSG00000204315,ENSG00000112514,ENSG00000281756,ENSG00000272217,ENSG00000137288,ENSG00000204305,ENSG00000112473,ENSG00000204209,ENSG00000204267,ENSG00000201823,ENSG00000235863,ENSG00000252512,ENSG00000223865,ENSG00000231852,ENSG00000289047,ENSG00000237285,ENSG00000204301,ENSG00000284256,ENSG00000284954,ENSG00000230313,ENSG00000237398,ENSG00000223457,ENSG00000112511,ENSG00000166278,ENSG00000229596,ENSG00000242014,ENSG00000198502,ENSG00000204220,ENSG00000263649,ENSG00000168477,ENSG00000232080,ENSG00000204227,ENSG00000223534,ENSG00000225644,ENSG00000276746,ENSG00000288751,ENSG00000204290,ENSG00000204385,ENSG00000241106,ENSG00000223335,ENSG00000197251,ENSG00000204310,ENSG00000168394,ENSG00000204231,ENSG00000229391,ENSG00000161896,ENSG00000235301,ENSG00000204356,ENSG00000237541,ENSG00000232629,ENSG00000196735,ENSG00000287089,ENSG00000204264,ENSG00000204296,ENSG00000232940,ENSG00000213654,ENSG00000231925,ENSG00000204314,ENSG00000223501,ENSG00000241404,ENSG00000030110,ENSG00000179344,ENSG00000196126,ENSG00000229776,ENSG00000224389,ENSG00000226030,ENSG00000237441,ENSG00000204248,ENSG00000231500,ENSG00000204386,ENSG00000204228,ENSG00000284064,ENSG00000204351,ENSG00000233627,ENSG00000236104,ENSG00000204256,ENSG00000237080",ENSG00000204257,Liver eQTLs,train
20020426700092196-92196000006318,chr6,"6-32796793-G-A,6-32796793-G-A,6-32796857-ACAC-A,6-32796857-ACAC-A","ENSG00000289047,ENSG00000030110,ENSG00000161904,ENSG00000244731,ENSG00000096433,ENSG00000204252,ENSG00000179344,ENSG00000204310,ENSG00000112514,ENSG00000223501,ENSG00000204314,ENSG00000288751,ENSG00000204387,ENSG00000242574,ENSG00000284954,ENSG00000204301,ENSG00000213654,ENSG00000198502,ENSG00000289100,ENSG00000204351,ENSG00000221988,ENSG00000240065,ENSG00000204386,ENSG00000204231,ENSG00000237441,ENSG00000231389,ENSG00000250535,ENSG00000204261,ENSG00000248290,ENSG00000231852,ENSG00000204209,ENSG00000204257,ENSG00000168477,ENSG00000243649,ENSG00000204305,ENSG00000204338,ENSG00000213676,ENSG00000272217,ENSG00000224389,ENSG00000112473,ENSG00000223534,ENSG00000241404,ENSG00000204256,ENSG00000204356,ENSG00000232940,ENSG00000289559,ENSG00000237649,ENSG00000112511,ENSG00000232629,ENSG00000204287,ENSG00000204267,ENSG00000166278,ENSG00000197283,ENSG00000227057,ENSG00000196126,ENSG00000161896,ENSG00000204304,ENSG00000281756,ENSG00000137288,ENSG00000231925,ENSG00000233627,ENSG00000168394,ENSG00000286974,ENSG00000229776,ENSG00000213588,ENSG00000204308,ENSG00000204371,ENSG00000237541,ENSG00000204227,ENSG00000284446,ENSG00000204348,ENSG00000223865,ENSG00000235863,ENSG00000204366,ENSG00000231500,ENSG00000204344,ENSG00000204220,ENSG00000237080,ENSG00000229391,ENSG00000204385,ENSG00000204248,ENSG00000196735,ENSG00000236104,ENSG00000204228,ENSG00000204315,ENSG00000204264","ENSG00000237649,ENSG00000289100,ENSG00000231925,ENSG00000284446,ENSG00000230313,ENSG00000204256,ENSG00000204248,ENSG00000236104,ENSG00000204371,ENSG00000242014,ENSG00000161904,ENSG00000223457,ENSG00000213588,ENSG00000251916,ENSG00000240065,ENSG00000232080,ENSG00000204228,ENSG00000234515,ENSG00000284256,ENSG00000221988,ENSG00000204188,ENSG00000284469,ENSG00000204314,ENSG00000226030,ENSG00000225644,ENSG00000166278,ENSG00000168394,ENSG00000204227,ENSG00000204267,ENSG00000289047,ENSG00000232940,ENSG00000204220,ENSG00000242574,ENSG00000235301,ENSG00000204290,ENSG00000229391,ENSG00000284954,ENSG00000228688,ENSG00000204344,ENSG00000204356,ENSG00000286974,ENSG00000204264,ENSG00000196126,ENSG00000227057,ENSG00000229776,ENSG00000231389,ENSG00000204209,ENSG00000096433,ENSG00000161896,ENSG00000229596,ENSG00000204310,ENSG00000276746,ENSG00000281756,ENSG00000223865,ENSG00000237541,ENSG00000112511,ENSG00000201823,ENSG00000243649,ENSG00000204296,ENSG00000204386,ENSG00000197251,ENSG00000231461,ENSG00000237398,ENSG00000223534,ENSG00000204301,ENSG00000204231,ENSG00000286920,ENSG00000223837,ENSG00000204315,ENSG00000204287,ENSG00000204252,ENSG00000112473,ENSG00000213676,ENSG00000252512,ENSG00000237441,ENSG00000204257,ENSG00000233627,ENSG00000231852,ENSG00000272217,ENSG00000204351,ENSG00000204305,ENSG00000204304,ENSG00000237285,ENSG00000112514,ENSG00000232629,ENSG00000223501,ENSG00000204348,ENSG00000179344,ENSG00000196735,ENSG00000198502,ENSG00000241404,ENSG00000168477,ENSG00000197283,ENSG00000235040,ENSG00000248290,ENSG00000224389,ENSG00000204338,ENSG00000204366,ENSG00000289559,ENSG00000137288,ENSG00000284517,ENSG00000204385,ENSG00000277264,ENSG00000244731,ENSG00000213654,ENSG00000263649,ENSG00000196301,ENSG00000204308,ENSG00000288751,ENSG00000235863,ENSG00000204387,ENSG00000204261,ENSG00000223335,ENSG00000231500,ENSG00000237080,ENSG00000250535,ENSG00000284064,ENSG00000030110,ENSG00000225463",ENSG00000204267,Liver eQTLs,train
20020430100092196-92196000006289,chr6,"6-32167009-G-T,6-32177263-G-A,6-32161034-C-T,6-32184705-G-A","ENSG00000204410,ENSG00000213719,ENSG00000240053,ENSG00000284954,ENSG00000289047,ENSG00000286974,ENSG00000226979,ENSG00000204304,ENSG00000204389,ENSG00000223534,ENSG00000204387,ENSG00000244731,ENSG00000204520,ENSG00000204385,ENSG00000204366,ENSG00000204338,ENSG00000204287,ENSG00000229391,ENSG00000196735,ENSG00000204475,ENSG00000204348,ENSG00000204421,ENSG00000243649,ENSG00000228727,ENSG00000206337,ENSG00000204482,ENSG00000223865,ENSG00000284446,ENSG00000204472,ENSG00000233627,ENSG00000204351,ENSG00000213760,ENSG00000281756,ENSG00000213722,ENSG00000204252,ENSG00000204498,ENSG00000227939,ENSG00000204315,ENSG00000241106,ENSG00000221988,ENSG00000204344,ENSG00000248290,ENSG00000232810,ENSG00000204264,ENSG00000204420,ENSG00000229776,ENSG00000231389,ENSG00000204356,ENSG00000204257,ENSG00000288813,ENSG00000204438,ENSG00000242574,ENSG00000286940,ENSG00000241404,ENSG00000289559,ENSG00000277402,ENSG00000204305,ENSG00000204390,ENSG00000204314,ENSG00000204444,ENSG00000237080,ENSG00000237541,ENSG00000204435,ENSG00000204427,ENSG00000204428,ENSG00000204386,ENSG00000204267,ENSG00000204439,ENSG00000166278,ENSG00000204388,ENSG00000204301,ENSG00000250535,ENSG00000168477,ENSG00000204371,ENSG00000227507,ENSG00000224389,ENSG00000198563,ENSG00000204261,ENSG00000168394,ENSG00000289375,ENSG00000272221,ENSG00000204256,ENSG00000204463,ENSG00000213676,ENSG00000204396,ENSG00000204392,ENSG00000213654,ENSG00000234745,ENSG00000204469,ENSG00000204394,ENSG00000204308,ENSG00000240065,ENSG00000204525,ENSG00000231852,ENSG00000204248","ENSG00000204410,ENSG00000204296,ENSG00000230994,ENSG00000204348,ENSG00000204338,ENSG00000228727,ENSG00000204261,ENSG00000201823,ENSG00000233902,ENSG00000204344,ENSG00000204264,ENSG00000223865,ENSG00000204351,ENSG00000204444,ENSG00000204394,ENSG00000227507,ENSG00000204428,ENSG00000204498,ENSG00000204520,ENSG00000277402,ENSG00000204387,ENSG00000237080,ENSG00000204305,ENSG00000204389,ENSG00000225851,ENSG00000255899,ENSG00000289047,ENSG00000204392,ENSG00000234515,ENSG00000204366,ENSG00000204475,ENSG00000204248,ENSG00000204356,ENSG00000204304,ENSG00000213676,ENSG00000204315,ENSG00000204267,ENSG00000204385,ENSG00000204435,ENSG00000241106,ENSG00000256166,ENSG00000204287,ENSG00000250535,ENSG00000229391,ENSG00000230313,ENSG00000289375,ENSG00000228688,ENSG00000219797,ENSG00000243649,ENSG00000226979,ENSG00000265236,ENSG00000229836,ENSG00000244355,ENSG00000204439,ENSG00000285647,ENSG00000235301,ENSG00000204386,ENSG00000204301,ENSG00000274494,ENSG00000204371,ENSG00000204472,ENSG00000284954,ENSG00000229776,ENSG00000204511,ENSG00000288813,ENSG00000198563,ENSG00000284446,ENSG00000206337,ENSG00000204257,ENSG00000242574,ENSG00000204427,ENSG00000256851,ENSG00000252512,ENSG00000234745,ENSG00000228432,ENSG00000286974,ENSG00000272221,ENSG00000204390,ENSG00000196735,ENSG00000266776,ENSG00000230622,ENSG00000231389,ENSG00000235040,ENSG00000201785,ENSG00000231461,ENSG00000240065,ENSG00000232080,ENSG00000277264,ENSG00000237285,ENSG00000244731,ENSG00000204482,ENSG00000255552,ENSG00000204463,ENSG00000233627,ENSG00000204438,ENSG00000248290,ENSG00000224389,ENSG00000286940,ENSG00000168477,ENSG00000204469,ENSG00000168394,ENSG00000223534,ENSG00000213760,ENSG00000227939,ENSG00000204252,ENSG00000281756,ENSG00000204421,ENSG00000221988,ENSG00000223335,ENSG00000255726,ENSG00000225499,ENSG00000204388,ENSG00000201658,ENSG00000166278,ENSG00000284469,ENSG00000231852,ENSG00000241404,ENSG00000251916,ENSG00000231402,ENSG00000223702,ENSG00000201680,ENSG00000199332,ENSG00000204290,ENSG00000232810,ENSG00000230174,ENSG00000213722,ENSG00000240053,ENSG00000289559,ENSG00000263649,ENSG00000271821,ENSG00000223837,ENSG00000200816,ENSG00000226030,ENSG00000196301,ENSG00000204314,ENSG00000204256,ENSG00000237541,ENSG00000204525,ENSG00000204308,ENSG00000204396,ENSG00000213719,ENSG00000237398,ENSG00000213654,ENSG00000204420",ENSG00000204301,Liver eQTLs,train
20020430800092196-92196000006317,chr6,"6-32666526-C-T,6-32807490-C-T,6-32808299-G-A,6-32813768-G-A,6-32776921-T-C,6-32743744-G-A,6-32765585-G-T,6-32802712-TTTG-T,6-32799845-T-G,6-32747502-A-G,6-32747790-G-T,6-32751244-C-T,6-32751962-C-T,6-32752333-C-T,6-32752844-A-G,6-32755290-T-C,6-32756653-C-T,6-32762922-CTG-C,6-32774291-C-G","ENSG00000204252,ENSG00000204227,ENSG00000233627,ENSG00000284446,ENSG00000204310,ENSG00000204220,ENSG00000242574,ENSG00000204344,ENSG00000232940,ENSG00000204387,ENSG00000196735,ENSG00000221988,ENSG00000166278,ENSG00000112514,ENSG00000237441,ENSG00000204390,ENSG00000272217,ENSG00000204301,ENSG00000281756,ENSG00000161896,ENSG00000096433,ENSG00000224389,ENSG00000241404,ENSG00000288751,ENSG00000231852,ENSG00000231389,ENSG00000286974,ENSG00000204305,ENSG00000204267,ENSG00000229776,ENSG00000196126,ENSG00000204228,ENSG00000237541,ENSG00000236104,ENSG00000161904,ENSG00000227057,ENSG00000204261,ENSG00000204231,ENSG00000231500,ENSG00000284954,ENSG00000289100,ENSG00000204264,ENSG00000197283,ENSG00000204351,ENSG00000204304,ENSG00000168394,ENSG00000231925,ENSG00000204386,ENSG00000204315,ENSG00000213654,ENSG00000213588,ENSG00000112511,ENSG00000204356,ENSG00000243649,ENSG00000232629,ENSG00000168477,ENSG00000241106,ENSG00000204389,ENSG00000137288,ENSG00000204248,ENSG00000204348,ENSG00000204366,ENSG00000237080,ENSG00000204371,ENSG00000289047,ENSG00000235863,ENSG00000204385,ENSG00000204287,ENSG00000237649,ENSG00000223501,ENSG00000204388,ENSG00000223534,ENSG00000112473,ENSG00000204209,ENSG00000030110,ENSG00000204308,ENSG00000289559,ENSG00000204256,ENSG00000204314,ENSG00000223865,ENSG00000229391","ENSG00000204290,ENSG00000201823,ENSG00000204366,ENSG00000237649,ENSG00000251916,ENSG00000284446,ENSG00000204389,ENSG00000204256,ENSG00000204231,ENSG00000204252,ENSG00000286974,ENSG00000221988,ENSG00000197283,ENSG00000224389,ENSG00000225644,ENSG00000112511,ENSG00000277264,ENSG00000226030,ENSG00000161896,ENSG00000284064,ENSG00000232629,ENSG00000237285,ENSG00000289047,ENSG00000204385,ENSG00000231500,ENSG00000284954,ENSG00000232080,ENSG00000204261,ENSG00000204308,ENSG00000235301,ENSG00000231389,ENSG00000096433,ENSG00000223837,ENSG00000276746,ENSG00000204296,ENSG00000284469,ENSG00000231852,ENSG00000213588,ENSG00000204348,ENSG00000284517,ENSG00000241404,ENSG00000263649,ENSG00000204388,ENSG00000168477,ENSG00000112473,ENSG00000204315,ENSG00000204386,ENSG00000223335,ENSG00000235040,ENSG00000242574,ENSG00000234515,ENSG00000204356,ENSG00000204188,ENSG00000204310,ENSG00000204314,ENSG00000223501,ENSG00000289100,ENSG00000197251,ENSG00000204344,ENSG00000252512,ENSG00000227057,ENSG00000237541,ENSG00000225463,ENSG00000233627,ENSG00000204351,ENSG00000230313,ENSG00000204387,ENSG00000166278,ENSG00000243649,ENSG00000237441,ENSG00000232940,ENSG00000112514,ENSG00000236104,ENSG00000204227,ENSG00000196126,ENSG00000030110,ENSG00000161904,ENSG00000196735,ENSG00000237398,ENSG00000288751,ENSG00000289559,ENSG00000235863,ENSG00000223457,ENSG00000229391,ENSG00000204220,ENSG00000196301,ENSG00000231925,ENSG00000204209,ENSG00000204287,ENSG00000223534,ENSG00000168394,ENSG00000204305,ENSG00000204390,ENSG00000204304,ENSG00000231461,ENSG00000272217,ENSG00000204267,ENSG00000213654,ENSG00000204248,ENSG00000237080,ENSG00000137288,ENSG00000229596,ENSG00000281756,ENSG00000223865,ENSG00000242014,ENSG00000229776,ENSG00000204371,ENSG00000204228,ENSG00000204301,ENSG00000241106,ENSG00000228688,ENSG00000204264,ENSG00000286920,ENSG00000284256",ENSG00000204308,Liver eQTLs,train
20020431000092196-92196000006286,chr6,"6-32136547-T-G,6-32145707-A-C,6-32127477-C-A","ENSG00000204387,ENSG00000204475,ENSG00000237080,ENSG00000228727,ENSG00000204385,ENSG00000223865,ENSG00000204257,ENSG00000240053,ENSG00000168477,ENSG00000204516,ENSG00000204472,ENSG00000204386,ENSG00000204351,ENSG00000204315,ENSG00000204531,ENSG00000204305,ENSG00000204482,ENSG00000204528,ENSG00000250535,ENSG00000229776,ENSG00000289375,ENSG00000204421,ENSG00000286940,ENSG00000234745,ENSG00000204267,ENSG00000204439,ENSG00000231852,ENSG00000198563,ENSG00000241404,ENSG00000204388,ENSG00000289559,ENSG00000232810,ENSG00000221988,ENSG00000237541,ENSG00000213676,ENSG00000241106,ENSG00000204525,ENSG00000227507,ENSG00000204427,ENSG00000204256,ENSG00000204438,ENSG00000248290,ENSG00000168394,ENSG00000204264,ENSG00000288813,ENSG00000213722,ENSG00000204371,ENSG00000166278,ENSG00000272221,ENSG00000204356,ENSG00000204392,ENSG00000289047,ENSG00000204396,ENSG00000204444,ENSG00000204469,ENSG00000204314,ENSG00000277402,ENSG00000243649,ENSG00000284446,ENSG00000281756,ENSG00000204394,ENSG00000286974,ENSG00000204252,ENSG00000231389,ENSG00000204366,ENSG00000204390,ENSG00000224389,ENSG00000233627,ENSG00000204463,ENSG00000213760,ENSG00000204344,ENSG00000226979,ENSG00000204304,ENSG00000213654,ENSG00000204261,ENSG00000206337,ENSG00000240065,ENSG00000284954,ENSG00000204435,ENSG00000204428,ENSG00000242574,ENSG00000204389,ENSG00000204410,ENSG00000204287,ENSG00000204420,ENSG00000213719,ENSG00000204338,ENSG00000204520,ENSG00000272501,ENSG00000206344,ENSG00000227939,ENSG00000204498,ENSG00000204310","ENSG00000235040,ENSG00000284469,ENSG00000219797,ENSG00000244355,ENSG00000223702,ENSG00000204257,ENSG00000204390,ENSG00000201658,ENSG00000196301,ENSG00000204511,ENSG00000206337,ENSG00000224389,ENSG00000230622,ENSG00000204525,ENSG00000226030,ENSG00000221988,ENSG00000243649,ENSG00000204396,ENSG00000226979,ENSG00000256851,ENSG00000204438,ENSG00000229836,ENSG00000204439,ENSG00000204385,ENSG00000227507,ENSG00000234745,ENSG00000223335,ENSG00000231852,ENSG00000204261,ENSG00000272501,ENSG00000204469,ENSG00000256166,ENSG00000204264,ENSG00000271821,ENSG00000255552,ENSG00000204394,ENSG00000225499,ENSG00000223865,ENSG00000289047,ENSG00000237285,ENSG00000274494,ENSG00000234515,ENSG00000232810,ENSG00000204267,ENSG00000204351,ENSG00000204444,ENSG00000204428,ENSG00000168394,ENSG00000213676,ENSG00000204371,ENSG00000230994,ENSG00000204344,ENSG00000166278,ENSG00000204421,ENSG00000285647,ENSG00000263649,ENSG00000238211,ENSG00000277402,ENSG00000201823,ENSG00000204386,ENSG00000252512,ENSG00000240053,ENSG00000204435,ENSG00000204287,ENSG00000198563,ENSG00000204310,ENSG00000250535,ENSG00000228727,ENSG00000204528,ENSG00000204472,ENSG00000199332,ENSG00000204475,ENSG00000231402,ENSG00000240065,ENSG00000204498,ENSG00000232080,ENSG00000201785,ENSG00000204427,ENSG00000289375,ENSG00000228432,ENSG00000237541,ENSG00000242574,ENSG00000233902,ENSG00000213719,ENSG00000204389,ENSG00000225851,ENSG00000237080,ENSG00000288813,ENSG00000204388,ENSG00000213760,ENSG00000201680,ENSG00000204304,ENSG00000266776,ENSG00000213654,ENSG00000241404,ENSG00000204410,ENSG00000204531,ENSG00000204516,ENSG00000255726,ENSG00000206344,ENSG00000204315,ENSG00000204356,ENSG00000204338,ENSG00000231389,ENSG00000200816,ENSG00000241106,ENSG00000272221,ENSG00000204256,ENSG00000284446,ENSG00000289559,ENSG00000213722,ENSG00000286940,ENSG00000230174,ENSG00000204387,ENSG00000248290,ENSG00000168477,ENSG00000255899,ENSG00000229776,ENSG00000204482,ENSG00000204305,ENSG00000204290,ENSG00000204392,ENSG00000231461,ENSG00000286974,ENSG00000251916,ENSG00000204520,ENSG00000204252,ENSG00000204296,ENSG00000204463,ENSG00000284954,ENSG00000233627,ENSG00000227939,ENSG00000204420,ENSG00000223837,ENSG00000265236,ENSG00000277264,ENSG00000235301,ENSG00000228688,ENSG00000204314,ENSG00000204366,ENSG00000281756",ENSG00000204310,Liver eQTLs,train
20020433800092196-92196000006316,chr6,"6-32679326-C-T,6-32600765-G-A,6-32583831-G-C,6-32602698-C-T,6-32602760-A-C,6-32626484-T-C,6-32636602-G-C,6-32651477-A-T,6-32651641-G-T,6-32657436-T-C,6-32659609-T-C,6-32659645-A-G,6-32662473-A-C,6-32663355-G-C,6-32666358-C-T,6-32667171-A-T,6-32668663-G-A,6-32668946-C-T,6-32671207-T-G,6-32671800-T-G,6-32673893-C-A,6-32577633-G-C,6-32667910-G-A,6-32672043-G-T,6-32672216-A-T,6-32672439-T-C,6-32652281-T-C,6-32654149-A-C,6-32662338-T-A,6-32628428-C-A,6-32590364-C-T,6-32605935-G-T,6-32609594-G-A,6-32628084-C-T,6-32601977-A-C,6-32605884-C-T","ENSG00000289047,ENSG00000235863,ENSG00000204252,ENSG00000286974,ENSG00000223501,ENSG00000204392,ENSG00000204385,ENSG00000204315,ENSG00000237080,ENSG00000204305,ENSG00000237541,ENSG00000223534,ENSG00000204390,ENSG00000166278,ENSG00000233627,ENSG00000232940,ENSG00000204256,ENSG00000204371,ENSG00000112511,ENSG00000196126,ENSG00000204396,ENSG00000168394,ENSG00000204227,ENSG00000221988,ENSG00000204410,ENSG00000204314,ENSG00000213654,ENSG00000204389,ENSG00000112473,ENSG00000224389,ENSG00000289559,ENSG00000213722,ENSG00000284446,ENSG00000231925,ENSG00000237649,ENSG00000289100,ENSG00000204366,ENSG00000242574,ENSG00000204287,ENSG00000096433,ENSG00000204344,ENSG00000204356,ENSG00000213588,ENSG00000228727,ENSG00000231389,ENSG00000030110,ENSG00000232629,ENSG00000197283,ENSG00000223865,ENSG00000168477,ENSG00000237441,ENSG00000204420,ENSG00000204220,ENSG00000204394,ENSG00000204388,ENSG00000236104,ENSG00000227057,ENSG00000204264,ENSG00000241404,ENSG00000204387,ENSG00000204228,ENSG00000204261,ENSG00000204421,ENSG00000204248,ENSG00000112514,ENSG00000204338,ENSG00000204209,ENSG00000288751,ENSG00000204348,ENSG00000231852,ENSG00000229776,ENSG00000204351,ENSG00000281756,ENSG00000204267,ENSG00000229391,ENSG00000241106,ENSG00000204386,ENSG00000272217,ENSG00000204231,ENSG00000243649,ENSG00000196735,ENSG00000284954,ENSG00000231500,ENSG00000204304","ENSG00000286974,ENSG00000204261,ENSG00000281756,ENSG00000231461,ENSG00000223865,ENSG00000223534,ENSG00000204296,ENSG00000235040,ENSG00000204385,ENSG00000232080,ENSG00000289100,ENSG00000288751,ENSG00000204396,ENSG00000231500,ENSG00000252512,ENSG00000277264,ENSG00000204315,ENSG00000229776,ENSG00000204366,ENSG00000232629,ENSG00000196126,ENSG00000204387,ENSG00000237398,ENSG00000227057,ENSG00000231852,ENSG00000223457,ENSG00000112514,ENSG00000204351,ENSG00000213722,ENSG00000226030,ENSG00000236104,ENSG00000030110,ENSG00000204290,ENSG00000237541,ENSG00000233627,ENSG00000289047,ENSG00000204386,ENSG00000204231,ENSG00000204338,ENSG00000289559,ENSG00000263649,ENSG00000204314,ENSG00000235863,ENSG00000204220,ENSG00000204227,ENSG00000251916,ENSG00000237080,ENSG00000229391,ENSG00000204248,ENSG00000204420,ENSG00000204264,ENSG00000168394,ENSG00000204421,ENSG00000228688,ENSG00000225463,ENSG00000197251,ENSG00000228727,ENSG00000241404,ENSG00000221988,ENSG00000196301,ENSG00000204356,ENSG00000242014,ENSG00000276746,ENSG00000223837,ENSG00000204390,ENSG00000284517,ENSG00000204256,ENSG00000204389,ENSG00000225644,ENSG00000204344,ENSG00000196735,ENSG00000213654,ENSG00000266776,ENSG00000204287,ENSG00000197283,ENSG00000204267,ENSG00000112473,ENSG00000224389,ENSG00000237441,ENSG00000204348,ENSG00000284064,ENSG00000201823,ENSG00000231925,ENSG00000168477,ENSG00000204371,ENSG00000223501,ENSG00000204394,ENSG00000166278,ENSG00000242574,ENSG00000232940,ENSG00000223335,ENSG00000204305,ENSG00000237649,ENSG00000272217,ENSG00000204188,ENSG00000204392,ENSG00000243649,ENSG00000284954,ENSG00000229596,ENSG00000204228,ENSG00000204388,ENSG00000204304,ENSG00000235301,ENSG00000204410,ENSG00000096433,ENSG00000244355,ENSG00000241106,ENSG00000112511,ENSG00000234515,ENSG00000204209,ENSG00000213588,ENSG00000255552,ENSG00000284469,ENSG00000284256,ENSG00000231389,ENSG00000286920,ENSG00000230313,ENSG00000284446,ENSG00000204252,ENSG00000237285",ENSG00000204338,Liver eQTLs,train
20020433800092196-92196000006328,chr6,"6-32929943-A-T,6-32900383-CTT-C,6-32933493-G-C,6-32945863-CTTTA-C,6-32945863-CTTTA-C,6-32923849-G-A,6-32930126-G-A,6-32943407-A-T,6-32914726-G-C,6-32915797-C-T,6-32945466-A-G,6-32946322-G-A,6-32949229-C-T,6-32946511-G-A,6-32936120-C-T,6-32904039-T-A,6-32904051-C-T,6-32961191-T-C,6-32963948-G-T,6-32957897-T-C,6-32950639-C-T,6-32950897-C-A,6-32950902-TAGC-T,6-32962130-C-T,6-32963608-A-T","ENSG00000096433,ENSG00000204267,ENSG00000204314,ENSG00000161904,ENSG00000289559,ENSG00000112511,ENSG00000232629,ENSG00000241106,ENSG00000204252,ENSG00000223865,ENSG00000289047,ENSG00000204256,ENSG00000204348,ENSG00000197283,ENSG00000204261,ENSG00000237441,ENSG00000196126,ENSG00000204264,ENSG00000204209,ENSG00000231389,ENSG00000204304,ENSG00000231852,ENSG00000168477,ENSG00000231925,ENSG00000223501,ENSG00000227057,ENSG00000233627,ENSG00000204248,ENSG00000204220,ENSG00000241404,ENSG00000223534,ENSG00000204287,ENSG00000161896,ENSG00000229391,ENSG00000204228,ENSG00000224389,ENSG00000204338,ENSG00000204231,ENSG00000232940,ENSG00000237541,ENSG00000272217,ENSG00000284954,ENSG00000236104,ENSG00000288751,ENSG00000231500,ENSG00000204301,ENSG00000229776,ENSG00000179344,ENSG00000204315,ENSG00000030110,ENSG00000196735,ENSG00000221988,ENSG00000204344,ENSG00000213588,ENSG00000112514,ENSG00000289100,ENSG00000286974,ENSG00000233183,ENSG00000242574,ENSG00000213654,ENSG00000204227,ENSG00000112473,ENSG00000235863,ENSG00000204305,ENSG00000204310,ENSG00000137288,ENSG00000237649,ENSG00000168394","ENSG00000232629,ENSG00000204209,ENSG00000284517,ENSG00000161904,ENSG00000230313,ENSG00000197251,ENSG00000231461,ENSG00000226030,ENSG00000204231,ENSG00000284256,ENSG00000204264,ENSG00000289100,ENSG00000233183,ENSG00000231852,ENSG00000234515,ENSG00000251916,ENSG00000289559,ENSG00000204305,ENSG00000112473,ENSG00000263649,ENSG00000227057,ENSG00000204348,ENSG00000179344,ENSG00000137288,ENSG00000231389,ENSG00000204227,ENSG00000277264,ENSG00000223865,ENSG00000252512,ENSG00000096433,ENSG00000284064,ENSG00000229776,ENSG00000204344,ENSG00000235863,ENSG00000204301,ENSG00000288751,ENSG00000204228,ENSG00000231925,ENSG00000196126,ENSG00000237441,ENSG00000237398,ENSG00000204248,ENSG00000223501,ENSG00000204338,ENSG00000231500,ENSG00000112511,ENSG00000272217,ENSG00000229596,ENSG00000232940,ENSG00000204188,ENSG00000232080,ENSG00000233627,ENSG00000276824,ENSG00000196301,ENSG00000213654,ENSG00000223335,ENSG00000223457,ENSG00000204261,ENSG00000096395,ENSG00000168477,ENSG00000225463,ENSG00000204287,ENSG00000242574,ENSG00000241106,ENSG00000030110,ENSG00000196735,ENSG00000204267,ENSG00000223534,ENSG00000204304,ENSG00000204296,ENSG00000221988,ENSG00000284954,ENSG00000204220,ENSG00000284469,ENSG00000204256,ENSG00000242014,ENSG00000237285,ENSG00000289047,ENSG00000286920,ENSG00000213588,ENSG00000235301,ENSG00000112514,ENSG00000237541,ENSG00000276746,ENSG00000241404,ENSG00000168394,ENSG00000235040,ENSG00000204252,ENSG00000223837,ENSG00000204314,ENSG00000287089,ENSG00000286974,ENSG00000197283,ENSG00000225644,ENSG00000161896,ENSG00000237649,ENSG00000228688,ENSG00000204310,ENSG00000271362,ENSG00000204290,ENSG00000236104,ENSG00000204315,ENSG00000229391,ENSG00000224389",ENSG00000204338,Liver eQTLs,train
20020434800092196-92196000006279,chr6,"6-31945230-C-A,6-31944375-G-A,6-31945646-C-T,6-31943418-AT-A,6-31928691-G-A,6-32006621-A-C,6-31917540-T-C,6-31921475-G-A,6-31900372-G-A","ENSG00000179344,ENSG00000227939,ENSG00000196126,ENSG00000204544,ENSG00000237080,ENSG00000204348,ENSG00000289559,ENSG00000213722,ENSG00000281756,ENSG00000196735,ENSG00000204356,ENSG00000204371,ENSG00000250535,ENSG00000204388,ENSG00000204344,ENSG00000213654,ENSG00000204482,ENSG00000286940,ENSG00000204463,ENSG00000204444,ENSG00000231852,ENSG00000204475,ENSG00000244731,ENSG00000168394,ENSG00000204308,ENSG00000198563,ENSG00000229776,ENSG00000206337,ENSG00000204305,ENSG00000229391,ENSG00000277402,ENSG00000272221,ENSG00000284446,ENSG00000204351,ENSG00000204386,ENSG00000240065,ENSG00000204315,ENSG00000166278,ENSG00000198502,ENSG00000227507,ENSG00000204304,ENSG00000204394,ENSG00000137310,ENSG00000204410,ENSG00000232810,ENSG00000204439,ENSG00000204427,ENSG00000284954,ENSG00000226979,ENSG00000223534,ENSG00000204264,ENSG00000241106,ENSG00000289047,ENSG00000206344,ENSG00000204516,ENSG00000204528,ENSG00000204435,ENSG00000204387,ENSG00000228727,ENSG00000204536,ENSG00000240053,ENSG00000204420,ENSG00000241404,ENSG00000204385,ENSG00000204472,ENSG00000272501,ENSG00000204421,ENSG00000204261,ENSG00000242574,ENSG00000288813,ENSG00000204540,ENSG00000204256,ENSG00000204428,ENSG00000204287,ENSG00000204396,ENSG00000213760,ENSG00000289375,ENSG00000204520,ENSG00000232629,ENSG00000204314,ENSG00000213719,ENSG00000243649,ENSG00000233627,ENSG00000248290,ENSG00000221988,ENSG00000204392,ENSG00000204366,ENSG00000204469,ENSG00000204389,ENSG00000204531,ENSG00000234745,ENSG00000204390,ENSG00000204498,ENSG00000286974,ENSG00000204438,ENSG00000204301,ENSG00000204257,ENSG00000204267,ENSG00000168477","ENSG00000255899,ENSG00000223335,ENSG00000204428,ENSG00000255726,ENSG00000227939,ENSG00000204410,ENSG00000204314,ENSG00000232629,ENSG00000233902,ENSG00000232080,ENSG00000213760,ENSG00000213654,ENSG00000238211,ENSG00000204516,ENSG00000204366,ENSG00000266776,ENSG00000244355,ENSG00000277264,ENSG00000271821,ENSG00000204315,ENSG00000196126,ENSG00000229776,ENSG00000204540,ENSG00000226030,ENSG00000286974,ENSG00000204394,ENSG00000241106,ENSG00000204386,ENSG00000204539,ENSG00000204392,ENSG00000204356,ENSG00000272501,ENSG00000230622,ENSG00000204257,ENSG00000222895,ENSG00000223702,ENSG00000289559,ENSG00000204435,ENSG00000204396,ENSG00000204348,ENSG00000204482,ENSG00000204463,ENSG00000201680,ENSG00000204296,ENSG00000204304,ENSG00000225851,ENSG00000168477,ENSG00000204261,ENSG00000206337,ENSG00000166278,ENSG00000272221,ENSG00000289375,ENSG00000204520,ENSG00000201658,ENSG00000233627,ENSG00000229836,ENSG00000204344,ENSG00000204536,ENSG00000204390,ENSG00000204264,ENSG00000232810,ENSG00000204256,ENSG00000288813,ENSG00000204421,ENSG00000204308,ENSG00000206344,ENSG00000198563,ENSG00000231852,ENSG00000235301,ENSG00000204267,ENSG00000243649,ENSG00000242574,ENSG00000204287,ENSG00000137310,ENSG00000256851,ENSG00000284469,ENSG00000237080,ENSG00000225499,ENSG00000204427,ENSG00000256166,ENSG00000230174,ENSG00000204387,ENSG00000251916,ENSG00000199332,ENSG00000204385,ENSG00000252512,ENSG00000289047,ENSG00000228432,ENSG00000235040,ENSG00000241404,ENSG00000204444,ENSG00000228727,ENSG00000204498,ENSG00000248290,ENSG00000204542,ENSG00000227507,ENSG00000284446,ENSG00000204544,ENSG00000237285,ENSG00000204511,ENSG00000275906,ENSG00000204388,ENSG00000204475,ENSG00000179344,ENSG00000204371,ENSG00000168394,ENSG00000231402,ENSG00000204469,ENSG00000204290,ENSG00000234515,ENSG00000204389,ENSG00000196301,ENSG00000250535,ENSG00000285647,ENSG00000219797,ENSG00000204531,ENSG00000213722,ENSG00000213719,ENSG00000234745,ENSG00000204351,ENSG00000229391,ENSG00000244731,ENSG00000223534,ENSG00000204528,ENSG00000204301,ENSG00000233529,ENSG00000274494,ENSG00000201823,ENSG00000200816,ENSG00000198502,ENSG00000277402,ENSG00000226979,ENSG00000196735,ENSG00000201785,ENSG00000230994,ENSG00000204420,ENSG00000221988,ENSG00000284954,ENSG00000204439,ENSG00000204438,ENSG00000263649,ENSG00000255552,ENSG00000281756,ENSG00000265236,ENSG00000240053,ENSG00000204472,ENSG00000240065,ENSG00000286940,ENSG00000204305",ENSG00000204348,Liver eQTLs,train
20020442800092196-92196000006269,chr6,"6-31629096-T-C,6-31629953-A-G,6-31630241-C-T,6-31637807-C-T,6-31643251-A-T,6-31648403-C-T,6-31629022-T-TTTGAC,6-31667028-C-A,6-31662957-C-T,6-31653120-G-A,6-31654732-T-A,6-31657754-C-G,6-31661489-T-C,6-31662229-A-G,6-31664219-A-G,6-31665194-T-C,6-31659731-T-G,6-31673120-CTATT-C,6-31678028-C-T,6-31678730-A-G","ENSG00000196260,ENSG00000214894,ENSG00000284446,ENSG00000204435,ENSG00000206344,ENSG00000204536,ENSG00000288813,ENSG00000213780,ENSG00000204387,ENSG00000204389,ENSG00000213722,ENSG00000243649,ENSG00000204304,ENSG00000213719,ENSG00000204560,ENSG00000213676,ENSG00000204315,ENSG00000204525,ENSG00000204444,ENSG00000204472,ENSG00000196230,ENSG00000248290,ENSG00000196735,ENSG00000137411,ENSG00000237080,ENSG00000229776,ENSG00000204516,ENSG00000286940,ENSG00000204421,ENSG00000204344,ENSG00000204392,ENSG00000137331,ENSG00000224389,ENSG00000213654,ENSG00000223534,ENSG00000272501,ENSG00000272221,ENSG00000204386,ENSG00000204366,ENSG00000204544,ENSG00000204410,ENSG00000228022,ENSG00000204420,ENSG00000233627,ENSG00000204305,ENSG00000204439,ENSG00000227939,ENSG00000204390,ENSG00000204308,ENSG00000146112,ENSG00000234745,ENSG00000284954,ENSG00000204498,ENSG00000204385,ENSG00000213760,ENSG00000198563,ENSG00000204301,ENSG00000196126,ENSG00000221988,ENSG00000232810,ENSG00000204287,ENSG00000204580,ENSG00000204351,ENSG00000286974,ENSG00000137337,ENSG00000137404,ENSG00000204540,ENSG00000204482,ENSG00000229391,ENSG00000204348,ENSG00000206337,ENSG00000204338,ENSG00000204427,ENSG00000228727,ENSG00000204531,ENSG00000227507,ENSG00000231852,ENSG00000204520,ENSG00000198502,ENSG00000204528,ENSG00000204463,ENSG00000204314,ENSG00000204371,ENSG00000204394,ENSG00000204310,ENSG00000166278,ENSG00000289375,ENSG00000204396,ENSG00000204388,ENSG00000137310,ENSG00000137312,ENSG00000204438,ENSG00000277402,ENSG00000204356,ENSG00000241404,ENSG00000281756,ENSG00000272540,ENSG00000226979,ENSG00000168477,ENSG00000204428,ENSG00000204469,ENSG00000204475","ENSG00000204528,ENSG00000255899,ENSG00000196260,ENSG00000272501,ENSG00000204387,ENSG00000204338,ENSG00000225851,ENSG00000198502,ENSG00000196230,ENSG00000204438,ENSG00000228022,ENSG00000229836,ENSG00000233627,ENSG00000200816,ENSG00000204392,ENSG00000204427,ENSG00000198563,ENSG00000230449,ENSG00000237080,ENSG00000204314,ENSG00000137312,ENSG00000285647,ENSG00000248290,ENSG00000231402,ENSG00000233902,ENSG00000229391,ENSG00000204366,ENSG00000137310,ENSG00000219797,ENSG00000284469,ENSG00000286940,ENSG00000204394,ENSG00000228432,ENSG00000225499,ENSG00000204356,ENSG00000272540,ENSG00000263608,ENSG00000238211,ENSG00000204388,ENSG00000204296,ENSG00000224389,ENSG00000204482,ENSG00000213780,ENSG00000201680,ENSG00000213760,ENSG00000202241,ENSG00000204420,ENSG00000204539,ENSG00000204520,ENSG00000227939,ENSG00000206344,ENSG00000272221,ENSG00000284370,ENSG00000201785,ENSG00000204435,ENSG00000230622,ENSG00000237923,ENSG00000204511,ENSG00000213722,ENSG00000229776,ENSG00000196126,ENSG00000224328,ENSG00000222895,ENSG00000251916,ENSG00000204444,ENSG00000223335,ENSG00000214894,ENSG00000204287,ENSG00000204525,ENSG00000137331,ENSG00000237775,ENSG00000277264,ENSG00000204389,ENSG00000204290,ENSG00000281756,ENSG00000199332,ENSG00000204304,ENSG00000286974,ENSG00000204348,ENSG00000223702,ENSG00000204301,ENSG00000204536,ENSG00000255726,ENSG00000204390,ENSG00000231852,ENSG00000204472,ENSG00000204385,ENSG00000146112,ENSG00000232810,ENSG00000201988,ENSG00000275906,ENSG00000201658,ENSG00000204560,ENSG00000284446,ENSG00000274494,ENSG00000204371,ENSG00000227507,ENSG00000284954,ENSG00000204428,ENSG00000289375,ENSG00000243649,ENSG00000256851,ENSG00000204469,ENSG00000221988,ENSG00000204498,ENSG00000271821,ENSG00000204540,ENSG00000204410,ENSG00000223534,ENSG00000204308,ENSG00000241404,ENSG00000213654,ENSG00000204463,ENSG00000196735,ENSG00000166278,ENSG00000204386,ENSG00000137404,ENSG00000204315,ENSG00000204439,ENSG00000252512,ENSG00000213676,ENSG00000204344,ENSG00000228727,ENSG00000204531,ENSG00000226979,ENSG00000204542,ENSG00000204544,ENSG00000265236,ENSG00000204351,ENSG00000288813,ENSG00000137411,ENSG00000277402,ENSG00000206337,ENSG00000230174,ENSG00000252761,ENSG00000237285,ENSG00000244355,ENSG00000204516,ENSG00000168477,ENSG00000201823,ENSG00000204421,ENSG00000256166,ENSG00000266776,ENSG00000204305,ENSG00000204396,ENSG00000234745,ENSG00000204310,ENSG00000213719,ENSG00000233529,ENSG00000255552,ENSG00000204475,ENSG00000230994,ENSG00000204580,ENSG00000196301,ENSG00000137337",ENSG00000204428,Liver eQTLs,train
20020452000092196-92196000006258,chr6,"6-31378387-T-C,6-31378425-A-G,6-31378977-G-A,6-31379109-G-A,6-31379377-T-G,6-31379403-C-G,6-31379549-A-T,6-31379620-G-A,6-31379773-C-T,6-31379794-C-T,6-31379795-A-G,6-31379807-C-T,6-31380091-C-CT,6-31380587-G-A,6-31380710-C-T,6-31380854-G-T,6-31380943-G-A,6-31380974-C-G,6-31381130-A-C,6-31381321-C-G,6-31382585-C-G,6-31382690-A-G,6-31382770-A-G,6-31382964-A-G,6-31409102-T-G,6-31393600-T-C,6-31393751-A-AT,6-31394673-A-C,6-31394757-C-G,6-31394863-T-G,6-31394869-A-G,6-31397828-T-C,6-31397910-A-C,6-31398144-A-G,6-31398312-T-C,6-31399135-T-G,6-31399229-A-G,6-31399583-T-C,6-31399623-A-G,6-31399946-C-T,6-31401543-A-G,6-31401783-T-C,6-31401892-T-C,6-31402142-T-C,6-31402305-A-T,6-31402454-G-C,6-31403689-A-G,6-31403791-C-T,6-31404483-A-G,6-31405427-C-T,6-31406292-C-A,6-31406770-A-G,6-31407120-A-T,6-31407217-T-C,6-31407247-T-C,6-31407643-T-C,6-31407821-A-T,6-31408349-T-C,6-31408557-T-C,6-31409024-T-C,6-31409184-C-CACA,6-31379823-C-G,6-31394473-T-C,6-31394507-A-G,6-31400890-T-C,6-31381458-C-T,6-31381552-G-A,6-31381674-C-A,6-31381677-T-C,6-31381733-G-A,6-31381740-A-C,6-31381808-A-G,6-31381814-G-C,6-31382133-T-C,6-31382136-C-T,6-31382147-G-C,6-31382288-C-T,6-31382342-A-G,6-31382459-G-A,6-31382504-G-T,6-31382621-C-T,6-31382882-C-A,6-31382932-G-A,6-31382938-A-G,6-31382942-G-C,6-31383071-A-G,6-31383083-G-A,6-31383108-T-C,6-31383187-A-G,6-31383304-G-A,6-31383389-A-G,6-31383541-C-T,6-31383542-T-G,6-31383749-A-C,6-31383751-T-A,6-31384331-G-C,6-31387599-C-T,6-31387919-A-G,6-31388063-G-A,6-31388230-G-A,6-31388277-C-T,6-31388306-A-G,6-31388595-A-G,6-31389617-G-A,6-31389809-T-C,6-31390055-G-T,6-31390558-T-G,6-31391116-TA-T,6-31381513-A-G,6-31410524-C-T,6-31395095-A-G,6-31383391-A-G,6-31383979-T-C,6-31385509-G-A,6-31385935-C-T,6-31385713-G-A,6-31410948-C-T,6-31384792-T-C,6-31384889-C-G,6-31410131-A-G,6-31395062-G-C,6-31393053-A-G,6-31397917-C-G,6-31406083-C-T","ENSG00000204580,ENSG00000204386,ENSG00000204444,ENSG00000204590,ENSG00000196230,ENSG00000137312,ENSG00000272501,ENSG00000204463,ENSG00000226979,ENSG00000234745,ENSG00000204396,ENSG00000228727,ENSG00000229776,ENSG00000204544,ENSG00000204516,ENSG00000204305,ENSG00000286974,ENSG00000227939,ENSG00000221988,ENSG00000198563,ENSG00000204356,ENSG00000213719,ENSG00000213760,ENSG00000250535,ENSG00000204482,ENSG00000236603,ENSG00000204475,ENSG00000204310,ENSG00000137310,ENSG00000137331,ENSG00000241404,ENSG00000204344,ENSG00000204435,ENSG00000204439,ENSG00000204388,ENSG00000204421,ENSG00000213654,ENSG00000204304,ENSG00000204568,ENSG00000286940,ENSG00000289375,ENSG00000204394,ENSG00000204385,ENSG00000204338,ENSG00000204371,ENSG00000214894,ENSG00000204560,ENSG00000166278,ENSG00000204366,ENSG00000204528,ENSG00000204314,ENSG00000204525,ENSG00000232810,ENSG00000206337,ENSG00000284446,ENSG00000213722,ENSG00000272540,ENSG00000204315,ENSG00000204592,ENSG00000137404,ENSG00000227507,ENSG00000284954,ENSG00000168477,ENSG00000240053,ENSG00000204569,ENSG00000204574,ENSG00000244731,ENSG00000204392,ENSG00000204564,ENSG00000281756,ENSG00000137343,ENSG00000237080,ENSG00000204427,ENSG00000204428,ENSG00000228022,ENSG00000204438,ENSG00000204387,ENSG00000213676,ENSG00000248290,ENSG00000288813,ENSG00000204390,ENSG00000204348,ENSG00000204389,ENSG00000206344,ENSG00000235781,ENSG00000204420,ENSG00000233627,ENSG00000243649,ENSG00000204469,ENSG00000137411,ENSG00000204520,ENSG00000196260,ENSG00000204351,ENSG00000204472,ENSG00000204498,ENSG00000137337,ENSG00000204308,ENSG00000204531,ENSG00000231852,ENSG00000224389,ENSG00000204576,ENSG00000204540,ENSG00000146112,ENSG00000204301,ENSG00000204536","ENSG00000229836,ENSG00000284469,ENSG00000204560,ENSG00000284446,ENSG00000200816,ENSG00000198563,ENSG00000137343,ENSG00000206344,ENSG00000213722,ENSG00000288813,ENSG00000204348,ENSG00000204314,ENSG00000204498,ENSG00000201988,ENSG00000284954,ENSG00000204420,ENSG00000204427,ENSG00000204385,ENSG00000277264,ENSG00000204528,ENSG00000204356,ENSG00000213719,ENSG00000204394,ENSG00000240053,ENSG00000204304,ENSG00000137337,ENSG00000233902,ENSG00000274494,ENSG00000204568,ENSG00000228432,ENSG00000221988,ENSG00000224389,ENSG00000224328,ENSG00000204482,ENSG00000204463,ENSG00000204574,ENSG00000244355,ENSG00000204569,ENSG00000271821,ENSG00000255552,ENSG00000230622,ENSG00000272540,ENSG00000204580,ENSG00000206337,ENSG00000204444,ENSG00000204305,ENSG00000196260,ENSG00000204301,ENSG00000204351,ENSG00000289375,ENSG00000204310,ENSG00000204338,ENSG00000231852,ENSG00000196230,ENSG00000204544,ENSG00000213676,ENSG00000230994,ENSG00000204315,ENSG00000204438,ENSG00000252761,ENSG00000204371,ENSG00000137310,ENSG00000231402,ENSG00000202241,ENSG00000288805,ENSG00000256851,ENSG00000204366,ENSG00000250535,ENSG00000204472,ENSG00000204296,ENSG00000285647,ENSG00000204536,ENSG00000256166,ENSG00000166278,ENSG00000204539,ENSG00000137312,ENSG00000204396,ENSG00000266776,ENSG00000237285,ENSG00000201658,ENSG00000286940,ENSG00000204388,ENSG00000243649,ENSG00000204439,ENSG00000204516,ENSG00000204421,ENSG00000204531,ENSG00000233529,ENSG00000204520,ENSG00000244731,ENSG00000225851,ENSG00000272501,ENSG00000168477,ENSG00000237775,ENSG00000201823,ENSG00000213760,ENSG00000237923,ENSG00000241404,ENSG00000146112,ENSG00000204511,ENSG00000223702,ENSG00000201680,ENSG00000232810,ENSG00000204475,ENSG00000204540,ENSG00000234745,ENSG00000275906,ENSG00000204308,ENSG00000222895,ENSG00000229776,ENSG00000137404,ENSG00000137331,ENSG00000204344,ENSG00000236603,ENSG00000238211,ENSG00000201785,ENSG00000224936,ENSG00000252512,ENSG00000286974,ENSG00000226577,ENSG00000204576,ENSG00000230449,ENSG00000219797,ENSG00000225499,ENSG00000284370,ENSG00000229068,ENSG00000255726,ENSG00000204525,ENSG00000204386,ENSG00000213654,ENSG00000227939,ENSG00000204392,ENSG00000255899,ENSG00000204564,ENSG00000204387,ENSG00000235781,ENSG00000204542,ENSG00000214894,ENSG00000204435,ENSG00000223335,ENSG00000237080,ENSG00000248290,ENSG00000281756,ENSG00000286301,ENSG00000204389,ENSG00000204428,ENSG00000137411,ENSG00000227507,ENSG00000226979,ENSG00000204390,ENSG00000233627,ENSG00000204592,ENSG00000204469,ENSG00000228022,ENSG00000204590,ENSG00000265236,ENSG00000263608,ENSG00000228727,ENSG00000216101,ENSG00000199332,ENSG00000230174",ENSG00000204520,Liver eQTLs,train
20020452900092196-92196000001426,chr11,"11-76479205-A-G,11-76479810-G-A,11-76480570-A-G,11-76497432-G-C,11-76478854-C-T,11-76488545-G-A,11-76495879-T-C,11-76506572-T-A","ENSG00000236304,ENSG00000137507,ENSG00000227376,ENSG00000255362,ENSG00000255100,ENSG00000078124,ENSG00000204529,ENSG00000149269,ENSG00000261578,ENSG00000178301,ENSG00000254810,ENSG00000198382,ENSG00000254550,ENSG00000255507,ENSG00000085741,ENSG00000255135,ENSG00000137492,ENSG00000255363,ENSG00000137474,ENSG00000179240,ENSG00000074201,ENSG00000178795,ENSG00000182704,ENSG00000254933,ENSG00000158636,ENSG00000149260","ENSG00000254630,ENSG00000254550,ENSG00000149260,ENSG00000268635,ENSG00000255135,ENSG00000178795,ENSG00000255100,ENSG00000224829,ENSG00000255434,ENSG00000254460,ENSG00000254975,ENSG00000236304,ENSG00000254810,ENSG00000137492,ENSG00000137507,ENSG00000198488,ENSG00000263993,ENSG00000255362,ENSG00000179240,ENSG00000074201,ENSG00000085741,ENSG00000182704,ENSG00000223013,ENSG00000178301,ENSG00000204529,ENSG00000254933,ENSG00000078124,ENSG00000149269,ENSG00000261578,ENSG00000255479,ENSG00000199362,ENSG00000198382,ENSG00000227376,ENSG00000255421,ENSG00000137474,ENSG00000247867,ENSG00000255081,ENSG00000254915,ENSG00000254988,ENSG00000200256,ENSG00000255363,ENSG00000255326,ENSG00000255507,ENSG00000255280,ENSG00000255255,ENSG00000254755,ENSG00000158636",ENSG00000204529,Liver eQTLs,train
20020453600092196-92196000006239,chr6,"6-31109810-G-A,6-31109810-G-A,6-31109810-G-A,6-31109810-G-A,6-31109946-T-A,6-31109946-T-A,6-31109946-T-A,6-31109946-T-A,6-31109947-C-T,6-31109947-C-T,6-31109947-C-T,6-31109947-C-T,6-31110391-G-C,6-31110391-G-C,6-31110391-G-C,6-31110391-G-C,6-31112108-G-T,6-31112108-G-T,6-31112108-G-T,6-31112108-G-T,6-31112602-G-C,6-31112602-G-C,6-31112602-G-C,6-31112602-G-C,6-31113083-G-A,6-31113083-G-A,6-31113083-G-A,6-31113083-G-A,6-31113940-T-C,6-31113940-T-C,6-31113940-T-C,6-31113940-T-C,6-31114182-A-G,6-31114182-A-G,6-31114182-A-G,6-31114182-A-G,6-31115700-A-G,6-31115700-A-G,6-31115700-A-G,6-31115700-A-G,6-31116142-G-A,6-31116142-G-A,6-31116142-G-A,6-31116142-G-A,6-31117188-C-T,6-31117188-C-T,6-31117188-C-T,6-31117188-C-T,6-31118019-T-C,6-31118019-T-C,6-31118019-T-C,6-31118019-T-C,6-31118942-T-C,6-31118942-T-C,6-31118942-T-C,6-31118942-T-C,6-31119380-G-A,6-31119380-G-A,6-31119380-G-A,6-31119380-G-A,6-31107317-C-T,6-31107317-C-T,6-31107317-C-T,6-31107317-C-T,6-31108271-C-CTCTTG,6-31108271-C-CTCTTG,6-31108271-C-CTCTTG,6-31108271-C-CTCTTG,6-31116210-G-A,6-31116210-G-A,6-31116210-G-A,6-31116210-G-A","ENSG00000231074,ENSG00000289375,ENSG00000196230,ENSG00000204385,ENSG00000204560,ENSG00000204544,ENSG00000284446,ENSG00000232810,ENSG00000241370,ENSG00000213676,ENSG00000204482,ENSG00000204472,ENSG00000237080,ENSG00000233627,ENSG00000272540,ENSG00000204580,ENSG00000166278,ENSG00000234127,ENSG00000137312,ENSG00000228022,ENSG00000137310,ENSG00000137331,ENSG00000280128,ENSG00000204338,ENSG00000204569,ENSG00000235781,ENSG00000204592,ENSG00000204315,ENSG00000137337,ENSG00000204568,ENSG00000204420,ENSG00000272501,ENSG00000204520,ENSG00000204475,ENSG00000227507,ENSG00000196260,ENSG00000227939,ENSG00000204348,ENSG00000224389,ENSG00000168477,ENSG00000204421,ENSG00000204528,ENSG00000204536,ENSG00000231852,ENSG00000228727,ENSG00000214894,ENSG00000204410,ENSG00000226979,ENSG00000204564,ENSG00000288813,ENSG00000286974,ENSG00000204463,ENSG00000233892,ENSG00000248290,ENSG00000206337,ENSG00000204428,ENSG00000281756,ENSG00000270604,ENSG00000204390,ENSG00000198563,ENSG00000213719,ENSG00000137404,ENSG00000213780,ENSG00000204599,ENSG00000204387,ENSG00000204574,ENSG00000204610,ENSG00000213722,ENSG00000240053,ENSG00000204392,ENSG00000204389,ENSG00000250535,ENSG00000213760,ENSG00000204351,ENSG00000204590,ENSG00000243649,ENSG00000204576,ENSG00000204469,ENSG00000204386,ENSG00000204516,ENSG00000204388,ENSG00000204344,ENSG00000204356,ENSG00000204540,ENSG00000146112,ENSG00000204438,ENSG00000204498,ENSG00000229776,ENSG00000234745,ENSG00000277402,ENSG00000137411,ENSG00000137343,ENSG00000204366,ENSG00000204427,ENSG00000236603,ENSG00000204444,ENSG00000204439,ENSG00000204396,ENSG00000204371,ENSG00000204435,ENSG00000204394,ENSG00000286940,ENSG00000204613","ENSG00000204516,ENSG00000204351,ENSG00000204387,ENSG00000196260,ENSG00000230622,ENSG00000213780,ENSG00000224486,ENSG00000240053,ENSG00000250535,ENSG00000228727,ENSG00000255726,ENSG00000265236,ENSG00000230449,ENSG00000225851,ENSG00000255552,ENSG00000231852,ENSG00000237080,ENSG00000233902,ENSG00000204520,ENSG00000244355,ENSG00000201785,ENSG00000256166,ENSG00000202241,ENSG00000204542,ENSG00000204569,ENSG00000286974,ENSG00000226979,ENSG00000285647,ENSG00000137310,ENSG00000204568,ENSG00000204366,ENSG00000204390,ENSG00000274494,ENSG00000204544,ENSG00000199332,ENSG00000231074,ENSG00000271821,ENSG00000204560,ENSG00000204482,ENSG00000237775,ENSG00000226577,ENSG00000204388,ENSG00000137404,ENSG00000252228,ENSG00000256851,ENSG00000204592,ENSG00000272540,ENSG00000204396,ENSG00000204472,ENSG00000201823,ENSG00000234745,ENSG00000230174,ENSG00000243649,ENSG00000224372,ENSG00000255899,ENSG00000204427,ENSG00000204348,ENSG00000252512,ENSG00000230994,ENSG00000288813,ENSG00000204580,ENSG00000284370,ENSG00000204610,ENSG00000204389,ENSG00000241370,ENSG00000204394,ENSG00000227507,ENSG00000204428,ENSG00000231402,ENSG00000235781,ENSG00000213676,ENSG00000137343,ENSG00000204315,ENSG00000275906,ENSG00000229836,ENSG00000200816,ENSG00000204444,ENSG00000204438,ENSG00000238211,ENSG00000204576,ENSG00000204475,ENSG00000233627,ENSG00000252761,ENSG00000137312,ENSG00000204613,ENSG00000204539,ENSG00000213760,ENSG00000204463,ENSG00000236405,ENSG00000224936,ENSG00000216101,ENSG00000204385,ENSG00000233529,ENSG00000214894,ENSG00000204371,ENSG00000286940,ENSG00000232810,ENSG00000204344,ENSG00000222895,ENSG00000224328,ENSG00000270604,ENSG00000137331,ENSG00000236475,ENSG00000229776,ENSG00000266776,ENSG00000204421,ENSG00000237923,ENSG00000213719,ENSG00000204386,ENSG00000204511,ENSG00000196230,ENSG00000137337,ENSG00000223702,ENSG00000224389,ENSG00000204435,ENSG00000204540,ENSG00000213722,ENSG00000204590,ENSG00000248290,ENSG00000286301,ENSG00000204564,ENSG00000219797,ENSG00000227939,ENSG00000204392,ENSG00000284446,ENSG00000201680,ENSG00000280128,ENSG00000236603,ENSG00000204574,ENSG00000289375,ENSG00000204528,ENSG00000229068,ENSG00000233892,ENSG00000206337,ENSG00000201988,ENSG00000228432,ENSG00000277402,ENSG00000204420,ENSG00000263608,ENSG00000204410,ENSG00000228022,ENSG00000168477,ENSG00000137411,ENSG00000198563,ENSG00000204356,ENSG00000166278,ENSG00000225499,ENSG00000272501,ENSG00000146112,ENSG00000234127,ENSG00000204469,ENSG00000201658,ENSG00000204439,ENSG00000204498,ENSG00000288805,ENSG00000281756,ENSG00000204536,ENSG00000204599,ENSG00000204338",ENSG00000204536,Liver eQTLs,train
20020458300092196-92196000001617,chr12,"12-133185604-G-A,12-133185604-G-A,12-133185613-G-A,12-133185613-G-A,12-133185709-C-G,12-133185709-C-G,12-133185826-T-C,12-133185826-T-C,12-133186240-A-G,12-133186240-A-G,12-133186519-C-T,12-133186519-C-T,12-133185673-A-G,12-133185673-A-G,12-133182460-G-A,12-133182460-G-A,12-133182462-C-T,12-133182462-C-T,12-133182522-T-C,12-133182522-T-C,12-133182562-C-T,12-133182562-C-T,12-133190278-C-CA,12-133190278-C-CA,12-133191183-G-T,12-133191183-G-T,12-133186665-T-C,12-133186665-T-C,12-133188814-TGTAGGGCAGGAGGCAAGG-T,12-133188814-TGTAGGGCAGGAGGCAAGG-T,12-133192246-T-C,12-133192246-T-C,12-133187605-G-T,12-133187605-G-T,12-133188207-G-A,12-133188207-G-A,12-133188743-A-G,12-133188743-A-G,12-133190634-A-G,12-133190634-A-G,12-133192895-T-A,12-133192895-T-A,12-133194066-A-G,12-133194066-A-G,12-133212582-G-A,12-133212582-G-A,12-133212382-G-A,12-133212382-G-A,12-133205980-G-A,12-133205980-G-A,12-133213380-C-CA,12-133213380-C-CA,12-133213401-G-A,12-133213401-G-A,12-133207715-G-A,12-133207715-G-A,12-133216177-A-G,12-133216177-A-G,12-133208291-G-A,12-133208291-G-A","ENSG00000236617,ENSG00000187848,ENSG00000198040,ENSG00000198393,ENSG00000280287,ENSG00000279640,ENSG00000184967,ENSG00000196387,ENSG00000256223,ENSG00000090612,ENSG00000177169,ENSG00000204583,ENSG00000255992,ENSG00000112787,ENSG00000196458,ENSG00000279283,ENSG00000277186,ENSG00000090615,ENSG00000061936,ENSG00000176915,ENSG00000177192,ENSG00000278949,ENSG00000255933,ENSG00000256576,ENSG00000279700,ENSG00000185684,ENSG00000273568,ENSG00000176894,ENSG00000177084,ENSG00000214029,ENSG00000185163,ENSG00000247077,ENSG00000256955,ENSG00000198598,ENSG00000289516,ENSG00000072609,ENSG00000183495","ENSG00000177192,ENSG00000279283,ENSG00000198393,ENSG00000177169,ENSG00000279704,ENSG00000278949,ENSG00000279700,ENSG00000255916,ENSG00000187848,ENSG00000279466,ENSG00000255992,ENSG00000256576,ENSG00000185684,ENSG00000252269,ENSG00000198598,ENSG00000112787,ENSG00000236617,ENSG00000277052,ENSG00000256563,ENSG00000256223,ENSG00000289516,ENSG00000256312,ENSG00000185163,ENSG00000255703,ENSG00000201469,ENSG00000072609,ENSG00000227059,ENSG00000271963,ENSG00000279640,ENSG00000279023,ENSG00000256875,ENSG00000176894,ENSG00000176915,ENSG00000279817,ENSG00000184967,ENSG00000256542,ENSG00000256943,ENSG00000239190,ENSG00000196458,ENSG00000061936,ENSG00000183495,ENSG00000214029,ENSG00000246394,ENSG00000277186,ENSG00000286008,ENSG00000090612,ENSG00000280150,ENSG00000277011,ENSG00000255933,ENSG00000247077,ENSG00000279480,ENSG00000280287,ENSG00000256955,ENSG00000196387,ENSG00000090615,ENSG00000255807,ENSG00000198040,ENSG00000273568,ENSG00000177084,ENSG00000238443,ENSG00000256108,ENSG00000255919,ENSG00000256783,ENSG00000204583,ENSG00000279113",ENSG00000204583,Liver eQTLs,train
20020458400092196-92196000003125,chr17,"17-47880427-G-C,17-47887176-C-T,17-47924267-G-C,17-47960187-C-T,17-47857790-G-T,17-47859370-G-A,17-47939371-T-C,17-47939372-C-T,17-47940809-C-T,17-47891201-C-T,17-47777486-T-C","ENSG00000108826,ENSG00000121073,ENSG00000108829,ENSG00000230532,ENSG00000275025,ENSG00000167085,ENSG00000015532,ENSG00000173868,ENSG00000108848,ENSG00000108798,ENSG00000159199,ENSG00000108846,ENSG00000279792,ENSG00000159202,ENSG00000182575,ENSG00000154945,ENSG00000204584,ENSG00000289021,ENSG00000167083,ENSG00000136444,ENSG00000275897,ENSG00000250282,ENSG00000006282,ENSG00000121067,ENSG00000005884,ENSG00000167100,ENSG00000251179,ENSG00000167107,ENSG00000136457,ENSG00000108823,ENSG00000121104,ENSG00000198740,ENSG00000136436,ENSG00000154920,ENSG00000005882,ENSG00000167105,ENSG00000108821,ENSG00000064300,ENSG00000248278,ENSG00000159210,ENSG00000136504,ENSG00000177369,ENSG00000108819,ENSG00000229944,ENSG00000049283,ENSG00000253102","ENSG00000121073,ENSG00000244559,ENSG00000279792,ENSG00000229637,ENSG00000206805,ENSG00000167105,ENSG00000210709,ENSG00000242207,ENSG00000108798,ENSG00000253102,ENSG00000200538,ENSG00000167107,ENSG00000120068,ENSG00000277198,ENSG00000121104,ENSG00000159202,ENSG00000015532,ENSG00000159210,ENSG00000261886,ENSG00000207947,ENSG00000108826,ENSG00000261872,ENSG00000275897,ENSG00000005882,ENSG00000251179,ENSG00000275025,ENSG00000242407,ENSG00000159182,ENSG00000006282,ENSG00000108848,ENSG00000262031,ENSG00000289599,ENSG00000154920,ENSG00000210741,ENSG00000108829,ENSG00000159184,ENSG00000289021,ENSG00000064300,ENSG00000207306,ENSG00000136504,ENSG00000264451,ENSG00000049283,ENSG00000238419,ENSG00000272763,ENSG00000108846,ENSG00000206954,ENSG00000198740,ENSG00000244514,ENSG00000136457,ENSG00000264999,ENSG00000108819,ENSG00000167083,ENSG00000266222,ENSG00000204584,ENSG00000167085,ENSG00000263787,ENSG00000221739,ENSG00000154945,ENSG00000230532,ENSG00000005884,ENSG00000136444,ENSG00000159199,ENSG00000136436,ENSG00000229944,ENSG00000206734,ENSG00000173868,ENSG00000108823,ENSG00000241788,ENSG00000167100,ENSG00000182575,ENSG00000121067,ENSG00000177369,ENSG00000120094,ENSG00000264243,ENSG00000248278,ENSG00000108821,ENSG00000235300,ENSG00000250282",ENSG00000204584,Liver eQTLs,train
20020464400092196-92196000006183,chr6,"6-29642978-C-CAACTTGAA,6-29644275-C-T,6-29644502-C-T,6-29645038-C-A,6-29645118-G-C,6-29645634-C-T,6-29645937-C-T,6-29646818-A-AC,6-29647642-T-C,6-29648119-A-G,6-29648137-G-A,6-29648377-T-C,6-29644040-C-T,6-29644633-C-T,6-29645770-A-G,6-29647545-T-C,6-29648126-C-G,6-29660394-A-G,6-29660982-G-C,6-29661824-C-T,6-29661991-A-T,6-29654700-C-T,6-29656416-T-G,6-29656417-T-G,6-29657127-C-T,6-29659043-T-C,6-29659386-T-C,6-29659999-T-G,6-29643877-A-G,6-29643879-A-G,6-29644308-G-A,6-29629344-T-C,6-29641637-G-A,6-29645613-C-A,6-29646425-TTCTA-T,6-29648199-C-T,6-29657706-T-G,6-29607047-G-A,6-29615822-A-G,6-29623739-G-A,6-29628094-C-T,6-29668362-A-C,6-29609921-A-G,6-29611781-A-G,6-29622653-G-A,6-29664590-C-T,6-29664762-G-A,6-29666476-G-A,6-29666538-C-T,6-29666881-T-G,6-29666903-A-T,6-29667014-C-G,6-29667205-T-C,6-29667458-T-C,6-29667471-C-T,6-29667503-T-A,6-29667503-T-A,6-29667543-G-A,6-29667661-A-C,6-29667669-A-G,6-29667684-A-C,6-29667890-A-G,6-29668076-C-T,6-29668413-C-T,6-29668537-A-G,6-29668660-G-A,6-29668841-T-A,6-29668958-C-T,6-29668984-C-G,6-29668994-C-T,6-29669137-G-A,6-29669234-C-T,6-29669244-C-T,6-29669425-A-G,6-29669577-C-T,6-29669830-G-A,6-29670000-C-T,6-29670020-A-G,6-29670030-T-C,6-29670192-G-T,6-29670250-A-G,6-29670261-A-G,6-29670556-G-A,6-29670573-C-T,6-29670913-C-G,6-29671266-A-G,6-29671346-T-A,6-29671575-C-CAT,6-29671740-G-A,6-29669334-TA-T,6-29669336-A-T,6-29665088-A-T,6-29671328-C-A,6-29671501-A-AAG","ENSG00000280128,ENSG00000204632,ENSG00000204644,ENSG00000176998,ENSG00000204568,ENSG00000204681,ENSG00000204590,ENSG00000285799,ENSG00000206503,ENSG00000230521,ENSG00000204610,ENSG00000204592,ENSG00000204569,ENSG00000235781,ENSG00000204618,ENSG00000204576,ENSG00000204560,ENSG00000241370,ENSG00000228078,ENSG00000137343,ENSG00000181126,ENSG00000204622,ENSG00000237988,ENSG00000234127,ENSG00000204616,ENSG00000243753,ENSG00000235290,ENSG00000270604,ENSG00000204623,ENSG00000204613,ENSG00000273340,ENSG00000197935,ENSG00000233892,ENSG00000066379,ENSG00000204574,ENSG00000236603,ENSG00000285761,ENSG00000235821,ENSG00000204564,ENSG00000204713,ENSG00000214922,ENSG00000231074,ENSG00000204614,ENSG00000204619,ENSG00000227214,ENSG00000206341,ENSG00000204599","ENSG00000235290,ENSG00000212240,ENSG00000216101,ENSG00000204568,ENSG00000199290,ENSG00000204618,ENSG00000227214,ENSG00000227758,ENSG00000137343,ENSG00000204599,ENSG00000237425,ENSG00000227609,ENSG00000197935,ENSG00000233677,ENSG00000285761,ENSG00000204697,ENSG00000197171,ENSG00000225797,ENSG00000229068,ENSG00000288805,ENSG00000238024,ENSG00000204569,ENSG00000229281,ENSG00000204592,ENSG00000233366,ENSG00000230056,ENSG00000231074,ENSG00000213900,ENSG00000204702,ENSG00000228078,ENSG00000227206,ENSG00000224582,ENSG00000224936,ENSG00000284656,ENSG00000204695,ENSG00000204590,ENSG00000204701,ENSG00000232173,ENSG00000204700,ENSG00000280128,ENSG00000213886,ENSG00000251608,ENSG00000270604,ENSG00000204687,ENSG00000223677,ENSG00000263426,ENSG00000289203,ENSG00000213911,ENSG00000237988,ENSG00000214922,ENSG00000236405,ENSG00000204613,ENSG00000235963,ENSG00000204622,ENSG00000204614,ENSG00000225864,ENSG00000213916,ENSG00000236909,ENSG00000204623,ENSG00000204681,ENSG00000204703,ENSG00000204610,ENSG00000112462,ENSG00000204709,ENSG00000206503,ENSG00000233892,ENSG00000226577,ENSG00000235781,ENSG00000231226,ENSG00000201330,ENSG00000236475,ENSG00000224372,ENSG00000270896,ENSG00000204688,ENSG00000243753,ENSG00000225173,ENSG00000204574,ENSG00000273340,ENSG00000204632,ENSG00000066379,ENSG00000242524,ENSG00000228364,ENSG00000230598,ENSG00000252228,ENSG00000204616,ENSG00000241370,ENSG00000225595,ENSG00000237042,ENSG00000235821,ENSG00000213880,ENSG00000204560,ENSG00000286301,ENSG00000231301,ENSG00000229274,ENSG00000230164,ENSG00000229142,ENSG00000204564,ENSG00000280236,ENSG00000181126,ENSG00000204713,ENSG00000203492,ENSG00000224233,ENSG00000243729,ENSG00000206341,ENSG00000204694,ENSG00000261548,ENSG00000204704,ENSG00000176998,ENSG00000285799,ENSG00000234127,ENSG00000204644,ENSG00000236603,ENSG00000230521,ENSG00000224486,ENSG00000277881,ENSG00000277661,ENSG00000204576,ENSG00000206474,ENSG00000224312,ENSG00000204619",ENSG00000204644,Liver eQTLs,train
20020476400092196-92196000005766,chr5,"5-170491727-G-A,5-170479986-A-AGCTGGGATTACAGGCATGTGCCACCACACCTG,5-170487324-T-C,5-170480316-C-G,5-170429074-C-T,5-170431238-G-A,5-170443590-A-C,5-170450521-T-C,5-170453771-TGAGAA-T,5-170484994-T-A,5-170504514-C-T,5-170505435-C-T,5-170507801-C-T,5-170339133-T-C,5-170339828-T-C,5-170339995-G-A,5-170340042-A-G,5-170374019-A-T,5-170498954-A-G,5-170441280-T-C,5-170498071-G-C,5-170499222-G-T,5-170334441-G-A,5-170340777-G-GT,5-170523807-G-A,5-170415682-A-C,5-170339706-GA-G,5-170484475-C-G,5-170457240-A-G,5-170337763-C-T,5-170405809-G-GAC,5-170428979-T-C,5-170402992-AAAAAC-A,5-170449000-A-G,5-170433360-G-A,5-170433348-G-C,5-170311915-A-ATCTC,5-170311915-A-ATCTC,5-170316054-C-A,5-170345986-A-G,5-170346171-A-G,5-170349106-T-TG,5-170350855-C-T,5-170353708-T-TA,5-170357552-T-C,5-170358439-T-A,5-170360511-G-C,5-170360672-T-C,5-170361648-C-T,5-170361945-C-T,5-170362136-G-A,5-170365586-C-T,5-170366111-TTAGAA-T,5-170366450-G-A,5-170367469-T-C,5-170369212-C-G,5-170369735-T-C,5-170372454-T-C,5-170373695-C-T,5-170486143-T-C,5-170380523-G-A,5-170396700-A-G,5-170404917-T-A,5-170480929-A-T,5-170387117-A-C,5-170383461-C-T,5-170383948-T-C,5-170384462-T-C,5-170385087-A-AT,5-170385218-G-A,5-170387369-T-G,5-170387950-G-A,5-170388068-C-T,5-170388114-T-TC,5-170388721-A-G,5-170389082-C-T,5-170390546-G-A,5-170392128-T-G,5-170392878-T-C,5-170393734-A-G,5-170397250-T-C,5-170400440-G-A,5-170400826-C-T,5-170401684-C-A,5-170402359-A-C,5-170406752-A-T,5-170407915-T-A,5-170408105-TC-T,5-170408629-G-T,5-170409146-C-T,5-170409398-T-C,5-170410862-C-G,5-170411709-T-G,5-170426167-G-C,5-170427231-C-T,5-170428156-T-C,5-170430444-G-C,5-170430599-T-A,5-170433655-C-T,5-170434002-C-T,5-170436430-T-C,5-170439790-A-G,5-170442773-G-A,5-170443585-T-C,5-170443732-C-T,5-170447218-C-G,5-170447218-C-G,5-170448963-A-G,5-170475001-A-G,5-170480119-C-T,5-170480700-C-A,5-170481123-C-G,5-170481204-G-A,5-170483093-A-G,5-170483818-A-G,5-170484666-A-AGGACAGAG,5-170484671-C-A,5-170486312-A-G,5-170488707-A-T,5-170489242-G-A,5-170490493-G-A,5-170490975-G-T,5-170493247-A-G,5-170493995-T-C,5-170494545-C-T,5-170494559-G-A,5-170494609-A-T,5-170495990-G-A,5-170495992-G-A,5-170496551-C-T,5-170499326-T-C,5-170504171-G-A,5-170505058-G-A,5-170507515-G-A,5-170509256-G-T,5-170474360-G-T,5-170529606-G-T,5-170530302-C-T,5-170450318-T-C,5-170348624-C-T,5-170286872-G-T,5-170287698-A-T,5-170289221-T-G,5-170289822-G-A,5-170290905-T-C,5-170291063-A-G,5-170291198-A-G,5-170291798-G-C,5-170291861-A-G,5-170297388-A-G,5-170297554-C-T,5-170297737-C-T,5-170300076-C-T,5-170300770-A-G,5-170302906-G-T,5-170305512-A-G,5-170309225-A-G,5-170310603-A-G,5-170311300-C-G,5-170312353-A-G,5-170312505-T-A,5-170313264-A-G,5-170314146-A-G,5-170314237-G-T,5-170314542-G-A,5-170315724-C-T,5-170315915-C-T,5-170316706-T-C,5-170317335-C-A,5-170317868-A-G,5-170317897-G-A,5-170318582-T-G,5-170318866-A-G,5-170320915-G-T,5-170321085-C-T,5-170321772-C-A,5-170323707-G-A,5-170323843-T-C,5-170325114-C-T,5-170325312-T-C,5-170325322-A-G,5-170325719-C-T,5-170326233-C-A,5-170327067-G-A,5-170327344-C-T,5-170327959-C-T,5-170328399-A-G,5-170328782-A-G,5-170328889-G-T,5-170328944-G-A,5-170328945-T-G,5-170329172-T-C,5-170329564-T-C,5-170329698-G-A,5-170329888-C-T,5-170329999-G-A,5-170330120-G-C,5-170330475-C-T,5-170331469-A-G,5-170332782-C-T,5-170333111-C-A,5-170334100-T-C,5-170334319-CA-C,5-170334941-C-A,5-170341326-TTA-T,5-170341425-G-A,5-170341565-C-T,5-170342050-G-T,5-170346000-A-T,5-170349773-G-A,5-170350019-C-CT,5-170352280-C-G,5-170352796-AT-A,5-170353473-CTT-C,5-170353649-A-G,5-170357578-C-T,5-170358038-A-C,5-170358043-C-T,5-170359731-G-A,5-170359842-G-A,5-170360158-C-T,5-170360512-G-A,5-170365283-G-T,5-170367437-G-A,5-170370262-G-A,5-170439078-ATTGT-A,5-170301657-C-CT,5-170413439-T-G,5-170313644-A-G,5-170493324-A-G,5-170380153-T-A,5-170385034-T-C,5-170388177-T-G,5-170389532-G-A,5-170389547-A-G,5-170390091-T-C,5-170406362-T-C,5-170497411-A-G,5-170499601-T-C,5-170501482-T-A,5-170330532-C-T,5-170414545-TA-T,5-170344140-C-T,5-170398243-A-G,5-170475834-A-G,5-170284624-A-C,5-170439928-C-T,5-170290248-G-C,5-170296592-G-A,5-170297334-T-C,5-170303431-C-T,5-170305776-T-C,5-170321959-G-C,5-170342120-T-C,5-170360252-A-G,5-170371542-T-G,5-170371571-T-C,5-170360927-A-G,5-170361066-G-A,5-170460526-T-C,5-170463915-T-C,5-170465348-CT-C,5-170467020-C-G,5-170467055-T-C,5-170467501-G-C,5-170468883-C-G,5-170306517-G-C,5-170343272-G-A,5-170454681-A-G,5-170490826-C-T,5-170439059-T-A,5-170518373-TC-T,5-170522906-A-G,5-170523543-T-G,5-170533730-A-C,5-170547186-G-A,5-170489869-A-T,5-170359691-C-T,5-170382683-T-C,5-170382685-T-C,5-170416198-C-T,5-170460205-A-C,5-170560546-C-T,5-170393961-T-G,5-170401291-T-A,5-170402405-T-C,5-170403072-C-A,5-170434644-G-A,5-170447731-G-A,5-170448563-C-G,5-170449442-G-C,5-170463572-C-G,5-170465947-A-G,5-170493698-A-G,5-170502732-A-G,5-170406393-G-A,5-170408265-C-CT,5-170430810-C-G,5-170449872-C-G,5-170481447-T-A,5-170484975-A-G,5-170458381-T-C,5-170378151-G-A,5-170355774-CT-C,5-170434442-A-G,5-170343299-G-A,5-170343326-G-A,5-170343353-G-A,5-170311643-C-T,5-170288176-A-G,5-170302701-C-CA,5-170313848-C-G,5-170434048-G-A,5-170443401-G-T,5-170456941-G-T,5-170408962-A-G,5-170485373-T-C,5-170368455-A-G,5-170349636-A-G,5-170382499-GTA-G,5-170439245-G-A,5-170392814-T-A,5-170407099-C-T,5-170436690-T-TC,5-170286530-T-C,5-170286726-A-C,5-170394572-G-A,5-170395512-A-T,5-170542087-A-C,5-170343164-G-A,5-170343191-G-A,5-170397149-ACT-A,5-170382584-GTGTATA-G,5-170415861-G-A,5-170339541-T-A,5-170299916-T-C,5-170395820-G-A,5-170470951-A-G,5-170396456-A-C,5-170532310-C-T,5-170532310-C-T,5-170427507-G-A,5-170425060-C-G,5-170337098-G-T,5-170343105-C-A,5-170343110-G-A,5-170448971-G-T,5-170453927-A-G,5-170505685-A-G,5-170391999-C-A,5-170417364-A-G,5-170335540-A-G,5-170382559-GTA-G,5-170324778-G-A,5-170343137-G-A,5-170320244-CA-C,5-170454516-G-A,5-170297332-T-G,5-170330208-A-G,5-170352721-T-G,5-170362005-A-G,5-170369601-T-C,5-170347515-CT-C,5-170468415-T-A,5-170290440-CT-C,5-170349116-C-T,5-170349151-T-C,5-170349290-G-C,5-170352603-G-A,5-170353200-T-TTG,5-170353200-T-TTG,5-170353715-C-A,5-170359566-AT-A,5-170361973-T-C,5-170364929-C-G,5-170366232-C-A,5-170367237-A-G,5-170369581-G-A,5-170369750-G-A,5-170371442-G-C,5-170376828-T-A,5-170381715-G-A,5-170384841-C-T,5-170392715-A-G,5-170392903-T-G,5-170408228-A-G,5-170435856-A-G,5-170490119-A-G,5-170490999-T-C,5-170496499-T-C,5-170499347-G-A,5-170510416-T-C,5-170337839-T-C,5-170423534-C-T,5-170552817-C-T,5-170413671-C-T,5-170498227-G-C,5-170530923-T-G,5-170391390-G-T,5-170284939-C-T,5-170287636-A-G,5-170292027-G-T,5-170294132-G-A,5-170295563-G-A,5-170296402-T-C,5-170306768-C-T,5-170308100-A-ATATTGT,5-170310442-T-C,5-170311242-A-G,5-170312737-G-A,5-170314091-C-T,5-170317290-T-A,5-170320440-A-T,5-170323258-A-G,5-170323682-C-A,5-170326728-C-A,5-170328414-T-G,5-170328543-G-A,5-170329043-G-C,5-170330425-A-C,5-170330673-A-T,5-170333272-T-C,5-170342632-G-A,5-170439072-G-A,5-170525242-T-A,5-170404695-T-C,5-170396849-A-G,5-170517657-GA-G,5-170421288-A-G,5-170397896-G-A,5-170379327-C-T,5-170409265-C-CCTAA,5-170430282-C-A,5-170443998-G-A,5-170449265-A-T,5-170465208-A-G,5-170466712-G-A,5-170483812-C-CA,5-170492263-T-C,5-170509588-T-G,5-170287849-AAC-A,5-170544147-A-G,5-170515052-T-G,5-170517902-C-T,5-170518249-A-G,5-170518546-T-A,5-170519817-G-A,5-170520166-A-G,5-170526094-A-C,5-170535815-G-A,5-170548212-G-A,5-170354320-T-C,5-170394921-G-A,5-170287726-T-TAGAGAGAGAGAAAG,5-170288551-C-G,5-170547130-C-T,5-170286442-T-C,5-170516221-A-C,5-170515371-A-G,5-170466238-T-A,5-170288922-A-G,5-170445842-C-T,5-170298583-C-T,5-170322919-T-A,5-170506141-T-C,5-170459675-G-A,5-170495158-G-C,5-170516965-G-A,5-170517036-G-C,5-170500856-A-T,5-170518104-T-C","ENSG00000094755,ENSG00000156427,ENSG00000072803,ENSG00000145936,ENSG00000234511,ENSG00000181163,ENSG00000043462,ENSG00000204764","ENSG00000253858,ENSG00000206909,ENSG00000181163,ENSG00000164438,ENSG00000094755,ENSG00000234511,ENSG00000206614,ENSG00000288615,ENSG00000156427,ENSG00000249601,ENSG00000253647,ENSG00000253591,ENSG00000168269,ENSG00000043462,ENSG00000244501,ENSG00000145936,ENSG00000072803,ENSG00000213393,ENSG00000253219,ENSG00000264249,ENSG00000265740,ENSG00000204764,ENSG00000253348,ENSG00000254256,ENSG00000275038,ENSG00000263831,ENSG00000253966,ENSG00000250274",ENSG00000204764,Liver eQTLs,train
20020477800092196-92196000007447,chr9,9-70200112-A-C,"ENSG00000235310,ENSG00000181997,ENSG00000181778,ENSG00000204778,ENSG00000107242,ENSG00000234506,ENSG00000154330,ENSG00000235832,ENSG00000187866,ENSG00000274026","ENSG00000225626,ENSG00000278910,ENSG00000181778,ENSG00000232086,ENSG00000274026,ENSG00000187866,ENSG00000234506,ENSG00000204711,ENSG00000223966,ENSG00000235310,ENSG00000154330,ENSG00000272232,ENSG00000204778,ENSG00000241174,ENSG00000224437,ENSG00000207935,ENSG00000107242,ENSG00000181997,ENSG00000222465,ENSG00000235832",ENSG00000204778,Liver eQTLs,train
20020479200092196-92196000004361,chr2,2-75185856-G-T,"ENSG00000115317,ENSG00000163170,ENSG00000115289,ENSG00000237883,ENSG00000270462,ENSG00000217702,ENSG00000115325,ENSG00000114993,ENSG00000115274,ENSG00000115307,ENSG00000114978,ENSG00000284308,ENSG00000272183,ENSG00000159399,ENSG00000115363,ENSG00000225439,ENSG00000239779,ENSG00000115282,ENSG00000187605,ENSG00000115318,ENSG00000135637,ENSG00000204843,ENSG00000270996,ENSG00000271452,ENSG00000005436,ENSG00000204792,ENSG00000159374,ENSG00000272711,ENSG00000144045,ENSG00000257800,ENSG00000005448,ENSG00000115364,ENSG00000188687,ENSG00000286883,ENSG00000135622,ENSG00000179528,ENSG00000270571,ENSG00000115275,ENSG00000065911,ENSG00000257702","ENSG00000135637,ENSG00000272183,ENSG00000005436,ENSG00000252214,ENSG00000236167,ENSG00000204792,ENSG00000217702,ENSG00000271452,ENSG00000233107,ENSG00000279070,ENSG00000159399,ENSG00000286623,ENSG00000272711,ENSG00000263909,ENSG00000233872,ENSG00000005448,ENSG00000115307,ENSG00000279201,ENSG00000163170,ENSG00000115289,ENSG00000229798,ENSG00000236209,ENSG00000135622,ENSG00000204822,ENSG00000270462,ENSG00000115282,ENSG00000239779,ENSG00000287474,ENSG00000270996,ENSG00000270696,ENSG00000284308,ENSG00000270571,ENSG00000065911,ENSG00000237293,ENSG00000108442,ENSG00000187605,ENSG00000234632,ENSG00000257702,ENSG00000230836,ENSG00000204843,ENSG00000231172,ENSG00000144045,ENSG00000115325,ENSG00000179528,ENSG00000115363,ENSG00000287687,ENSG00000234521,ENSG00000238410,ENSG00000114978,ENSG00000286739,ENSG00000225439,ENSG00000115275,ENSG00000225658,ENSG00000188687,ENSG00000237883,ENSG00000115318,ENSG00000287172,ENSG00000230477,ENSG00000115274,ENSG00000257800,ENSG00000115317,ENSG00000114993,ENSG00000233155,ENSG00000221638,ENSG00000115364,ENSG00000159374,ENSG00000286883",ENSG00000204792,Liver eQTLs,train
20020492000092196-92196000003675,chr19,19-44488352-G-A,"ENSG00000186026,ENSG00000186019,ENSG00000062370,ENSG00000230666,ENSG00000214855,ENSG00000178386,ENSG00000226763,ENSG00000130204,ENSG00000131115,ENSG00000105755,ENSG00000234906,ENSG00000069399,ENSG00000234465,ENSG00000159917,ENSG00000204936,ENSG00000142273,ENSG00000124466,ENSG00000267058,ENSG00000278917,ENSG00000167637,ENSG00000256294,ENSG00000159905,ENSG00000288773,ENSG00000216588,ENSG00000213892,ENSG00000186567,ENSG00000167378,ENSG00000159915,ENSG00000278318,ENSG00000105771,ENSG00000105767,ENSG00000267680,ENSG00000270679,ENSG00000266903,ENSG00000285128,ENSG00000124459,ENSG00000176472,ENSG00000204920,ENSG00000176222,ENSG00000167380,ENSG00000231412,ENSG00000167384,ENSG00000159885,ENSG00000104853,ENSG00000187244,ENSG00000279103,ENSG00000266921,ENSG00000130203,ENSG00000130202,ENSG00000124444,ENSG00000267508,ENSG00000277806,ENSG00000273777,ENSG00000073008,ENSG00000267467,ENSG00000286613,ENSG00000130208,ENSG00000159882,ENSG00000267191,ENSG00000073050,ENSG00000104783,ENSG00000263002,ENSG00000176531,ENSG00000289428,ENSG00000131116,ENSG00000267282,ENSG00000011422","ENSG00000104853,ENSG00000159882,ENSG00000124444,ENSG00000186019,ENSG00000176531,ENSG00000216588,ENSG00000130204,ENSG00000267680,ENSG00000104783,ENSG00000270679,ENSG00000242675,ENSG00000278917,ENSG00000256294,ENSG00000130203,ENSG00000105771,ENSG00000267058,ENSG00000236807,ENSG00000269583,ENSG00000286613,ENSG00000062370,ENSG00000187244,ENSG00000269177,ENSG00000267467,ENSG00000069399,ENSG00000178386,ENSG00000267282,ENSG00000267346,ENSG00000214855,ENSG00000234906,ENSG00000283673,ENSG00000105767,ENSG00000231412,ENSG00000267614,ENSG00000159917,ENSG00000130202,ENSG00000288773,ENSG00000167384,ENSG00000267044,ENSG00000213892,ENSG00000131116,ENSG00000287035,ENSG00000204920,ENSG00000073050,ENSG00000105755,ENSG00000263002,ENSG00000167378,ENSG00000284258,ENSG00000186567,ENSG00000230666,ENSG00000073008,ENSG00000167637,ENSG00000277806,ENSG00000275726,ENSG00000267590,ENSG00000266921,ENSG00000279103,ENSG00000253027,ENSG00000234465,ENSG00000130208,ENSG00000186026,ENSG00000176222,ENSG00000226763,ENSG00000278318,ENSG00000283525,ENSG00000266903,ENSG00000159885,ENSG00000011422,ENSG00000207003,ENSG00000224366,ENSG00000289428,ENSG00000267508,ENSG00000142273,ENSG00000124466,ENSG00000252200,ENSG00000159905,ENSG00000176472,ENSG00000204936,ENSG00000285128,ENSG00000159915,ENSG00000267144,ENSG00000167380,ENSG00000239948,ENSG00000124459,ENSG00000131115,ENSG00000273777,ENSG00000253021,ENSG00000267191,ENSG00000268601",ENSG00000204920,Liver eQTLs,train
20020495900092196-92196000006590,chr7,"7-144076550-A-G,7-144076764-A-G,7-144078823-A-G,7-144079085-A-T,7-144074629-A-G,7-144075749-A-G,7-144076915-C-G,7-144077616-T-C,7-144079906-C-T","ENSG00000244479,ENSG00000223459,ENSG00000159840,ENSG00000204959,ENSG00000228960,ENSG00000170356,ENSG00000146904,ENSG00000253882,ENSG00000050327,ENSG00000232533,ENSG00000196511,ENSG00000243896,ENSG00000198420,ENSG00000244198,ENSG00000289604,ENSG00000170379,ENSG00000213214","ENSG00000146904,ENSG00000223459,ENSG00000234066,ENSG00000232533,ENSG00000252523,ENSG00000236343,ENSG00000225918,ENSG00000221836,ENSG00000236853,ENSG00000283528,ENSG00000244198,ENSG00000221858,ENSG00000221910,ENSG00000236398,ENSG00000270729,ENSG00000229977,ENSG00000214035,ENSG00000170356,ENSG00000268170,ENSG00000159840,ENSG00000198420,ENSG00000244479,ENSG00000221507,ENSG00000200673,ENSG00000221989,ENSG00000239981,ENSG00000170379,ENSG00000183122,ENSG00000253882,ENSG00000221855,ENSG00000241136,ENSG00000278449,ENSG00000279223,ENSG00000230556,ENSG00000050327,ENSG00000231531,ENSG00000283537,ENSG00000232145,ENSG00000221933,ENSG00000243896,ENSG00000204959,ENSG00000228960,ENSG00000289604,ENSG00000106410,ENSG00000273377,ENSG00000229877,ENSG00000240621,ENSG00000221937,ENSG00000196511,ENSG00000272619,ENSG00000176510,ENSG00000213214,ENSG00000242978,ENSG00000221938,ENSG00000239967,ENSG00000185899,ENSG00000221813,ENSG00000242280,ENSG00000252037",ENSG00000204959,Liver eQTLs,train
20020507800092196-92196000002807,chr16,"16-77233338-C-T,16-77248147-G-T,16-77248555-C-T,16-77234210-G-A,16-77244179-T-G,16-77238044-G-A,16-77240217-G-C,16-77240970-G-A,16-77241407-A-T,16-77242558-T-C,16-77246795-C-G,16-77247306-T-C,16-77250545-T-G,16-77242513-C-T,16-77246953-G-C,16-77238941-C-T,16-77241610-A-G,16-77234121-A-ATG,16-77247503-C-T,16-77248345-A-G,16-77247077-C-T,16-77237363-CA-C,16-77233905-CTA-C,16-77244837-T-C,16-77246847-T-G,16-77234004-G-A","ENSG00000140876,ENSG00000171724,ENSG00000186153,ENSG00000261707,ENSG00000205078,ENSG00000276007,ENSG00000152910,ENSG00000103111","ENSG00000166509,ENSG00000279991,ENSG00000260983,ENSG00000252022,ENSG00000252814,ENSG00000152910,ENSG00000171724,ENSG00000278862,ENSG00000278926,ENSG00000260731,ENSG00000261776,ENSG00000260701,ENSG00000140876,ENSG00000186153,ENSG00000259995,ENSG00000250514,ENSG00000261154,ENSG00000266426,ENSG00000103111,ENSG00000279856,ENSG00000273659,ENSG00000260922,ENSG00000260797,ENSG00000261330,ENSG00000276007,ENSG00000226348,ENSG00000285538,ENSG00000261540,ENSG00000261063,ENSG00000140873,ENSG00000244485,ENSG00000261707,ENSG00000205078,ENSG00000286841",ENSG00000205078,Liver eQTLs,train
20020508500092196-92196000006546,chr7,7-128188195-C-T,"ENSG00000106328,ENSG00000230359,ENSG00000229413,ENSG00000244556,ENSG00000271344,ENSG00000128602,ENSG00000272601,ENSG00000128604,ENSG00000230626,ENSG00000106344,ENSG00000213280,ENSG00000158467,ENSG00000230715,ENSG00000281490,ENSG00000197157,ENSG00000205085,ENSG00000179562,ENSG00000128578,ENSG00000243230,ENSG00000243302,ENSG00000004059,ENSG00000158457,ENSG00000128591,ENSG00000240204,ENSG00000280828,ENSG00000273270,ENSG00000243679,ENSG00000135245,ENSG00000281896,ENSG00000238072,ENSG00000128596,ENSG00000165055,ENSG00000224940,ENSG00000288884,ENSG00000128595,ENSG00000128524,ENSG00000128594,ENSG00000106348,ENSG00000064419,ENSG00000272899","ENSG00000230359,ENSG00000106344,ENSG00000281896,ENSG00000128591,ENSG00000004059,ENSG00000230715,ENSG00000288884,ENSG00000135245,ENSG00000201041,ENSG00000273270,ENSG00000224940,ENSG00000242241,ENSG00000207705,ENSG00000240790,ENSG00000128602,ENSG00000106348,ENSG00000165055,ENSG00000128617,ENSG00000128578,ENSG00000236105,ENSG00000238072,ENSG00000272899,ENSG00000252866,ENSG00000179562,ENSG00000223189,ENSG00000205085,ENSG00000271344,ENSG00000272601,ENSG00000064419,ENSG00000238590,ENSG00000158457,ENSG00000128594,ENSG00000158467,ENSG00000289434,ENSG00000243302,ENSG00000272915,ENSG00000128524,ENSG00000128596,ENSG00000242902,ENSG00000242162,ENSG00000243679,ENSG00000128595,ENSG00000200629,ENSG00000207588,ENSG00000238750,ENSG00000240416,ENSG00000280828,ENSG00000106331,ENSG00000128604,ENSG00000243230,ENSG00000240204,ENSG00000197157,ENSG00000241102,ENSG00000236340,ENSG00000241493,ENSG00000226770,ENSG00000281490,ENSG00000244556,ENSG00000213280,ENSG00000240579,ENSG00000241573,ENSG00000224163,ENSG00000229413,ENSG00000106328,ENSG00000230626,ENSG00000239722",ENSG00000205085,Liver eQTLs,train
20020543600092196-92196000002011,chr14,"14-103576443-T-C,14-103576443-T-C,14-103576444-C-G,14-103576444-C-G","ENSG00000156381,ENSG00000288610,ENSG00000140153,ENSG00000100664,ENSG00000289207,ENSG00000269940,ENSG00000259515,ENSG00000269958,ENSG00000205436,ENSG00000089902,ENSG00000272533,ENSG00000166126,ENSG00000022976,ENSG00000278071,ENSG00000100865,ENSG00000080824,ENSG00000131323,ENSG00000166165,ENSG00000287346,ENSG00000256053,ENSG00000196663,ENSG00000100711,ENSG00000126214,ENSG00000270108,ENSG00000156411,ENSG00000126215,ENSG00000088808,ENSG00000260285,ENSG00000251533,ENSG00000166170,ENSG00000259775,ENSG00000270938,ENSG00000166183,ENSG00000080823,ENSG00000227729,ENSG00000185215,ENSG00000246451,ENSG00000198752,ENSG00000156414,ENSG00000075413,ENSG00000166166","ENSG00000100865,ENSG00000100711,ENSG00000288459,ENSG00000196663,ENSG00000131323,ENSG00000185215,ENSG00000278071,ENSG00000258534,ENSG00000100664,ENSG00000270938,ENSG00000230988,ENSG00000205436,ENSG00000244691,ENSG00000258748,ENSG00000206969,ENSG00000251533,ENSG00000201184,ENSG00000270108,ENSG00000126215,ENSG00000246451,ENSG00000202459,ENSG00000243904,ENSG00000253096,ENSG00000259428,ENSG00000080823,ENSG00000259535,ENSG00000258851,ENSG00000269958,ENSG00000207568,ENSG00000126214,ENSG00000022976,ENSG00000259515,ENSG00000080824,ENSG00000088808,ENSG00000166126,ENSG00000269910,ENSG00000288610,ENSG00000287346,ENSG00000166183,ENSG00000259508,ENSG00000259525,ENSG00000166170,ENSG00000140153,ENSG00000252469,ENSG00000272533,ENSG00000166165,ENSG00000283071,ENSG00000242894,ENSG00000269940,ENSG00000166166,ENSG00000260285,ENSG00000240624,ENSG00000156414,ENSG00000156411,ENSG00000213159,ENSG00000239224,ENSG00000270705,ENSG00000198752,ENSG00000089902,ENSG00000202275,ENSG00000259775,ENSG00000227729,ENSG00000289207,ENSG00000213176,ENSG00000156381,ENSG00000256053,ENSG00000075413,ENSG00000222761,ENSG00000258598",ENSG00000205436,Liver eQTLs,train
20020546400092196-92196000005939,chr5,"5-81568934-G-A,5-81594748-C-T,5-81569088-C-T,5-81569293-A-C,5-81569311-A-G,5-81571669-C-T,5-81574182-C-T,5-81574925-G-A,5-81575601-T-A,5-81579071-AAG-A,5-81585026-G-T,5-81586801-G-A,5-81586829-C-G,5-81587566-A-G,5-81588011-G-A,5-81574371-GT-G,5-81571266-GA-G,5-81572464-G-C,5-81576965-C-A,5-81585737-C-A,5-81570394-G-A,5-81590070-A-T,5-81603444-G-A","ENSG00000152422,ENSG00000247572,ENSG00000174695,ENSG00000131732,ENSG00000145687,ENSG00000205464,ENSG00000172497,ENSG00000286721,ENSG00000271862","ENSG00000251001,ENSG00000251374,ENSG00000174695,ENSG00000287938,ENSG00000236447,ENSG00000214857,ENSG00000248967,ENSG00000249772,ENSG00000172497,ENSG00000145687,ENSG00000286721,ENSG00000249483,ENSG00000205464,ENSG00000131732,ENSG00000247572,ENSG00000265684,ENSG00000271862,ENSG00000248192,ENSG00000244630,ENSG00000248393,ENSG00000271043,ENSG00000152422",ENSG00000205464,Liver eQTLs,train
20020548200092196-92196000006854,chr7,"7-76714147-C-T,7-76714188-T-C,7-76715152-G-A,7-76715438-C-T,7-76710832-T-C,7-76712497-T-C,7-76712244-CT-C,7-76712801-T-G,7-76701346-T-C,7-76701768-C-T,7-76701520-A-G,7-76709213-T-G,7-76710205-C-T,7-76710267-C-G,7-76711114-C-T,7-76711319-G-A,7-76711321-T-A,7-76711395-A-C,7-76711506-A-G,7-76711681-CTCA-C,7-76712247-C-A,7-76712271-T-C,7-76712297-G-A,7-76712554-A-G,7-76713577-G-T,7-76713600-G-A,7-76714202-G-A,7-76714356-G-T,7-76714480-C-A,7-76714655-T-G,7-76714998-A-T,7-76715064-C-A,7-76716039-C-G,7-76716222-G-A,7-76716533-C-A,7-76716538-T-G,7-76716741-T-C,7-76717823-A-T,7-76717958-G-A,7-76719180-G-A,7-76719956-G-A,7-76720100-A-C,7-76720376-T-C,7-76720640-A-G,7-76720741-G-T,7-76721798-T-C,7-76722431-G-GT,7-76694654-C-T,7-76715708-C-T,7-76715727-G-A,7-76632543-G-A,7-76622852-C-T,7-76623244-C-G,7-76631665-C-T,7-76632225-A-T,7-76634198-C-G,7-76639781-C-T,7-76694624-C-T,7-76695360-G-A,7-76696489-T-C,7-76698015-T-A,7-76699996-T-C,7-76690330-T-C,7-76690354-A-G,7-76714458-T-C,7-76685651-C-T,7-76735341-A-C,7-76607726-C-G,7-76596952-G-C,7-76584938-T-A,7-76591583-C-T,7-76591883-T-A,7-76592230-G-A,7-76597415-C-T,7-76577131-GCT-G,7-76577136-GCCTCCC-G,7-76596637-C-A,7-76617874-C-T,7-76600136-T-C","ENSG00000214243,ENSG00000135211,ENSG00000205485,ENSG00000233448,ENSG00000188372,ENSG00000006576,ENSG00000106211,ENSG00000127947,ENSG00000213549,ENSG00000135205,ENSG00000146707,ENSG00000224273,ENSG00000227038,ENSG00000213542,ENSG00000214293,ENSG00000243566,ENSG00000146700,ENSG00000205482,ENSG00000186704,ENSG00000186088,ENSG00000170027,ENSG00000177679,ENSG00000187257,ENSG00000127951,ENSG00000241350,ENSG00000091073,ENSG00000214439","ENSG00000243566,ENSG00000177679,ENSG00000186088,ENSG00000201643,ENSG00000127947,ENSG00000135211,ENSG00000250614,ENSG00000251798,ENSG00000146700,ENSG00000250778,ENSG00000219039,ENSG00000224273,ENSG00000225703,ENSG00000205485,ENSG00000231183,ENSG00000238560,ENSG00000233448,ENSG00000214243,ENSG00000213548,ENSG00000227038,ENSG00000170027,ENSG00000186704,ENSG00000201885,ENSG00000201959,ENSG00000135205,ENSG00000006576,ENSG00000187257,ENSG00000205482,ENSG00000127951,ENSG00000233980,ENSG00000106211,ENSG00000146707,ENSG00000241350,ENSG00000214439,ENSG00000287519,ENSG00000230305,ENSG00000285666,ENSG00000213542,ENSG00000188372,ENSG00000213549,ENSG00000228829,ENSG00000237620,ENSG00000091073,ENSG00000214293",ENSG00000205482,Liver eQTLs,train
20020556000092196-92196000004977,chr22,"22-51021599-C-T,22-51023424-T-C,22-51025595-C-G,22-51025599-C-A,22-51020668-C-A","ENSG00000205560,ENSG00000272666,ENSG00000100425,ENSG00000128159,ENSG00000273188,ENSG00000130487,ENSG00000184319,ENSG00000182858,ENSG00000177989,ENSG00000279345,ENSG00000273137,ENSG00000273192,ENSG00000196576,ENSG00000073169,ENSG00000184164,ENSG00000025708,ENSG00000073146,ENSG00000188130,ENSG00000100429,ENSG00000079974,ENSG00000225929,ENSG00000286393,ENSG00000100253,ENSG00000025770,ENSG00000008735,ENSG00000278869,ENSG00000185386,ENSG00000205593,ENSG00000289244,ENSG00000170638,ENSG00000100299,ENSG00000100241,ENSG00000100427,ENSG00000235111,ENSG00000100239,ENSG00000198355,ENSG00000188511,ENSG00000273253,ENSG00000100258,ENSG00000100426,ENSG00000073150,ENSG00000251322,ENSG00000279182,ENSG00000272836,ENSG00000100312,ENSG00000284194,ENSG00000273272,ENSG00000128165,ENSG00000217442","ENSG00000273188,ENSG00000008735,ENSG00000273272,ENSG00000280395,ENSG00000100253,ENSG00000100426,ENSG00000128165,ENSG00000100427,ENSG00000170638,ENSG00000188130,ENSG00000100239,ENSG00000273137,ENSG00000212569,ENSG00000185386,ENSG00000079974,ENSG00000196576,ENSG00000205593,ENSG00000251322,ENSG00000286508,ENSG00000279182,ENSG00000177989,ENSG00000188511,ENSG00000100258,ENSG00000182858,ENSG00000279345,ENSG00000198355,ENSG00000100312,ENSG00000184164,ENSG00000272666,ENSG00000100241,ENSG00000272836,ENSG00000289244,ENSG00000284194,ENSG00000100429,ENSG00000073150,ENSG00000073169,ENSG00000225929,ENSG00000205560,ENSG00000130487,ENSG00000100425,ENSG00000184319,ENSG00000128159,ENSG00000273192,ENSG00000025708,ENSG00000227484,ENSG00000254499,ENSG00000100299,ENSG00000138892,ENSG00000286393,ENSG00000288871,ENSG00000025770,ENSG00000273253,ENSG00000235111,ENSG00000278869,ENSG00000073146,ENSG00000217442",ENSG00000205560,Liver eQTLs,train
20020575400092196-92196000001640,chr12,"12-21069049-G-A,12-21235850-C-T,12-21182195-A-C","ENSG00000121351,ENSG00000084453,ENSG00000172572,ENSG00000134538,ENSG00000121361,ENSG00000121350,ENSG00000111716,ENSG00000111711,ENSG00000111713,ENSG00000205754,ENSG00000134548","ENSG00000134548,ENSG00000255627,ENSG00000111711,ENSG00000256615,ENSG00000121361,ENSG00000111716,ENSG00000256021,ENSG00000287075,ENSG00000256663,ENSG00000172572,ENSG00000205754,ENSG00000131982,ENSG00000111713,ENSG00000256157,ENSG00000256879,ENSG00000134538,ENSG00000121350,ENSG00000121351,ENSG00000084453",ENSG00000205754,Liver eQTLs,train
20020577100092196-92196000002356,chr15,15-44013999-G-A,"ENSG00000278769,ENSG00000140326,ENSG00000275601,ENSG00000205771,ENSG00000137770,ENSG00000092470,ENSG00000168806,ENSG00000128881,ENSG00000140259,ENSG00000259659,ENSG00000104131,ENSG00000067369,ENSG00000166734,ENSG00000137822,ENSG00000242866,ENSG00000140264,ENSG00000260799,ENSG00000166762,ENSG00000168803,ENSG00000166963,ENSG00000205871,ENSG00000128886,ENSG00000166947,ENSG00000140265,ENSG00000166763,ENSG00000159459,ENSG00000229474,ENSG00000274403,ENSG00000166710,ENSG00000168781,ENSG00000242028,ENSG00000289277,ENSG00000104133,ENSG00000179523,ENSG00000167004,ENSG00000137842,ENSG00000250130,ENSG00000166946","ENSG00000205771,ENSG00000168803,ENSG00000200391,ENSG00000140326,ENSG00000128881,ENSG00000166763,ENSG00000275601,ENSG00000289277,ENSG00000167004,ENSG00000166947,ENSG00000222398,ENSG00000238845,ENSG00000285080,ENSG00000229474,ENSG00000168781,ENSG00000259499,ENSG00000137770,ENSG00000179523,ENSG00000104133,ENSG00000259659,ENSG00000281269,ENSG00000168806,ENSG00000260928,ENSG00000137842,ENSG00000212424,ENSG00000159459,ENSG00000202211,ENSG00000166963,ENSG00000242866,ENSG00000206957,ENSG00000260799,ENSG00000252117,ENSG00000140265,ENSG00000166946,ENSG00000259742,ENSG00000104131,ENSG00000259595,ENSG00000261679,ENSG00000259304,ENSG00000166710,ENSG00000166762,ENSG00000252288,ENSG00000140264,ENSG00000205871,ENSG00000252475,ENSG00000250130,ENSG00000206991,ENSG00000243871,ENSG00000242028,ENSG00000201136,ENSG00000206589,ENSG00000159495,ENSG00000104055,ENSG00000067369,ENSG00000259335,ENSG00000212550,ENSG00000260406,ENSG00000224055,ENSG00000185607,ENSG00000140259,ENSG00000259231,ENSG00000092470,ENSG00000274403,ENSG00000278769,ENSG00000166734,ENSG00000137822,ENSG00000128886",ENSG00000205771,Liver eQTLs,train
20020580800092196-92196000007422,chr9,9-4662394-A-G,"ENSG00000120158,ENSG00000096968,ENSG00000286162,ENSG00000273061,ENSG00000106686,ENSG00000106688,ENSG00000107249,ENSG00000120210,ENSG00000205808,ENSG00000107036,ENSG00000225893,ENSG00000106993,ENSG00000107020,ENSG00000197646,ENSG00000254017,ENSG00000120217,ENSG00000147853","ENSG00000230225,ENSG00000182347,ENSG00000120158,ENSG00000220937,ENSG00000120210,ENSG00000231509,ENSG00000236724,ENSG00000273061,ENSG00000270639,ENSG00000272866,ENSG00000233186,ENSG00000235917,ENSG00000228166,ENSG00000286162,ENSG00000214190,ENSG00000237553,ENSG00000120211,ENSG00000205808,ENSG00000147853,ENSG00000107014,ENSG00000228322,ENSG00000096968,ENSG00000228097,ENSG00000107036,ENSG00000199065,ENSG00000107018,ENSG00000237711,ENSG00000197646,ENSG00000106993,ENSG00000120217,ENSG00000214195,ENSG00000254017,ENSG00000200941,ENSG00000231967,ENSG00000106688,ENSG00000236254,ENSG00000224083,ENSG00000220105,ENSG00000106686,ENSG00000107020,ENSG00000227730,ENSG00000234534,ENSG00000225893,ENSG00000107249",ENSG00000205808,Liver eQTLs,train
20020593000092196-92196000004635,chr21,"21-34144545-A-G,21-34147101-T-C,21-34147845-A-G,21-34152115-T-C,21-34150922-G-T,21-34151161-A-G,21-34154098-T-C,21-34146179-C-G,21-34155237-C-A","ENSG00000142207,ENSG00000256073,ENSG00000242220,ENSG00000184221,ENSG00000159131,ENSG00000159147,ENSG00000177692,ENSG00000289238,ENSG00000142188,ENSG00000159079,ENSG00000142149,ENSG00000159110,ENSG00000205930,ENSG00000243646,ENSG00000205758,ENSG00000159140,ENSG00000238197,ENSG00000166979,ENSG00000223799,ENSG00000231355,ENSG00000205929,ENSG00000159082,ENSG00000205726,ENSG00000227256,ENSG00000159128,ENSG00000159055,ENSG00000170262,ENSG00000142166","ENSG00000159128,ENSG00000142207,ENSG00000221398,ENSG00000159140,ENSG00000244294,ENSG00000256073,ENSG00000159055,ENSG00000205929,ENSG00000166979,ENSG00000142166,ENSG00000225555,ENSG00000159079,ENSG00000289238,ENSG00000242220,ENSG00000243627,ENSG00000159082,ENSG00000249624,ENSG00000223799,ENSG00000205758,ENSG00000273104,ENSG00000142149,ENSG00000170262,ENSG00000142188,ENSG00000205930,ENSG00000159197,ENSG00000273102,ENSG00000243646,ENSG00000227256,ENSG00000272958,ENSG00000222018,ENSG00000234703,ENSG00000159110,ENSG00000226433,ENSG00000205726,ENSG00000177692,ENSG00000230978,ENSG00000226501,ENSG00000159147,ENSG00000238197,ENSG00000215088,ENSG00000159131,ENSG00000231355,ENSG00000184221,ENSG00000229086",ENSG00000205930,Liver eQTLs,train
20020595900092196-92196000005632,chr4,"4-8504909-A-T,4-8508825-A-G","ENSG00000205959,ENSG00000288075,ENSG00000125089,ENSG00000163995,ENSG00000087008,ENSG00000251615,ENSG00000196526,ENSG00000170801","ENSG00000248933,ENSG00000228856,ENSG00000251694,ENSG00000249272,ENSG00000250915,ENSG00000251624,ENSG00000252307,ENSG00000235780,ENSG00000250884,ENSG00000249104,ENSG00000205946,ENSG00000288075,ENSG00000227551,ENSG00000163612,ENSG00000249145,ENSG00000232773,ENSG00000207807,ENSG00000250231,ENSG00000228919,ENSG00000227140,ENSG00000258507,ENSG00000196526,ENSG00000287972,ENSG00000250268,ENSG00000229924,ENSG00000251186,ENSG00000249811,ENSG00000223569,ENSG00000232399,ENSG00000202054,ENSG00000197468,ENSG00000188438,ENSG00000284689,ENSG00000155269,ENSG00000287164,ENSG00000273267,ENSG00000219492,ENSG00000251460,ENSG00000250745,ENSG00000125089,ENSG00000163995,ENSG00000250844,ENSG00000232264,ENSG00000231051,ENSG00000249482,ENSG00000186146,ENSG00000229579,ENSG00000215612,ENSG00000205959,ENSG00000231396,ENSG00000248364,ENSG00000250342,ENSG00000250804,ENSG00000284636,ENSG00000250913,ENSG00000251615,ENSG00000170801,ENSG00000087008,ENSG00000251313,ENSG00000231637,ENSG00000233136,ENSG00000271057,ENSG00000249347,ENSG00000248920,ENSG00000230430",ENSG00000205959,Liver eQTLs,train
20020597800092196-92196000002102,chr14,"14-24871926-C-T,14-24871530-C-T,14-24874193-G-T,14-24874026-T-C,14-24872209-T-C,14-24876237-C-T","ENSG00000092330,ENSG00000187630,ENSG00000196497,ENSG00000139899,ENSG00000092295,ENSG00000197616,ENSG00000100908,ENSG00000215256,ENSG00000100867,ENSG00000100918,ENSG00000225766,ENSG00000129467,ENSG00000092051,ENSG00000205978,ENSG00000168952,ENSG00000288100,ENSG00000213920,ENSG00000276698,ENSG00000100889,ENSG00000278784,ENSG00000100445,ENSG00000157379,ENSG00000157326,ENSG00000213906,ENSG00000092054,ENSG00000129535,ENSG00000092098,ENSG00000186648,ENSG00000100884,ENSG00000213903,ENSG00000287481,ENSG00000139914,ENSG00000100911,ENSG00000092010,ENSG00000100926,ENSG00000100938,ENSG00000092009,ENSG00000274002,ENSG00000254505,ENSG00000258727,ENSG00000258744,ENSG00000139908,ENSG00000100448,ENSG00000213983,ENSG00000213928,ENSG00000100897,ENSG00000100968,ENSG00000259321,ENSG00000199804,ENSG00000288820,ENSG00000100949,ENSG00000157306,ENSG00000129465,ENSG00000100450,ENSG00000100453,ENSG00000129559,ENSG00000288044,ENSG00000259431,ENSG00000100441,ENSG00000196943,ENSG00000136367,ENSG00000129460","ENSG00000100908,ENSG00000100448,ENSG00000129465,ENSG00000186648,ENSG00000274002,ENSG00000283856,ENSG00000288100,ENSG00000259321,ENSG00000129467,ENSG00000100884,ENSG00000100918,ENSG00000279521,ENSG00000092330,ENSG00000139899,ENSG00000205978,ENSG00000225766,ENSG00000287481,ENSG00000258275,ENSG00000092009,ENSG00000213920,ENSG00000283290,ENSG00000092051,ENSG00000157326,ENSG00000215256,ENSG00000100441,ENSG00000168952,ENSG00000157379,ENSG00000100889,ENSG00000285727,ENSG00000259431,ENSG00000259334,ENSG00000199804,ENSG00000258098,ENSG00000276698,ENSG00000213906,ENSG00000288820,ENSG00000100911,ENSG00000254505,ENSG00000092295,ENSG00000258744,ENSG00000129460,ENSG00000136367,ENSG00000092098,ENSG00000100938,ENSG00000258657,ENSG00000100949,ENSG00000288044,ENSG00000100968,ENSG00000258727,ENSG00000100450,ENSG00000092010,ENSG00000187630,ENSG00000157306,ENSG00000139908,ENSG00000197616,ENSG00000129535,ENSG00000100445,ENSG00000100453,ENSG00000092054,ENSG00000100926,ENSG00000213903,ENSG00000278784,ENSG00000213928,ENSG00000139914,ENSG00000100897,ENSG00000196943,ENSG00000257179,ENSG00000212270,ENSG00000213983,ENSG00000100867,ENSG00000129559,ENSG00000196497,ENSG00000257976",ENSG00000205978,Liver eQTLs,train
20020634100092196-92196000006172,chr6,"6-29091851-A-T,6-28988861-T-G,6-29032262-G-A","ENSG00000230795,ENSG00000206341,ENSG00000204644,ENSG00000239257,ENSG00000204642,ENSG00000204713,ENSG00000158691,ENSG00000273340,ENSG00000227262,ENSG00000189298,ENSG00000137338,ENSG00000285761,ENSG00000285799,ENSG00000204618,ENSG00000176933,ENSG00000235821,ENSG00000206503,ENSG00000197935,ENSG00000227214,ENSG00000204681,ENSG00000230521,ENSG00000187626,ENSG00000176998,ENSG00000066379,ENSG00000204623,ENSG00000189134,ENSG00000269293,ENSG00000214922,ENSG00000204622,ENSG00000228078,ENSG00000137185,ENSG00000235109,ENSG00000204619,ENSG00000235290,ENSG00000280107,ENSG00000237988,ENSG00000204616,ENSG00000197062,ENSG00000232040,ENSG00000226314,ENSG00000198315,ENSG00000237669,ENSG00000181126","ENSG00000219262,ENSG00000235290,ENSG00000206503,ENSG00000228078,ENSG00000206341,ENSG00000181126,ENSG00000270896,ENSG00000224582,ENSG00000235963,ENSG00000238024,ENSG00000277661,ENSG00000229142,ENSG00000204623,ENSG00000187626,ENSG00000204702,ENSG00000198315,ENSG00000230795,ENSG00000271440,ENSG00000242524,ENSG00000227609,ENSG00000230056,ENSG00000066379,ENSG00000213900,ENSG00000237042,ENSG00000261548,ENSG00000225797,ENSG00000189298,ENSG00000231162,ENSG00000243729,ENSG00000204700,ENSG00000224312,ENSG00000137338,ENSG00000197062,ENSG00000199290,ENSG00000229281,ENSG00000225595,ENSG00000204618,ENSG00000237425,ENSG00000204713,ENSG00000198704,ENSG00000225173,ENSG00000204687,ENSG00000237988,ENSG00000204688,ENSG00000176933,ENSG00000137185,ENSG00000224233,ENSG00000251608,ENSG00000233677,ENSG00000214922,ENSG00000263426,ENSG00000197171,ENSG00000227214,ENSG00000204695,ENSG00000228364,ENSG00000280107,ENSG00000237669,ENSG00000158691,ENSG00000289467,ENSG00000218016,ENSG00000212240,ENSG00000213880,ENSG00000204709,ENSG00000204701,ENSG00000239257,ENSG00000189134,ENSG00000233366,ENSG00000246350,ENSG00000231301,ENSG00000227262,ENSG00000213916,ENSG00000277881,ENSG00000204704,ENSG00000284656,ENSG00000223677,ENSG00000225864,ENSG00000204616,ENSG00000273712,ENSG00000269293,ENSG00000204642,ENSG00000285799,ENSG00000287804,ENSG00000176998,ENSG00000251877,ENSG00000232173,ENSG00000236909,ENSG00000204644,ENSG00000286819,ENSG00000280236,ENSG00000204622,ENSG00000230598,ENSG00000232040,ENSG00000227206,ENSG00000226314,ENSG00000270326,ENSG00000203492,ENSG00000235109,ENSG00000273340,ENSG00000235821,ENSG00000204694,ENSG00000287279,ENSG00000204681,ENSG00000224586,ENSG00000289203,ENSG00000230164,ENSG00000201330,ENSG00000204703,ENSG00000229274,ENSG00000206474,ENSG00000213886,ENSG00000213911,ENSG00000230521,ENSG00000197935,ENSG00000204697,ENSG00000112462,ENSG00000285761,ENSG00000204619,ENSG00000227758",ENSG00000206341,Liver eQTLs,train
20020634100092196-92196000006177,chr6,"6-29510630-G-C,6-29634012-A-G","ENSG00000280128,ENSG00000233892,ENSG00000204610,ENSG00000234127,ENSG00000227214,ENSG00000214922,ENSG00000243753,ENSG00000231074,ENSG00000237669,ENSG00000204619,ENSG00000204623,ENSG00000204622,ENSG00000228078,ENSG00000204616,ENSG00000227262,ENSG00000204644,ENSG00000237988,ENSG00000270604,ENSG00000230521,ENSG00000285761,ENSG00000239257,ENSG00000204642,ENSG00000204681,ENSG00000181126,ENSG00000204613,ENSG00000204614,ENSG00000235781,ENSG00000235290,ENSG00000285799,ENSG00000204713,ENSG00000204618,ENSG00000236603,ENSG00000206341,ENSG00000232040,ENSG00000176998,ENSG00000206503,ENSG00000235821,ENSG00000204592,ENSG00000230795,ENSG00000197935,ENSG00000273340,ENSG00000066379,ENSG00000241370","ENSG00000224936,ENSG00000271440,ENSG00000246350,ENSG00000237669,ENSG00000204616,ENSG00000204610,ENSG00000204619,ENSG00000204713,ENSG00000213886,ENSG00000227609,ENSG00000199290,ENSG00000066379,ENSG00000204614,ENSG00000229281,ENSG00000206341,ENSG00000204703,ENSG00000206474,ENSG00000204623,ENSG00000285799,ENSG00000236405,ENSG00000204694,ENSG00000236909,ENSG00000241370,ENSG00000204700,ENSG00000273340,ENSG00000236475,ENSG00000204681,ENSG00000230056,ENSG00000204622,ENSG00000224233,ENSG00000234127,ENSG00000204688,ENSG00000243753,ENSG00000203492,ENSG00000225173,ENSG00000204709,ENSG00000230521,ENSG00000232040,ENSG00000231074,ENSG00000228364,ENSG00000229274,ENSG00000227758,ENSG00000204613,ENSG00000224372,ENSG00000229068,ENSG00000230164,ENSG00000286301,ENSG00000204644,ENSG00000112462,ENSG00000225864,ENSG00000277661,ENSG00000227214,ENSG00000270896,ENSG00000224586,ENSG00000197171,ENSG00000270604,ENSG00000228078,ENSG00000204618,ENSG00000284656,ENSG00000224486,ENSG00000235290,ENSG00000197935,ENSG00000227206,ENSG00000204642,ENSG00000289203,ENSG00000263426,ENSG00000242524,ENSG00000204701,ENSG00000213880,ENSG00000225797,ENSG00000235821,ENSG00000277881,ENSG00000251608,ENSG00000201330,ENSG00000232173,ENSG00000204704,ENSG00000287279,ENSG00000204697,ENSG00000237425,ENSG00000231226,ENSG00000213911,ENSG00000227262,ENSG00000288805,ENSG00000233892,ENSG00000252228,ENSG00000236603,ENSG00000176998,ENSG00000226577,ENSG00000198704,ENSG00000280236,ENSG00000238024,ENSG00000181126,ENSG00000213900,ENSG00000285761,ENSG00000225595,ENSG00000224312,ENSG00000224582,ENSG00000235781,ENSG00000206503,ENSG00000231301,ENSG00000237042,ENSG00000233366,ENSG00000239257,ENSG00000243729,ENSG00000230598,ENSG00000214922,ENSG00000230795,ENSG00000213916,ENSG00000204695,ENSG00000237988,ENSG00000204592,ENSG00000229142,ENSG00000235963,ENSG00000223677,ENSG00000204687,ENSG00000204702,ENSG00000261548,ENSG00000280128,ENSG00000233677,ENSG00000212240",ENSG00000206341,Liver eQTLs,train
20020634100092196-92196000006193,chr6,"6-29822061-C-T,6-29822061-C-T,6-29822650-A-G,6-29822650-A-G,6-29829986-T-C,6-29829986-T-C,6-29828310-C-G,6-29828310-C-G,6-29828790-C-G,6-29828790-C-G,6-29829596-A-G,6-29829596-A-G,6-29890448-T-C,6-29890448-T-C,6-29890557-T-TCTAA,6-29890557-T-TCTAA,6-29890620-A-G,6-29890620-A-G,6-29890701-C-G,6-29890701-C-G,6-29890918-C-T,6-29890918-C-T,6-29894580-T-G,6-29894580-T-G,6-29891221-G-A,6-29891221-G-A,6-29891826-A-G,6-29891826-A-G,6-29891907-G-C,6-29891907-G-C,6-29891721-T-C,6-29891721-T-C,6-29890739-C-T,6-29890739-C-T,6-29891264-C-A,6-29891264-C-A,6-29891220-T-C,6-29891220-T-C","ENSG00000234127,ENSG00000137404,ENSG00000214922,ENSG00000241370,ENSG00000204618,ENSG00000237669,ENSG00000204574,ENSG00000137343,ENSG00000137331,ENSG00000181126,ENSG00000228022,ENSG00000285799,ENSG00000204576,ENSG00000204599,ENSG00000228078,ENSG00000204614,ENSG00000204616,ENSG00000137312,ENSG00000204613,ENSG00000204619,ENSG00000204622,ENSG00000204592,ENSG00000206341,ENSG00000272540,ENSG00000204713,ENSG00000270604,ENSG00000280128,ENSG00000146112,ENSG00000231074,ENSG00000066379,ENSG00000239257,ENSG00000214894,ENSG00000235290,ENSG00000204569,ENSG00000237988,ENSG00000137337,ENSG00000204590,ENSG00000197935,ENSG00000236603,ENSG00000235821,ENSG00000243753,ENSG00000196230,ENSG00000204568,ENSG00000227214,ENSG00000176998,ENSG00000204610,ENSG00000230521,ENSG00000204564,ENSG00000204623,ENSG00000235781,ENSG00000233892,ENSG00000273340,ENSG00000204681,ENSG00000204642,ENSG00000204632,ENSG00000204560","ENSG00000137343,ENSG00000203492,ENSG00000237669,ENSG00000213916,ENSG00000234127,ENSG00000223677,ENSG00000252228,ENSG00000204632,ENSG00000137404,ENSG00000230164,ENSG00000228078,ENSG00000213911,ENSG00000204568,ENSG00000204599,ENSG00000199290,ENSG00000224328,ENSG00000231301,ENSG00000176998,ENSG00000204616,ENSG00000230521,ENSG00000204681,ENSG00000235963,ENSG00000230056,ENSG00000284656,ENSG00000204576,ENSG00000272540,ENSG00000251608,ENSG00000224582,ENSG00000243753,ENSG00000212240,ENSG00000204569,ENSG00000239257,ENSG00000286301,ENSG00000204695,ENSG00000137331,ENSG00000204622,ENSG00000066379,ENSG00000229142,ENSG00000227206,ENSG00000224936,ENSG00000227758,ENSG00000204610,ENSG00000270604,ENSG00000204687,ENSG00000242524,ENSG00000213880,ENSG00000204592,ENSG00000206341,ENSG00000236405,ENSG00000204618,ENSG00000225595,ENSG00000213886,ENSG00000237042,ENSG00000241370,ENSG00000204619,ENSG00000235781,ENSG00000228364,ENSG00000204564,ENSG00000224486,ENSG00000224312,ENSG00000204703,ENSG00000197171,ENSG00000204704,ENSG00000201330,ENSG00000227214,ENSG00000225797,ENSG00000280128,ENSG00000204688,ENSG00000204560,ENSG00000230598,ENSG00000229068,ENSG00000238024,ENSG00000204613,ENSG00000216101,ENSG00000225864,ENSG00000243729,ENSG00000288805,ENSG00000285799,ENSG00000204642,ENSG00000204614,ENSG00000277661,ENSG00000235821,ENSG00000204590,ENSG00000226577,ENSG00000261548,ENSG00000214894,ENSG00000112462,ENSG00000273340,ENSG00000230449,ENSG00000236475,ENSG00000263608,ENSG00000289203,ENSG00000224233,ENSG00000231074,ENSG00000204700,ENSG00000181126,ENSG00000204623,ENSG00000277881,ENSG00000229281,ENSG00000204713,ENSG00000196230,ENSG00000235290,ENSG00000204702,ENSG00000237988,ENSG00000137312,ENSG00000270896,ENSG00000206474,ENSG00000137337,ENSG00000225173,ENSG00000204694,ENSG00000224372,ENSG00000197935,ENSG00000213900,ENSG00000233677,ENSG00000236909,ENSG00000214922,ENSG00000146112,ENSG00000232173,ENSG00000227609,ENSG00000204709,ENSG00000263426,ENSG00000236603,ENSG00000231226,ENSG00000201988,ENSG00000204697,ENSG00000228022,ENSG00000233892,ENSG00000204574,ENSG00000233366,ENSG00000229274,ENSG00000280236,ENSG00000204701",ENSG00000206341,Liver eQTLs,train
20020634400092196-92196000006249,chr6,"6-31226769-T-C,6-31235502-T-A,6-31235502-T-A,6-31230136-T-C","ENSG00000213780,ENSG00000213722,ENSG00000204348,ENSG00000204580,ENSG00000204482,ENSG00000204536,ENSG00000231074,ENSG00000204520,ENSG00000224389,ENSG00000284446,ENSG00000204576,ENSG00000204427,ENSG00000137331,ENSG00000196230,ENSG00000228727,ENSG00000204371,ENSG00000241404,ENSG00000204590,ENSG00000137343,ENSG00000213676,ENSG00000227507,ENSG00000236603,ENSG00000284954,ENSG00000204475,ENSG00000204344,ENSG00000226979,ENSG00000234745,ENSG00000204569,ENSG00000280128,ENSG00000204463,ENSG00000204308,ENSG00000221988,ENSG00000204439,ENSG00000204301,ENSG00000204386,ENSG00000231852,ENSG00000204394,ENSG00000204438,ENSG00000204516,ENSG00000196260,ENSG00000204314,ENSG00000232810,ENSG00000204366,ENSG00000237080,ENSG00000204305,ENSG00000213760,ENSG00000244731,ENSG00000204388,ENSG00000240053,ENSG00000288813,ENSG00000204351,ENSG00000204310,ENSG00000204574,ENSG00000204396,ENSG00000214894,ENSG00000204428,ENSG00000204540,ENSG00000248290,ENSG00000272501,ENSG00000204472,ENSG00000227939,ENSG00000204544,ENSG00000137404,ENSG00000250535,ENSG00000204315,ENSG00000204410,ENSG00000204592,ENSG00000137411,ENSG00000166278,ENSG00000204435,ENSG00000204444,ENSG00000198563,ENSG00000204568,ENSG00000204338,ENSG00000281756,ENSG00000204564,ENSG00000204356,ENSG00000137312,ENSG00000272221,ENSG00000206337,ENSG00000229776,ENSG00000146112,ENSG00000204385,ENSG00000286940,ENSG00000168477,ENSG00000204392,ENSG00000204560,ENSG00000289375,ENSG00000204421,ENSG00000204599,ENSG00000204469,ENSG00000233627,ENSG00000204389,ENSG00000241370,ENSG00000204387,ENSG00000137337,ENSG00000206344,ENSG00000213654,ENSG00000235781,ENSG00000243649,ENSG00000213719,ENSG00000204420,ENSG00000228022,ENSG00000204304,ENSG00000137310,ENSG00000286974,ENSG00000204390,ENSG00000204498,ENSG00000272540","ENSG00000231852,ENSG00000277264,ENSG00000222895,ENSG00000223702,ENSG00000224372,ENSG00000204498,ENSG00000231402,ENSG00000252761,ENSG00000204520,ENSG00000204386,ENSG00000271821,ENSG00000204592,ENSG00000228727,ENSG00000204390,ENSG00000284446,ENSG00000286974,ENSG00000204392,ENSG00000263608,ENSG00000204472,ENSG00000204348,ENSG00000204308,ENSG00000204539,ENSG00000255899,ENSG00000196230,ENSG00000284954,ENSG00000204388,ENSG00000204421,ENSG00000229776,ENSG00000231074,ENSG00000236405,ENSG00000228022,ENSG00000275906,ENSG00000201658,ENSG00000243649,ENSG00000288813,ENSG00000235781,ENSG00000137312,ENSG00000237080,ENSG00000137337,ENSG00000204344,ENSG00000213760,ENSG00000252512,ENSG00000204536,ENSG00000229068,ENSG00000204356,ENSG00000232810,ENSG00000204428,ENSG00000204351,ENSG00000204310,ENSG00000272540,ENSG00000204439,ENSG00000237923,ENSG00000200816,ENSG00000204394,ENSG00000289375,ENSG00000202241,ENSG00000236603,ENSG00000199332,ENSG00000204371,ENSG00000230174,ENSG00000204315,ENSG00000230622,ENSG00000284469,ENSG00000230994,ENSG00000233902,ENSG00000256851,ENSG00000272221,ENSG00000256166,ENSG00000213676,ENSG00000281756,ENSG00000204435,ENSG00000204304,ENSG00000204338,ENSG00000204516,ENSG00000272501,ENSG00000137331,ENSG00000213719,ENSG00000137310,ENSG00000216101,ENSG00000285647,ENSG00000201785,ENSG00000146112,ENSG00000280128,ENSG00000224936,ENSG00000284370,ENSG00000230449,ENSG00000201823,ENSG00000166278,ENSG00000204366,ENSG00000234745,ENSG00000204301,ENSG00000204560,ENSG00000196260,ENSG00000137411,ENSG00000201988,ENSG00000274494,ENSG00000227507,ENSG00000204568,ENSG00000225499,ENSG00000204542,ENSG00000241404,ENSG00000228432,ENSG00000226979,ENSG00000204410,ENSG00000204389,ENSG00000204590,ENSG00000265236,ENSG00000248290,ENSG00000224389,ENSG00000221988,ENSG00000204576,ENSG00000204444,ENSG00000288805,ENSG00000238211,ENSG00000204544,ENSG00000213654,ENSG00000204580,ENSG00000233627,ENSG00000204385,ENSG00000226577,ENSG00000204396,ENSG00000137343,ENSG00000168477,ENSG00000224486,ENSG00000286301,ENSG00000214894,ENSG00000204574,ENSG00000286940,ENSG00000204511,ENSG00000250535,ENSG00000233529,ENSG00000204599,ENSG00000204540,ENSG00000204305,ENSG00000241370,ENSG00000201680,ENSG00000244355,ENSG00000137404,ENSG00000266776,ENSG00000204427,ENSG00000225851,ENSG00000204564,ENSG00000224328,ENSG00000229836,ENSG00000204569,ENSG00000236475,ENSG00000204438,ENSG00000255552,ENSG00000237775,ENSG00000213722,ENSG00000204469,ENSG00000204482,ENSG00000219797,ENSG00000204420,ENSG00000204314,ENSG00000204387,ENSG00000206337,ENSG00000244731,ENSG00000206344,ENSG00000227939,ENSG00000204475,ENSG00000255726,ENSG00000213780,ENSG00000198563,ENSG00000204463,ENSG00000240053",ENSG00000206344,Liver eQTLs,train
20020657300092196-92196000005364,chr3,"3-9425911-G-A,3-9422978-C-T,3-9416832-C-T,3-9418083-G-A,3-9429742-A-C,3-9436472-T-C,3-9406661-G-A,3-9406836-T-C,3-9407022-T-C,3-9408443-A-C,3-9422210-T-C,3-9424625-C-G,3-9412338-C-T,3-9404877-G-A,3-9429959-T-C","ENSG00000070950,ENSG00000168137,ENSG00000187288,ENSG00000180385,ENSG00000230082,ENSG00000134070,ENSG00000240288,ENSG00000157020,ENSG00000125046,ENSG00000157014,ENSG00000144554,ENSG00000071282,ENSG00000163701,ENSG00000134072,ENSG00000156990,ENSG00000254999,ENSG00000241553,ENSG00000157017,ENSG00000114026,ENSG00000269982,ENSG00000196220,ENSG00000254485,ENSG00000287878,ENSG00000214021,ENSG00000134086,ENSG00000186162,ENSG00000134077,ENSG00000171135,ENSG00000125037,ENSG00000163703,ENSG00000163702,ENSG00000163704,ENSG00000171148,ENSG00000163719,ENSG00000206567,ENSG00000156983,ENSG00000231177,ENSG00000206573,ENSG00000180914","ENSG00000206573,ENSG00000163719,ENSG00000114026,ENSG00000156983,ENSG00000254485,ENSG00000231177,ENSG00000287623,ENSG00000216135,ENSG00000163702,ENSG00000230082,ENSG00000206567,ENSG00000235830,ENSG00000157014,ENSG00000157020,ENSG00000182533,ENSG00000168137,ENSG00000214041,ENSG00000071282,ENSG00000228723,ENSG00000214021,ENSG00000180914,ENSG00000224884,ENSG00000163704,ENSG00000287878,ENSG00000163701,ENSG00000134070,ENSG00000201182,ENSG00000224808,ENSG00000144554,ENSG00000171135,ENSG00000163703,ENSG00000264534,ENSG00000125046,ENSG00000215160,ENSG00000125037,ENSG00000180385,ENSG00000241553,ENSG00000240288,ENSG00000227929,ENSG00000070950,ENSG00000134077,ENSG00000281863,ENSG00000157017,ENSG00000163705,ENSG00000269982,ENSG00000186162,ENSG00000235338,ENSG00000187288,ENSG00000229217,ENSG00000134086,ENSG00000134072,ENSG00000156990,ENSG00000171148,ENSG00000196220,ENSG00000254999",ENSG00000206573,Liver eQTLs,train
20021164300092196-92196000004766,chr22,"22-22604904-A-G,22-22612642-T-C,22-22608739-A-G,22-22601267-A-G,22-22612065-C-T,22-22609828-G-A,22-22599808-C-T,22-22613265-G-A,22-22615088-A-T,22-22601293-C-T,22-22607227-A-G,22-22613286-C-T,22-22615606-A-AAAAG,22-22609710-G-GT","ENSG00000211638,ENSG00000211649,ENSG00000211644,ENSG00000211650,ENSG00000183506,ENSG00000161180,ENSG00000234630,ENSG00000169635,ENSG00000286941,ENSG00000211652,ENSG00000211685,ENSG00000185651,ENSG00000161179,ENSG00000211643,ENSG00000279278,ENSG00000100023,ENSG00000211659,ENSG00000128228,ENSG00000100027,ENSG00000272954,ENSG00000211654,ENSG00000211653,ENSG00000211673,ENSG00000211679,ENSG00000211674,ENSG00000278196,ENSG00000186716,ENSG00000284630,ENSG00000211640,ENSG00000223999,ENSG00000211660,ENSG00000211664,ENSG00000100034,ENSG00000211651,ENSG00000211678,ENSG00000211668,ENSG00000100030,ENSG00000228050,ENSG00000211669,ENSG00000100218,ENSG00000211675,ENSG00000206140,ENSG00000224086,ENSG00000211648,ENSG00000100038,ENSG00000211666,ENSG00000211658,ENSG00000211676,ENSG00000128266,ENSG00000211639,ENSG00000211637,ENSG00000274422,ENSG00000100228,ENSG00000211663,ENSG00000211670,ENSG00000223350,ENSG00000211642,ENSG00000211655,ENSG00000211677,ENSG00000197549,ENSG00000211662","ENSG00000254029,ENSG00000284651,ENSG00000274381,ENSG00000211659,ENSG00000253152,ENSG00000100038,ENSG00000253120,ENSG00000232350,ENSG00000211653,ENSG00000211641,ENSG00000254308,ENSG00000178248,ENSG00000253779,ENSG00000253242,ENSG00000275361,ENSG00000211647,ENSG00000224465,ENSG00000253329,ENSG00000186716,ENSG00000274422,ENSG00000289120,ENSG00000236118,ENSG00000211666,ENSG00000288861,ENSG00000211662,ENSG00000211668,ENSG00000254240,ENSG00000211676,ENSG00000227710,ENSG00000253920,ENSG00000253889,ENSG00000169635,ENSG00000211674,ENSG00000226477,ENSG00000100027,ENSG00000278657,ENSG00000253239,ENSG00000211672,ENSG00000286941,ENSG00000212102,ENSG00000278667,ENSG00000211654,ENSG00000226420,ENSG00000226595,ENSG00000211679,ENSG00000211663,ENSG00000220891,ENSG00000211656,ENSG00000211644,ENSG00000225544,ENSG00000197549,ENSG00000237472,ENSG00000236611,ENSG00000254077,ENSG00000253546,ENSG00000231392,ENSG00000253823,ENSG00000253637,ENSG00000183506,ENSG00000128228,ENSG00000211682,ENSG00000264824,ENSG00000211640,ENSG00000284049,ENSG00000283438,ENSG00000211673,ENSG00000100030,ENSG00000253126,ENSG00000215456,ENSG00000283871,ENSG00000223350,ENSG00000232603,ENSG00000224277,ENSG00000211652,ENSG00000225413,ENSG00000211664,ENSG00000211650,ENSG00000211642,ENSG00000253451,ENSG00000230821,ENSG00000275635,ENSG00000248409,ENSG00000254355,ENSG00000211657,ENSG00000211658,ENSG00000254073,ENSG00000224086,ENSG00000185651,ENSG00000284630,ENSG00000253631,ENSG00000211643,ENSG00000279278,ENSG00000234726,ENSG00000169575,ENSG00000253935,ENSG00000100034,ENSG00000228050,ENSG00000211651,ENSG00000254030,ENSG00000183169,ENSG00000100218,ENSG00000211648,ENSG00000211660,ENSG00000211637,ENSG00000200985,ENSG00000211649,ENSG00000211677,ENSG00000100228,ENSG00000278196,ENSG00000232515,ENSG00000161179,ENSG00000211655,ENSG00000253874,ENSG00000211684,ENSG00000249333,ENSG00000211639,ENSG00000236323,ENSG00000253963,ENSG00000223999,ENSG00000211661,ENSG00000223679,ENSG00000211681,ENSG00000253794,ENSG00000253786,ENSG00000224144,ENSG00000228161,ENSG00000233720,ENSG00000225724,ENSG00000211675,ENSG00000206140,ENSG00000227755,ENSG00000286127,ENSG00000253752,ENSG00000100023,ENSG00000244671,ENSG00000275772,ENSG00000284621,ENSG00000254075,ENSG00000253448,ENSG00000128266,ENSG00000254161,ENSG00000225741,ENSG00000211670,ENSG00000253913,ENSG00000234928,ENSG00000211638,ENSG00000234630,ENSG00000287864,ENSG00000237428,ENSG00000211685,ENSG00000253590,ENSG00000161180,ENSG00000215478,ENSG00000289564,ENSG00000237127,ENSG00000211669,ENSG00000214526,ENSG00000253822,ENSG00000169548,ENSG00000211678,ENSG00000253338,ENSG00000254175,ENSG00000211680,ENSG00000236794,ENSG00000272954",ENSG00000211643,Liver eQTLs,train
20021167900092196-92196000004782,chr22,"22-23249040-T-C,22-23248839-A-T","ENSG00000211654,ENSG00000133460,ENSG00000211662,ENSG00000234630,ENSG00000211659,ENSG00000169314,ENSG00000250479,ENSG00000244723,ENSG00000228050,ENSG00000211638,ENSG00000244425,ENSG00000189269,ENSG00000211637,ENSG00000272733,ENSG00000211668,ENSG00000230701,ENSG00000100034,ENSG00000099956,ENSG00000186716,ENSG00000286941,ENSG00000211651,ENSG00000272779,ENSG00000223999,ENSG00000211644,ENSG00000279278,ENSG00000211649,ENSG00000100218,ENSG00000099958,ENSG00000197549,ENSG00000278196,ENSG00000211652,ENSG00000211653,ENSG00000211660,ENSG00000211650,ENSG00000211658,ENSG00000128266,ENSG00000234353,ENSG00000211674,ENSG00000099953,ENSG00000211675,ENSG00000211669,ENSG00000218537,ENSG00000211639,ENSG00000211643,ENSG00000211679,ENSG00000159496,ENSG00000211685,ENSG00000274422,ENSG00000224086,ENSG00000100228,ENSG00000272578,ENSG00000211678,ENSG00000187792,ENSG00000223350,ENSG00000211673,ENSG00000133519,ENSG00000211664,ENSG00000211663,ENSG00000211670,ENSG00000211655,ENSG00000211666,ENSG00000100038,ENSG00000211642,ENSG00000211676,ENSG00000211677,ENSG00000128218,ENSG00000211640,ENSG00000211648","ENSG00000187792,ENSG00000128266,ENSG00000234353,ENSG00000223350,ENSG00000133460,ENSG00000230701,ENSG00000211655,ENSG00000211668,ENSG00000100218,ENSG00000211670,ENSG00000211642,ENSG00000226477,ENSG00000211681,ENSG00000211664,ENSG00000169548,ENSG00000226420,ENSG00000253590,ENSG00000211659,ENSG00000253889,ENSG00000254240,ENSG00000276950,ENSG00000211643,ENSG00000278655,ENSG00000289120,ENSG00000244723,ENSG00000253120,ENSG00000232350,ENSG00000287864,ENSG00000211648,ENSG00000211660,ENSG00000211662,ENSG00000211638,ENSG00000275609,ENSG00000253920,ENSG00000100034,ENSG00000211650,ENSG00000215456,ENSG00000220891,ENSG00000272779,ENSG00000211644,ENSG00000100228,ENSG00000272733,ENSG00000211682,ENSG00000226595,ENSG00000211651,ENSG00000215478,ENSG00000224144,ENSG00000286941,ENSG00000254030,ENSG00000211678,ENSG00000099953,ENSG00000253779,ENSG00000250479,ENSG00000254029,ENSG00000211677,ENSG00000236611,ENSG00000197549,ENSG00000254077,ENSG00000178248,ENSG00000211658,ENSG00000253963,ENSG00000211684,ENSG00000228050,ENSG00000169314,ENSG00000211663,ENSG00000211637,ENSG00000099956,ENSG00000253152,ENSG00000264824,ENSG00000100038,ENSG00000253546,ENSG00000284049,ENSG00000248409,ENSG00000133519,ENSG00000224086,ENSG00000211654,ENSG00000230821,ENSG00000253329,ENSG00000211653,ENSG00000211652,ENSG00000288861,ENSG00000211675,ENSG00000274381,ENSG00000253786,ENSG00000272578,ENSG00000211639,ENSG00000275635,ENSG00000253448,ENSG00000211680,ENSG00000232603,ENSG00000225724,ENSG00000211647,ENSG00000186716,ENSG00000236794,ENSG00000253822,ENSG00000253451,ENSG00000244425,ENSG00000250470,ENSG00000253631,ENSG00000211640,ENSG00000211679,ENSG00000237127,ENSG00000231271,ENSG00000206090,ENSG00000274422,ENSG00000189269,ENSG00000211669,ENSG00000211661,ENSG00000234928,ENSG00000240972,ENSG00000278196,ENSG00000099958,ENSG00000211649,ENSG00000223679,ENSG00000237472,ENSG00000211685,ENSG00000211656,ENSG00000231392,ENSG00000211676,ENSG00000183169,ENSG00000211674,ENSG00000279278,ENSG00000254175,ENSG00000278667,ENSG00000232515,ENSG00000227755,ENSG00000237428,ENSG00000159496,ENSG00000211673,ENSG00000211657,ENSG00000254073,ENSG00000128218,ENSG00000211672,ENSG00000218537,ENSG00000225413,ENSG00000283438,ENSG00000214526,ENSG00000224277,ENSG00000211666,ENSG00000234630,ENSG00000223999,ENSG00000253338,ENSG00000253913,ENSG00000275772,ENSG00000235689",ENSG00000211679,Liver eQTLs,train
20021169800092196-92196000006715,chr7,"7-38406877-T-C,7-38392222-C-G,7-38392232-G-C,7-38392254-A-G,7-38383432-T-A,7-38387731-T-C,7-38384564-C-T,7-38384577-G-A,7-38398610-C-G,7-38384106-G-C,7-38384107-A-C,7-38400984-C-T,7-38398813-T-C","ENSG00000211689,ENSG00000281103,ENSG00000010270,ENSG00000233306,ENSG00000272908,ENSG00000006715,ENSG00000086289,ENSG00000249978,ENSG00000155849,ENSG00000106536,ENSG00000106483,ENSG00000231916,ENSG00000078053,ENSG00000227191,ENSG00000211698,ENSG00000211699,ENSG00000086288,ENSG00000211695,ENSG00000187037,ENSG00000164556","ENSG00000231916,ENSG00000187037,ENSG00000211688,ENSG00000281103,ENSG00000225314,ENSG00000289366,ENSG00000283444,ENSG00000164556,ENSG00000231202,ENSG00000233854,ENSG00000225992,ENSG00000226212,ENSG00000006715,ENSG00000227191,ENSG00000201566,ENSG00000249978,ENSG00000200113,ENSG00000010270,ENSG00000211692,ENSG00000086288,ENSG00000106536,ENSG00000206947,ENSG00000233306,ENSG00000211699,ENSG00000241756,ENSG00000211691,ENSG00000155849,ENSG00000211689,ENSG00000272908,ENSG00000178503,ENSG00000211695,ENSG00000211701,ENSG00000227404,ENSG00000211693,ENSG00000106483,ENSG00000211687,ENSG00000211690,ENSG00000211698,ENSG00000086289,ENSG00000078053",ENSG00000211698,Liver eQTLs,train
20021193500092196-92196000002031,chr14,"14-106469001-A-G,14-106471273-C-T,14-106468872-G-A,14-106446218-C-T,14-106467788-A-G,14-106467935-T-A,14-106468076-A-G,14-106468537-T-C,14-106468637-C-A,14-106469361-A-AC,14-106469404-C-T,14-106469473-C-T,14-106470280-T-C,14-106470338-G-A,14-106470433-T-A,14-106470672-T-C,14-106471095-C-T,14-106471268-A-G,14-106471353-C-T,14-106471528-C-A,14-106471547-A-G,14-106471922-A-G,14-106472020-A-G,14-106467991-C-A,14-106446356-T-C,14-106448839-T-C,14-106451027-A-G,14-106471595-T-C,14-106445681-A-G,14-106462295-T-G,14-106453965-G-A,14-106459131-G-T,14-106460129-C-CTGTGGGTG,14-106462520-A-AT,14-106462985-G-C,14-106463028-C-G,14-106468338-A-C,14-106471388-C-A,14-106471581-C-T,14-106471580-G-T,14-106472187-G-A,14-106452628-T-G,14-106446809-C-A,14-106447273-T-C,14-106453972-T-C,14-106471534-A-G,14-106444152-A-G,14-106474159-C-T","ENSG00000182809,ENSG00000211943,ENSG00000282639,ENSG00000211956,ENSG00000282600,ENSG00000211897,ENSG00000270550,ENSG00000211941,ENSG00000257270,ENSG00000211962,ENSG00000211949,ENSG00000226777,ENSG00000211935,ENSG00000211890,ENSG00000211951,ENSG00000184916,ENSG00000253755,ENSG00000211891,ENSG00000274576,ENSG00000242472,ENSG00000211933,ENSG00000211972,ENSG00000211965,ENSG00000211893,ENSG00000211970,ENSG00000211945,ENSG00000183828,ENSG00000231475,ENSG00000281990,ENSG00000211937,ENSG00000211892,ENSG00000251602,ENSG00000240041,ENSG00000211950,ENSG00000211942,ENSG00000211967,ENSG00000182979,ENSG00000242085,ENSG00000224650,ENSG00000280411,ENSG00000211946,ENSG00000184986,ENSG00000211976,ENSG00000170779,ENSG00000223648,ENSG00000211964,ENSG00000185347,ENSG00000211938,ENSG00000185024,ENSG00000211973,ENSG00000211966,ENSG00000179364,ENSG00000211947,ENSG00000211900,ENSG00000211898,ENSG00000211895,ENSG00000254395,ENSG00000184887,ENSG00000211959,ENSG00000211968,ENSG00000242887,ENSG00000213145,ENSG00000232216,ENSG00000183484,ENSG00000211955,ENSG00000225200,ENSG00000211904,ENSG00000279495,ENSG00000224373,ENSG00000282651,ENSG00000211952,ENSG00000211974,ENSG00000257556,ENSG00000226174,ENSG00000211896,ENSG00000225698,ENSG00000211899","ENSG00000253759,ENSG00000211898,ENSG00000282600,ENSG00000231475,ENSG00000244620,ENSG00000211890,ENSG00000225698,ENSG00000211955,ENSG00000223506,ENSG00000264024,ENSG00000170779,ENSG00000237020,ENSG00000232216,ENSG00000211918,ENSG00000242887,ENSG00000253714,ENSG00000253441,ENSG00000211941,ENSG00000238275,ENSG00000282651,ENSG00000280411,ENSG00000211928,ENSG00000253325,ENSG00000211911,ENSG00000236170,ENSG00000211967,ENSG00000253387,ENSG00000211957,ENSG00000211945,ENSG00000213145,ENSG00000253482,ENSG00000253895,ENSG00000233655,ENSG00000211925,ENSG00000253149,ENSG00000283906,ENSG00000283607,ENSG00000270371,ENSG00000253359,ENSG00000283571,ENSG00000211895,ENSG00000225825,ENSG00000183828,ENSG00000253883,ENSG00000253462,ENSG00000254056,ENSG00000254215,ENSG00000253132,ENSG00000253941,ENSG00000226777,ENSG00000253936,ENSG00000227196,ENSG00000211949,ENSG00000211943,ENSG00000211956,ENSG00000211950,ENSG00000211974,ENSG00000230157,ENSG00000273894,ENSG00000211909,ENSG00000254053,ENSG00000211921,ENSG00000211966,ENSG00000182809,ENSG00000228131,ENSG00000253303,ENSG00000254167,ENSG00000254279,ENSG00000253467,ENSG00000253957,ENSG00000254176,ENSG00000275747,ENSG00000237197,ENSG00000211907,ENSG00000211931,ENSG00000211968,ENSG00000211933,ENSG00000211893,ENSG00000211946,ENSG00000275475,ENSG00000225200,ENSG00000211944,ENSG00000211896,ENSG00000211958,ENSG00000211959,ENSG00000224650,ENSG00000253345,ENSG00000253709,ENSG00000253412,ENSG00000282639,ENSG00000270474,ENSG00000226174,ENSG00000211904,ENSG00000237111,ENSG00000289598,ENSG00000211947,ENSG00000253820,ENSG00000254134,ENSG00000237547,ENSG00000254052,ENSG00000253209,ENSG00000228757,ENSG00000227108,ENSG00000271968,ENSG00000253240,ENSG00000264781,ENSG00000253545,ENSG00000270816,ENSG00000254326,ENSG00000289536,ENSG00000253458,ENSG00000211924,ENSG00000211970,ENSG00000182979,ENSG00000263413,ENSG00000211973,ENSG00000211923,ENSG00000211920,ENSG00000254395,ENSG00000211962,ENSG00000211951,ENSG00000253692,ENSG00000232543,ENSG00000254045,ENSG00000234402,ENSG00000179364,ENSG00000253310,ENSG00000253747,ENSG00000253367,ENSG00000253587,ENSG00000253742,ENSG00000253294,ENSG00000184887,ENSG00000227800,ENSG00000254329,ENSG00000253763,ENSG00000254036,ENSG00000213140,ENSG00000283195,ENSG00000224373,ENSG00000242085,ENSG00000253491,ENSG00000251602,ENSG00000253780,ENSG00000211930,ENSG00000253241,ENSG00000211964,ENSG00000211917,ENSG00000211942,ENSG00000253755,ENSG00000279495,ENSG00000271201,ENSG00000211935,ENSG00000223648,ENSG00000185024,ENSG00000211915,ENSG00000254046,ENSG00000254174,ENSG00000283562,ENSG00000236597,ENSG00000211937,ENSG00000253247,ENSG00000283948,ENSG00000211892,ENSG00000254228,ENSG00000227335,ENSG00000274576,ENSG00000211952,ENSG00000265929,ENSG00000211972,ENSG00000184916,ENSG00000254289,ENSG00000253131,ENSG00000211979,ENSG00000253364,ENSG00000211897,ENSG00000253169,ENSG00000253808,ENSG00000257270,ENSG00000281990,ENSG00000184986,ENSG00000278473,ENSG00000211938,ENSG00000211912,ENSG00000254203,ENSG00000253386,ENSG00000253862,ENSG00000183484,ENSG00000257556,ENSG00000253703,ENSG00000270550,ENSG00000211965,ENSG00000211914,ENSG00000211899,ENSG00000288730,ENSG00000211891,ENSG00000253674,ENSG00000265612,ENSG00000199480,ENSG00000228966,ENSG00000276210,ENSG00000242472,ENSG00000253440,ENSG00000185347,ENSG00000283464,ENSG00000240041,ENSG00000253465,ENSG00000211976,ENSG00000253635,ENSG00000229092,ENSG00000211900,ENSG00000253989",ENSG00000211935,Liver eQTLs,train
20021194600092196-92196000002039,chr14,"14-106572892-G-A,14-106577451-T-C","ENSG00000211968,ENSG00000223648,ENSG00000276775,ENSG00000254395,ENSG00000280411,ENSG00000211970,ENSG00000240041,ENSG00000251602,ENSG00000211892,ENSG00000211945,ENSG00000225698,ENSG00000182979,ENSG00000231475,ENSG00000211959,ENSG00000211965,ENSG00000211976,ENSG00000211951,ENSG00000274576,ENSG00000211896,ENSG00000211934,ENSG00000183828,ENSG00000281990,ENSG00000182809,ENSG00000224650,ENSG00000211952,ENSG00000211941,ENSG00000225200,ENSG00000211972,ENSG00000213145,ENSG00000211964,ENSG00000184887,ENSG00000211967,ENSG00000226777,ENSG00000211890,ENSG00000211891,ENSG00000282600,ENSG00000211950,ENSG00000257270,ENSG00000184916,ENSG00000270550,ENSG00000211966,ENSG00000211895,ENSG00000211904,ENSG00000179364,ENSG00000224373,ENSG00000211897,ENSG00000211943,ENSG00000211949,ENSG00000282122,ENSG00000185347,ENSG00000211898,ENSG00000211933,ENSG00000226174,ENSG00000211974,ENSG00000253755,ENSG00000242085,ENSG00000184986,ENSG00000211955,ENSG00000242472,ENSG00000211942,ENSG00000211935,ENSG00000211962,ENSG00000211899,ENSG00000242887,ENSG00000211893,ENSG00000211973,ENSG00000211947,ENSG00000185024,ENSG00000211946,ENSG00000211938,ENSG00000211900,ENSG00000211956,ENSG00000279495,ENSG00000211937","ENSG00000211946,ENSG00000254279,ENSG00000253294,ENSG00000254174,ENSG00000182809,ENSG00000253482,ENSG00000237197,ENSG00000253462,ENSG00000282122,ENSG00000185347,ENSG00000211952,ENSG00000253241,ENSG00000242887,ENSG00000211900,ENSG00000270474,ENSG00000211896,ENSG00000213140,ENSG00000225825,ENSG00000223648,ENSG00000253763,ENSG00000211962,ENSG00000254056,ENSG00000253247,ENSG00000229092,ENSG00000211899,ENSG00000253359,ENSG00000289536,ENSG00000238275,ENSG00000211895,ENSG00000251602,ENSG00000211937,ENSG00000264024,ENSG00000228757,ENSG00000273894,ENSG00000275747,ENSG00000253957,ENSG00000264781,ENSG00000184986,ENSG00000276210,ENSG00000199480,ENSG00000254046,ENSG00000211941,ENSG00000288730,ENSG00000253467,ENSG00000253883,ENSG00000253635,ENSG00000253367,ENSG00000283948,ENSG00000265929,ENSG00000254326,ENSG00000279495,ENSG00000211944,ENSG00000253709,ENSG00000253862,ENSG00000254053,ENSG00000211909,ENSG00000254045,ENSG00000253674,ENSG00000211904,ENSG00000253387,ENSG00000253386,ENSG00000211893,ENSG00000211915,ENSG00000253149,ENSG00000227196,ENSG00000253587,ENSG00000211931,ENSG00000211921,ENSG00000253325,ENSG00000224650,ENSG00000224373,ENSG00000254036,ENSG00000211898,ENSG00000185024,ENSG00000211925,ENSG00000211942,ENSG00000270371,ENSG00000211933,ENSG00000211938,ENSG00000254395,ENSG00000213145,ENSG00000211957,ENSG00000253895,ENSG00000184887,ENSG00000253364,ENSG00000240041,ENSG00000253209,ENSG00000253759,ENSG00000211920,ENSG00000253820,ENSG00000274576,ENSG00000211911,ENSG00000211934,ENSG00000211945,ENSG00000242085,ENSG00000271968,ENSG00000253755,ENSG00000228966,ENSG00000253941,ENSG00000237020,ENSG00000223506,ENSG00000211965,ENSG00000211970,ENSG00000232543,ENSG00000211949,ENSG00000211958,ENSG00000237547,ENSG00000253441,ENSG00000283571,ENSG00000270816,ENSG00000253780,ENSG00000253132,ENSG00000271201,ENSG00000254228,ENSG00000211892,ENSG00000281990,ENSG00000253747,ENSG00000211897,ENSG00000227800,ENSG00000226174,ENSG00000182979,ENSG00000211907,ENSG00000253458,ENSG00000211928,ENSG00000183828,ENSG00000237111,ENSG00000211943,ENSG00000211956,ENSG00000253465,ENSG00000231475,ENSG00000254167,ENSG00000254203,ENSG00000211935,ENSG00000227335,ENSG00000211924,ENSG00000228131,ENSG00000254176,ENSG00000211950,ENSG00000263413,ENSG00000211890,ENSG00000211930,ENSG00000211891,ENSG00000253345,ENSG00000253412,ENSG00000179364,ENSG00000227108,ENSG00000283464,ENSG00000242472,ENSG00000211966,ENSG00000254289,ENSG00000253714,ENSG00000211972,ENSG00000280411,ENSG00000211979,ENSG00000253131,ENSG00000253692,ENSG00000236170,ENSG00000289598,ENSG00000211967,ENSG00000283906,ENSG00000253169,ENSG00000276775,ENSG00000283562,ENSG00000253936,ENSG00000275475,ENSG00000226777,ENSG00000270550,ENSG00000233655,ENSG00000211955,ENSG00000253808,ENSG00000254215,ENSG00000253545,ENSG00000253440,ENSG00000225698,ENSG00000253240,ENSG00000253742,ENSG00000244620,ENSG00000211964,ENSG00000211951,ENSG00000253303,ENSG00000253989,ENSG00000211947,ENSG00000184916,ENSG00000253703,ENSG00000211918,ENSG00000253491,ENSG00000211976,ENSG00000278473,ENSG00000253310,ENSG00000254052,ENSG00000211914,ENSG00000211912,ENSG00000254134,ENSG00000257270,ENSG00000211923,ENSG00000265612,ENSG00000282600,ENSG00000211974,ENSG00000211973,ENSG00000283195,ENSG00000211968,ENSG00000236597,ENSG00000283607,ENSG00000211917,ENSG00000225200,ENSG00000211959,ENSG00000254329",ENSG00000211946,Liver eQTLs,train
20021195900092196-92196000002048,chr14,"14-106943214-A-G,14-106947874-G-A,14-106949753-ATAT-A,14-106953813-G-C,14-106953944-T-A,14-106960164-G-C,14-106960401-T-G,14-106960987-T-C,14-106962749-G-A,14-106959315-A-G,14-107000185-G-A,14-107008694-A-C,14-107006958-G-A,14-106964357-G-C,14-106942650-C-T,14-106965616-C-T,14-106962779-G-A,14-106963326-G-A,14-106964106-T-G,14-106964540-G-A,14-106964909-G-A,14-106968521-A-G,14-106935395-G-A,14-106930287-A-G,14-106926060-C-A,14-106918979-T-C,14-106881137-T-C,14-106880721-GC-G,14-106929509-T-C,14-106925141-C-T,14-106921132-G-T","ENSG00000276775,ENSG00000211895,ENSG00000211904,ENSG00000211956,ENSG00000211959,ENSG00000242887,ENSG00000242472,ENSG00000231475,ENSG00000211966,ENSG00000211952,ENSG00000211899,ENSG00000281990,ENSG00000282600,ENSG00000226777,ENSG00000211974,ENSG00000254395,ENSG00000211938,ENSG00000270550,ENSG00000211968,ENSG00000211933,ENSG00000185347,ENSG00000253755,ENSG00000223648,ENSG00000225200,ENSG00000211965,ENSG00000211893,ENSG00000211935,ENSG00000211967,ENSG00000240041,ENSG00000211972,ENSG00000211891,ENSG00000211955,ENSG00000211896,ENSG00000211900,ENSG00000282639,ENSG00000211934,ENSG00000211897,ENSG00000211937,ENSG00000211892,ENSG00000280411,ENSG00000211973,ENSG00000184986,ENSG00000211890,ENSG00000211962,ENSG00000232216,ENSG00000211898,ENSG00000282122,ENSG00000211970,ENSG00000224373","ENSG00000253703,ENSG00000282639,ENSG00000211893,ENSG00000223648,ENSG00000238275,ENSG00000253169,ENSG00000282122,ENSG00000253458,ENSG00000253359,ENSG00000211956,ENSG00000283195,ENSG00000253462,ENSG00000253714,ENSG00000254279,ENSG00000229092,ENSG00000253149,ENSG00000254056,ENSG00000254052,ENSG00000283464,ENSG00000253132,ENSG00000225200,ENSG00000224373,ENSG00000253883,ENSG00000253941,ENSG00000253957,ENSG00000283571,ENSG00000253674,ENSG00000289598,ENSG00000253759,ENSG00000253747,ENSG00000253482,ENSG00000253467,ENSG00000253936,ENSG00000211967,ENSG00000211972,ENSG00000253247,ENSG00000228757,ENSG00000253240,ENSG00000211968,ENSG00000231475,ENSG00000253742,ENSG00000253491,ENSG00000270550,ENSG00000211897,ENSG00000253989,ENSG00000211892,ENSG00000211952,ENSG00000211895,ENSG00000253345,ENSG00000273894,ENSG00000254046,ENSG00000253131,ENSG00000253241,ENSG00000253545,ENSG00000280411,ENSG00000211957,ENSG00000211933,ENSG00000211890,ENSG00000270816,ENSG00000253587,ENSG00000211944,ENSG00000254203,ENSG00000254215,ENSG00000282600,ENSG00000271968,ENSG00000254329,ENSG00000253310,ENSG00000253895,ENSG00000232216,ENSG00000253808,ENSG00000211970,ENSG00000283607,ENSG00000253367,ENSG00000253303,ENSG00000253440,ENSG00000283948,ENSG00000199480,ENSG00000242472,ENSG00000254167,ENSG00000254045,ENSG00000254289,ENSG00000253386,ENSG00000211891,ENSG00000211973,ENSG00000271201,ENSG00000254053,ENSG00000211974,ENSG00000211965,ENSG00000253755,ENSG00000283562,ENSG00000185347,ENSG00000253412,ENSG00000254174,ENSG00000211899,ENSG00000270474,ENSG00000223506,ENSG00000254134,ENSG00000254176,ENSG00000211938,ENSG00000211962,ENSG00000253209,ENSG00000211898,ENSG00000242887,ENSG00000253325,ENSG00000211955,ENSG00000211900,ENSG00000253862,ENSG00000253465,ENSG00000253763,ENSG00000211937,ENSG00000265929,ENSG00000211904,ENSG00000211966,ENSG00000211959,ENSG00000275747,ENSG00000276775,ENSG00000253780,ENSG00000211935,ENSG00000240041,ENSG00000253635,ENSG00000254326,ENSG00000253387,ENSG00000184986,ENSG00000254036,ENSG00000278473,ENSG00000275475,ENSG00000211934,ENSG00000254395,ENSG00000253294,ENSG00000281990,ENSG00000253709,ENSG00000211958,ENSG00000226777,ENSG00000253441,ENSG00000276210,ENSG00000211896,ENSG00000253820,ENSG00000228966,ENSG00000283906,ENSG00000254228,ENSG00000211979",ENSG00000211959,Liver eQTLs,train
20021196400092196-92196000002049,chr14,"14-106995713-A-G,14-106995744-C-CACCCATT,14-106997693-A-T,14-106999225-C-T,14-106998030-C-T,14-106998032-C-T,14-106992524-A-G,14-106992646-G-C,14-106992696-A-G,14-106993116-A-G,14-106993344-T-C,14-106994801-T-A,14-106995000-G-A,14-106995059-T-C,14-106995148-T-A,14-106995513-T-A,14-106995642-G-A,14-106996022-G-T,14-106996186-A-G,14-106996199-T-C,14-106996291-T-C,14-106996575-G-C,14-106996609-G-A,14-106996970-T-G,14-106997013-A-T,14-106997143-T-C,14-106997524-A-G,14-106997596-T-A,14-106997679-G-A,14-106998024-A-G,14-106998140-A-G,14-106999074-A-ATC,14-106999221-C-T,14-107000057-G-A,14-106994673-A-C,14-106997374-A-G,14-106997384-C-T,14-106997364-A-G,14-106993734-C-G,14-106997861-AG-A,14-106997938-T-C,14-107001019-T-C,14-107001077-G-A,14-106998114-A-G","ENSG00000253755,ENSG00000211895,ENSG00000242887,ENSG00000211938,ENSG00000282639,ENSG00000211893,ENSG00000211891,ENSG00000226777,ENSG00000211900,ENSG00000211962,ENSG00000282122,ENSG00000211973,ENSG00000211904,ENSG00000211937,ENSG00000280411,ENSG00000223648,ENSG00000211965,ENSG00000254395,ENSG00000211934,ENSG00000211974,ENSG00000211899,ENSG00000211968,ENSG00000211956,ENSG00000281990,ENSG00000211892,ENSG00000211897,ENSG00000276775,ENSG00000211896,ENSG00000211970,ENSG00000211933,ENSG00000211964,ENSG00000242472,ENSG00000211972,ENSG00000211967,ENSG00000211935,ENSG00000240041,ENSG00000211966,ENSG00000232216,ENSG00000224373,ENSG00000282600,ENSG00000225200,ENSG00000211890,ENSG00000211898","ENSG00000253247,ENSG00000253169,ENSG00000226777,ENSG00000211938,ENSG00000254045,ENSG00000253325,ENSG00000253149,ENSG00000253714,ENSG00000282122,ENSG00000240041,ENSG00000253883,ENSG00000253441,ENSG00000211958,ENSG00000265929,ENSG00000211935,ENSG00000253820,ENSG00000254053,ENSG00000253759,ENSG00000253635,ENSG00000254134,ENSG00000283607,ENSG00000254329,ENSG00000211964,ENSG00000283948,ENSG00000238275,ENSG00000211979,ENSG00000211966,ENSG00000253209,ENSG00000232216,ENSG00000211899,ENSG00000283906,ENSG00000242472,ENSG00000283464,ENSG00000254046,ENSG00000211900,ENSG00000254203,ENSG00000211897,ENSG00000254036,ENSG00000211970,ENSG00000254228,ENSG00000224373,ENSG00000283571,ENSG00000253545,ENSG00000211933,ENSG00000211895,ENSG00000253345,ENSG00000253482,ENSG00000211956,ENSG00000276210,ENSG00000229092,ENSG00000253941,ENSG00000253440,ENSG00000254167,ENSG00000211892,ENSG00000211891,ENSG00000211962,ENSG00000211974,ENSG00000253808,ENSG00000275475,ENSG00000253465,ENSG00000271201,ENSG00000223648,ENSG00000254052,ENSG00000253467,ENSG00000228966,ENSG00000253989,ENSG00000273894,ENSG00000211973,ENSG00000254326,ENSG00000283562,ENSG00000270474,ENSG00000242887,ENSG00000253367,ENSG00000253703,ENSG00000253458,ENSG00000282639,ENSG00000254174,ENSG00000289598,ENSG00000211893,ENSG00000253895,ENSG00000253412,ENSG00000253862,ENSG00000280411,ENSG00000228757,ENSG00000199480,ENSG00000275747,ENSG00000253747,ENSG00000253240,ENSG00000276775,ENSG00000253763,ENSG00000278473,ENSG00000253387,ENSG00000253709,ENSG00000253241,ENSG00000254056,ENSG00000253131,ENSG00000254395,ENSG00000253386,ENSG00000211890,ENSG00000253755,ENSG00000253132,ENSG00000253294,ENSG00000281990,ENSG00000253587,ENSG00000211944,ENSG00000223506,ENSG00000253780,ENSG00000211937,ENSG00000253674,ENSG00000211896,ENSG00000211957,ENSG00000254215,ENSG00000254176,ENSG00000253462,ENSG00000283195,ENSG00000211934,ENSG00000253936,ENSG00000211965,ENSG00000211972,ENSG00000225200,ENSG00000211968,ENSG00000253491,ENSG00000253957,ENSG00000211904,ENSG00000211898,ENSG00000211967,ENSG00000270816,ENSG00000253303,ENSG00000253310,ENSG00000253359,ENSG00000282600,ENSG00000254289,ENSG00000253742",ENSG00000211964,Liver eQTLs,train
20021212700092196-92196000001525,chr12,"12-11325804-G-A,12-11328653-C-T,12-11324176-C-A,12-11324344-C-T,12-11323939-G-C,12-11323994-G-A,12-11043966-T-A,12-11044868-T-C,12-11045110-T-TGAAAG,12-11046703-T-C,12-11048849-G-A,12-11049089-G-A,12-11050250-C-T,12-11050618-C-T,12-11051656-T-C,12-11052367-C-G,12-11052483-A-G,12-11052610-T-C,12-11053021-A-C,12-11053743-T-A,12-11054248-A-C,12-11065367-G-A,12-11069939-TA-T,12-11051879-AT-A,12-11056511-A-G,12-11071534-C-T,12-11043932-A-G,12-11051640-G-T,12-11052733-C-A,12-11055314-T-A,12-11055946-A-C,12-11057035-T-C,12-11058890-T-A,12-11059191-T-A,12-11059294-C-G,12-11060695-T-C,12-11061122-T-C,12-11063207-G-A,12-11063996-A-G,12-11065827-T-C,12-11068880-ACT-A,12-11070679-T-C,12-11071984-G-A,12-11072302-A-G,12-11044252-CTTG-C,12-11051749-T-G,12-11052078-A-G,12-11054322-C-T,12-11055315-C-A,12-11056062-C-T,12-11057384-G-C,12-11057678-G-A,12-11059103-G-T,12-11063365-G-A,12-11067108-C-A,12-11069712-A-G,12-11090077-G-T,12-11075491-A-G,12-11079767-T-C,12-11079986-C-T,12-11081270-T-C,12-11138683-C-T,12-11057004-C-T,12-11066539-C-A,12-11072970-C-A,12-11074886-T-G,12-11058909-G-A,12-11073768-C-T,12-11098941-G-A,12-11072615-G-C,12-11072907-T-C,12-11035533-G-A,12-11074897-A-G,12-11026758-T-G,12-11029515-C-T,12-11043032-A-G,12-11074915-G-C,12-11056530-C-CAAA,12-11075716-C-T","ENSG00000205810,ENSG00000183542,ENSG00000139083,ENSG00000256039,ENSG00000060138,ENSG00000256660,ENSG00000139112,ENSG00000150048,ENSG00000212127,ENSG00000172243,ENSG00000180574,ENSG00000060140,ENSG00000111196,ENSG00000134539,ENSG00000212124,ENSG00000173391,ENSG00000165682,ENSG00000212125,ENSG00000134545,ENSG00000256981,ENSG00000213809,ENSG00000205809,ENSG00000256436,ENSG00000256667,ENSG00000256537,ENSG00000245648","ENSG00000278654,ENSG00000283475,ENSG00000173391,ENSG00000139112,ENSG00000212126,ENSG00000165682,ENSG00000251655,ENSG00000230657,ENSG00000111196,ENSG00000256039,ENSG00000205809,ENSG00000134545,ENSG00000180574,ENSG00000150048,ENSG00000275119,ENSG00000197870,ENSG00000121377,ENSG00000235930,ENSG00000245648,ENSG00000237303,ENSG00000172243,ENSG00000205810,ENSG00000256657,ENSG00000121381,ENSG00000256400,ENSG00000256667,ENSG00000257016,ENSG00000212124,ENSG00000255790,ENSG00000256436,ENSG00000121335,ENSG00000121314,ENSG00000256712,ENSG00000256155,ENSG00000060138,ENSG00000251747,ENSG00000256237,ENSG00000186136,ENSG00000256660,ENSG00000256288,ENSG00000213809,ENSG00000139083,ENSG00000212127,ENSG00000212125,ENSG00000274551,ENSG00000165685,ENSG00000256888,ENSG00000060140,ENSG00000277705,ENSG00000256537,ENSG00000134539,ENSG00000256981,ENSG00000183542",ENSG00000212127,Liver eQTLs,train
20021322100092196-92196000007322,chr9,"9-139281477-G-A,9-139303314-C-A,9-139303352-G-C,9-139243226-C-T,9-139245389-G-A,9-139245525-A-C,9-139250046-T-C,9-139252878-C-G,9-139255073-G-A,9-139260215-G-A,9-139260494-T-G,9-139265088-C-T,9-139270876-G-A,9-139279310-C-T,9-139285655-A-G,9-139298213-T-C,9-139298225-C-T,9-139298410-G-A,9-139298653-G-A,9-139300484-C-T,9-139319550-G-A,9-139322775-C-T,9-139251006-G-A,9-139295497-G-A,9-139297738-A-G,9-139256495-G-T,9-139303580-T-C,9-139305686-G-A,9-139265870-G-A,9-139297741-A-C,9-139297742-G-A,9-139297737-C-G,9-139245194-C-T,9-139276675-G-A,9-139318080-G-A,9-139385701-T-C,9-139311284-A-G,9-139311970-G-A,9-139316459-C-T,9-139302775-T-TA,9-139302777-C-T,9-139301235-T-A,9-139301960-G-A,9-139249513-G-A","ENSG00000197768,ENSG00000176248,ENSG00000187713,ENSG00000176058,ENSG00000107317,ENSG00000279141,ENSG00000165716,ENSG00000233198,ENSG00000177943,ENSG00000225361,ENSG00000213590,ENSG00000184709,ENSG00000288873,ENSG00000148411,ENSG00000122140,ENSG00000188229,ENSG00000186193,ENSG00000169583,ENSG00000169692,ENSG00000260996,ENSG00000268996,ENSG00000238058,ENSG00000188566,ENSG00000198113,ENSG00000196422,ENSG00000107281,ENSG00000188986,ENSG00000228544,ENSG00000130559,ENSG00000212864,ENSG00000107331,ENSG00000148362,ENSG00000159069,ENSG00000148396,ENSG00000165684,ENSG00000130560,ENSG00000148384,ENSG00000184925,ENSG00000238227,ENSG00000198435,ENSG00000267206,ENSG00000177239,ENSG00000127191,ENSG00000054179,ENSG00000165689,ENSG00000197355,ENSG00000054148,ENSG00000232434,ENSG00000165661,ENSG00000165688,ENSG00000180549,ENSG00000213212,ENSG00000237886,ENSG00000233016,ENSG00000188163,ENSG00000244187,ENSG00000275329,ENSG00000187922,ENSG00000275549,ENSG00000196642,ENSG00000213221,ENSG00000260190,ENSG00000214402,ENSG00000107223,ENSG00000196366,ENSG00000172889,ENSG00000176978,ENSG00000176919,ENSG00000148400,ENSG00000228401,ENSG00000180539,ENSG00000213213,ENSG00000226706,ENSG00000160360,ENSG00000197191,ENSG00000176101,ENSG00000187796,ENSG00000160345,ENSG00000107187,ENSG00000260193","ENSG00000180549,ENSG00000188566,ENSG00000213213,ENSG00000172889,ENSG00000228544,ENSG00000165661,ENSG00000107187,ENSG00000127191,ENSG00000286255,ENSG00000196422,ENSG00000197191,ENSG00000198113,ENSG00000169583,ENSG00000176919,ENSG00000250210,ENSG00000213221,ENSG00000160360,ENSG00000228401,ENSG00000188229,ENSG00000260190,ENSG00000187713,ENSG00000260996,ENSG00000180539,ENSG00000176101,ENSG00000233016,ENSG00000260193,ENSG00000176248,ENSG00000233198,ENSG00000148400,ENSG00000279141,ENSG00000213212,ENSG00000186193,ENSG00000212864,ENSG00000130560,ENSG00000054148,ENSG00000165716,ENSG00000165689,ENSG00000148396,ENSG00000214402,ENSG00000268996,ENSG00000130559,ENSG00000176978,ENSG00000213590,ENSG00000176058,ENSG00000197355,ENSG00000267206,ENSG00000232434,ENSG00000107281,ENSG00000107331,ENSG00000244187,ENSG00000226706,ENSG00000184709,ENSG00000122140,ENSG00000177239,ENSG00000054179,ENSG00000198435,ENSG00000187796,ENSG00000107317,ENSG00000165688,ENSG00000275549,ENSG00000188163,ENSG00000237886,ENSG00000184925,ENSG00000148411,ENSG00000288873,ENSG00000196366,ENSG00000238227,ENSG00000165684,ENSG00000275329,ENSG00000107223,ENSG00000148362,ENSG00000238058,ENSG00000187922,ENSG00000148384,ENSG00000225361,ENSG00000169692,ENSG00000160345,ENSG00000188986,ENSG00000159069,ENSG00000197768,ENSG00000196642,ENSG00000177943",ENSG00000213221,Liver eQTLs,train
20021322200092196-92196000004032,chr2,2-132440073-G-C,"ENSG00000183840,ENSG00000213222,ENSG00000152102,ENSG00000273073,ENSG00000136002,ENSG00000286833,ENSG00000173272,ENSG00000163040,ENSG00000150551,ENSG00000115762,ENSG00000075886","ENSG00000221288,ENSG00000163046,ENSG00000225594,ENSG00000230992,ENSG00000224679,ENSG00000232760,ENSG00000173272,ENSG00000202174,ENSG00000270930,ENSG00000213222,ENSG00000230803,ENSG00000279512,ENSG00000152102,ENSG00000163040,ENSG00000222068,ENSG00000115762,ENSG00000251956,ENSG00000229203,ENSG00000273073,ENSG00000244337,ENSG00000232474,ENSG00000150551,ENSG00000200718,ENSG00000228721,ENSG00000274353,ENSG00000271179,ENSG00000232742,ENSG00000286833,ENSG00000235615,ENSG00000226886,ENSG00000227745,ENSG00000018607,ENSG00000236485,ENSG00000287414,ENSG00000186825,ENSG00000252705,ENSG00000075886,ENSG00000230065,ENSG00000136002,ENSG00000286068,ENSG00000252688,ENSG00000288031,ENSG00000286208,ENSG00000233786,ENSG00000233729,ENSG00000284149,ENSG00000183840,ENSG00000232349",ENSG00000213222,Liver eQTLs,train
20021343300092196-92196000005745,chr5,"5-151265853-T-C,5-151265853-T-C,5-151266084-T-C,5-151266084-T-C,5-151268997-A-T,5-151268997-A-T,5-151130901-G-T,5-151130901-G-T,5-151269796-C-CATTT,5-151269796-C-CATTT,5-151205504-C-T,5-151205504-C-T,5-151140844-A-T,5-151140844-A-T,5-151156658-G-A,5-151156658-G-A,5-151155711-G-A,5-151155711-G-A,5-151166764-T-C,5-151166764-T-C,5-151126324-G-T,5-151126324-G-T,5-151141895-C-T,5-151141895-C-T,5-151149001-A-G,5-151149001-A-G,5-151150745-C-A,5-151150745-C-A,5-151177533-C-CT,5-151177533-C-CT,5-151180621-A-G,5-151180621-A-G,5-151184701-C-T,5-151184701-C-T,5-151188158-T-C,5-151188158-T-C,5-151197729-T-G,5-151197729-T-G,5-151198750-G-A,5-151198750-G-A,5-151160122-A-T,5-151160122-A-T,5-151171256-C-T,5-151171256-C-T,5-151171509-C-T,5-151171509-C-T,5-151179199-T-C,5-151179199-T-C,5-151180890-C-A,5-151180890-C-A,5-151183183-T-C,5-151183183-T-C,5-151233063-C-T,5-151233063-C-T,5-151266534-C-T,5-151266534-C-T,5-151168929-TA-T,5-151168929-TA-T,5-151140456-A-G,5-151140456-A-G,5-151269270-A-G,5-151269270-A-G,5-151269577-T-A,5-151269577-T-A,5-151270477-T-TG,5-151270477-T-TG,5-151147198-T-A,5-151147198-T-A,5-151147442-A-G,5-151147442-A-G,5-151152731-C-CT,5-151152731-C-CT,5-151143774-C-A,5-151143774-C-A,5-151145436-T-C,5-151145436-T-C,5-151147334-G-A,5-151147334-G-A,5-151149262-T-C,5-151149262-T-C,5-151150601-C-G,5-151150601-C-G,5-151150602-T-G,5-151150602-T-G,5-151264985-A-G,5-151264985-A-G,5-151235094-G-A,5-151235094-G-A,5-151248069-G-A,5-151248069-G-A,5-151259002-G-A,5-151259002-G-A,5-151209922-G-T,5-151209922-G-T,5-151218911-A-AT,5-151218911-A-AT,5-151222967-A-C,5-151222967-A-C,5-151231460-A-G,5-151231460-A-G,5-151265274-A-G,5-151265274-A-G,5-151142878-T-C,5-151142878-T-C,5-151147259-A-G,5-151147259-A-G,5-151149662-A-G,5-151149662-A-G,5-151151962-A-G,5-151151962-A-G,5-151208004-C-G,5-151208004-C-G,5-151167476-A-ATG,5-151167476-A-ATG,5-151143313-A-G,5-151143313-A-G,5-151191188-A-AT,5-151191188-A-AT,5-151250248-C-A,5-151250248-C-A,5-151115517-T-C,5-151115517-T-C,5-151115883-G-C,5-151115883-G-C,5-151118121-G-A,5-151118121-G-A,5-151118146-C-G,5-151118146-C-G,5-151118189-G-T,5-151118189-G-T,5-151119705-T-A,5-151119705-T-A,5-151119851-GGGCA-G,5-151119851-GGGCA-G,5-151119963-G-A,5-151119963-G-A,5-151119972-C-T,5-151119972-C-T,5-151118386-C-T,5-151118386-C-T,5-151115688-A-G,5-151115688-A-G,5-151117397-A-G,5-151117397-A-G,5-151183898-C-CA,5-151183898-C-CA,5-151115857-G-A,5-151115857-G-A,5-151168133-A-G,5-151168133-A-G,5-151207473-T-G,5-151207473-T-G","ENSG00000213433,ENSG00000145907,ENSG00000197043,ENSG00000177556,ENSG00000285420,ENSG00000211445,ENSG00000197083,ENSG00000275765,ENSG00000260581,ENSG00000113140,ENSG00000196743,ENSG00000271795,ENSG00000145908,ENSG00000123643,ENSG00000198624,ENSG00000145901","ENSG00000271494,ENSG00000253852,ENSG00000113140,ENSG00000200227,ENSG00000123643,ENSG00000271795,ENSG00000196743,ENSG00000260581,ENSG00000254298,ENSG00000285420,ENSG00000270978,ENSG00000277866,ENSG00000222308,ENSG00000222102,ENSG00000177556,ENSG00000186334,ENSG00000197083,ENSG00000211445,ENSG00000288081,ENSG00000198624,ENSG00000270904,ENSG00000253897,ENSG00000253472,ENSG00000145908,ENSG00000274235,ENSG00000275765,ENSG00000197043,ENSG00000145907,ENSG00000145901,ENSG00000145888,ENSG00000276622,ENSG00000213433",ENSG00000213433,Liver eQTLs,train
20021363900092196-92196000004247,chr2,"2-28985150-CTAAA-C,2-28989887-C-T,2-28995226-A-G,2-29003787-CTAGT-C,2-29004046-C-T,2-29005870-C-T,2-29009049-G-A,2-29010517-A-G,2-29011141-GAAA-G,2-29011337-TTGTA-T,2-29014746-C-T,2-29015982-G-C,2-29016262-TTGTC-T,2-29017358-C-T,2-29017474-G-A,2-29046908-C-T,2-29055916-G-A,2-28992293-G-A,2-29004299-T-C,2-29016019-C-T,2-29023749-A-G,2-29032238-G-A,2-29032478-G-A,2-29032746-T-C,2-29041877-T-C,2-29044437-T-G,2-29066756-G-A,2-29068882-T-C,2-29070805-C-T,2-29083075-T-C,2-29083850-C-A,2-29087274-T-C,2-29087799-C-A,2-29068457-C-G,2-29088256-A-G,2-29046185-C-T,2-29000287-C-T,2-29069551-C-A,2-29094928-A-T,2-28986568-CGTTA-C,2-29007855-C-G,2-29096996-AT-A,2-28980900-AT-A,2-29080107-A-AT,2-29032673-G-T,2-29044280-C-G,2-29088338-T-G,2-29046814-C-T,2-29075031-C-T,2-29007808-GA-G,2-29097013-A-G,2-29100168-G-A,2-29099528-C-T,2-29099285-T-C","ENSG00000171174,ENSG00000115295,ENSG00000213639,ENSG00000163806,ENSG00000270640,ENSG00000075426,ENSG00000270210,ENSG00000163803,ENSG00000158019,ENSG00000226833,ENSG00000223522,ENSG00000243147,ENSG00000163811","ENSG00000222232,ENSG00000163811,ENSG00000223522,ENSG00000270640,ENSG00000213639,ENSG00000273233,ENSG00000270528,ENSG00000277035,ENSG00000163803,ENSG00000158019,ENSG00000288553,ENSG00000229224,ENSG00000264994,ENSG00000197644,ENSG00000242699,ENSG00000222224,ENSG00000200283,ENSG00000171174,ENSG00000265321,ENSG00000286963,ENSG00000075426,ENSG00000243147,ENSG00000242915,ENSG00000163806,ENSG00000230737,ENSG00000227938,ENSG00000270210,ENSG00000265145,ENSG00000115295,ENSG00000179270,ENSG00000230730,ENSG00000265706,ENSG00000226833",ENSG00000213639,Liver eQTLs,train
20021364000092196-92196000006777,chr7,"7-64297640-G-A,7-64296126-C-T,7-64296793-G-A,7-64298404-C-T,7-64298586-C-T,7-64298845-C-T,7-64299440-C-T,7-64299813-C-T,7-64300221-A-G,7-64301101-T-TA,7-64302131-G-A,7-64300227-C-T,7-64299327-C-T,7-64299217-G-A,7-64289484-C-A,7-64294153-A-G,7-64274517-A-G,7-64260691-G-A,7-64261849-C-T,7-64276250-CAGTG-C,7-64285844-C-T,7-64288288-C-T,7-64289034-T-G,7-64291244-T-C,7-64267756-C-T,7-64279259-T-G,7-64260114-C-T,7-64284730-C-T,7-64284959-G-A,7-64285288-T-G,7-64264562-G-A,7-64254791-G-T,7-64261347-G-A,7-64273075-G-C,7-64270454-A-G,7-64252851-C-G,7-64258073-A-G,7-64274004-G-C,7-64262903-AT-A,7-64294262-C-T,7-64298532-TG-T,7-64299988-G-A,7-64268859-A-C,7-64284502-C-T,7-64270398-G-A,7-64254060-G-A,7-64260584-T-C,7-64262273-C-T,7-64282081-C-G,7-64286911-G-A,7-64254901-T-C,7-64289659-CAAGT-C,7-64285784-C-T,7-64299271-TGGC-T,7-64302303-A-T,7-64297985-C-T,7-64299449-G-A,7-64300297-C-T,7-64301900-A-G,7-64302320-A-C,7-64293575-G-A,7-64295587-A-G,7-64291622-C-T,7-64293217-T-C,7-64293731-C-A,7-64295291-C-T,7-64292695-G-A,7-64275851-C-T,7-64279491-G-T,7-64255981-T-C,7-64257382-C-T,7-64259105-G-A,7-64274690-A-G,7-64287489-AT-A,7-64285434-G-T,7-64297003-A-G,7-64291976-G-A,7-64256832-CACTT-C,7-64244687-T-C","ENSG00000214652,ENSG00000213640,ENSG00000198039,ENSG00000173041,ENSG00000270948,ENSG00000272693,ENSG00000146757,ENSG00000234444,ENSG00000197008,ENSG00000164669,ENSG00000213462,ENSG00000228653,ENSG00000287985,ENSG00000271550,ENSG00000196247,ENSG00000152926,ENSG00000228409","ENSG00000275667,ENSG00000223614,ENSG00000228014,ENSG00000224458,ENSG00000230600,ENSG00000236574,ENSG00000229881,ENSG00000229301,ENSG00000223974,ENSG00000230052,ENSG00000228660,ENSG00000226587,ENSG00000282381,ENSG00000214660,ENSG00000287699,ENSG00000232727,ENSG00000268181,ENSG00000270948,ENSG00000185037,ENSG00000241149,ENSG00000197990,ENSG00000229064,ENSG00000201165,ENSG00000173041,ENSG00000287317,ENSG00000248315,ENSG00000213645,ENSG00000248704,ENSG00000228645,ENSG00000236284,ENSG00000277206,ENSG00000232817,ENSG00000227035,ENSG00000189316,ENSG00000271466,ENSG00000213640,ENSG00000146757,ENSG00000236299,ENSG00000225451,ENSG00000286397,ENSG00000235646,ENSG00000237026,ENSG00000226342,ENSG00000223845,ENSG00000213642,ENSG00000223558,ENSG00000287869,ENSG00000152926,ENSG00000226411,ENSG00000276475,ENSG00000227397,ENSG00000277544,ENSG00000228564,ENSG00000232165,ENSG00000289108,ENSG00000234444,ENSG00000234234,ENSG00000164740,ENSG00000197123,ENSG00000223889,ENSG00000287588,ENSG00000223566,ENSG00000230000,ENSG00000198039,ENSG00000230639,ENSG00000197008,ENSG00000224368,ENSG00000272693,ENSG00000224669,ENSG00000226401,ENSG00000228409,ENSG00000265214,ENSG00000164669,ENSG00000234387,ENSG00000230252,ENSG00000224172,ENSG00000231264,ENSG00000228653,ENSG00000271550,ENSG00000213462,ENSG00000276650,ENSG00000235227,ENSG00000233385,ENSG00000214652,ENSG00000286456,ENSG00000213643,ENSG00000227305,ENSG00000207344,ENSG00000230361,ENSG00000287985,ENSG00000227923,ENSG00000196247,ENSG00000227426,ENSG00000213644,ENSG00000223476,ENSG00000176232,ENSG00000230132,ENSG00000182722,ENSG00000227298,ENSG00000278577,ENSG00000235349,ENSG00000234700,ENSG00000233173,ENSG00000235720",ENSG00000213640,Liver eQTLs,train
20021367600092196-92196000006283,chr6,"6-32083175-C-T,6-32101762-C-T,6-32088854-G-C,6-32099817-A-G,6-32105001-G-T,6-32110886-G-A,6-32113980-G-A","ENSG00000204427,ENSG00000204396,ENSG00000286940,ENSG00000204428,ENSG00000241404,ENSG00000221988,ENSG00000277402,ENSG00000223534,ENSG00000204498,ENSG00000204525,ENSG00000204390,ENSG00000204267,ENSG00000204475,ENSG00000229776,ENSG00000196735,ENSG00000231389,ENSG00000198563,ENSG00000237541,ENSG00000204351,ENSG00000204421,ENSG00000243649,ENSG00000241106,ENSG00000204315,ENSG00000227939,ENSG00000198502,ENSG00000204394,ENSG00000204252,ENSG00000168477,ENSG00000204304,ENSG00000281756,ENSG00000289375,ENSG00000240053,ENSG00000196126,ENSG00000204287,ENSG00000204371,ENSG00000232629,ENSG00000204410,ENSG00000244731,ENSG00000204264,ENSG00000233627,ENSG00000204531,ENSG00000237080,ENSG00000213654,ENSG00000204389,ENSG00000204388,ENSG00000289047,ENSG00000179344,ENSG00000204305,ENSG00000204536,ENSG00000223865,ENSG00000286974,ENSG00000204301,ENSG00000204387,ENSG00000240065,ENSG00000250535,ENSG00000242574,ENSG00000288813,ENSG00000204356,ENSG00000284446,ENSG00000204444,ENSG00000231852,ENSG00000232810,ENSG00000204392,ENSG00000204386,ENSG00000204261,ENSG00000284954,ENSG00000204438,ENSG00000213676,ENSG00000289559,ENSG00000206344,ENSG00000206337,ENSG00000234745,ENSG00000204256,ENSG00000204472,ENSG00000204439,ENSG00000204257,ENSG00000227507,ENSG00000137310,ENSG00000272501,ENSG00000204366,ENSG00000204314,ENSG00000272221,ENSG00000204528,ENSG00000224389,ENSG00000204385,ENSG00000213722,ENSG00000226979,ENSG00000213719,ENSG00000204516,ENSG00000204308,ENSG00000228727,ENSG00000204463,ENSG00000248290,ENSG00000204469,ENSG00000168394,ENSG00000229391,ENSG00000204344,ENSG00000204482,ENSG00000166278,ENSG00000204520,ENSG00000213760,ENSG00000204420","ENSG00000204410,ENSG00000204475,ENSG00000225851,ENSG00000204539,ENSG00000237285,ENSG00000238211,ENSG00000255552,ENSG00000255726,ENSG00000200816,ENSG00000204301,ENSG00000244731,ENSG00000284469,ENSG00000227507,ENSG00000137310,ENSG00000201680,ENSG00000231852,ENSG00000231402,ENSG00000223702,ENSG00000232629,ENSG00000196735,ENSG00000281756,ENSG00000204482,ENSG00000204287,ENSG00000204356,ENSG00000196301,ENSG00000204439,ENSG00000289375,ENSG00000243649,ENSG00000272501,ENSG00000230174,ENSG00000204315,ENSG00000228432,ENSG00000285647,ENSG00000204264,ENSG00000263649,ENSG00000232810,ENSG00000204385,ENSG00000251916,ENSG00000227939,ENSG00000286974,ENSG00000204444,ENSG00000204390,ENSG00000204531,ENSG00000166278,ENSG00000229836,ENSG00000234515,ENSG00000201785,ENSG00000204261,ENSG00000213760,ENSG00000223335,ENSG00000204520,ENSG00000235301,ENSG00000213722,ENSG00000198502,ENSG00000242574,ENSG00000204463,ENSG00000213654,ENSG00000235040,ENSG00000221988,ENSG00000204290,ENSG00000265236,ENSG00000266776,ENSG00000204257,ENSG00000240053,ENSG00000230622,ENSG00000284954,ENSG00000289047,ENSG00000277264,ENSG00000204304,ENSG00000231389,ENSG00000204252,ENSG00000204394,ENSG00000256851,ENSG00000204438,ENSG00000204392,ENSG00000226030,ENSG00000204528,ENSG00000204344,ENSG00000233627,ENSG00000286940,ENSG00000206344,ENSG00000206337,ENSG00000241106,ENSG00000204427,ENSG00000226979,ENSG00000168477,ENSG00000204296,ENSG00000204525,ENSG00000223865,ENSG00000233902,ENSG00000240065,ENSG00000213719,ENSG00000225499,ENSG00000241404,ENSG00000204498,ENSG00000288813,ENSG00000204371,ENSG00000204387,ENSG00000198563,ENSG00000204516,ENSG00000204472,ENSG00000179344,ENSG00000223534,ENSG00000250535,ENSG00000274494,ENSG00000204420,ENSG00000204511,ENSG00000204351,ENSG00000272221,ENSG00000229776,ENSG00000204428,ENSG00000237080,ENSG00000252512,ENSG00000204421,ENSG00000244355,ENSG00000204305,ENSG00000204536,ENSG00000271821,ENSG00000255899,ENSG00000213676,ENSG00000224389,ENSG00000204542,ENSG00000248290,ENSG00000204314,ENSG00000223837,ENSG00000289559,ENSG00000229391,ENSG00000199332,ENSG00000168394,ENSG00000204267,ENSG00000196126,ENSG00000204389,ENSG00000204308,ENSG00000201658,ENSG00000230994,ENSG00000204396,ENSG00000277402,ENSG00000204388,ENSG00000234745,ENSG00000237541,ENSG00000232080,ENSG00000284446,ENSG00000204366,ENSG00000219797,ENSG00000204386,ENSG00000204256,ENSG00000228727,ENSG00000201823,ENSG00000204469,ENSG00000256166",ENSG00000213676,Liver eQTLs,train
20021379900092196-92196000003802,chr19,"19-53832635-A-C,19-53833142-G-T,19-53833712-T-C,19-53834333-T-G,19-53841052-T-C","ENSG00000182986,ENSG00000269825,ENSG00000131042,ENSG00000287608,ENSG00000242779,ENSG00000167555,ENSG00000269001,ENSG00000289102,ENSG00000197497,ENSG00000288953,ENSG00000204577,ENSG00000170949,ENSG00000268970,ENSG00000167554,ENSG00000167562,ENSG00000235081,ENSG00000267809,ENSG00000213799,ENSG00000213020,ENSG00000187116,ENSG00000105619,ENSG00000198346,ENSG00000198538,ENSG00000167766,ENSG00000170892,ENSG00000170954,ENSG00000250731,ENSG00000189190,ENSG00000170889,ENSG00000197937,ENSG00000204604,ENSG00000213793,ENSG00000189068,ENSG00000105618,ENSG00000180257,ENSG00000123870,ENSG00000196417,ENSG00000213801,ENSG00000179820,ENSG00000170909,ENSG00000221923,ENSG00000198482,ENSG00000244482,ENSG00000241015,ENSG00000269834,ENSG00000088038,ENSG00000130844,ENSG00000160336,ENSG00000203326,ENSG00000105617,ENSG00000237017,ENSG00000105609,ENSG00000142405,ENSG00000125505,ENSG00000213777,ENSG00000170906,ENSG00000167608,ENSG00000197928","ENSG00000170858,ENSG00000288953,ENSG00000170909,ENSG00000213799,ENSG00000167766,ENSG00000105619,ENSG00000283455,ENSG00000167554,ENSG00000207869,ENSG00000235181,ENSG00000207979,ENSG00000207645,ENSG00000252025,ENSG00000269834,ENSG00000213016,ENSG00000105617,ENSG00000213777,ENSG00000105609,ENSG00000242856,ENSG00000207616,ENSG00000249654,ENSG00000264257,ENSG00000198482,ENSG00000105618,ENSG00000197928,ENSG00000237323,ENSG00000207734,ENSG00000224579,ENSG00000207862,ENSG00000170906,ENSG00000207981,ENSG00000213020,ENSG00000131042,ENSG00000241015,ENSG00000267809,ENSG00000221548,ENSG00000238094,ENSG00000207837,ENSG00000198538,ENSG00000207810,ENSG00000130844,ENSG00000170889,ENSG00000211532,ENSG00000270347,ENSG00000207629,ENSG00000207722,ENSG00000088038,ENSG00000207549,ENSG00000196131,ENSG00000207825,ENSG00000186152,ENSG00000237017,ENSG00000207711,ENSG00000189068,ENSG00000204604,ENSG00000242668,ENSG00000207735,ENSG00000225370,ENSG00000252063,ENSG00000248385,ENSG00000264703,ENSG00000204577,ENSG00000269001,ENSG00000125505,ENSG00000283685,ENSG00000207946,ENSG00000170954,ENSG00000197937,ENSG00000200393,ENSG00000189348,ENSG00000207620,ENSG00000228323,ENSG00000170949,ENSG00000250507,ENSG00000212314,ENSG00000283540,ENSG00000228790,ENSG00000207594,ENSG00000204595,ENSG00000207987,ENSG00000237955,ENSG00000142405,ENSG00000252979,ENSG00000207634,ENSG00000269825,ENSG00000283490,ENSG00000207706,ENSG00000269526,ENSG00000283289,ENSG00000207799,ENSG00000242019,ENSG00000167608,ENSG00000182986,ENSG00000267943,ENSG00000207767,ENSG00000207644,ENSG00000268970,ENSG00000269564,ENSG00000287608,ENSG00000276758,ENSG00000170892,ENSG00000196417,ENSG00000187116,ENSG00000180257,ENSG00000249189,ENSG00000283695,ENSG00000207788,ENSG00000221923,ENSG00000277636,ENSG00000197497,ENSG00000203326,ENSG00000283330,ENSG00000207925,ENSG00000237589,ENSG00000167555,ENSG00000207861,ENSG00000167562,ENSG00000240197,ENSG00000174677,ENSG00000207838,ENSG00000269758,ENSG00000252191,ENSG00000228567,ENSG00000251431,ENSG00000268282,ENSG00000179820,ENSG00000207615,ENSG00000213793,ENSG00000213801,ENSG00000227407,ENSG00000229000,ENSG00000207699,ENSG00000268864,ENSG00000289102,ENSG00000163098,ENSG00000250731,ENSG00000221017,ENSG00000269118,ENSG00000269842,ENSG00000221421,ENSG00000244482,ENSG00000207738,ENSG00000207580,ENSG00000240296,ENSG00000160336,ENSG00000252734,ENSG00000276206,ENSG00000199143,ENSG00000207803,ENSG00000242779,ENSG00000269608,ENSG00000198346,ENSG00000123870,ENSG00000207992,ENSG00000268964,ENSG00000224730,ENSG00000234436,ENSG00000235081,ENSG00000189190,ENSG00000207599,ENSG00000269877,ENSG00000251843,ENSG00000223660",ENSG00000213799,Liver eQTLs,train
20021380100092196-92196000003794,chr19,"19-53451291-T-C,19-53457223-A-G,19-53457246-G-A,19-53457255-T-C,19-53452475-A-ACCTG,19-53452769-A-G,19-53452944-T-G,19-53454963-T-A,19-53455088-T-A,19-53454789-A-T,19-53455221-A-G,19-53451228-T-C,19-53455877-C-T,19-53462957-G-T,19-53460861-G-A","ENSG00000197937,ENSG00000130844,ENSG00000167766,ENSG00000198538,ENSG00000196267,ENSG00000204611,ENSG00000256087,ENSG00000289102,ENSG00000269001,ENSG00000267809,ENSG00000197608,ENSG00000250731,ENSG00000160336,ENSG00000189190,ENSG00000198464,ENSG00000170954,ENSG00000170949,ENSG00000123870,ENSG00000142405,ENSG00000241015,ENSG00000197497,ENSG00000221923,ENSG00000288953,ENSG00000287608,ENSG00000260160,ENSG00000105568,ENSG00000196214,ENSG00000268970,ENSG00000179820,ENSG00000242779,ENSG00000269235,ENSG00000213799,ENSG00000197619,ENSG00000196417,ENSG00000167562,ENSG00000167554,ENSG00000203326,ENSG00000198482,ENSG00000275055,ENSG00000198346,ENSG00000213801,ENSG00000167555,ENSG00000256683,ENSG00000142556,ENSG00000197928,ENSG00000213777,ENSG00000213020,ENSG00000269834,ENSG00000269825","ENSG00000221923,ENSG00000269235,ENSG00000212314,ENSG00000221421,ENSG00000207620,ENSG00000269526,ENSG00000170954,ENSG00000197619,ENSG00000269877,ENSG00000283490,ENSG00000252191,ENSG00000198538,ENSG00000167554,ENSG00000278543,ENSG00000142556,ENSG00000224579,ENSG00000268886,ENSG00000207645,ENSG00000198346,ENSG00000207629,ENSG00000189190,ENSG00000207722,ENSG00000160336,ENSG00000251431,ENSG00000207580,ENSG00000268282,ENSG00000269608,ENSG00000199143,ENSG00000269758,ENSG00000207981,ENSG00000269834,ENSG00000207711,ENSG00000283330,ENSG00000269001,ENSG00000213801,ENSG00000203326,ENSG00000252025,ENSG00000237589,ENSG00000256087,ENSG00000207615,ENSG00000269118,ENSG00000207699,ENSG00000207825,ENSG00000207644,ENSG00000250731,ENSG00000196131,ENSG00000207706,ENSG00000250507,ENSG00000207979,ENSG00000207616,ENSG00000242779,ENSG00000196214,ENSG00000249189,ENSG00000269825,ENSG00000268964,ENSG00000207838,ENSG00000276206,ENSG00000267809,ENSG00000196267,ENSG00000207634,ENSG00000207862,ENSG00000275055,ENSG00000283695,ENSG00000167555,ENSG00000213020,ENSG00000207594,ENSG00000197937,ENSG00000268970,ENSG00000207803,ENSG00000207599,ENSG00000130844,ENSG00000123870,ENSG00000197497,ENSG00000267943,ENSG00000207734,ENSG00000221548,ENSG00000213799,ENSG00000228323,ENSG00000207549,ENSG00000268864,ENSG00000198482,ENSG00000221017,ENSG00000167766,ENSG00000264703,ENSG00000287608,ENSG00000197928,ENSG00000207738,ENSG00000204595,ENSG00000252734,ENSG00000227407,ENSG00000174677,ENSG00000241015,ENSG00000251843,ENSG00000270347,ENSG00000213777,ENSG00000276758,ENSG00000240296,ENSG00000142405,ENSG00000196417,ENSG00000269564,ENSG00000256683,ENSG00000255875,ENSG00000211532,ENSG00000288953,ENSG00000252979,ENSG00000289102,ENSG00000269842,ENSG00000242668,ENSG00000283685,ENSG00000207767,ENSG00000207987,ENSG00000228567,ENSG00000223660,ENSG00000283455,ENSG00000234436,ENSG00000207869,ENSG00000207992,ENSG00000249654,ENSG00000204611,ENSG00000207799,ENSG00000207788,ENSG00000167562,ENSG00000200393,ENSG00000240197,ENSG00000248385,ENSG00000283289,ENSG00000189348,ENSG00000207946,ENSG00000207735,ENSG00000207861,ENSG00000207810,ENSG00000207837,ENSG00000207925,ENSG00000197608,ENSG00000252063,ENSG00000163098,ENSG00000170949,ENSG00000198464,ENSG00000179820,ENSG00000237955,ENSG00000283540,ENSG00000260160,ENSG00000229000,ENSG00000105568",ENSG00000213801,Liver eQTLs,train
20021393800092196-92196000004121,chr2,"2-200625581-T-C,2-200626678-G-A,2-200628500-G-A,2-200620763-T-C,2-200624970-T-TA,2-200625156-C-G,2-200621420-C-T","ENSG00000119042,ENSG00000196141,ENSG00000163535,ENSG00000213938,ENSG00000178074,ENSG00000155729,ENSG00000225953,ENSG00000287299,ENSG00000162972,ENSG00000138356,ENSG00000244301,ENSG00000162971","ENSG00000225953,ENSG00000227348,ENSG00000252148,ENSG00000287027,ENSG00000249177,ENSG00000287299,ENSG00000202008,ENSG00000196141,ENSG00000234731,ENSG00000224590,ENSG00000234842,ENSG00000226658,ENSG00000178074,ENSG00000244301,ENSG00000138356,ENSG00000230408,ENSG00000232133,ENSG00000224299,ENSG00000232719,ENSG00000162972,ENSG00000227736,ENSG00000227004,ENSG00000238829,ENSG00000224672,ENSG00000155729,ENSG00000235318,ENSG00000237166,ENSG00000224346,ENSG00000213938,ENSG00000223092,ENSG00000207116,ENSG00000201737,ENSG00000227841,ENSG00000201649,ENSG00000162971,ENSG00000163535,ENSG00000119042,ENSG00000183308,ENSG00000240302,ENSG00000273975",ENSG00000213938,Liver eQTLs,train
20021396500092196-92196000003568,chr19,"19-33182750-C-T,19-33186579-C-T,19-33175938-G-A,19-33183316-A-G,19-33183669-C-A,19-33184369-A-G,19-33184412-C-T,19-33187961-A-C,19-33190146-G-T,19-33191192-C-T,19-33195947-A-G,19-33196644-C-T,19-33199227-G-A,19-33211232-A-G,19-33226229-T-C,19-33242701-G-A,19-33242755-C-T,19-33243855-C-T,19-33246031-TC-T,19-33246034-A-ATTT,19-33250690-C-T,19-33180434-C-A,19-33181484-C-T,19-33183291-G-A,19-33247301-G-GT,19-33212301-A-AT,19-33236999-G-C,19-33204251-G-C,19-33204309-T-TGCC,19-33209614-C-G,19-33210646-A-G,19-33220973-G-A,19-33221607-TTAGG-T,19-33221767-C-T,19-33223766-T-C,19-33239846-T-G,19-33240447-T-C,19-33171346-T-C,19-33332952-C-T,19-33338605-C-T,19-33321447-A-G,19-33325006-C-T,19-33280084-G-A,19-33284750-G-A,19-33313609-C-T,19-33204544-T-C,19-33208155-C-T,19-33205844-G-C,19-33342844-G-A,19-33231619-C-T","ENSG00000124299,ENSG00000131941,ENSG00000201967,ENSG00000289378,ENSG00000168813,ENSG00000124302,ENSG00000153879,ENSG00000178904,ENSG00000130881,ENSG00000105185,ENSG00000076650,ENSG00000105186,ENSG00000267213,ENSG00000131944,ENSG00000245848,ENSG00000213965,ENSG00000166359,ENSG00000267130,ENSG00000121289,ENSG00000267296","ENSG00000124299,ENSG00000267725,ENSG00000267557,ENSG00000266985,ENSG00000270212,ENSG00000245848,ENSG00000242436,ENSG00000266899,ENSG00000267245,ENSG00000267213,ENSG00000130881,ENSG00000200738,ENSG00000249987,ENSG00000267611,ENSG00000105185,ENSG00000131941,ENSG00000240626,ENSG00000153879,ENSG00000239988,ENSG00000201967,ENSG00000267130,ENSG00000213965,ENSG00000232429,ENSG00000105186,ENSG00000124302,ENSG00000121289,ENSG00000239253,ENSG00000131944,ENSG00000288790,ENSG00000286041,ENSG00000287526,ENSG00000243864,ENSG00000267054,ENSG00000168813,ENSG00000178904,ENSG00000076650,ENSG00000186008,ENSG00000166359,ENSG00000270849,ENSG00000186326,ENSG00000289378,ENSG00000201388,ENSG00000267296",ENSG00000213965,Liver eQTLs,train
20021402600092196-92196000001211,chr11,"11-1962700-C-T,11-1967365-C-T,11-1984911-C-T,11-1977552-G-A,11-1985287-C-T,11-1979367-G-A,11-1981190-G-A,11-1986386-C-T,11-1987961-C-T,11-1989882-C-T,11-1992956-G-A,11-1992327-C-T","ENSG00000184545,ENSG00000231487,ENSG00000064201,ENSG00000244242,ENSG00000229512,ENSG00000149043,ENSG00000205869,ENSG00000099869,ENSG00000167244,ENSG00000174672,ENSG00000184956,ENSG00000205865,ENSG00000110628,ENSG00000053918,ENSG00000283787,ENSG00000238184,ENSG00000129757,ENSG00000117983,ENSG00000205864,ENSG00000254827,ENSG00000269821,ENSG00000235027,ENSG00000181649,ENSG00000284779,ENSG00000214026,ENSG00000184281,ENSG00000255153,ENSG00000130598,ENSG00000254872,ENSG00000254647,ENSG00000180176,ENSG00000236264,ENSG00000078902,ENSG00000110665,ENSG00000130592,ENSG00000227306,ENSG00000117984,ENSG00000130600,ENSG00000130595,ENSG00000110651,ENSG00000183734,ENSG00000205866,ENSG00000182208,ENSG00000233930","ENSG00000110628,ENSG00000237941,ENSG00000236041,ENSG00000230834,ENSG00000099869,ENSG00000205864,ENSG00000235027,ENSG00000285985,ENSG00000117984,ENSG00000249086,ENSG00000184545,ENSG00000254872,ENSG00000233930,ENSG00000130600,ENSG00000185940,ENSG00000274740,ENSG00000117983,ENSG00000284779,ENSG00000229512,ENSG00000078902,ENSG00000275669,ENSG00000180176,ENSG00000130598,ENSG00000284594,ENSG00000130592,ENSG00000236264,ENSG00000283787,ENSG00000229414,ENSG00000255153,ENSG00000205867,ENSG00000183734,ENSG00000167244,ENSG00000149043,ENSG00000265258,ENSG00000254647,ENSG00000184281,ENSG00000181649,ENSG00000182208,ENSG00000129757,ENSG00000230080,ENSG00000227306,ENSG00000207308,ENSG00000053918,ENSG00000231487,ENSG00000064201,ENSG00000264493,ENSG00000110665,ENSG00000244242,ENSG00000286275,ENSG00000199550,ENSG00000130595,ENSG00000205866,ENSG00000287484,ENSG00000207805,ENSG00000238184,ENSG00000205869,ENSG00000254827,ENSG00000174672,ENSG00000241598,ENSG00000269821,ENSG00000184956,ENSG00000196224,ENSG00000214026,ENSG00000230980,ENSG00000205865,ENSG00000110651",ENSG00000214026,Liver eQTLs,train
20021404900092196-92196000003474,chr19,"19-15931861-C-A,19-15936917-G-A,19-15949405-T-C,19-15937598-G-C,19-15939539-A-G,19-15939104-C-T,19-15939257-T-C,19-15939340-G-A,19-15939648-A-AAAC,19-15939692-C-T,19-15939887-C-T,19-15939996-C-T,19-15940005-T-G,19-15940045-C-T,19-15940075-T-C,19-15941417-G-A,19-15941419-C-T,19-15942514-G-C,19-15952471-A-T,19-15942120-T-C,19-15940480-C-T,19-15940619-A-AT,19-15940659-G-A,19-15940750-G-A,19-15941009-A-C,19-15941019-A-C,19-15941062-A-G,19-15941073-A-C,19-15941100-C-T,19-15941166-C-A,19-15941177-C-T,19-15941368-T-C,19-15941815-A-G,19-15942056-C-T,19-15942195-G-A,19-15942250-G-A,19-15942258-C-T,19-15930122-G-C,19-15942398-C-A,19-15941455-A-G","ENSG00000269516,ENSG00000105137,ENSG00000280332,ENSG00000105122,ENSG00000279529,ENSG00000127527,ENSG00000279203,ENSG00000269243,ENSG00000268087,ENSG00000171903,ENSG00000269044,ENSG00000127528,ENSG00000267056,ENSG00000105072,ENSG00000011451,ENSG00000161031,ENSG00000269399,ENSG00000072958,ENSG00000167460,ENSG00000279748,ENSG00000214046,ENSG00000074181,ENSG00000105085,ENSG00000105141,ENSG00000214049,ENSG00000273218,ENSG00000267904,ENSG00000105058,ENSG00000105135,ENSG00000141867,ENSG00000167461,ENSG00000085872,ENSG00000279198,ENSG00000105127,ENSG00000105131,ENSG00000011243,ENSG00000186115,ENSG00000072954,ENSG00000127526,ENSG00000196684,ENSG00000171954,ENSG00000186529,ENSG00000267308,ENSG00000279716","ENSG00000160994,ENSG00000277766,ENSG00000289330,ENSG00000172519,ENSG00000161031,ENSG00000171903,ENSG00000267235,ENSG00000263595,ENSG00000266951,ENSG00000176231,ENSG00000141867,ENSG00000171942,ENSG00000280412,ENSG00000273218,ENSG00000280332,ENSG00000105127,ENSG00000167459,ENSG00000267373,ENSG00000105058,ENSG00000105072,ENSG00000186115,ENSG00000267961,ENSG00000269516,ENSG00000171954,ENSG00000186529,ENSG00000141977,ENSG00000269419,ENSG00000279203,ENSG00000275901,ENSG00000267517,ENSG00000214046,ENSG00000196684,ENSG00000072958,ENSG00000267450,ENSG00000279748,ENSG00000279977,ENSG00000279198,ENSG00000252661,ENSG00000085872,ENSG00000267392,ENSG00000127529,ENSG00000105137,ENSG00000011451,ENSG00000105135,ENSG00000167461,ENSG00000240106,ENSG00000279716,ENSG00000074181,ENSG00000268087,ENSG00000267135,ENSG00000269085,ENSG00000127528,ENSG00000289333,ENSG00000269765,ENSG00000279529,ENSG00000171936,ENSG00000105122,ENSG00000167460,ENSG00000269635,ENSG00000267275,ENSG00000268564,ENSG00000105085,ENSG00000186723,ENSG00000264250,ENSG00000267904,ENSG00000214049,ENSG00000127527,ENSG00000072954,ENSG00000105131,ENSG00000268673,ENSG00000269799,ENSG00000011243,ENSG00000267308,ENSG00000105141,ENSG00000268189,ENSG00000267056,ENSG00000267609,ENSG00000269399,ENSG00000127526,ENSG00000275711,ENSG00000269044,ENSG00000094661,ENSG00000269243,ENSG00000277825",ENSG00000214049,Liver eQTLs,train
20021407800092196-92196000004509,chr20,"20-34343442-A-G,20-34215234-C-CA,20-34221155-G-T,20-34226526-TAACA-T,20-34228349-T-A,20-34232415-G-T,20-34234800-A-G,20-34251982-G-C,20-34261126-C-T,20-34270266-C-T,20-34271774-G-A,20-34284689-G-A,20-34290281-A-G,20-34296508-TC-T,20-34299851-C-T,20-34304224-A-C,20-34305445-C-T,20-34307247-C-G,20-34312658-A-G,20-34314114-C-T,20-34314725-C-T,20-34315505-C-T,20-34319118-A-T,20-34319343-A-G,20-34320253-G-A,20-34320759-C-T,20-34321326-T-C,20-34321895-A-G,20-34327159-T-A,20-34332938-A-G,20-34337480-G-A,20-34339200-G-A,20-34340275-T-C,20-34344084-C-T,20-34344225-T-A,20-34344226-A-C,20-34344410-G-T,20-34218673-G-C,20-34245379-A-G,20-34252856-G-A,20-34286251-G-T,20-34315677-T-C,20-34344947-G-A,20-34199977-G-A,20-34212327-C-A,20-34244104-T-A,20-34245924-C-T,20-34253656-C-G,20-34257284-G-T,20-34303409-T-G,20-34318911-C-T,20-34325470-G-A,20-34327605-T-TA,20-34335744-A-G,20-34235522-C-T,20-34343004-G-A,20-34276672-AGGAAAAGAGGGAGGGAG-A,20-34271574-C-T,20-34344193-C-CAA,20-34294473-AAT-A,20-34284597-T-TA,20-34353137-C-G,20-34365112-G-T,20-34371913-A-C,20-34372941-C-G,20-34373234-G-C,20-34376486-A-G,20-34392464-A-G,20-34394003-T-A,20-34397189-G-T,20-34398628-T-C,20-34445164-G-A,20-34446683-CG-C,20-34446826-A-G,20-34448387-G-T,20-34448773-G-C,20-34449840-G-T,20-34449851-C-T,20-34289650-T-A,20-34280926-G-GA,20-34392176-G-C,20-34378132-T-G,20-34357783-AATTTT-A,20-34438183-C-T,20-34442731-G-A,20-34441541-A-G,20-34368167-G-A,20-34388789-G-T,20-34198350-C-CA,20-34362326-A-T,20-34363584-A-G,20-34367732-T-C,20-34368028-C-G,20-34369596-G-A,20-34370100-G-A,20-34378629-C-T,20-34388806-G-A,20-34391052-T-C,20-34393074-A-T,20-34393816-C-G,20-34400757-T-A,20-34413663-A-G,20-34422464-C-T,20-34432882-A-G,20-34555878-C-T,20-34312713-C-T,20-34477249-TC-T,20-34534374-G-A,20-34368473-CT-C,20-34459389-CCT-C,20-34462550-C-T,20-34464258-C-T,20-34467215-T-C,20-34472105-C-T,20-34478884-T-C,20-34478954-C-T,20-34479277-C-T,20-34480557-G-T,20-34481143-C-T,20-34489009-G-A,20-34489481-ATGTT-A,20-34491110-C-A,20-34491530-A-G,20-34492974-C-T,20-34496162-G-T,20-34497660-G-C,20-34498551-T-C,20-34499368-C-T,20-34499996-G-A,20-34502107-G-A,20-34504992-TAC-T,20-34507890-G-C,20-34507921-C-T,20-34509107-T-C,20-34511823-A-G,20-34516285-C-G,20-34524494-T-C,20-34525646-G-C,20-34525838-G-C,20-34537160-G-A,20-34539466-T-C,20-34212151-G-A,20-34218173-C-T,20-34294015-C-T,20-34298163-T-C,20-34350123-A-G,20-34351476-T-C,20-34355523-C-G,20-34356529-AAG-A,20-34357008-C-T,20-34359587-G-A,20-34350666-C-T,20-34358652-C-A,20-34401050-C-T,20-34530270-A-G,20-34350346-G-A,20-34353278-A-G,20-34354190-C-T,20-34539596-G-A,20-34542365-C-G,20-34543125-G-A,20-34546500-A-G,20-34547763-T-C,20-34548865-C-T,20-34560526-G-A,20-34203409-A-G,20-34453362-T-A,20-34562924-T-A,20-34350306-T-C,20-34562914-T-A,20-34462667-T-A,20-34428078-A-T,20-34358527-T-C,20-34351935-G-A,20-34523833-C-T","ENSG00000214078,ENSG00000101079,ENSG00000244005,ENSG00000101019,ENSG00000100983,ENSG00000088340,ENSG00000126005,ENSG00000118707,ENSG00000101084,ENSG00000125966,ENSG00000061656,ENSG00000260032,ENSG00000242372,ENSG00000278367,ENSG00000088298,ENSG00000025293,ENSG00000101335,ENSG00000101000,ENSG00000101082,ENSG00000088367,ENSG00000126001,ENSG00000131051,ENSG00000125995,ENSG00000198646,ENSG00000232907,ENSG00000080845,ENSG00000279253,ENSG00000244462,ENSG00000131069,ENSG00000131043,ENSG00000125991,ENSG00000131067,ENSG00000100991,ENSG00000078814,ENSG00000171222","ENSG00000207997,ENSG00000126005,ENSG00000100983,ENSG00000225336,ENSG00000025293,ENSG00000061656,ENSG00000149609,ENSG00000201498,ENSG00000206582,ENSG00000214078,ENSG00000225246,ENSG00000230837,ENSG00000201151,ENSG00000244005,ENSG00000214200,ENSG00000088367,ENSG00000260032,ENSG00000118707,ENSG00000125995,ENSG00000100991,ENSG00000125966,ENSG00000231034,ENSG00000242372,ENSG00000131067,ENSG00000126001,ENSG00000244462,ENSG00000214185,ENSG00000131043,ENSG00000078814,ENSG00000231795,ENSG00000234933,ENSG00000080845,ENSG00000101000,ENSG00000236388,ENSG00000264616,ENSG00000125991,ENSG00000278367,ENSG00000286803,ENSG00000101335,ENSG00000131069,ENSG00000131051,ENSG00000101079,ENSG00000288878,ENSG00000229188,ENSG00000279253,ENSG00000088298,ENSG00000101019,ENSG00000171222,ENSG00000202150,ENSG00000271803,ENSG00000232907,ENSG00000101084,ENSG00000228958,ENSG00000228386,ENSG00000207635,ENSG00000234087,ENSG00000198646,ENSG00000088340,ENSG00000101082,ENSG00000200301",ENSG00000214078,Liver eQTLs,train
20021408700092196-92196000003290,chr17,"17-79634062-CTG-C,17-79634062-CTG-C,17-79634062-CTG-C,17-79634162-T-G,17-79634162-T-G,17-79634162-T-G,17-79634541-T-C,17-79634541-T-C,17-79634541-T-C,17-79634774-A-T,17-79634774-A-T,17-79634774-A-T,17-79634813-T-C,17-79634813-T-C,17-79634813-T-C,17-79635649-G-A,17-79635649-G-A,17-79635649-G-A,17-79636153-C-G,17-79636153-C-G,17-79636153-C-G,17-79636653-A-G,17-79636653-A-G,17-79636653-A-G,17-79638049-A-C,17-79638049-A-C,17-79638049-A-C,17-79638568-G-C,17-79638568-G-C,17-79638568-G-C,17-79638805-C-T,17-79638805-C-T,17-79638805-C-T,17-79639983-C-T,17-79639983-C-T,17-79639983-C-T,17-79641534-C-T,17-79641534-C-T,17-79641534-C-T,17-79649515-G-A,17-79649515-G-A,17-79649515-G-A,17-79635058-C-T,17-79635058-C-T,17-79635058-C-T,17-79644042-A-G,17-79644042-A-G,17-79644042-A-G,17-79672355-A-C,17-79672355-A-C,17-79672355-A-C,17-79673088-G-A,17-79673088-G-A,17-79673088-G-A,17-79635918-T-G,17-79635918-T-G,17-79635918-T-G,17-79635912-GTT-G,17-79635912-GTT-G,17-79635912-GTT-G,17-79635281-C-T,17-79635281-C-T,17-79635281-C-T,17-79687736-G-T,17-79687736-G-T,17-79687736-G-T,17-79642500-G-A,17-79642500-G-A,17-79642500-G-A,17-79643497-T-C,17-79643497-T-C,17-79643497-T-C,17-79644695-G-A,17-79644695-G-A,17-79644695-G-A,17-79658100-C-T,17-79658100-C-T,17-79658100-C-T,17-79659847-C-T,17-79659847-C-T,17-79659847-C-T,17-79655046-C-T,17-79655046-C-T,17-79655046-C-T,17-79637065-T-C,17-79637065-T-C,17-79637065-T-C,17-79642531-C-T,17-79642531-C-T,17-79642531-C-T,17-79660187-C-T,17-79660187-C-T,17-79660187-C-T,17-79638120-C-T,17-79638120-C-T,17-79638120-C-T,17-79651490-C-A,17-79651490-C-A,17-79651490-C-A,17-79654285-G-A,17-79654285-G-A,17-79654285-G-A","ENSG00000280351,ENSG00000185504,ENSG00000287193,ENSG00000279692,ENSG00000185527,ENSG00000279613,ENSG00000169750,ENSG00000185624,ENSG00000214087,ENSG00000175866,ENSG00000260011,ENSG00000157637,ENSG00000185298,ENSG00000185359,ENSG00000141574,ENSG00000181409,ENSG00000266445,ENSG00000275902,ENSG00000141562,ENSG00000262877,ENSG00000169696,ENSG00000265692,ENSG00000275888,ENSG00000141526,ENSG00000262049,ENSG00000182676,ENSG00000181396,ENSG00000264548,ENSG00000263167,ENSG00000186765,ENSG00000169683,ENSG00000173762,ENSG00000183010,ENSG00000183684,ENSG00000266074,ENSG00000264569,ENSG00000279187,ENSG00000265678,ENSG00000169733,ENSG00000262652,ENSG00000262223,ENSG00000141552,ENSG00000141551,ENSG00000141577,ENSG00000278876,ENSG00000185168,ENSG00000169660,ENSG00000169710,ENSG00000169727,ENSG00000260005,ENSG00000169718,ENSG00000266236,ENSG00000279066,ENSG00000226137,ENSG00000204237,ENSG00000141580,ENSG00000280407,ENSG00000225663,ENSG00000263731,ENSG00000265688,ENSG00000287737,ENSG00000167302,ENSG00000265136,ENSG00000183048,ENSG00000215644,ENSG00000187531,ENSG00000141568,ENSG00000182446,ENSG00000287431,ENSG00000185813,ENSG00000276101,ENSG00000289182,ENSG00000169738,ENSG00000262814,ENSG00000169689,ENSG00000184009,ENSG00000224877,ENSG00000279372,ENSG00000185269,ENSG00000279744,ENSG00000197063,ENSG00000176155,ENSG00000141522,ENSG00000265458,ENSG00000185332,ENSG00000260563,ENSG00000178927,ENSG00000262873,ENSG00000176108","ENSG00000265458,ENSG00000187531,ENSG00000275902,ENSG00000264569,ENSG00000262223,ENSG00000183010,ENSG00000213128,ENSG00000141526,ENSG00000279187,ENSG00000169718,ENSG00000169727,ENSG00000169750,ENSG00000181409,ENSG00000262873,ENSG00000263278,ENSG00000262652,ENSG00000263731,ENSG00000175866,ENSG00000157637,ENSG00000141580,ENSG00000185504,ENSG00000262768,ENSG00000262343,ENSG00000204237,ENSG00000182676,ENSG00000184009,ENSG00000224877,ENSG00000276101,ENSG00000185359,ENSG00000266445,ENSG00000266665,ENSG00000265692,ENSG00000226137,ENSG00000141577,ENSG00000169738,ENSG00000262814,ENSG00000271340,ENSG00000185527,ENSG00000169689,ENSG00000169696,ENSG00000262877,ENSG00000225663,ENSG00000267491,ENSG00000289182,ENSG00000260005,ENSG00000185813,ENSG00000260011,ENSG00000169733,ENSG00000287193,ENSG00000275888,ENSG00000141522,ENSG00000280351,ENSG00000141574,ENSG00000266236,ENSG00000265678,ENSG00000278876,ENSG00000169710,ENSG00000197063,ENSG00000262049,ENSG00000141568,ENSG00000275516,ENSG00000265136,ENSG00000267355,ENSG00000252391,ENSG00000173762,ENSG00000185624,ENSG00000280407,ENSG00000183684,ENSG00000185332,ENSG00000167302,ENSG00000141552,ENSG00000287737,ENSG00000232083,ENSG00000186765,ENSG00000183048,ENSG00000176155,ENSG00000279372,ENSG00000276863,ENSG00000279744,ENSG00000169660,ENSG00000185298,ENSG00000265561,ENSG00000262000,ENSG00000264961,ENSG00000279613,ENSG00000176108,ENSG00000141551,ENSG00000214087,ENSG00000266711,ENSG00000185269,ENSG00000287431,ENSG00000169683,ENSG00000266074,ENSG00000265688,ENSG00000279066,ENSG00000279273,ENSG00000141562,ENSG00000181396,ENSG00000263167,ENSG00000182446,ENSG00000215644,ENSG00000279692,ENSG00000185168,ENSG00000264548,ENSG00000178927,ENSG00000260563",ENSG00000214087,Liver eQTLs,train
20021417400092196-92196000003182,chr17,17-62844916-G-C,"ENSG00000263647,ENSG00000266402,ENSG00000120063,ENSG00000264057,ENSG00000286629,ENSG00000224383,ENSG00000271605,ENSG00000258890,ENSG00000214176,ENSG00000265218,ENSG00000168646,ENSG00000266820,ENSG00000232457,ENSG00000108370,ENSG00000265982,ENSG00000007314,ENSG00000108622,ENSG00000265298,ENSG00000265912,ENSG00000214174,ENSG00000256525,ENSG00000136478,ENSG00000108854,ENSG00000178607,ENSG00000259384,ENSG00000007312,ENSG00000108654,ENSG00000176809,ENSG00000261371","ENSG00000272164,ENSG00000251981,ENSG00000264907,ENSG00000108654,ENSG00000214176,ENSG00000207382,ENSG00000226797,ENSG00000239809,ENSG00000108370,ENSG00000265262,ENSG00000265971,ENSG00000233635,ENSG00000263647,ENSG00000265298,ENSG00000178607,ENSG00000286629,ENSG00000265982,ENSG00000232457,ENSG00000239527,ENSG00000007314,ENSG00000271919,ENSG00000266647,ENSG00000266820,ENSG00000263644,ENSG00000136478,ENSG00000202361,ENSG00000264529,ENSG00000108622,ENSG00000168646,ENSG00000256525,ENSG00000270324,ENSG00000283538,ENSG00000261371,ENSG00000207552,ENSG00000176809,ENSG00000271605,ENSG00000265282,ENSG00000120063,ENSG00000207123,ENSG00000200560,ENSG00000264513,ENSG00000258890,ENSG00000265912,ENSG00000259384,ENSG00000265218,ENSG00000265000,ENSG00000228979,ENSG00000007312,ENSG00000272383,ENSG00000265702,ENSG00000266402,ENSG00000264057,ENSG00000214174,ENSG00000242123,ENSG00000108854,ENSG00000287457,ENSG00000199697,ENSG00000263887,ENSG00000266365,ENSG00000172421,ENSG00000271749,ENSG00000188755,ENSG00000224353,ENSG00000263501,ENSG00000224383",ENSG00000214174,Liver eQTLs,train
20021424300092196-92196000006845,chr7,"7-76215602-C-T,7-76238107-T-C,7-76193193-G-T,7-76237403-A-G,7-76228705-T-C,7-76231596-T-C,7-76231772-T-C,7-76229947-C-T,7-76228679-A-G,7-76255452-G-A,7-76228477-A-C,7-76229194-C-G,7-76230623-G-A,7-76248624-C-G,7-76251126-G-A,7-76252547-G-A,7-76254332-C-G,7-76249001-T-C,7-76249895-C-T,7-76253066-C-T,7-76254522-A-G,7-76253583-C-T,7-76253315-C-T,7-76250789-T-C,7-76253386-G-A,7-76253376-T-C,7-76240349-G-A,7-76232009-G-A,7-76232013-T-A,7-76250716-C-G,7-76240459-G-A,7-76254060-T-G,7-76254672-T-A,7-76198932-G-A,7-76239279-T-C,7-76239480-C-A,7-76240888-A-G,7-76212086-A-G,7-76232618-G-T,7-76252744-T-C,7-76249808-G-A,7-76252630-G-C,7-76221451-C-A,7-76268277-T-C,7-76221077-G-A,7-76219946-C-G,7-76236751-A-G,7-76235700-G-A,7-76239503-G-GC,7-76226411-G-C,7-76227250-T-G,7-76228642-G-A,7-76239703-T-A,7-76205396-A-G,7-76197643-G-A,7-76254014-G-C,7-76247805-A-G,7-76266035-T-C,7-76201703-A-G,7-76207259-G-A,7-76245478-G-A,7-76197678-T-C,7-76264031-T-C,7-76193123-A-G,7-76232260-T-C,7-76182731-C-G,7-76240785-CA-C,7-76240451-A-G,7-76193147-AC-A,7-76200250-C-T,7-76189722-G-T,7-76242239-G-T,7-76240247-A-G,7-76190268-G-GTTTTA,7-76190268-G-GTTTTA,7-76192680-C-T,7-76210741-A-T,7-76178113-G-A,7-76267565-G-GTC,7-76242274-T-C,7-76232132-A-G,7-76138796-C-CAA,7-76131061-C-T,7-76251842-T-C,7-76144774-A-T,7-76144775-T-C,7-76144776-A-T,7-76249730-T-C,7-76127071-G-T,7-76131812-C-G,7-76132473-C-A,7-76132270-C-A,7-76134236-C-T,7-76134433-C-A,7-76142872-A-G,7-76142930-C-T,7-76143705-T-G,7-76144156-A-G,7-76144483-A-G,7-76135677-C-T,7-76135821-C-T,7-76135921-G-A,7-76135948-A-G,7-76136719-A-G,7-76137375-C-T,7-76137924-C-T,7-76138835-C-T,7-76138845-T-C,7-76138967-C-G,7-76139115-T-A,7-76139384-C-T,7-76139395-C-T,7-76139453-C-T,7-76132397-A-G,7-76278868-C-T,7-76175351-G-GT,7-76175264-G-A,7-76132898-T-C,7-76249329-T-C,7-76135134-G-A,7-76250806-C-T,7-76187268-C-A","ENSG00000177679,ENSG00000233448,ENSG00000146707,ENSG00000214439,ENSG00000186645,ENSG00000106211,ENSG00000146700,ENSG00000127948,ENSG00000224273,ENSG00000242435,ENSG00000189077,ENSG00000205485,ENSG00000005486,ENSG00000280388,ENSG00000214243,ENSG00000230882,ENSG00000106178,ENSG00000213542,ENSG00000241350,ENSG00000186088,ENSG00000127946,ENSG00000213549,ENSG00000091073,ENSG00000205482,ENSG00000127947,ENSG00000135205,ENSG00000127952,ENSG00000227038,ENSG00000235090,ENSG00000146701,ENSG00000127951,ENSG00000170027","ENSG00000250614,ENSG00000199870,ENSG00000238560,ENSG00000267828,ENSG00000224273,ENSG00000127951,ENSG00000201959,ENSG00000280388,ENSG00000127952,ENSG00000127946,ENSG00000146701,ENSG00000200874,ENSG00000285666,ENSG00000189077,ENSG00000251798,ENSG00000235090,ENSG00000186088,ENSG00000286137,ENSG00000106211,ENSG00000146707,ENSG00000202021,ENSG00000170027,ENSG00000279996,ENSG00000219039,ENSG00000227038,ENSG00000177679,ENSG00000230305,ENSG00000135205,ENSG00000273598,ENSG00000127948,ENSG00000242435,ENSG00000146722,ENSG00000214243,ENSG00000201643,ENSG00000213548,ENSG00000127947,ENSG00000230882,ENSG00000201885,ENSG00000286038,ENSG00000233980,ENSG00000228829,ENSG00000213542,ENSG00000091073,ENSG00000276840,ENSG00000241350,ENSG00000275930,ENSG00000205485,ENSG00000106178,ENSG00000214439,ENSG00000277675,ENSG00000286014,ENSG00000146700,ENSG00000233448,ENSG00000213549,ENSG00000250778,ENSG00000263081,ENSG00000186645,ENSG00000231183,ENSG00000205482,ENSG00000005486,ENSG00000225703",ENSG00000214243,Liver eQTLs,train
20021426400092196-92196000001102,chr11,"11-112037384-A-G,11-112034725-G-A,11-112034988-C-G,11-112036149-A-G,11-112037653-G-A,11-112047456-A-T,11-112050326-A-T,11-112042197-C-T,11-112037554-C-A,11-112034739-A-C,11-112058276-C-T,11-112031080-G-A,11-112032249-C-T,11-112033604-A-G,11-112070174-G-A,11-112080424-T-C,11-112081208-A-C,11-112084061-T-C,11-112034316-C-CT,11-112059277-C-T,11-112061441-T-A,11-112068758-G-A,11-112058408-G-A,11-112059715-T-C,11-112063254-C-T,11-112068285-A-G,11-112057306-A-G,11-112040027-A-G,11-112001886-C-T,11-112005681-C-T,11-112005820-C-A,11-112008793-G-A,11-112005939-A-G,11-112008295-G-A,11-112017648-T-C,11-112011167-C-A,11-112011772-C-T,11-112016921-A-T,11-112020916-T-G,11-112021944-A-G,11-112025916-G-C","ENSG00000137713,ENSG00000214290,ENSG00000150773,ENSG00000149300,ENSG00000150779,ENSG00000235286,ENSG00000150768,ENSG00000137720,ENSG00000196167,ENSG00000170145,ENSG00000150783,ENSG00000110777,ENSG00000109846,ENSG00000149294,ENSG00000170276,ENSG00000086848,ENSG00000255561,ENSG00000150764,ENSG00000214264,ENSG00000204381,ENSG00000230911,ENSG00000250303,ENSG00000204370,ENSG00000254990,ENSG00000150776","ENSG00000254990,ENSG00000214264,ENSG00000255484,ENSG00000287006,ENSG00000204381,ENSG00000271584,ENSG00000254980,ENSG00000137707,ENSG00000285769,ENSG00000214290,ENSG00000204370,ENSG00000206772,ENSG00000254949,ENSG00000213233,ENSG00000271390,ENSG00000223324,ENSG00000235286,ENSG00000230911,ENSG00000170276,ENSG00000086848,ENSG00000212397,ENSG00000149300,ENSG00000255428,ENSG00000149294,ENSG00000250303,ENSG00000150776,ENSG00000109846,ENSG00000183644,ENSG00000254626,ENSG00000170145,ENSG00000150764,ENSG00000255561,ENSG00000253099,ENSG00000150773,ENSG00000137720,ENSG00000254638,ENSG00000207811,ENSG00000238444,ENSG00000137713,ENSG00000286028,ENSG00000150750,ENSG00000110777,ENSG00000255093,ENSG00000238998,ENSG00000255334,ENSG00000255286,ENSG00000238965,ENSG00000188771,ENSG00000196167,ENSG00000270202,ENSG00000288097,ENSG00000288070,ENSG00000200168,ENSG00000287028,ENSG00000247416,ENSG00000254450,ENSG00000264032,ENSG00000271025,ENSG00000150783,ENSG00000150779,ENSG00000150768",ENSG00000214264,Liver eQTLs,train
20021429000092196-92196000001093,chr11,"11-111149632-G-C,11-111139290-G-A,11-111176558-T-C","ENSG00000214290,ENSG00000137713,ENSG00000254990,ENSG00000254416,ENSG00000150782,ENSG00000255231,ENSG00000170145,ENSG00000110777,ENSG00000086848,ENSG00000250303,ENSG00000109846,ENSG00000214264,ENSG00000150773,ENSG00000137727,ENSG00000150764,ENSG00000230911,ENSG00000149300,ENSG00000150779,ENSG00000150783,ENSG00000137720,ENSG00000150768,ENSG00000255561,ENSG00000204370,ENSG00000150787,ENSG00000137714,ENSG00000137710,ENSG00000150776,ENSG00000170276,ENSG00000204381,ENSG00000235286,ENSG00000197580","ENSG00000254949,ENSG00000150776,ENSG00000150782,ENSG00000086848,ENSG00000207811,ENSG00000214290,ENSG00000137713,ENSG00000287028,ENSG00000170145,ENSG00000254990,ENSG00000271584,ENSG00000270202,ENSG00000238444,ENSG00000264032,ENSG00000255561,ENSG00000287556,ENSG00000200168,ENSG00000150787,ENSG00000233497,ENSG00000170276,ENSG00000271025,ENSG00000271390,ENSG00000150764,ENSG00000204370,ENSG00000150768,ENSG00000137720,ENSG00000255231,ENSG00000255334,ENSG00000137714,ENSG00000250303,ENSG00000255093,ENSG00000150779,ENSG00000149300,ENSG00000183644,ENSG00000253099,ENSG00000150750,ENSG00000254980,ENSG00000223324,ENSG00000150773,ENSG00000197580,ENSG00000286028,ENSG00000137710,ENSG00000214264,ENSG00000137707,ENSG00000238965,ENSG00000255428,ENSG00000255149,ENSG00000230911,ENSG00000109846,ENSG00000288097,ENSG00000254450,ENSG00000110777,ENSG00000255286,ENSG00000235286,ENSG00000254416,ENSG00000150783,ENSG00000204381,ENSG00000137727",ENSG00000214290,Liver eQTLs,train
20021440100092196-92196000003086,chr17,"17-43958362-T-G,17-43670536-A-G,17-43670754-G-A,17-43932173-A-G,17-43670018-G-A,17-44259261-T-G,17-44270708-AGCGGTGGCG-A,17-43663213-C-CA,17-43666385-C-T,17-43671066-G-GA,17-44327482-G-A,17-44019107-T-G,17-44046934-T-A,17-43671174-A-G,17-43839150-AT-A,17-44327642-AC-A,17-44078892-G-A,17-44334768-A-G,17-43690637-T-C,17-43671235-C-T,17-44113359-T-C,17-43900215-T-TAA,17-43668017-G-A,17-43699113-A-G,17-44224940-A-T,17-44224939-A-T,17-43666431-T-C,17-43675489-A-T,17-43666244-A-G,17-43790770-A-G,17-44242606-C-CTTAT,17-43667413-CTT-C,17-43758116-AAAAG-A,17-43668815-A-G,17-44327070-G-A,17-44101563-T-C,17-43722509-C-G,17-43668239-T-C,17-43841356-CTT-C,17-44284877-AAAAAAAAAAAAAAG-A,17-43956305-CTT-C,17-43790598-G-GAA,17-43691173-C-T,17-43667635-A-G,17-44025359-TTTG-T,17-43669049-A-AC,17-43959261-G-A,17-44340942-T-C,17-43666251-C-G,17-44066252-AAAACAAAC-A,17-44066252-AAAACAAAC-A,17-43714190-A-T,17-44157676-CT-C,17-44220863-AAAAT-A,17-43756466-T-C,17-43715924-A-G,17-43760374-A-AT,17-43666001-A-C,17-43953240-CTATATA-C,17-43767188-G-C,17-44359783-G-T,17-43665468-T-G,17-43665906-C-G,17-43666492-C-T,17-43666511-A-T,17-43666906-G-C,17-43667365-T-C,17-43667792-C-T,17-43667836-C-A,17-43667915-T-C,17-43667922-G-C,17-43667934-C-G,17-43668187-A-G,17-43668455-T-G,17-43668539-T-G,17-43668539-T-G,17-43669250-A-G,17-43669704-C-A,17-43671099-C-A,17-43680850-G-C,17-43683597-T-G,17-43683611-G-T,17-43683792-ATGG-A,17-43684563-T-C,17-43685826-A-G,17-43686420-A-G,17-43687072-G-A,17-43687268-G-A,17-43688042-C-G,17-43688249-G-C,17-43688387-A-G,17-43688579-A-G,17-43690468-C-T,17-43692935-A-G,17-43693538-G-T,17-43971785-A-G,17-43663455-C-CT,17-43721690-CAAAAAAAA-C,17-43963282-C-G,17-43689090-T-C,17-44041562-G-T,17-44016011-A-AT,17-44014981-G-T,17-44014982-G-T,17-44284962-A-AG,17-44035233-A-T,17-44234265-C-CAAA,17-44034486-A-G,17-44028011-T-G,17-44028045-G-T,17-43756171-A-AAAAC,17-44331297-G-T,17-43756458-G-A,17-43670073-G-T,17-44217226-A-G,17-44142332-T-G,17-44142334-G-T,17-44142231-T-TA,17-43970108-C-A,17-44262203-CTTTTTT-C,17-43751308-T-C,17-44203806-C-CA,17-43754909-A-G,17-43750315-A-G,17-44260967-G-A,17-44141347-A-G,17-44366315-T-C,17-44003580-GA-G,17-44045574-AC-A,17-44364519-C-G,17-44244397-G-A,17-44047037-T-A,17-44007773-CAAAA-C,17-44364829-A-C,17-44327712-C-T,17-44010463-A-AC,17-43664978-A-G,17-43681149-C-CA,17-43792252-C-A,17-44048936-C-A,17-44048937-T-C,17-44136425-AAAG-A,17-43724247-T-TA,17-44155299-CT-C,17-43673792-A-G,17-44035222-GAA-G,17-44317210-C-A,17-43950444-CA-C,17-44282007-T-C,17-43665838-A-G,17-43693462-C-T,17-43751598-GT-G,17-44153909-A-G,17-44094133-CA-C,17-43989149-A-AAC,17-43989129-CA-C,17-44154033-T-C,17-43848761-T-A,17-44005361-G-A,17-44048941-G-C,17-44048939-AG-A,17-44048943-G-A,17-44130668-T-A,17-44064759-A-C,17-44192395-G-T,17-43776371-C-T,17-43776391-G-C,17-44129997-AAAC-A,17-44258231-A-G,17-44090148-A-C,17-43746418-T-A,17-43981103-C-A,17-43992806-A-G,17-43684920-C-T,17-43992939-T-C,17-43685707-T-C,17-44007785-A-G,17-43981795-G-A,17-43982069-T-G,17-43982062-CTT-C,17-43982062-CTT-C,17-44072423-A-C,17-44093753-T-G,17-43794899-C-T,17-43990662-G-A,17-44322922-A-G,17-44062689-A-C,17-43703555-A-G,17-44205350-A-ATT,17-43740856-C-T,17-44361337-G-T,17-43741627-A-AT,17-44365369-T-C,17-44365374-C-T,17-44086726-T-C,17-44290849-T-A,17-43933830-G-T,17-44326845-A-G,17-43795768-T-C,17-44161747-C-CCAACAA,17-43704310-T-G,17-44304130-C-G,17-43996716-GC-G,17-44344300-G-T,17-43781720-T-TAAAAAAAAGAG,17-43682323-T-C,17-44260939-GA-G,17-44313950-C-A,17-44084533-T-C,17-43741136-C-T,17-44040288-C-CA,17-44206455-G-GA,17-44045585-C-A,17-44354103-A-G,17-44153836-C-T,17-43836109-A-AATT,17-44363929-C-T,17-43836051-T-A,17-44207415-G-GGTGGCAT,17-44260933-A-G,17-43723189-G-A,17-44266290-G-C,17-43934896-T-A,17-44352131-G-T,17-44288640-A-G,17-43946707-T-C,17-43939389-C-T,17-43956734-C-A,17-44364864-C-T,17-44359779-G-T,17-44366410-T-C,17-43850932-C-T,17-43572896-T-G,17-43671471-T-C,17-43685698-A-G,17-43704031-C-A,17-43705518-A-G,17-43707848-G-T,17-43708418-C-G,17-43709893-A-G,17-43712337-C-T,17-43712657-T-C,17-43715018-T-C,17-43717131-C-T,17-43721457-C-T,17-43723462-C-T,17-43724245-G-A,17-43725684-G-A,17-43726574-T-C,17-43727887-A-T,17-43729432-C-T,17-43731896-C-T,17-43734255-TA-T,17-43735555-G-A,17-43736763-C-T,17-43743045-T-C,17-43746276-G-T,17-43749261-T-C,17-43749980-T-C,17-43750238-A-G,17-43751223-A-T,17-43752039-C-T,17-43754099-G-A,17-43754576-C-G,17-43756506-C-T,17-43757777-C-T,17-43758125-A-G,17-43758742-T-C,17-43758887-A-G,17-43760192-A-G,17-43760516-A-T,17-43760759-AT-A,17-43761974-C-A,17-43762537-T-A,17-43763007-T-C,17-43764565-A-G,17-43764987-G-A,17-43766415-A-G,17-43766754-C-T,17-43767628-G-A,17-43767815-C-T,17-43768347-C-T,17-43768501-C-T,17-43768703-C-T,17-43769277-C-G,17-43769819-AAAATT-A,17-43770595-A-G,17-43771493-G-A,17-43772109-C-A,17-43773085-G-A,17-43773525-T-TAAAA,17-43773943-A-G,17-43774845-C-T,17-43775212-CCTT-C,17-43775929-C-G,17-43776741-T-C,17-43776945-T-C,17-43777710-T-C,17-43778406-A-G,17-43779419-T-A,17-43781505-C-T,17-43782558-T-C,17-43784935-C-G,17-43785098-C-T,17-43785808-T-C,17-43787130-T-C,17-43787563-C-G,17-43788419-C-A,17-43788782-C-T,17-43790911-A-T,17-43791332-T-C,17-43791468-T-C,17-43791610-T-C,17-43792099-T-C,17-43792418-T-C,17-43792895-T-G,17-43793342-A-G,17-43793651-G-A,17-43797157-TA-T,17-43798584-CA-C,17-43798790-TTTC-T,17-43799048-G-A,17-43799804-C-A,17-43800351-A-C,17-43804619-C-T,17-43832115-A-G,17-43832367-G-A,17-43835854-C-A,17-43836673-C-T,17-43837115-A-G,17-43838071-C-T,17-43838678-G-A,17-43839253-G-A,17-43840107-C-A,17-43840899-G-C,17-43841729-T-C,17-43844798-G-A,17-43845041-G-A,17-43846820-G-A,17-43847095-C-T,17-43847741-T-C,17-43849787-A-T,17-43850966-A-G,17-43851851-G-A,17-43853109-G-A,17-43853526-A-G,17-43854340-A-G,17-43857033-C-T,17-43857990-T-C,17-43858326-C-T,17-43859065-T-C,17-43859691-C-G,17-43871982-C-T,17-43879308-A-G,17-43881790-C-T,17-43893260-T-C,17-43894102-T-C,17-43894510-G-A,17-43894990-T-G,17-43895530-C-T,17-43895696-G-A,17-43896032-C-T,17-43896616-T-C,17-43897246-A-G,17-43898459-C-T,17-43899655-T-C,17-43899786-C-T,17-43900760-G-A,17-43901238-A-G,17-43902842-C-T,17-43902997-G-A,17-43903336-G-A,17-43903548-C-T,17-43904397-C-T,17-43904948-G-C,17-43907143-G-A,17-43907896-T-C,17-43908476-GT-G,17-43908989-C-T,17-43911443-T-C,17-43911898-C-T,17-43912582-C-T,17-43913360-TGAGGGCAGGAGG-T,17-43914554-C-A,17-43914809-C-T,17-43914990-AAC-A,17-43916773-A-C,17-43918190-T-C,17-43919068-G-T,17-43919105-C-T,17-43920219-AAAG-A,17-43923654-G-C,17-43923934-T-C,17-43924219-T-C,17-43924521-G-A,17-43925605-G-A,17-43926948-A-G,17-43931122-C-T,17-43931626-T-C,17-43932277-G-A,17-43934672-A-C,17-43935118-G-A,17-43936011-A-G,17-43937104-G-A,17-43937460-G-A,17-43937736-C-T,17-43938499-G-A,17-43938882-G-A,17-43939399-A-C,17-43939609-A-T,17-43940685-G-A,17-43941491-A-G,17-43941858-T-G,17-43942820-T-C,17-43943657-A-G,17-43944158-C-T,17-43945495-A-G,17-43946642-T-C,17-43947171-G-A,17-43948040-C-T,17-43950195-T-C,17-43950533-A-G,17-43951345-C-A,17-43952191-A-T,17-43953016-C-T,17-43953707-C-T,17-43954134-G-A,17-43954686-G-A,17-43955365-C-A,17-43956425-C-T,17-43956778-A-G,17-43957328-C-T,17-43958139-A-C,17-43958744-A-G,17-43959918-T-A,17-43960323-A-G,17-43960812-A-T,17-43961044-A-G,17-43963120-C-T,17-43964163-G-A,17-43964561-C-T,17-43965687-C-G,17-43966260-A-G,17-43966795-C-A,17-43967562-T-C,17-43968463-C-G,17-43968994-T-C,17-43969258-G-GC,17-43970012-C-CAG,17-43970662-G-T,17-43971481-T-C,17-43972025-TC-T,17-43973233-C-T,17-43973652-C-T,17-43974230-C-T,17-43974477-A-T,17-43975263-T-C,17-43975417-G-A,17-43976644-G-A,17-43977049-A-G,17-43978306-G-A,17-43978604-A-G,17-43979468-T-A,17-43979971-C-T,17-43980762-A-G,17-43982159-A-G,17-43983159-T-C,17-43984669-A-G,17-43985597-C-T,17-43986432-G-A,17-43987184-T-C,17-43989159-G-GC,17-43989689-T-C,17-43990072-A-G,17-43991252-AC-A,17-43991888-G-A,17-43992305-G-A,17-43994386-C-A,17-43994648-C-T,17-43996721-C-G,17-43997372-T-C,17-43998910-C-T,17-43999529-G-C,17-44000234-A-T,17-44001228-G-A,17-44001661-A-G,17-44002555-A-G,17-44002969-A-C,17-44003599-C-T,17-44005186-G-A,17-44005329-G-A,17-44006085-A-G,17-44006453-C-CT,17-44006453-C-CT,17-44006956-A-G,17-44010040-A-G,17-44011018-A-G,17-44011825-A-C,17-44012915-T-C,17-44013189-C-T,17-44013475-G-A,17-44013966-T-C,17-44014384-G-A,17-44015464-A-G,17-44015929-G-A,17-44016341-G-A,17-44017180-T-G,17-44020314-C-T,17-44021061-C-T,17-44021717-G-A,17-44022068-G-A,17-44022434-G-A,17-44022632-G-A,17-44023842-G-A,17-44024865-T-C,17-44025273-G-A,17-44025650-T-C,17-44026321-T-C,17-44026495-A-G,17-44027316-G-A,17-44028469-CA-C,17-44030195-A-T,17-44030773-A-G,17-44032073-A-G,17-44032879-A-G,17-44033132-C-T,17-44033401-C-T,17-44034673-T-G,17-44034859-A-G,17-44036936-G-A,17-44037491-A-G,17-44039043-G-A,17-44039516-G-T,17-44041101-T-C,17-44042366-G-A,17-44043378-T-C,17-44044508-A-C,17-44046202-C-T,17-44048350-T-C,17-44050340-G-A,17-44050823-G-T,17-44051612-A-G,17-44055638-T-A,17-44056433-T-C,17-44058699-TAGG-T,17-44062915-G-T,17-44063393-G-A,17-44063766-A-G,17-44065669-A-T,17-44065901-C-T,17-44066874-G-A,17-44067400-T-C,17-44067831-T-C,17-44068238-C-T,17-44068543-G-A,17-44069376-G-T,17-44069840-G-A,17-44071089-C-G,17-44072881-C-G,17-44073973-T-C,17-44074581-A-G,17-44075099-T-C,17-44075837-T-C,17-44076665-A-G,17-44077708-G-T,17-44078832-G-A,17-44079721-A-G,17-44081218-C-CT,17-44081527-T-C,17-44082441-T-C,17-44082603-A-C,17-44083323-C-T,17-44084002-T-C,17-44084676-C-T,17-44085852-T-A,17-44086521-G-A,17-44089108-T-C,17-44089690-T-C,17-44090035-C-G,17-44090646-A-G,17-44091092-G-C,17-44092801-G-A,17-44093496-A-G,17-44093993-C-T,17-44096486-C-T,17-44097235-G-C,17-44098862-A-G,17-44099809-A-C,17-44100666-A-C,17-44101871-A-G,17-44102638-A-G,17-44102865-A-C,17-44103927-C-CT,17-44104410-TCTC-T,17-44106219-C-T,17-44108100-C-T,17-44108906-A-G,17-44110888-A-T,17-44111827-C-A,17-44112638-T-C,17-44113224-C-T,17-44114362-A-T,17-44115886-C-T,17-44119463-C-T,17-44119636-A-C,17-44121917-C-T,17-44122354-A-G,17-44123248-T-C,17-44125066-C-T,17-44125704-C-T,17-44126691-G-A,17-44128125-A-C,17-44128876-T-A,17-44131559-C-A,17-44131798-C-T,17-44133070-A-T,17-44133403-T-C,17-44133818-TA-T,17-44134391-G-T,17-44135026-G-C,17-44136634-G-A,17-44137189-A-T,17-44137678-G-A,17-44140341-G-A,17-44141955-T-A,17-44142491-C-CCA,17-44143029-G-T,17-44143029-G-T,17-44144152-T-C,17-44145373-T-C,17-44146357-T-C,17-44147511-G-C,17-44148674-A-G,17-44149210-G-GA,17-44149581-C-T,17-44150464-T-C,17-44151156-T-C,17-44151969-C-CA,17-44152736-G-GCT,17-44153144-A-G,17-44154048-C-T,17-44155157-C-T,17-44156180-A-G,17-44157597-A-G,17-44159672-A-G,17-44159849-T-C,17-44160592-G-A,17-44161985-T-G,17-44163411-T-C,17-44165098-C-T,17-44165803-T-C,17-44166197-A-G,17-44168508-C-T,17-44169377-G-C,17-44169605-T-C,17-44170238-G-A,17-44172408-C-G,17-44172773-C-T,17-44173408-G-A,17-44174068-T-C,17-44174235-A-G,17-44176092-G-A,17-44177097-C-T,17-44177337-C-T,17-44178272-C-T,17-44178884-G-A,17-44179723-T-C,17-44180173-T-G,17-44180997-C-T,17-44181681-A-G,17-44182336-C-A,17-44182845-T-TG,17-44184194-G-GAACTGAGGAGATATGGA,17-44184428-T-C,17-44186894-A-C,17-44188755-T-C,17-44191159-C-T,17-44192590-T-A,17-44192923-A-G,17-44194152-T-A,17-44194621-C-G,17-44197032-T-C,17-44197775-G-GCA,17-44198962-T-TA,17-44200015-T-C,17-44201667-G-A,17-44201887-C-T,17-44202231-A-G,17-44203366-T-C,17-44203855-C-CTCAA,17-44207360-C-T,17-44208218-A-G,17-44208945-C-T,17-44209957-A-G,17-44211902-A-G,17-44213204-C-T,17-44214094-A-G,17-44215045-T-C,17-44216966-G-GC,17-44220790-A-G,17-44222335-G-A,17-44223243-G-A,17-44224686-A-T,17-44226561-T-G,17-44227510-A-T,17-44228824-A-G,17-44231117-T-C,17-44232959-G-A,17-44236725-C-A,17-44238424-G-A,17-44238938-T-C,17-44242788-C-T,17-44243979-C-T,17-44245876-A-G,17-44246997-G-A,17-44249621-A-G,17-44251548-G-A,17-44251769-A-G,17-44252197-G-T,17-44253203-A-C,17-44254413-A-G,17-44255017-T-C,17-44258914-A-G,17-44259792-G-A,17-44261613-T-TCC,17-44263729-C-G,17-44265192-AT-A,17-44265702-A-T,17-44267164-C-T,17-44267863-G-A,17-44272000-G-A,17-44272928-C-A,17-44274985-C-A,17-44275619-A-G,17-44276821-G-A,17-44277818-A-G,17-44279371-TCAAA-T,17-44280523-A-G,17-44281722-T-C,17-44282892-T-C,17-44288156-T-C,17-44289101-A-G,17-44289291-A-C,17-44290047-G-A,17-44290759-T-C,17-44296251-T-C,17-44305252-G-A,17-44314066-A-G,17-44314342-T-C,17-44333121-G-A,17-44333412-G-A,17-44333532-C-G,17-44334052-G-A,17-44339408-C-T,17-44340506-C-G,17-44343304-T-A,17-44348221-A-G,17-44351929-T-G,17-44352633-GT-G,17-44355162-A-G,17-44355726-T-A,17-44357412-TC-T,17-44358107-G-T,17-44368266-T-TA,17-43572419-C-T,17-43573231-C-G,17-43573419-C-T,17-43671737-A-C,17-43671739-A-G,17-43679121-G-A,17-43685021-C-T,17-43704419-T-C,17-43705356-G-A,17-43707619-C-A,17-43707620-G-T,17-43707951-C-T,17-43707955-C-A,17-43708415-CA-C,17-43709415-C-T,17-43709867-T-G,17-43710127-T-A,17-43710371-G-A,17-43710384-A-C,17-43711312-C-T,17-43711539-G-C,17-43712464-G-A,17-43713925-A-G,17-43714673-A-T,17-43714850-G-A,17-43715619-G-C,17-43716885-A-G,17-43717415-A-G,17-43719870-G-A,17-43721283-G-C,17-43723605-T-C,17-43723929-G-A,17-43723930-A-G,17-43724555-G-A,17-43725212-G-A,17-43725762-G-A,17-43725992-G-A,17-43726125-A-C,17-43726588-C-T,17-43727061-C-T,17-43728137-G-A,17-43729384-G-A,17-43730598-G-A,17-43730636-G-T,17-43731719-A-C,17-43733048-A-T,17-43733707-GC-G,17-43733983-G-A,17-43734145-T-C,17-43734304-T-C,17-43734503-A-G,17-43734643-T-C,17-43735276-C-T,17-43735478-A-G,17-43737040-G-A,17-43737730-T-C,17-43738627-T-G,17-43738676-C-A,17-43740967-C-T,17-43741028-A-G,17-43741452-C-T,17-43742454-AC-A,17-43744990-C-T,17-43746187-TC-T,17-43746610-T-TATC,17-43746721-A-G,17-43746839-T-C,17-43747677-C-T,17-43747683-G-A,17-43748046-C-T,17-43748101-A-G,17-43748412-A-G,17-43749168-G-C,17-43749454-G-A,17-43749579-T-C,17-43749949-G-A,17-43750010-G-A,17-43750137-G-C,17-43750939-T-C,17-43751246-C-T,17-43751427-T-C,17-43752078-A-AC,17-43752566-C-T,17-43753454-A-G,17-43753642-A-G,17-43754010-T-C,17-43754209-G-C,17-43754505-A-C,17-43754569-G-A,17-43756340-T-C,17-43756376-G-C,17-43756685-A-G,17-43756833-C-A,17-43756910-T-C,17-43757161-C-T,17-43757776-T-C,17-43758011-G-C,17-43758078-G-A,17-43758148-C-T,17-43758238-C-T,17-43758382-T-C,17-43758787-G-A,17-43758790-C-T,17-43758885-A-G,17-43759048-T-C,17-43759426-C-T,17-43759719-A-G,17-43760080-C-A,17-43760199-C-T,17-43760389-A-G,17-43760577-G-A,17-43760599-A-C,17-43760685-T-C,17-43761381-A-G,17-43761482-T-C,17-43761856-C-T,17-43761939-G-C,17-43761985-A-T,17-43762255-T-C,17-43762429-C-T,17-43762554-A-G,17-43762594-A-T,17-43762846-A-G,17-43763202-G-A,17-43763241-C-T,17-43763935-A-G,17-43764027-GGCCGAGGTGAGAGGCT-G,17-43764378-G-A,17-43764685-C-T,17-43764796-G-T,17-43764847-G-A,17-43765080-A-G,17-43765381-G-C,17-43765778-C-T,17-43766352-G-C,17-43766418-C-T,17-43766494-A-AC,17-43766494-A-AC,17-43766497-T-C,17-43767219-A-C,17-43767538-A-G,17-43767631-G-A,17-43768230-C-G,17-43768346-G-A,17-43768467-C-T,17-43768496-C-T,17-43768621-AG-A,17-43768633-G-A,17-43768727-G-A,17-43769088-T-C,17-43769321-A-C,17-43769516-C-A,17-43770416-T-C,17-43770443-T-C,17-43770525-C-T,17-43770995-G-A,17-43771193-T-C,17-43771627-A-G,17-43772018-G-T,17-43772251-C-T,17-43772407-C-T,17-43772540-G-A,17-43773124-A-C,17-43773248-A-T,17-43773447-T-C,17-43773607-T-G,17-43773784-C-A,17-43773877-A-T,17-43774255-TAGCC-T,17-43774408-A-AAGAAAGAAAGAG,17-43774497-A-T,17-43774959-T-C,17-43775015-T-C,17-43775145-G-A,17-43775402-T-C,17-43775479-T-C,17-43775546-A-G,17-43776061-C-T,17-43776242-A-G,17-43776742-T-C,17-43776787-C-T,17-43777542-A-G,17-43777578-C-T,17-43777745-C-A,17-43777835-TATCCTGCTTCCC-T,17-43778003-T-A,17-43778315-CA-C,17-43778602-C-T,17-43779351-G-A,17-43779657-T-C,17-43780561-C-T,17-43780948-T-C,17-43781105-A-G,17-43781250-C-T,17-43781426-T-C,17-43781778-A-G,17-43782304-T-C,17-43782455-G-T,17-43782492-A-G,17-43782693-A-G,17-43782708-T-C,17-43784624-T-C,17-43784948-G-T,17-43785096-G-A,17-43785104-C-CTTA,17-43785627-A-T,17-43785938-C-T,17-43786013-G-T,17-43786676-T-G,17-43786698-C-T,17-43787226-G-A,17-43787306-T-C,17-43788371-C-T,17-43788649-T-C,17-43788666-C-G,17-43788767-G-A,17-43789144-G-A,17-43789640-A-C,17-43789698-G-A,17-43789971-G-C,17-43789978-G-A,17-43790005-A-G,17-43790401-A-G,17-43790446-A-G,17-43791181-A-C,17-43791344-T-A,17-43791405-C-A,17-43791429-G-A,17-43791652-G-A,17-43792090-G-C,17-43792091-C-T,17-43792326-C-T,17-43792358-A-G,17-43792411-A-G,17-43792493-T-TAAAC,17-43792586-A-C,17-43792896-T-C,17-43792975-G-A,17-43793200-A-T,17-43793388-C-T,17-43793665-A-G,17-43793828-G-A,17-43793951-G-A,17-43794182-G-A,17-43794209-G-C,17-43794286-C-T,17-43795238-G-A,17-43795573-C-T,17-43796396-TG-T,17-43796541-T-A,17-43797087-A-T,17-43798015-A-C,17-43798160-G-A,17-43798401-G-A,17-43798546-A-G,17-43798775-G-C,17-43798784-A-AGAG,17-43798902-C-T,17-43798903-A-G,17-43799033-C-T,17-43799052-A-G,17-43799509-A-C,17-43799667-C-A,17-43799810-G-C,17-43800404-T-G,17-43800987-C-A,17-43801092-T-C,17-43801593-G-A,17-43801695-C-T,17-43802525-C-T,17-43802907-T-C,17-43802971-C-T,17-43803773-A-AG,17-43803788-T-C,17-43804306-T-C,17-43804389-T-A,17-43807642-T-G,17-43830382-G-A,17-43830640-C-T,17-43830685-G-A,17-43830938-G-C,17-43831112-G-A,17-43832337-A-G,17-43832618-G-A,17-43832864-T-C,17-43833824-G-C,17-43833921-G-A,17-43834074-C-G,17-43834314-A-G,17-43834671-A-AC,17-43835351-T-C,17-43836191-G-A,17-43836578-G-A,17-43836920-T-C,17-43837091-T-C,17-43837237-A-G,17-43837446-C-G,17-43837567-C-T,17-43837782-A-G,17-43838014-A-G,17-43838482-G-T,17-43838710-T-C,17-43838919-G-A,17-43840016-G-A,17-43840726-C-CTT,17-43840864-G-A,17-43840935-T-C,17-43841571-T-A,17-43841912-C-T,17-43842462-T-C,17-43842494-A-G,17-43843395-C-T,17-43843943-G-A,17-43844044-A-G,17-43844201-C-T,17-43844486-T-A,17-43844559-T-G,17-43844560-T-G,17-43844859-A-G,17-43844977-T-A,17-43845002-C-G,17-43846668-C-A,17-43847039-C-T,17-43847374-G-A,17-43847868-T-C,17-43847912-T-C,17-43848181-C-T,17-43848750-T-C,17-43849327-G-A,17-43849896-A-G,17-43850519-C-T,17-43851018-T-C,17-43851209-A-AT,17-43851971-C-A,17-43852605-C-T,17-43852621-T-C,17-43853133-T-C,17-43853235-T-G,17-43853457-A-G,17-43854267-C-T,17-43854449-C-T,17-43854536-C-A,17-43855501-AC-A,17-43855503-C-T,17-43856639-C-G,17-43856710-G-A,17-43856730-C-T,17-43857129-A-C,17-43857989-T-G,17-43858187-G-T,17-43858307-T-C,17-43858482-C-T,17-43858629-A-G,17-43859640-A-G,17-43859929-C-CACG,17-43861117-C-T,17-43872228-G-A,17-43885291-G-A,17-43887480-T-C,17-43892973-T-C,17-43893146-CCCAGTTCAGTGTGT-C,17-43893259-G-A,17-43893403-G-A,17-43894159-C-T,17-43894485-G-GA,17-43894547-C-T,17-43894609-A-G,17-43895008-C-G,17-43895168-T-TG,17-43895501-G-C,17-43895602-T-G,17-43895653-A-G,17-43895751-G-A,17-43895797-T-C,17-43896228-T-C,17-43896528-C-G,17-43896637-T-C,17-43896734-T-C,17-43897026-TGGAG-T,17-43897130-A-G,17-43897202-T-A,17-43897449-A-T,17-43897480-A-G,17-43897722-T-C,17-43898362-AAGG-A,17-43898887-T-C,17-43898963-A-T,17-43899161-A-C,17-43899401-C-T,17-43899417-G-C,17-43899611-C-T,17-43899657-C-G,17-43899727-A-G,17-43899736-G-A,17-43900081-C-T,17-43900434-A-G,17-43900697-C-T,17-43900817-A-G,17-43901001-C-T,17-43901528-T-C,17-43901558-A-G,17-43902216-C-T,17-43902505-C-T,17-43902522-G-A,17-43902738-C-A,17-43902799-A-G,17-43902861-C-A,17-43902944-C-T,17-43903089-C-T,17-43903106-A-G,17-43903485-G-C,17-43903546-A-G,17-43904110-G-C,17-43904528-T-C,17-43904610-C-T,17-43904673-C-T,17-43905134-G-A,17-43905313-G-C,17-43906726-A-C,17-43906828-G-A,17-43907641-C-CAGGTGG,17-43907745-C-T,17-43907966-G-A,17-43908151-C-T,17-43908152-C-T,17-43908773-G-C,17-43908826-T-G,17-43909008-C-T,17-43909022-G-T,17-43910088-G-A,17-43910183-G-A,17-43910262-C-G,17-43910507-C-T,17-43911036-G-A,17-43911352-C-T,17-43911424-C-T,17-43911525-C-T,17-43911832-T-C,17-43912159-G-C,17-43912267-T-TG,17-43912282-C-T,17-43912454-T-C,17-43912490-C-G,17-43912635-A-G,17-43912723-T-C,17-43912786-G-C,17-43912830-T-C,17-43913315-C-T,17-43913557-T-G,17-43913558-T-G,17-43914558-G-A,17-43914598-G-C,17-43914728-G-T,17-43914979-AC-A,17-43914981-C-G,17-43915054-A-G,17-43915312-C-T,17-43916356-G-A,17-43916509-A-G,17-43916932-G-A,17-43917086-A-G,17-43917818-G-A,17-43918239-C-T,17-43918301-GCCAGGAGTTCGAGA-G,17-43918418-A-G,17-43918524-A-G,17-43919070-T-C,17-43919073-G-T,17-43919096-A-G,17-43919301-T-C,17-43919884-T-G,17-43920300-T-C,17-43920378-C-T,17-43920411-T-C,17-43920974-T-C,17-43921210-G-T,17-43921572-T-A,17-43921754-T-C,17-43922942-T-C,17-43923266-G-A,17-43923683-A-G,17-43923703-C-T,17-43924073-T-C,17-43924130-G-A,17-43924200-C-G,17-43924231-G-A,17-43924776-C-T,17-43924803-A-G,17-43925729-A-G,17-43925966-G-A,17-43926056-A-C,17-43926149-A-G,17-43926755-A-G,17-43926992-C-T,17-43927255-G-T,17-43929029-A-G,17-43929992-C-T,17-43930033-G-A,17-43930238-C-A,17-43930798-A-G,17-43930955-G-A,17-43930980-C-T,17-43931244-G-C,17-43931245-G-A,17-43931380-A-G,17-43931907-C-A,17-43932049-C-T,17-43932155-A-G,17-43932381-C-T,17-43933579-C-A,17-43933673-T-C,17-43933879-C-G,17-43934016-G-C,17-43934116-T-G,17-43934314-T-C,17-43934587-GT-G,17-43934776-A-G,17-43934826-T-G,17-43934948-A-G,17-43935888-C-T,17-43936298-C-A,17-43936804-A-G,17-43936812-G-A,17-43937162-C-T,17-43937333-T-G,17-43937505-C-T,17-43937633-A-G,17-43937671-C-T,17-43938107-A-G,17-43938394-A-G,17-43938634-A-G,17-43938796-A-G,17-43939255-T-C,17-43939395-A-T,17-43939432-G-T,17-43939638-G-A,17-43939659-G-A,17-43939936-G-A,17-43940012-T-C,17-43940188-T-C,17-43940497-C-T,17-43940825-G-C,17-43941350-C-T,17-43941476-A-C,17-43941608-C-G,17-43941710-C-T,17-43942046-T-A,17-43942656-G-A,17-43943000-A-C,17-43943655-A-C,17-43943755-T-C,17-43943957-G-C,17-43943974-C-T,17-43944204-T-C,17-43944519-C-T,17-43945106-T-C,17-43945687-C-A,17-43945687-C-A,17-43945855-G-A,17-43945931-T-C,17-43945938-C-T,17-43946112-T-C,17-43946536-C-T,17-43946838-C-A,17-43946875-C-T,17-43947176-AC-A,17-43947488-A-G,17-43947928-A-G,17-43948159-G-A,17-43948733-C-T,17-43948977-G-A,17-43949008-C-T,17-43949092-T-G,17-43949892-C-T,17-43950394-C-T,17-43950976-G-T,17-43951120-T-C,17-43951220-T-G,17-43951599-CAGAT-C,17-43951717-G-A,17-43951995-C-T,17-43952634-A-T,17-43952944-T-C,17-43953043-A-C,17-43953170-C-T,17-43953179-A-G,17-43953529-A-G,17-43953695-T-C,17-43953719-G-C,17-43953814-G-A,17-43953991-C-G,17-43954227-G-A,17-43954284-G-A,17-43954982-TTCTCTTCCTCA-T,17-43955030-A-G,17-43955093-T-C,17-43955487-C-T,17-43956370-G-T,17-43956390-T-C,17-43956505-A-C,17-43956642-T-C,17-43957221-C-T,17-43957269-T-C,17-43958099-T-C,17-43958431-T-C,17-43958736-G-A,17-43959092-G-T,17-43959113-A-G,17-43959661-G-A,17-43959752-A-T,17-43960020-A-G,17-43960172-C-T,17-43960283-A-G,17-43960341-G-A,17-43960600-T-C,17-43960918-T-C,17-43960997-T-C,17-43961142-T-C,17-43961292-G-T,17-43962017-G-C,17-43962982-G-A,17-43963046-G-A,17-43963416-C-G,17-43963844-C-T,17-43963943-C-A,17-43964191-C-A,17-43964283-G-C,17-43964567-A-C,17-43964755-C-T,17-43964899-A-G,17-43965429-TC-T,17-43965595-G-C,17-43965680-G-A,17-43965955-A-G,17-43966178-C-A,17-43966608-A-T,17-43966749-T-C,17-43966910-A-AAGG,17-43966955-A-G,17-43967138-T-G,17-43968219-A-G,17-43968572-G-A,17-43968874-A-G,17-43968937-T-C,17-43969019-T-C,17-43969136-C-T,17-43969168-T-A,17-43969686-T-A,17-43969779-G-T,17-43969833-A-G,17-43969901-G-A,17-43969952-T-C,17-43969995-C-T,17-43970154-T-C,17-43970303-G-A,17-43971206-CTAATT-C,17-43971238-T-TTAGATACATCA,17-43971457-G-C,17-43971604-C-G,17-43971937-C-A,17-43972142-G-A,17-43972581-C-T,17-43973080-A-G,17-43973121-G-C,17-43973408-C-T,17-43973413-A-G,17-43973899-T-C,17-43974065-C-A,17-43974343-TCGC-T,17-43974354-G-A,17-43974476-G-T,17-43974549-G-C,17-43974889-C-G,17-43975285-T-C,17-43975415-A-C,17-43976064-T-C,17-43976627-G-T,17-43977018-A-G,17-43977702-C-T,17-43977748-G-GGCTGGCCCATA,17-43977827-C-T,17-43978041-C-T,17-43978120-A-G,17-43978295-G-C,17-43978308-T-C,17-43978320-G-A,17-43978625-T-C,17-43978934-T-G,17-43979504-G-A,17-43979622-G-A,17-43979822-A-T,17-43980530-A-C,17-43980998-G-A,17-43981831-A-T,17-43982286-C-T,17-43982903-A-G,17-43982961-T-C,17-43983363-G-A,17-43983801-A-G,17-43984253-G-C,17-43984399-C-T,17-43984646-T-C,17-43984672-T-C,17-43984864-C-T,17-43985247-C-T,17-43985662-T-C,17-43986396-C-T,17-43986420-A-G,17-43986462-A-G,17-43986992-G-C,17-43987723-G-A,17-43987801-T-C,17-43988623-G-A,17-43988884-T-C,17-43989087-A-G,17-43989221-T-C,17-43989509-TA-T,17-43989898-T-G,17-43989909-A-G,17-43990041-A-C,17-43991272-A-G,17-43991468-T-TA,17-43992233-C-T,17-43992244-G-A,17-43992283-A-G,17-43992456-G-A,17-43992463-G-C,17-43992581-C-T,17-43994358-C-T,17-43994435-A-G,17-43994508-GAGA-G,17-43994623-G-A,17-43994952-A-G,17-43995098-G-A,17-43995990-A-G,17-43996908-T-G,17-43996960-A-G,17-43997499-A-T,17-43997520-C-T,17-43998151-C-T,17-43998574-T-G,17-43998767-T-C,17-43998822-A-G,17-43999100-G-C,17-43999100-G-C,17-43999785-C-G,17-43999793-G-A,17-44000505-C-T,17-44000610-G-A,17-44000914-T-C,17-44001379-C-T,17-44001549-G-GC,17-44001621-A-G,17-44001957-T-G,17-44002062-A-C,17-44002138-A-G,17-44002431-C-T,17-44002595-C-T,17-44003133-A-AAAG,17-44003397-T-A,17-44003446-A-G,17-44003625-T-TAA,17-44003893-A-G,17-44004076-T-C,17-44004472-A-G,17-44005226-A-C,17-44005254-T-A,17-44005413-A-G,17-44005615-A-G,17-44006130-T-C,17-44006252-T-C,17-44006601-T-C,17-44006896-T-C,17-44006954-T-C,17-44007493-C-T,17-44007727-C-T,17-44009876-C-A,17-44009921-A-G,17-44010118-G-C,17-44010364-C-G,17-44010405-A-G,17-44010661-A-G,17-44010984-G-A,17-44011073-G-A,17-44011526-A-G,17-44011749-A-G,17-44012096-A-G,17-44012248-T-A,17-44012343-G-A,17-44012463-T-C,17-44012989-C-T,17-44013024-T-C,17-44013103-G-T,17-44013346-T-C,17-44013483-A-G,17-44013938-A-G,17-44013964-T-TC,17-44014137-G-T,17-44014263-T-C,17-44015446-A-G,17-44015624-G-A,17-44015745-A-G,17-44015816-A-G,17-44016157-G-C,17-44016462-A-G,17-44016601-A-AG,17-44017124-G-T,17-44017283-A-G,17-44017342-A-G,17-44017666-C-A,17-44017941-G-T,17-44019479-C-G,17-44019643-G-A,17-44019680-T-C,17-44020282-G-A,17-44020545-A-G,17-44021218-C-T,17-44021463-T-C,17-44021699-G-T,17-44021744-T-C,17-44022043-A-C,17-44022319-G-A,17-44022376-C-T,17-44022433-T-C,17-44022528-A-G,17-44022577-A-C,17-44022593-C-T,17-44023087-G-A,17-44023520-T-G,17-44023828-C-CGTG,17-44024552-C-G,17-44024562-G-T,17-44024660-G-C,17-44024906-A-G,17-44025033-T-C,17-44025045-C-T,17-44025347-T-C,17-44025407-C-CT,17-44025592-G-C,17-44025678-G-GCT,17-44026394-A-G,17-44026478-A-G,17-44026490-A-C,17-44027090-C-T,17-44027366-T-G,17-44027383-A-G,17-44027521-G-T,17-44027753-A-G,17-44027836-GC-G,17-44028707-G-A,17-44028796-T-C,17-44029178-G-C,17-44029510-TGATG-T,17-44030115-C-T,17-44030231-T-C,17-44030263-A-AC,17-44030311-T-G,17-44031420-G-A,17-44031540-G-T,17-44031946-A-G,17-44032470-C-G,17-44032597-G-A,17-44032768-T-C,17-44033002-T-C,17-44033169-T-C,17-44033188-G-A,17-44033394-G-C,17-44033468-G-A,17-44033488-C-T,17-44033802-T-C,17-44034340-C-T,17-44034575-T-C,17-44034833-G-A,17-44035367-A-G,17-44035516-G-A,17-44035706-A-G,17-44036129-C-T,17-44036287-A-G,17-44036462-T-A,17-44036787-T-C,17-44036914-C-T,17-44037079-G-A,17-44037106-C-CA,17-44037299-G-C,17-44038785-A-G,17-44039008-G-A,17-44039410-A-G,17-44039691-A-G,17-44040120-C-T,17-44041107-G-A,17-44041817-A-G,17-44042221-A-G,17-44042361-T-C,17-44042783-G-A,17-44042868-G-A,17-44042939-G-A,17-44042951-C-T,17-44043636-C-T,17-44043819-G-A,17-44044157-G-A,17-44044220-A-T,17-44044431-C-T,17-44044823-T-A,17-44044940-T-C,17-44045474-A-G,17-44045974-C-T,17-44047216-T-G,17-44047609-C-T,17-44047802-A-T,17-44048323-G-T,17-44048336-T-C,17-44048502-GA-G,17-44048502-GA-G,17-44049133-T-C,17-44049329-C-T,17-44049867-A-G,17-44050282-G-A,17-44050395-C-A,17-44050463-T-C,17-44050850-A-G,17-44051588-C-G,17-44051589-T-G,17-44051846-A-G,17-44051924-G-A,17-44052009-T-C,17-44052284-G-A,17-44052733-A-G,17-44053171-A-G,17-44053307-T-TAG,17-44053448-A-G,17-44053989-G-A,17-44054237-G-A,17-44054388-T-C,17-44054596-T-G,17-44054671-C-T,17-44055647-A-T,17-44056238-A-G,17-44056434-G-A,17-44056767-G-A,17-44056833-G-A,17-44057770-G-GGAGGCAGGAGAATTGTTACT,17-44058004-A-G,17-44058017-G-T,17-44058629-T-A,17-44058691-G-T,17-44058716-G-T,17-44058861-C-A,17-44059215-C-T,17-44059775-A-G,17-44060248-G-A,17-44060775-C-T,17-44061023-G-A,17-44061036-T-C,17-44061278-C-T,17-44061608-GT-G,17-44061696-C-T,17-44061898-T-C,17-44062337-G-A,17-44062993-A-G,17-44063140-A-G,17-44063563-T-C,17-44063787-A-G,17-44064208-G-A,17-44064334-T-C,17-44065410-G-A,17-44065740-C-T,17-44066088-T-A,17-44066172-A-G,17-44066634-C-G,17-44066868-C-A,17-44066995-C-T,17-44067046-G-A,17-44067508-A-G,17-44067546-T-C,17-44067682-G-A,17-44068112-C-G,17-44068289-G-A,17-44068294-G-C,17-44068480-T-C,17-44068481-G-A,17-44068924-G-A,17-44069198-C-T,17-44069687-A-G,17-44069768-A-G,17-44069970-C-G,17-44070111-G-C,17-44070545-G-A,17-44070956-T-A,17-44071294-T-C,17-44071674-A-G,17-44072017-C-A,17-44072041-T-A,17-44072854-T-C,17-44073027-G-A,17-44073062-T-G,17-44073145-G-C,17-44073739-G-A,17-44074435-C-G,17-44074613-A-G,17-44074619-G-A,17-44075110-A-T,17-44075535-T-C,17-44075901-A-G,17-44076466-A-G,17-44077850-G-A,17-44077851-T-A,17-44078616-G-A,17-44078680-T-TA,17-44079567-C-T,17-44080039-T-G,17-44081224-G-A,17-44081462-T-C,17-44082181-A-G,17-44082249-A-T,17-44082432-G-A,17-44082446-G-A,17-44082514-T-C,17-44082528-A-T,17-44082981-G-A,17-44084157-T-C,17-44084844-G-C,17-44085743-T-C,17-44086100-T-C,17-44088772-C-A,17-44088937-G-C,17-44089563-C-T,17-44089715-C-T,17-44089727-G-A,17-44089921-C-T,17-44090236-T-C,17-44090339-T-C,17-44090455-T-C,17-44090536-G-A,17-44090538-T-G,17-44090685-G-T,17-44090704-A-G,17-44090796-T-C,17-44090854-C-T,17-44090858-C-T,17-44091195-T-C,17-44091724-G-A,17-44092108-T-C,17-44092497-T-C,17-44092729-TAAA-T,17-44092744-A-G,17-44093319-G-A,17-44093627-A-G,17-44093860-A-G,17-44093964-T-C,17-44094112-A-G,17-44094374-A-G,17-44094471-G-A,17-44094667-C-G,17-44094871-A-G,17-44095335-C-A,17-44095570-G-A,17-44095661-T-G,17-44098861-G-T,17-44098967-G-A,17-44099082-C-T,17-44099129-C-A,17-44099669-G-A,17-44099827-C-G,17-44099856-G-GC,17-44100553-C-A,17-44100906-A-G,17-44100916-C-T,17-44101004-A-G,17-44101849-T-TC,17-44102443-C-CCT,17-44102604-T-C,17-44102689-G-C,17-44102741-TCA-T,17-44102933-T-C,17-44103296-T-C,17-44103616-C-T,17-44103825-T-C,17-44103826-G-A,17-44104278-TG-T,17-44104343-A-C,17-44104509-T-C,17-44106220-A-G,17-44106515-AAAG-A,17-44106806-G-A,17-44108202-A-G,17-44108355-G-A,17-44108482-A-AGCCCTCT,17-44109188-C-G,17-44109248-G-A,17-44109769-C-G,17-44110532-G-A,17-44110541-G-A,17-44111109-A-G,17-44111613-A-G,17-44112385-A-G,17-44112441-G-A,17-44112743-C-A,17-44113197-G-GA,17-44113227-T-TG,17-44113491-T-C,17-44113787-T-TG,17-44113963-C-T,17-44114218-T-C,17-44114364-C-A,17-44114372-T-C,17-44114432-A-C,17-44115074-T-C,17-44115107-C-T,17-44115351-T-C,17-44115569-C-A,17-44115730-G-A,17-44116238-G-A,17-44116312-T-C,17-44117119-A-G,17-44117397-A-G,17-44118848-G-A,17-44118999-A-G,17-44119320-C-T,17-44119474-T-C,17-44119500-C-CTT,17-44120442-A-G,17-44120608-A-G,17-44121469-C-T,17-44122345-A-G,17-44122348-C-T,17-44122484-C-T,17-44122626-C-A,17-44123685-G-A,17-44123717-C-T,17-44124535-T-C,17-44124837-A-G,17-44125288-A-G,17-44125484-T-G,17-44126218-G-A,17-44126650-C-T,17-44126673-A-G,17-44126977-G-C,17-44127471-GTGGTTTCACCA-G,17-44128407-C-A,17-44128754-G-GA,17-44129253-T-C,17-44129800-G-A,17-44129885-C-T,17-44130587-T-G,17-44130878-A-G,17-44130924-A-T,17-44131022-T-C,17-44131592-A-G,17-44131622-G-A,17-44131717-G-A,17-44132269-T-C,17-44132379-A-G,17-44132458-G-A,17-44132592-A-G,17-44132887-C-T,17-44133031-T-A,17-44133142-G-A,17-44133162-A-C,17-44133396-G-A,17-44133534-C-T,17-44133633-A-G,17-44133648-A-C,17-44133950-CTGATAGAACATTTACCATCAAACT-C,17-44134095-A-G,17-44134910-G-A,17-44135359-T-C,17-44135827-G-A,17-44135985-A-G,17-44136577-A-C,17-44136763-C-T,17-44136803-G-T,17-44137311-G-A,17-44137386-T-TAA,17-44137676-A-T,17-44137925-T-C,17-44138377-G-GA,17-44139083-G-C,17-44139190-G-C,17-44139662-C-T,17-44139762-C-G,17-44141732-G-A,17-44142121-G-A,17-44142427-A-G,17-44142566-C-T,17-44142663-C-T,17-44142879-C-T,17-44143344-G-A,17-44143484-G-A,17-44144251-G-T,17-44144345-A-G,17-44144387-C-A,17-44144634-G-A,17-44145512-CAAG-C,17-44145592-A-G,17-44145860-A-G,17-44146165-C-G,17-44146336-A-C,17-44146451-T-C,17-44146567-T-C,17-44147411-G-A,17-44147574-G-A,17-44147599-G-C,17-44147721-C-T,17-44148267-C-T,17-44148613-G-A,17-44149297-A-C,17-44149448-C-G,17-44149537-C-G,17-44149741-G-A,17-44150042-T-C,17-44150152-A-T,17-44150163-T-G,17-44150233-G-A,17-44150480-A-T,17-44150920-T-C,17-44151667-A-G,17-44151697-A-T,17-44152390-C-T,17-44152447-G-A,17-44152760-T-G,17-44152812-T-TGAACCCAAGTGAGGCACCTGGGTTCAA,17-44153227-A-G,17-44153258-A-G,17-44153386-A-T,17-44153607-T-A,17-44153626-C-T,17-44154105-A-G,17-44154393-A-G,17-44154461-A-C,17-44154607-T-C,17-44154946-C-T,17-44155707-C-T,17-44155925-TACAA-T,17-44156132-T-TTTA,17-44156167-G-A,17-44156181-T-A,17-44156401-T-TA,17-44157622-T-G,17-44157982-A-T,17-44157992-T-C,17-44159102-C-T,17-44159555-C-A,17-44159631-T-G,17-44159695-C-T,17-44159725-C-T,17-44159988-G-A,17-44160050-G-A,17-44160674-G-C,17-44161091-GCTCCCCTGGTAAGTCCTAAA-G,17-44161146-T-G,17-44161302-A-G,17-44161360-A-T,17-44161470-A-C,17-44161860-C-T,17-44161875-A-C,17-44162284-T-C,17-44163551-AGT-A,17-44164090-G-C,17-44164133-G-A,17-44164323-G-A,17-44165049-A-G,17-44165069-A-G,17-44165435-C-T,17-44165594-C-A,17-44165596-C-T,17-44165852-A-G,17-44166311-C-T,17-44166362-G-GA,17-44166500-G-A,17-44166646-C-T,17-44167101-T-C,17-44167464-G-A,17-44167661-G-T,17-44167729-A-G,17-44168295-CTTA-C,17-44169406-G-A,17-44169437-T-C,17-44169581-T-C,17-44169759-G-A,17-44169769-C-T,17-44170018-G-C,17-44170414-G-A,17-44170612-C-T,17-44171024-T-C,17-44171554-G-A,17-44171565-C-A,17-44172205-CA-C,17-44172327-T-A,17-44172391-C-T,17-44172493-A-AT,17-44172698-T-C,17-44173179-C-A,17-44173356-C-G,17-44173812-G-A,17-44173878-G-GT,17-44174109-G-C,17-44174351-T-A,17-44174513-C-A,17-44176170-C-G,17-44176215-G-A,17-44177304-TA-T,17-44177669-C-T,17-44178337-T-C,17-44178839-T-C,17-44179749-G-A,17-44179969-G-A,17-44179992-A-G,17-44180442-A-G,17-44180954-A-G,17-44181118-G-A,17-44181454-C-T,17-44181508-T-G,17-44181933-T-C,17-44182181-T-C,17-44182706-A-G,17-44183616-C-A,17-44183790-G-A,17-44184375-A-G,17-44185245-C-A,17-44185427-A-AT,17-44186055-G-A,17-44186252-G-A,17-44186301-T-C,17-44186593-T-C,17-44187492-A-G,17-44188477-T-G,17-44188645-C-T,17-44188672-G-GTT,17-44188764-T-C,17-44189373-C-T,17-44189408-T-C,17-44190156-T-C,17-44191085-G-A,17-44191835-A-G,17-44192592-A-AT,17-44192618-A-G,17-44192946-C-T,17-44192957-T-C,17-44193882-C-T,17-44193908-C-CCAACAA,17-44194381-T-A,17-44194519-T-C,17-44194735-G-T,17-44194835-T-C,17-44194891-C-T,17-44195424-A-C,17-44195495-G-A,17-44195611-CA-C,17-44196015-C-G,17-44196125-T-C,17-44196153-A-G,17-44196447-T-A,17-44196653-G-A,17-44196799-G-A,17-44196822-G-A,17-44197417-T-TGAA,17-44197806-T-C,17-44198080-C-T,17-44198806-T-C,17-44199029-T-C,17-44199670-G-A,17-44200033-T-C,17-44200078-A-T,17-44200510-C-A,17-44201109-C-G,17-44201344-G-C,17-44201358-TG-T,17-44201680-A-C,17-44201791-G-C,17-44201865-C-T,17-44202147-A-G,17-44202564-G-A,17-44202608-C-T,17-44202952-C-G,17-44203131-C-G,17-44203311-C-T,17-44203413-C-T,17-44203520-C-T,17-44204299-AC-A,17-44204304-T-G,17-44204739-T-C,17-44204749-A-G,17-44205500-A-G,17-44205690-C-T,17-44205839-A-G,17-44206079-C-T,17-44206482-C-T,17-44206646-C-G,17-44207066-A-G,17-44207523-T-A,17-44207778-A-G,17-44208144-C-G,17-44209364-G-A,17-44209628-T-C,17-44209875-T-C,17-44209919-C-G,17-44209985-T-C,17-44210247-T-TGCAGTGAGCCATCATCATA,17-44210442-C-T,17-44210988-C-G,17-44211502-G-A,17-44212032-C-A,17-44213712-G-A,17-44213921-A-C,17-44213934-G-A,17-44214814-G-A,17-44214815-C-G,17-44215416-A-AG,17-44215823-A-G,17-44216158-T-C,17-44216226-A-G,17-44217112-G-T,17-44217293-G-A,17-44218242-C-T,17-44220454-T-G,17-44220785-G-A,17-44220942-G-A,17-44221602-G-C,17-44222067-T-G,17-44222460-T-G,17-44223060-G-A,17-44223387-T-C,17-44225234-T-C,17-44225485-T-C,17-44225802-C-T,17-44226030-G-A,17-44226126-A-C,17-44227186-G-A,17-44227196-T-C,17-44228529-G-A,17-44228609-C-G,17-44228770-A-G,17-44229986-T-C,17-44230647-C-T,17-44231295-G-A,17-44231326-G-A,17-44231617-A-T,17-44233433-G-C,17-44233589-T-C,17-44233776-T-C,17-44233811-C-T,17-44234526-C-T,17-44235893-C-T,17-44237068-A-T,17-44237372-G-C,17-44237790-G-A,17-44238130-AT-A,17-44238966-T-C,17-44239958-C-T,17-44240107-T-C,17-44240986-C-A,17-44241304-C-G,17-44241664-T-C,17-44242969-T-C,17-44243179-A-G,17-44243351-T-TCG,17-44243354-A-AG,17-44243543-TA-T,17-44243863-A-T,17-44243868-C-T,17-44243870-T-C,17-44244581-T-C,17-44244926-T-G,17-44245766-G-A,17-44246211-A-G,17-44246405-C-A,17-44247314-C-T,17-44247673-G-A,17-44248042-G-A,17-44248769-T-C,17-44248814-G-A,17-44249800-G-A,17-44250616-G-A,17-44250669-TA-T,17-44251230-T-C,17-44251554-ATG-A,17-44251582-T-C,17-44251698-G-A,17-44251907-C-T,17-44251972-G-A,17-44252098-C-T,17-44252416-G-C,17-44252510-T-C,17-44253364-G-A,17-44254379-C-T,17-44254494-T-C,17-44254686-T-TAATGCACAGGAAAA,17-44254993-GT-G,17-44255532-T-C,17-44255777-G-A,17-44256811-A-AACAAG,17-44257473-T-C,17-44257788-T-C,17-44258354-G-C,17-44258422-G-T,17-44258954-G-C,17-44259040-G-C,17-44260416-T-C,17-44261137-C-T,17-44261753-T-C,17-44262403-C-T,17-44262418-G-A,17-44263479-T-C,17-44263965-T-C,17-44264045-T-C,17-44264717-A-C,17-44264943-T-C,17-44265328-A-G,17-44266022-A-G,17-44266972-A-G,17-44267170-G-T,17-44267227-A-G,17-44267617-A-G,17-44267904-T-C,17-44271152-G-A,17-44271430-A-G,17-44272266-A-G,17-44272552-C-T,17-44272679-G-C,17-44273264-G-A,17-44274560-T-C,17-44274766-T-C,17-44275035-T-G,17-44275172-A-ACT,17-44276013-G-A,17-44276330-T-C,17-44276431-T-TAGAA,17-44276578-T-C,17-44276618-A-G,17-44277691-T-C,17-44277867-G-A,17-44277923-G-A,17-44279101-A-G,17-44279252-A-G,17-44279557-TA-T,17-44279760-G-A,17-44280188-T-A,17-44280902-G-C,17-44281452-A-G,17-44281588-T-C,17-44283139-C-A,17-44283761-A-T,17-44284057-C-T,17-44287310-A-G,17-44288114-TA-T,17-44288672-G-A,17-44289150-A-C,17-44289220-C-T,17-44289232-G-T,17-44289628-A-C,17-44291479-G-A,17-44291820-A-G,17-44292319-T-C,17-44294786-A-G,17-44295157-A-G,17-44296523-G-A,17-44298279-C-T,17-44303606-AG-A,17-44304740-A-T,17-44313522-G-T,17-44313757-G-A,17-44314179-G-A,17-44314217-A-G,17-44315803-A-C,17-44316076-G-T,17-44316280-T-C,17-44316389-G-A,17-44316449-A-C,17-44316878-CA-C,17-44316888-A-G,17-44317103-T-C,17-44325593-TAA-T,17-44329636-T-C,17-44332351-A-G,17-44332970-A-G,17-44333293-A-G,17-44333423-G-T,17-44333568-T-C,17-44334288-C-G,17-44339473-A-G,17-44340253-A-G,17-44340328-A-C,17-44340525-A-C,17-44342994-C-T,17-44343282-G-A,17-44343291-C-G,17-44343719-C-T,17-44343930-A-G,17-44345047-A-ACT,17-44345653-A-G,17-44346674-T-C,17-44347218-C-A,17-44347638-C-T,17-44348265-G-C,17-44348370-A-G,17-44348593-A-G,17-44348932-T-G,17-44349867-G-A,17-44350090-G-A,17-44351285-A-G,17-44351686-C-T,17-44352361-C-T,17-44352621-A-G,17-44352639-G-A,17-44352872-A-G,17-44353414-A-G,17-44355303-T-C,17-44355315-AT-A,17-44355343-T-C,17-44356793-A-G,17-44356949-T-C,17-44357297-G-T,17-44357351-T-C,17-44357453-G-T,17-44357777-C-T,17-44358109-A-T,17-44359499-C-T,17-44367288-G-C,17-43702296-T-C,17-43669923-T-C,17-43852733-G-A,17-43852742-T-C,17-44127285-CTT-C,17-43757450-C-A,17-44212527-A-G,17-44179168-AACC-A,17-44319366-C-T,17-44319369-T-C,17-44129949-C-G,17-44215065-T-TA,17-43692338-T-C,17-43669800-A-G,17-44351387-C-T,17-44369320-C-T,17-44107513-GT-G,17-44326864-A-G,17-43849572-AT-A,17-44365000-C-G,17-44319167-G-A,17-43681316-T-C,17-43681304-G-A,17-43839951-A-T,17-44321527-C-T,17-43698899-A-G,17-44364649-C-T,17-44249911-T-TA,17-44340151-T-C,17-43933834-G-T,17-43810902-A-G,17-43687542-C-G,17-43850037-C-CTT,17-43850935-CA-C,17-44283022-A-G,17-44080408-G-C,17-43809559-GT-G,17-43819384-G-A,17-44364699-C-T,17-43693341-A-G,17-43896690-T-C,17-44342327-T-G,17-44284420-C-T,17-43695197-C-T,17-44266227-T-C,17-44304884-C-T,17-43783573-C-T,17-43783590-G-A,17-44292021-C-CAAA,17-44207900-A-ACT,17-44207887-C-T,17-43714179-C-CT,17-43797246-C-T,17-44286128-A-G,17-44286089-G-A,17-44326619-A-G,17-44324572-A-G,17-43695967-A-G,17-43848638-G-A,17-43848646-AG-A,17-44298178-A-G,17-44367453-G-C,17-44361075-C-G,17-44298102-G-A,17-44298209-T-C,17-43719829-G-T,17-44368055-G-C,17-43801185-A-G,17-43805525-A-C,17-43805590-C-T,17-43806015-G-A,17-43806264-C-T,17-43806451-C-T,17-43806925-G-A,17-43807063-C-T,17-43807099-G-A,17-43807113-C-T,17-43807134-T-C,17-43807485-T-C,17-43807955-A-C,17-43808067-G-A,17-43808321-G-A,17-43808443-A-C,17-43808763-A-G,17-43808945-C-T,17-43809016-C-T,17-43809264-T-G,17-43809328-A-G,17-43810371-G-C,17-43810608-T-A,17-43810782-G-C,17-43810851-G-C,17-43810873-A-T,17-43810896-C-T,17-43811060-T-G,17-43811072-A-G,17-43811510-T-C,17-43811673-C-T,17-43811792-C-T,17-43811950-A-C,17-43811990-CTTAG-C,17-43812177-C-T,17-43812218-C-T,17-43812398-C-G,17-43812599-A-G,17-43812624-G-A,17-43812649-T-C,17-43812684-A-G,17-43813002-G-A,17-43813252-C-G,17-43813370-G-C,17-43813415-G-A,17-43814370-AC-A,17-43814427-T-C,17-43815141-A-G,17-43815336-A-G,17-43815713-C-T,17-43815820-T-A,17-43815859-A-C,17-43816052-C-T,17-43816106-C-A,17-43816306-G-A,17-43816605-A-C,17-43816655-C-G,17-43816657-G-A,17-43817459-C-T,17-43817557-C-T,17-43817608-G-A,17-43817832-G-A,17-43817898-G-A,17-43818160-A-C,17-43818222-C-A,17-43818611-G-A,17-43818657-T-C,17-43818690-G-T,17-43818906-A-G,17-43818946-A-T,17-43819450-G-A,17-43819480-C-T,17-43819597-AC-A,17-43820741-A-T,17-43821062-A-G,17-43821685-C-A,17-43822398-T-C,17-43822511-G-A,17-43822769-C-T,17-43823125-G-A,17-43823229-T-C,17-43823326-A-G,17-43823880-C-T,17-43823889-C-A,17-43824201-G-A,17-43824348-T-C,17-43824382-T-G,17-43824848-A-G,17-43824908-C-T,17-43825339-C-G,17-43825478-G-A,17-43825568-C-T,17-43825576-T-C,17-43825711-A-C,17-43825725-G-T,17-43825912-A-G,17-43826305-G-A,17-43826351-A-G,17-43826637-G-A,17-43827156-GA-G,17-43827209-G-A,17-43827244-C-T,17-43827391-G-C,17-43827431-A-G,17-43827471-G-C,17-43827508-A-G,17-43828221-T-A,17-43828617-G-A,17-43828698-C-T,17-43828935-G-C,17-43829353-A-G,17-44000202-G-A,17-43965063-T-C,17-44275649-CTAT-C,17-43696254-A-G,17-43666002-AT-A,17-43794828-T-C,17-44073889-A-G,17-44318184-A-G,17-44227531-T-C,17-44305026-G-A,17-43795634-C-T,17-44351533-A-G,17-43834873-G-A,17-44286198-G-A,17-44368404-C-T,17-43683392-A-G,17-43686419-A-C,17-44107606-A-AT,17-44193097-C-A,17-44344456-T-C,17-44344097-G-C,17-44344178-T-G,17-44344810-T-G,17-44366665-C-T,17-44269546-C-T,17-44126575-C-T,17-44032915-T-C,17-44032956-G-A,17-44304490-T-C,17-44343371-G-A,17-44304203-T-C,17-43964539-A-G,17-43684094-T-C,17-44344376-G-A,17-43849656-C-A,17-43663247-C-A,17-44310101-A-G,17-44362633-G-T,17-43988205-A-G,17-44368431-C-T,17-44305199-T-C,17-43814930-GCGTA-G,17-43751101-A-G,17-44365050-G-A,17-44088926-C-T,17-44336619-AGGG-A,17-43946423-A-C,17-43665809-C-T,17-43838720-C-T,17-44290850-T-A,17-44327438-C-G,17-43681824-A-G,17-43681796-G-A,17-44209474-A-T,17-44129398-G-GA,17-44028183-T-C,17-44338279-G-C,17-43832940-A-G,17-44361383-T-C,17-43670940-A-G,17-43670337-C-CT,17-43834482-G-A,17-44101775-A-AT,17-44122896-G-A,17-44189799-T-C,17-43848968-G-T,17-44334419-C-T,17-43665379-T-C,17-43695263-T-G,17-44278110-AAT-A,17-43959596-CT-C,17-44302881-C-T,17-43778752-C-T,17-44197603-T-C,17-43704491-G-A,17-44234060-A-G,17-44184404-G-A,17-44362552-C-T,17-43669491-A-G,17-44095055-C-A,17-43834970-C-T,17-44283479-T-C,17-43996430-TA-T,17-43798348-T-TTTG,17-43932129-C-T,17-43937184-T-C,17-43940020-T-C,17-43940021-G-A,17-43990919-A-G,17-44314261-C-T,17-44353693-T-C,17-44353728-T-G,17-44353885-G-A,17-44354231-A-G,17-44358428-G-A,17-43682010-C-T,17-43663169-T-C,17-44162056-T-A,17-44177993-C-A,17-43664335-C-G,17-44137070-A-G,17-43998328-C-T,17-43784222-T-C,17-44078816-TA-T,17-44149348-A-C,17-44038536-CA-C,17-44324257-G-T,17-44337903-C-G,17-43905481-T-G,17-43840681-C-T,17-43776425-C-T,17-43849366-T-C,17-43999406-A-G,17-44322577-G-C,17-44330105-A-G,17-44330106-T-C,17-44362865-A-C,17-44350919-A-C,17-44324185-A-G,17-43754850-T-C,17-44184808-C-G,17-44331214-T-C,17-44364019-GA-G,17-43932028-A-G,17-44007764-T-C,17-43681738-C-T,17-43779624-C-T,17-43784994-C-T,17-43918651-C-G,17-43978534-G-A,17-44134984-G-A,17-43665343-T-G,17-44309856-G-A,17-44082955-A-AT,17-44310234-T-C,17-43759431-C-T,17-43765450-G-A,17-44360349-A-G,17-44355602-A-G,17-43696920-C-T,17-44044985-A-G,17-44049900-A-G,17-44189855-G-A,17-44189858-G-A,17-44189910-A-G,17-44191682-G-A,17-44369224-A-G,17-44369214-A-C,17-44336594-G-A,17-43892788-G-A,17-43685291-CA-C,17-43833981-A-G,17-43994252-T-C,17-44343125-C-T,17-44332429-C-T,17-43789413-CT-C,17-44177755-C-G,17-43892784-T-G,17-43987154-G-A,17-43683627-C-G,17-44205122-C-G,17-44354549-C-G,17-44318575-T-G,17-43953307-C-T,17-44336237-C-T,17-44367939-G-A,17-44266342-T-C,17-43949448-C-A,17-43717803-T-C,17-43665322-C-T,17-44010452-C-A,17-43960325-T-C,17-44092243-C-T,17-44182917-C-G,17-44182955-C-T,17-44182956-A-G,17-44183403-A-G,17-43840006-T-G,17-44207932-A-G,17-43950441-C-A,17-43958172-A-G,17-43960911-A-G,17-44170129-C-CAA,17-43785349-T-C,17-43903298-G-A,17-43736504-T-C,17-44284641-T-G,17-44284542-G-A,17-44285531-G-A,17-44362355-A-G,17-44069180-C-G,17-43856341-C-T,17-43669879-A-G,17-43790649-C-A,17-44344409-A-C,17-44091988-T-C,17-43997901-G-C,17-43679193-G-A,17-43848412-A-G,17-43927708-A-G,17-43807911-A-G,17-43777957-AATC-A,17-43778828-T-G,17-43918613-T-C,17-43991781-G-T,17-44072984-A-G,17-44335752-T-C,17-44335818-A-G,17-44326105-G-C,17-43682098-A-C,17-44083081-G-A,17-43991515-T-G,17-44049550-G-A,17-44284734-G-C,17-44285142-G-C,17-44285460-G-GA,17-43965129-AT-A,17-44337429-G-C,17-44338594-G-A,17-44040823-C-T,17-43783803-A-G,17-44333331-A-G,17-43832139-C-CAA,17-43832139-C-CAA,17-43573061-T-C,17-43949342-G-A,17-44012260-T-C,17-43795859-A-G,17-43947883-T-G,17-43573649-C-T,17-43574935-C-T,17-43574229-T-C,17-43575452-A-G,17-43576046-T-TG,17-44107321-CT-C,17-43917776-G-T,17-44057595-G-A,17-43574611-G-A,17-43654468-C-T,17-44338694-G-A,17-44263341-GA-G,17-43715427-T-C,17-44036047-G-A,17-44184819-CAAAGGT-C,17-44311107-G-C,17-44311099-G-A,17-44340153-GAA-G,17-44337986-CTTTTTTT-C,17-44080465-C-CGTGTGT,17-44255146-C-CT,17-44026548-T-C,17-44352149-CTTTT-C,17-44285952-T-C,17-43773058-GA-G,17-43848461-G-A,17-43853922-G-A,17-43893716-C-T,17-43893751-A-G,17-44412076-A-G,17-44096553-G-A,17-43681222-C-T,17-44338735-C-T,17-44338966-A-C,17-44338967-T-C,17-44339003-G-T,17-43946318-T-C,17-44018399-A-G,17-43574016-A-G,17-44318663-G-A,17-44083402-G-A,17-43981958-C-T,17-44353262-T-C,17-43696159-A-T,17-43575946-G-T,17-44341868-CA-C,17-44183317-C-A,17-44297148-G-A,17-44344988-C-G,17-44095467-T-C,17-43903842-C-T,17-43849415-T-C,17-44311200-T-C,17-44185431-T-C,17-44331803-A-ATTTT,17-44166080-T-A,17-44166080-T-A,17-44250108-T-C,17-44343121-A-G,17-44264269-GT-G,17-43679132-A-G,17-43927290-G-A,17-43778680-T-A,17-43804317-A-G,17-44325635-C-G,17-43954416-A-AC,17-43958079-C-T,17-43663780-C-G,17-44036408-T-G,17-43933171-C-T,17-43933190-GTTTTTA-G,17-44081064-A-G,17-43928614-T-G,17-44213547-AAAT-A,17-43669931-T-C,17-44225886-G-A,17-44232408-G-A,17-44348535-T-TTTCTTTTCTTTTC,17-44214888-T-C,17-43696837-TC-T,17-44358561-G-A,17-44358562-C-T,17-43855228-G-T,17-43946291-A-G,17-43946223-G-A,17-43750921-T-TA,17-44324539-T-C,17-44307193-C-T,17-43932741-C-T,17-44310164-T-C,17-44335635-G-A,17-44165169-C-T,17-44323425-C-T,17-43850645-C-T,17-43691377-T-C,17-44212211-C-CA,17-43689684-C-G,17-44356890-T-C,17-44125277-CT-C,17-44335865-A-G,17-44130328-TC-T,17-43924337-A-C,17-44335274-G-A,17-44335806-A-C,17-43664231-T-G,17-43814020-T-C,17-43702701-C-G,17-44367588-TG-T,17-43684209-C-G,17-43688317-A-G,17-43822772-T-C,17-44238571-C-G,17-44247164-A-G,17-44104576-CCTT-C,17-43705601-A-G,17-43719143-A-G,17-43705756-G-C,17-43718336-T-C,17-43709225-T-C,17-44018488-T-C,17-44018488-T-C,17-43688905-A-G,17-44091886-C-T,17-44212310-G-A,17-44110271-G-A,17-44110670-C-G,17-44115440-T-C,17-44116950-T-G,17-44126365-C-T,17-44126473-AG-A,17-44126477-G-A,17-44126478-T-C,17-44138201-T-C,17-44150161-T-G,17-44151546-T-G,17-44155732-C-T,17-44162597-C-A,17-44168677-A-G,17-44186063-C-T,17-44187257-A-G,17-44208312-G-T,17-44208674-G-T,17-44210933-A-G,17-44257783-A-G,17-44277476-C-CTTTAG,17-44293205-A-G,17-43747615-C-T,17-44227623-T-C,17-44227623-T-C,17-43756969-A-G,17-44228169-C-T,17-43704235-T-C,17-43704235-T-C,17-43755871-A-C,17-43765881-T-C,17-44318863-T-C,17-43758898-A-G,17-43761519-T-G,17-43761565-T-C,17-43770712-C-T,17-43767773-T-C,17-43755857-C-A,17-43828764-G-A,17-43750172-G-A,17-43750910-C-T,17-43751913-G-A,17-43749942-A-G,17-44025888-C-A,17-43754914-C-T,17-43744344-T-A,17-44018519-T-C,17-44355714-A-G","ENSG00000184922,ENSG00000233175,ENSG00000262372,ENSG00000214401,ENSG00000186185,ENSG00000006062,ENSG00000225190,ENSG00000108883,ENSG00000181513,ENSG00000158955,ENSG00000131094,ENSG00000159314,ENSG00000213326,ENSG00000186834,ENSG00000168517,ENSG00000267344,ENSG00000161714,ENSG00000260075,ENSG00000267278,ENSG00000186868,ENSG00000267288,ENSG00000131095,ENSG00000233483,ENSG00000073969,ENSG00000276728,ENSG00000224505,ENSG00000228696,ENSG00000172992,ENSG00000108379,ENSG00000136448,ENSG00000261575,ENSG00000120071,ENSG00000267121","ENSG00000275616,ENSG00000275219,ENSG00000251763,ENSG00000267634,ENSG00000267334,ENSG00000184922,ENSG00000221044,ENSG00000240305,ENSG00000240589,ENSG00000172992,ENSG00000274452,ENSG00000267278,ENSG00000158955,ENSG00000278223,ENSG00000275107,ENSG00000136448,ENSG00000264251,ENSG00000267420,ENSG00000252729,ENSG00000186185,ENSG00000224505,ENSG00000267121,ENSG00000214401,ENSG00000073969,ENSG00000181513,ENSG00000006062,ENSG00000186834,ENSG00000267211,ENSG00000239702,ENSG00000266979,ENSG00000267253,ENSG00000167941,ENSG00000261575,ENSG00000278591,ENSG00000260075,ENSG00000277903,ENSG00000252882,ENSG00000285486,ENSG00000252279,ENSG00000276728,ENSG00000131095,ENSG00000267638,ENSG00000159314,ENSG00000274862,ENSG00000233483,ENSG00000186868,ENSG00000267288,ENSG00000282199,ENSG00000276596,ENSG00000108849,ENSG00000267166,ENSG00000278048,ENSG00000108883,ENSG00000120071,ENSG00000267604,ENSG00000274062,ENSG00000271222,ENSG00000267691,ENSG00000252628,ENSG00000273709,ENSG00000225190,ENSG00000213326,ENSG00000261514,ENSG00000168517,ENSG00000108379,ENSG00000161714,ENSG00000278109,ENSG00000267384,ENSG00000233175,ENSG00000267440,ENSG00000267595,ENSG00000212446,ENSG00000267344,ENSG00000131094,ENSG00000167131,ENSG00000274585,ENSG00000278774,ENSG00000228696,ENSG00000240828,ENSG00000274432,ENSG00000262372,ENSG00000267496",ENSG00000214401,Liver eQTLs,train
20021456200092196-92196000001039,chr10,10-89115014-A-G,"ENSG00000240089,ENSG00000107779,ENSG00000223820,ENSG00000138138,ENSG00000228055,ENSG00000173269,ENSG00000148672,ENSG00000236417,ENSG00000286445,ENSG00000285257,ENSG00000173267,ENSG00000272631,ENSG00000182771,ENSG00000122376,ENSG00000227896,ENSG00000062650,ENSG00000214562,ENSG00000171862,ENSG00000198682,ENSG00000224914,ENSG00000261011,ENSG00000213613,ENSG00000227268,ENSG00000272734,ENSG00000122367,ENSG00000287077,ENSG00000107789","ENSG00000236417,ENSG00000283578,ENSG00000148672,ENSG00000240089,ENSG00000233292,ENSG00000173267,ENSG00000286445,ENSG00000198682,ENSG00000224289,ENSG00000171862,ENSG00000213613,ENSG00000234452,ENSG00000228938,ENSG00000204021,ENSG00000227268,ENSG00000275015,ENSG00000224914,ENSG00000228055,ENSG00000225836,ENSG00000138138,ENSG00000182771,ENSG00000285257,ENSG00000107789,ENSG00000122376,ENSG00000287077,ENSG00000261011,ENSG00000062650,ENSG00000272734,ENSG00000227896,ENSG00000214562,ENSG00000122367,ENSG00000198997,ENSG00000280560,ENSG00000271408,ENSG00000107779,ENSG00000173269,ENSG00000234256,ENSG00000201548,ENSG00000226358,ENSG00000287150,ENSG00000237205,ENSG00000235150,ENSG00000272631,ENSG00000226159,ENSG00000223820,ENSG00000173239",ENSG00000214562,Liver eQTLs,train
20021485500092196-92196000003697,chr19,19-45430280-C-G,"ENSG00000104859,ENSG00000007047,ENSG00000267348,ENSG00000214855,ENSG00000177464,ENSG00000204920,ENSG00000007255,ENSG00000189114,ENSG00000104936,ENSG00000167384,ENSG00000104853,ENSG00000266921,ENSG00000279407,ENSG00000267282,ENSG00000104892,ENSG00000062370,ENSG00000117877,ENSG00000267680,ENSG00000213889,ENSG00000170684,ENSG00000187244,ENSG00000010310,ENSG00000124459,ENSG00000177051,ENSG00000266903,ENSG00000278318,ENSG00000256294,ENSG00000277806,ENSG00000283632,ENSG00000104879,ENSG00000104884,ENSG00000167380,ENSG00000289428,ENSG00000230666,ENSG00000186567,ENSG00000159882,ENSG00000142252,ENSG00000125741,ENSG00000104881,ENSG00000073008,ENSG00000012061,ENSG00000125746,ENSG00000159917,ENSG00000011478,ENSG00000104856,ENSG00000176182,ENSG00000285128,ENSG00000263002,ENSG00000170608,ENSG00000186019,ENSG00000125743,ENSG00000125753,ENSG00000178386,ENSG00000170604,ENSG00000267757,ENSG00000186026,ENSG00000104866,ENSG00000130204,ENSG00000185800,ENSG00000125744,ENSG00000213892,ENSG00000177045,ENSG00000125740,ENSG00000159905,ENSG00000131115,ENSG00000273777,ENSG00000267395,ENSG00000130202,ENSG00000216588,ENSG00000267508,ENSG00000142273,ENSG00000069399,ENSG00000270679,ENSG00000159885,ENSG00000279103,ENSG00000288773,ENSG00000269148,ENSG00000159915,ENSG00000125755","ENSG00000125755,ENSG00000269148,ENSG00000167384,ENSG00000277806,ENSG00000185800,ENSG00000275726,ENSG00000177051,ENSG00000283632,ENSG00000253027,ENSG00000104859,ENSG00000125744,ENSG00000177045,ENSG00000288773,ENSG00000267757,ENSG00000007047,ENSG00000267282,ENSG00000236807,ENSG00000170608,ENSG00000188624,ENSG00000284258,ENSG00000241226,ENSG00000269729,ENSG00000259339,ENSG00000186026,ENSG00000242675,ENSG00000268238,ENSG00000267044,ENSG00000125753,ENSG00000279407,ENSG00000104879,ENSG00000207773,ENSG00000104853,ENSG00000073008,ENSG00000104936,ENSG00000012061,ENSG00000266921,ENSG00000285128,ENSG00000267614,ENSG00000216588,ENSG00000256294,ENSG00000266903,ENSG00000263002,ENSG00000187244,ENSG00000267348,ENSG00000104866,ENSG00000269637,ENSG00000188425,ENSG00000125741,ENSG00000278318,ENSG00000267680,ENSG00000011478,ENSG00000159882,ENSG00000268053,ENSG00000007255,ENSG00000104856,ENSG00000213892,ENSG00000130204,ENSG00000211580,ENSG00000142252,ENSG00000170684,ENSG00000267922,ENSG00000176182,ENSG00000283673,ENSG00000178386,ENSG00000267508,ENSG00000131115,ENSG00000252200,ENSG00000189114,ENSG00000104892,ENSG00000104881,ENSG00000104884,ENSG00000130202,ENSG00000069399,ENSG00000214855,ENSG00000199796,ENSG00000159905,ENSG00000207003,ENSG00000273777,ENSG00000062370,ENSG00000268879,ENSG00000177464,ENSG00000204866,ENSG00000188293,ENSG00000279103,ENSG00000167380,ENSG00000117877,ENSG00000170604,ENSG00000269745,ENSG00000186567,ENSG00000267395,ENSG00000142273,ENSG00000125743,ENSG00000125740,ENSG00000224366,ENSG00000010310,ENSG00000159915,ENSG00000124459,ENSG00000125746,ENSG00000267346,ENSG00000277748,ENSG00000289428,ENSG00000204920,ENSG00000213889,ENSG00000230666,ENSG00000270679,ENSG00000159917,ENSG00000159885,ENSG00000186019",ENSG00000214855,Liver eQTLs,train
20021485600092196-92196000002963,chr17,"17-18482792-A-G,17-18475630-T-C,17-18477409-T-C,17-18501596-A-G,17-18490410-A-G,17-18491827-A-G,17-18506384-T-C,17-18523289-C-T,17-18480715-A-C,17-18501996-C-G,17-18505676-G-T,17-18466815-C-T,17-18528623-A-G,17-18501863-CA-C,17-18533619-T-A,17-18540292-T-C,17-18540215-A-G,17-18537660-T-G,17-18542223-G-T,17-18541775-A-G,17-18542074-G-A,17-18541852-ACC-A,17-18541855-C-G,17-18541868-A-G,17-18548418-A-C,17-18543652-C-T","ENSG00000128482,ENSG00000174977,ENSG00000266079,ENSG00000091536,ENSG00000141127,ENSG00000131899,ENSG00000231625,ENSG00000154025,ENSG00000232344,ENSG00000141034,ENSG00000108641,ENSG00000249459,ENSG00000228983,ENSG00000177731,ENSG00000171928,ENSG00000154016,ENSG00000189343,ENSG00000228725,ENSG00000108557,ENSG00000072310,ENSG00000263934,ENSG00000260647,ENSG00000176974,ENSG00000171931,ENSG00000072134,ENSG00000265478,ENSG00000166482,ENSG00000177302,ENSG00000240445,ENSG00000188522,ENSG00000171953,ENSG00000171962,ENSG00000205266,ENSG00000280198,ENSG00000197815,ENSG00000266677,ENSG00000176994,ENSG00000166484,ENSG00000108591,ENSG00000235672,ENSG00000175662,ENSG00000142494,ENSG00000108448,ENSG00000262769,ENSG00000214856,ENSG00000279428,ENSG00000091542,ENSG00000177427","ENSG00000266664,ENSG00000228331,ENSG00000223979,ENSG00000261987,ENSG00000228157,ENSG00000227919,ENSG00000260647,ENSG00000108591,ENSG00000263934,ENSG00000204471,ENSG00000265746,ENSG00000232344,ENSG00000250111,ENSG00000263394,ENSG00000176994,ENSG00000197665,ENSG00000154025,ENSG00000221540,ENSG00000224126,ENSG00000206730,ENSG00000229526,ENSG00000072310,ENSG00000154016,ENSG00000228725,ENSG00000265478,ENSG00000265185,ENSG00000212618,ENSG00000231625,ENSG00000228983,ENSG00000262769,ENSG00000177302,ENSG00000265126,ENSG00000263045,ENSG00000189375,ENSG00000177427,ENSG00000072134,ENSG00000237382,ENSG00000263206,ENSG00000236022,ENSG00000262202,ENSG00000128482,ENSG00000189343,ENSG00000228000,ENSG00000175662,ENSG00000287196,ENSG00000141127,ENSG00000214856,ENSG00000207839,ENSG00000131899,ENSG00000280198,ENSG00000205266,ENSG00000262292,ENSG00000237328,ENSG00000189152,ENSG00000227689,ENSG00000267492,ENSG00000283772,ENSG00000230662,ENSG00000266162,ENSG00000266311,ENSG00000174977,ENSG00000226746,ENSG00000091536,ENSG00000235672,ENSG00000279428,ENSG00000171928,ENSG00000196893,ENSG00000171962,ENSG00000167494,ENSG00000266677,ENSG00000275206,ENSG00000166484,ENSG00000091542,ENSG00000249459,ENSG00000231477,ENSG00000142494,ENSG00000188522,ENSG00000230273,ENSG00000264273,ENSG00000186831,ENSG00000240445,ENSG00000166482,ENSG00000281856,ENSG00000235397,ENSG00000197815,ENSG00000171953,ENSG00000274747,ENSG00000108448,ENSG00000177731,ENSG00000108557,ENSG00000283675,ENSG00000265693,ENSG00000264940,ENSG00000141034,ENSG00000266079,ENSG00000227078,ENSG00000171931,ENSG00000262262,ENSG00000176974,ENSG00000276532,ENSG00000230197,ENSG00000108641,ENSG00000274111",ENSG00000214856,Liver eQTLs,train
20021486000092196-92196000002956,chr17,17-18311854-G-C,"ENSG00000171931,ENSG00000154016,ENSG00000263934,ENSG00000131899,ENSG00000266677,ENSG00000141034,ENSG00000249459,ENSG00000177731,ENSG00000177302,ENSG00000279200,ENSG00000171962,ENSG00000108448,ENSG00000171953,ENSG00000171928,ENSG00000108641,ENSG00000166482,ENSG00000264666,ENSG00000279428,ENSG00000214860,ENSG00000108551,ENSG00000176974,ENSG00000174977,ENSG00000133027,ENSG00000188522,ENSG00000240445,ENSG00000166484,ENSG00000232344,ENSG00000072134,ENSG00000091536,ENSG00000108557,ENSG00000235672,ENSG00000205266,ENSG00000154025,ENSG00000141026,ENSG00000197815,ENSG00000108591,ENSG00000091542,ENSG00000175662,ENSG00000265478,ENSG00000176994,ENSG00000280198,ENSG00000072310,ENSG00000286430,ENSG00000260647,ENSG00000141127,ENSG00000177427,ENSG00000265511","ENSG00000266664,ENSG00000235397,ENSG00000264666,ENSG00000227689,ENSG00000228157,ENSG00000188522,ENSG00000108448,ENSG00000207839,ENSG00000265185,ENSG00000166482,ENSG00000230197,ENSG00000261987,ENSG00000091536,ENSG00000281856,ENSG00000108591,ENSG00000205266,ENSG00000224126,ENSG00000196893,ENSG00000274111,ENSG00000263045,ENSG00000263206,ENSG00000280198,ENSG00000263394,ENSG00000189152,ENSG00000236022,ENSG00000230865,ENSG00000228000,ENSG00000166484,ENSG00000206730,ENSG00000072134,ENSG00000197665,ENSG00000171953,ENSG00000177427,ENSG00000265478,ENSG00000263934,ENSG00000176994,ENSG00000226746,ENSG00000197815,ENSG00000212618,ENSG00000230273,ENSG00000108551,ENSG00000262292,ENSG00000154025,ENSG00000141026,ENSG00000237382,ENSG00000072310,ENSG00000286430,ENSG00000177731,ENSG00000171962,ENSG00000167494,ENSG00000131899,ENSG00000235672,ENSG00000204471,ENSG00000275206,ENSG00000223979,ENSG00000265511,ENSG00000230662,ENSG00000240445,ENSG00000108557,ENSG00000274747,ENSG00000264940,ENSG00000279200,ENSG00000141034,ENSG00000141127,ENSG00000276532,ENSG00000201741,ENSG00000265746,ENSG00000249459,ENSG00000262262,ENSG00000175662,ENSG00000154016,ENSG00000266162,ENSG00000091542,ENSG00000260647,ENSG00000171928,ENSG00000108641,ENSG00000264273,ENSG00000227919,ENSG00000250111,ENSG00000177302,ENSG00000283772,ENSG00000262202,ENSG00000266311,ENSG00000266677,ENSG00000279428,ENSG00000186831,ENSG00000133027,ENSG00000214860,ENSG00000265693,ENSG00000232344,ENSG00000176974,ENSG00000189375,ENSG00000174977,ENSG00000267492,ENSG00000171931,ENSG00000229526,ENSG00000237328",ENSG00000214860,Liver eQTLs,train
20021486000092196-92196000002961,chr17,"17-18482792-A-G,17-18475630-T-C,17-18477409-T-C,17-18501596-A-G,17-18490410-A-G,17-18491827-A-G,17-18506384-T-C,17-18523289-C-T,17-18480715-A-C,17-18501996-C-G,17-18505676-G-T,17-18466815-C-T,17-18528623-A-G,17-18501863-CA-C,17-18487669-G-GAAAT,17-18533619-T-A,17-18540292-T-C,17-18540215-A-G,17-18537660-T-G,17-18542223-G-T,17-18541775-A-G,17-18542074-G-A,17-18541852-ACC-A,17-18541855-C-G,17-18541868-A-G,17-18548418-A-C","ENSG00000141034,ENSG00000166482,ENSG00000131899,ENSG00000177427,ENSG00000205266,ENSG00000228983,ENSG00000260647,ENSG00000154025,ENSG00000279200,ENSG00000189343,ENSG00000091542,ENSG00000176974,ENSG00000177731,ENSG00000108591,ENSG00000141127,ENSG00000280198,ENSG00000175662,ENSG00000171928,ENSG00000188522,ENSG00000176994,ENSG00000171931,ENSG00000279428,ENSG00000263934,ENSG00000266677,ENSG00000266079,ENSG00000072134,ENSG00000108641,ENSG00000235672,ENSG00000108557,ENSG00000171962,ENSG00000174977,ENSG00000128482,ENSG00000249459,ENSG00000240445,ENSG00000072310,ENSG00000232344,ENSG00000264666,ENSG00000265478,ENSG00000154016,ENSG00000166484,ENSG00000108448,ENSG00000197815,ENSG00000142494,ENSG00000091536,ENSG00000214860,ENSG00000171953","ENSG00000128482,ENSG00000212618,ENSG00000207839,ENSG00000189343,ENSG00000264940,ENSG00000226746,ENSG00000108557,ENSG00000280198,ENSG00000262262,ENSG00000265478,ENSG00000250111,ENSG00000227078,ENSG00000230662,ENSG00000131899,ENSG00000249459,ENSG00000171928,ENSG00000204471,ENSG00000091536,ENSG00000287196,ENSG00000171962,ENSG00000281856,ENSG00000223979,ENSG00000235672,ENSG00000266677,ENSG00000176994,ENSG00000154016,ENSG00000262202,ENSG00000189375,ENSG00000196893,ENSG00000142494,ENSG00000266079,ENSG00000264273,ENSG00000237328,ENSG00000174977,ENSG00000091542,ENSG00000166482,ENSG00000274747,ENSG00000141034,ENSG00000262292,ENSG00000189152,ENSG00000265126,ENSG00000177427,ENSG00000266664,ENSG00000221540,ENSG00000206730,ENSG00000235397,ENSG00000266162,ENSG00000228000,ENSG00000177731,ENSG00000230197,ENSG00000263934,ENSG00000260647,ENSG00000228983,ENSG00000283675,ENSG00000108448,ENSG00000186831,ENSG00000072310,ENSG00000265693,ENSG00000176974,ENSG00000141127,ENSG00000166484,ENSG00000227919,ENSG00000108641,ENSG00000283772,ENSG00000108591,ENSG00000266311,ENSG00000267492,ENSG00000264666,ENSG00000214860,ENSG00000188522,ENSG00000171931,ENSG00000072134,ENSG00000274111,ENSG00000232344,ENSG00000279428,ENSG00000171953,ENSG00000205266,ENSG00000167494,ENSG00000263045,ENSG00000237382,ENSG00000240445,ENSG00000175662,ENSG00000154025,ENSG00000227689,ENSG00000265746,ENSG00000224126,ENSG00000228157,ENSG00000265185,ENSG00000263206,ENSG00000197815,ENSG00000236022,ENSG00000231477,ENSG00000230273,ENSG00000275206,ENSG00000229526,ENSG00000197665,ENSG00000279200,ENSG00000261987,ENSG00000263394,ENSG00000276532",ENSG00000214860,Liver eQTLs,train
20021486700092196-92196000004650,chr21,"21-37575535-G-A,21-37579176-T-C,21-37572401-T-G,21-37572412-T-C,21-37557008-G-A,21-37549848-T-A","ENSG00000159259,ENSG00000233393,ENSG00000228107,ENSG00000286517,ENSG00000185808,ENSG00000237646,ENSG00000231106,ENSG00000159228,ENSG00000183145,ENSG00000226054,ENSG00000159267,ENSG00000289001,ENSG00000159216,ENSG00000233818,ENSG00000159256,ENSG00000230479,ENSG00000159261,ENSG00000185917,ENSG00000214867,ENSG00000236830,ENSG00000273199,ENSG00000182670,ENSG00000189089,ENSG00000224790,ENSG00000228677,ENSG00000159231","ENSG00000236830,ENSG00000159267,ENSG00000289001,ENSG00000273210,ENSG00000287637,ENSG00000231231,ENSG00000273199,ENSG00000289538,ENSG00000231106,ENSG00000223608,ENSG00000231123,ENSG00000231480,ENSG00000226012,ENSG00000224790,ENSG00000159259,ENSG00000233213,ENSG00000228107,ENSG00000199806,ENSG00000286852,ENSG00000184029,ENSG00000237646,ENSG00000182670,ENSG00000212136,ENSG00000230479,ENSG00000189089,ENSG00000159263,ENSG00000287470,ENSG00000286517,ENSG00000214867,ENSG00000270835,ENSG00000233818,ENSG00000263969,ENSG00000233316,ENSG00000231324,ENSG00000159256,ENSG00000215734,ENSG00000183145,ENSG00000159261,ENSG00000224269,ENSG00000185808,ENSG00000198054,ENSG00000228677,ENSG00000159228,ENSG00000185917,ENSG00000159231,ENSG00000226054,ENSG00000159216,ENSG00000270652,ENSG00000207416,ENSG00000286717,ENSG00000233393",ENSG00000214867,Liver eQTLs,train
20021494100092196-92196000002934,chr17,"17-15873275-T-C,17-15875935-A-G,17-15884561-C-T,17-15884631-C-T,17-15877374-GA-G,17-15883967-T-C,17-15888589-G-A,17-15893491-G-A,17-15899871-C-T,17-15886583-C-T,17-15906646-C-T,17-15906912-G-A,17-15891980-A-T,17-15905190-A-G,17-15903602-C-A,17-15896591-T-C,17-15896772-C-T,17-15884792-G-A,17-15884792-G-A,17-15884792-G-A,17-15910286-A-G,17-15921419-G-A,17-15950198-G-A,17-15944208-A-T,17-15887010-C-T,17-15949133-T-A,17-15990013-T-C,17-15955491-T-A,17-15956140-G-T,17-15888448-T-C,17-15893561-CA-C,17-15927604-CTTTTTTTTCT-C,17-15882922-A-G,17-15921168-G-GT,17-15925734-A-G,17-15926033-T-C,17-15936270-A-G,17-15952588-C-A,17-15925401-G-GGGTTGT,17-15929467-A-AT,17-15951471-C-T,17-15954906-T-C,17-15921569-T-TG,17-15958402-A-G,17-15899241-C-G,17-15977132-T-C,17-15984528-G-GT,17-15959412-GCTT-G,17-15959714-C-T,17-15978404-G-C,17-15960190-A-G,17-15883085-T-C,17-15993327-G-A,17-15882984-A-AC,17-15879334-G-T,17-15928885-A-G,17-15880849-TA-T,17-15965696-AAAAC-A,17-15879303-T-C,17-15973844-A-T,17-15976558-T-G,17-15991560-G-C,17-15968549-A-C,17-15972081-G-A,17-15977005-A-T,17-15994554-G-A,17-15885968-T-A,17-15879344-T-C,17-15881151-C-G,17-15881728-A-G,17-15881740-T-C,17-15881816-C-G,17-15876655-T-C,17-15876655-T-C,17-16030520-T-C,17-15870608-TCTCA-T,17-15870401-T-A,17-16030490-T-C,17-15951008-TA-T,17-15930087-G-A,17-15984544-C-T,17-15937487-C-A,17-16035225-A-T,17-15941749-CT-C,17-15938690-G-A,17-16010920-A-G,17-16013054-A-ATTTTTCTT,17-16041306-C-A,17-15932071-C-CTT,17-15932820-G-C,17-15936966-G-GTTTTA,17-15942145-T-C,17-15943144-A-G,17-15943331-G-C,17-15952941-C-G,17-15945474-C-CAAAG,17-15945613-G-GTCAT,17-16030777-G-A,17-15884227-A-G,17-16005187-T-C,17-15958014-T-C,17-15948963-C-T,17-15949099-C-T,17-15945946-A-G,17-15932627-T-C,17-15962121-A-G,17-15962151-A-G,17-15961951-A-G,17-15981874-T-C,17-15977869-T-G,17-15995762-C-T,17-16041777-C-T,17-15948430-A-G,17-15954048-T-TA,17-15955009-G-T,17-15958774-C-T,17-15947217-T-C,17-15958185-A-G,17-15961993-T-A,17-15871208-C-T,17-16097144-T-C,17-15879910-C-T,17-16014865-A-G,17-16046845-A-T,17-16064716-A-G,17-16083666-A-G,17-16100561-A-G,17-15968673-G-A,17-15994888-C-T,17-16030683-G-A,17-16010759-A-G,17-16012494-A-T,17-16025670-A-G,17-16041636-T-C,17-16017072-C-T,17-16023587-T-C,17-16041792-A-G,17-15970682-C-T,17-15909728-A-G,17-15943910-T-C,17-15977043-C-T,17-15994864-T-TCTCA,17-16004259-A-G,17-16101671-CAA-C,17-16077116-T-A,17-16078836-C-T,17-16083586-C-T,17-16088135-T-C,17-16094155-G-C,17-16097602-T-TAAG,17-15883809-C-T,17-15875147-G-A,17-15887789-A-G,17-15888308-A-C,17-15888579-A-T,17-15893129-G-A,17-15894789-C-T,17-15895672-A-T,17-15898987-C-A,17-15911105-T-G,17-15888533-A-G,17-15891010-T-C,17-15898688-T-C,17-16020032-C-CAGA,17-16033443-C-A,17-16037626-C-A,17-16049042-T-C,17-16051444-C-T,17-16065477-G-A,17-16072953-TA-T,17-16073871-C-G,17-16075901-A-T,17-16076998-G-C,17-16083684-C-T,17-16086407-T-A,17-16087469-T-C,17-16087469-T-C,17-16091170-T-C,17-16092929-C-T,17-16097430-C-T,17-15891219-T-C,17-15921071-A-G,17-15965863-T-G,17-15895247-G-T,17-15915072-A-G,17-15892441-A-T,17-15906391-C-T,17-16085830-A-G,17-15913440-T-C,17-16080849-A-G,17-15927223-C-A,17-15923709-C-T,17-15942085-C-G,17-15954692-A-G,17-15968143-T-C,17-15991568-T-C,17-15889393-C-CTT,17-15918222-G-A,17-15924370-A-G,17-15888617-TA-T,17-15986670-CA-C,17-16030693-A-G,17-15998837-A-G,17-15999081-T-C,17-16091694-A-G,17-16097136-G-T,17-16006827-A-G","ENSG00000179277,ENSG00000141040,ENSG00000241322,ENSG00000187607,ENSG00000227300,ENSG00000265095,ENSG00000227782,ENSG00000170315,ENSG00000175106,ENSG00000197566,ENSG00000188933,ENSG00000166582,ENSG00000128438,ENSG00000214941,ENSG00000109099,ENSG00000283033,ENSG00000265519,ENSG00000276855,ENSG00000275413,ENSG00000205312,ENSG00000175061,ENSG00000108474,ENSG00000125409,ENSG00000235554,ENSG00000223878,ENSG00000221926,ENSG00000181350,ENSG00000288235,ENSG00000239704,ENSG00000170160,ENSG00000266651,ENSG00000240505,ENSG00000187688","ENSG00000241322,ENSG00000128438,ENSG00000239888,ENSG00000286792,ENSG00000175106,ENSG00000235430,ENSG00000233090,ENSG00000131885,ENSG00000233979,ENSG00000266651,ENSG00000205312,ENSG00000265110,ENSG00000226156,ENSG00000221926,ENSG00000240505,ENSG00000199674,ENSG00000187688,ENSG00000214941,ENSG00000275413,ENSG00000259944,ENSG00000141040,ENSG00000266538,ENSG00000179277,ENSG00000266129,ENSG00000229749,ENSG00000227782,ENSG00000221355,ENSG00000237377,ENSG00000252129,ENSG00000276855,ENSG00000279660,ENSG00000227300,ENSG00000170315,ENSG00000264892,ENSG00000286743,ENSG00000252446,ENSG00000197566,ENSG00000288235,ENSG00000231458,ENSG00000265163,ENSG00000265519,ENSG00000170160,ENSG00000279567,ENSG00000227790,ENSG00000223878,ENSG00000264739,ENSG00000239704,ENSG00000283033,ENSG00000227018,ENSG00000239221,ENSG00000109099,ENSG00000125409,ENSG00000108452,ENSG00000287307,ENSG00000265445,ENSG00000264359,ENSG00000276088,ENSG00000264765,ENSG00000233193,ENSG00000267227,ENSG00000235554,ENSG00000264729,ENSG00000187607,ENSG00000227255,ENSG00000237057,ENSG00000232058,ENSG00000166582,ENSG00000188933,ENSG00000233002,ENSG00000265095,ENSG00000251829,ENSG00000252383,ENSG00000108474,ENSG00000264673,ENSG00000175061,ENSG00000266803,ENSG00000266667,ENSG00000181350",ENSG00000214941,Liver eQTLs,train
20021494400092196-92196000005904,chr5,"5-72917439-A-G,5-72917439-A-G,5-72917439-A-G,5-72919127-G-C,5-72919127-G-C,5-72919127-G-C,5-72919578-A-G,5-72919578-A-G,5-72919578-A-G,5-72919887-G-A,5-72919887-G-A,5-72919887-G-A,5-72926514-A-G,5-72926514-A-G,5-72926514-A-G,5-72928034-A-G,5-72928034-A-G,5-72928034-A-G,5-72928620-G-A,5-72928620-G-A,5-72928620-G-A,5-72932820-G-A,5-72932820-G-A,5-72932820-G-A,5-72935015-C-T,5-72935015-C-T,5-72935015-C-T,5-72936117-A-T,5-72936117-A-T,5-72936117-A-T,5-72942296-A-G,5-72942296-A-G,5-72942296-A-G,5-72947068-A-C,5-72947068-A-C,5-72947068-A-C,5-72922647-C-T,5-72922647-C-T,5-72922647-C-T,5-72944839-T-C,5-72944839-T-C,5-72944839-T-C,5-72946717-A-G,5-72946717-A-G,5-72946717-A-G,5-72979436-G-A,5-72979436-G-A,5-72979436-G-A,5-72942734-C-T,5-72942734-C-T,5-72942734-C-T,5-72950536-A-G,5-72950536-A-G,5-72950536-A-G,5-72954007-T-C,5-72954007-T-C,5-72954007-T-C,5-72957362-T-C,5-72957362-T-C,5-72957362-T-C,5-72958766-T-C,5-72958766-T-C,5-72958766-T-C,5-72963948-C-T,5-72963948-C-T,5-72963948-C-T,5-72964226-A-G,5-72964226-A-G,5-72964226-A-G,5-72964548-TG-T,5-72964548-TG-T,5-72964548-TG-T,5-72964591-A-ACCCTTCTATTGGAAG,5-72964591-A-ACCCTTCTATTGGAAG,5-72964591-A-ACCCTTCTATTGGAAG,5-72965751-G-A,5-72965751-G-A,5-72965751-G-A,5-72967078-G-A,5-72967078-G-A,5-72967078-G-A,5-72970638-T-C,5-72970638-T-C,5-72970638-T-C,5-72980869-G-C,5-72980869-G-C,5-72980869-G-C,5-72983218-C-CTCTT,5-72983218-C-CTCTT,5-72983218-C-CTCTT,5-72985890-A-ATTATT,5-72985890-A-ATTATT,5-72985890-A-ATTATT,5-72947076-G-C,5-72947076-G-C,5-72947076-G-C,5-72985900-G-A,5-72985900-G-A,5-72985900-G-A,5-72892600-C-T,5-72892600-C-T,5-72892600-C-T,5-72888280-G-T,5-72888280-G-T,5-72888280-G-T,5-72890273-G-A,5-72890273-G-A,5-72890273-G-A,5-72890867-T-TAAC,5-72890867-T-TAAC,5-72890867-T-TAAC","ENSG00000157107,ENSG00000164331,ENSG00000164338,ENSG00000272525,ENSG00000271926,ENSG00000214944,ENSG00000272081,ENSG00000157111,ENSG00000145741,ENSG00000083312,ENSG00000255883","ENSG00000251604,ENSG00000251543,ENSG00000242602,ENSG00000272525,ENSG00000145741,ENSG00000164338,ENSG00000249149,ENSG00000251599,ENSG00000255883,ENSG00000244061,ENSG00000263593,ENSG00000251613,ENSG00000157107,ENSG00000287090,ENSG00000249743,ENSG00000251493,ENSG00000083312,ENSG00000272081,ENSG00000271926,ENSG00000250747,ENSG00000251108,ENSG00000264099,ENSG00000226544,ENSG00000164331,ENSG00000223497,ENSG00000249085,ENSG00000238913,ENSG00000248371,ENSG00000251324,ENSG00000164325,ENSG00000248930,ENSG00000206770,ENSG00000214944,ENSG00000157111",ENSG00000214944,Liver eQTLs,train
20021502300092196-92196000004221,chr2,"2-242700052-T-C,2-242703183-A-G,2-242704061-T-C,2-242707101-A-G,2-242710079-C-T,2-242700960-G-A,2-242701415-T-G,2-242710662-T-G,2-242710935-G-A,2-242710954-A-G,2-242711353-A-G,2-242711364-A-G,2-242711574-T-C,2-242711560-G-T,2-242695900-T-C,2-242696329-A-G","ENSG00000115685,ENSG00000188011,ENSG00000226321,ENSG00000130294,ENSG00000176720,ENSG00000234235,ENSG00000233392,ENSG00000273113,ENSG00000261186,ENSG00000115677,ENSG00000223374,ENSG00000115694,ENSG00000115687,ENSG00000289253,ENSG00000168385,ENSG00000289556,ENSG00000172478,ENSG00000204099,ENSG00000176946,ENSG00000006607,ENSG00000168397,ENSG00000220804,ENSG00000235151,ENSG00000168393,ENSG00000172482,ENSG00000122085,ENSG00000168395,ENSG00000188389,ENSG00000233806,ENSG00000162804,ENSG00000223991,ENSG00000286588,ENSG00000146205,ENSG00000235351,ENSG00000280119,ENSG00000215023","ENSG00000289556,ENSG00000220804,ENSG00000130294,ENSG00000168385,ENSG00000233392,ENSG00000273113,ENSG00000162804,ENSG00000168397,ENSG00000226321,ENSG00000232002,ENSG00000223991,ENSG00000234235,ENSG00000286588,ENSG00000168393,ENSG00000233806,ENSG00000176720,ENSG00000122085,ENSG00000261186,ENSG00000289253,ENSG00000235351,ENSG00000204099,ENSG00000146205,ENSG00000115685,ENSG00000172478,ENSG00000224160,ENSG00000215023,ENSG00000115677,ENSG00000215692,ENSG00000115694,ENSG00000234793,ENSG00000006607,ENSG00000168395,ENSG00000172482,ENSG00000188389,ENSG00000188011,ENSG00000176946,ENSG00000280119,ENSG00000226423,ENSG00000235151,ENSG00000115687,ENSG00000223374,ENSG00000244528",ENSG00000215023,Liver eQTLs,train
20021503900092196-92196000001762,chr12,12-6560573-G-T,"ENSG00000111664,ENSG00000159335,ENSG00000245667,ENSG00000111667,ENSG00000111642,ENSG00000111639,ENSG00000139197,ENSG00000213942,ENSG00000110811,ENSG00000126746,ENSG00000111652,ENSG00000010295,ENSG00000111644,ENSG00000111684,ENSG00000215039,ENSG00000111669,ENSG00000111671,ENSG00000139193,ENSG00000010278,ENSG00000272173,ENSG00000139194,ENSG00000111319,ENSG00000111641,ENSG00000111665,ENSG00000111653,ENSG00000067182,ENSG00000139182,ENSG00000089693,ENSG00000139200,ENSG00000248593,ENSG00000276718,ENSG00000047617,ENSG00000126749,ENSG00000111640,ENSG00000010610,ENSG00000182326,ENSG00000275703,ENSG00000247853,ENSG00000111321,ENSG00000111676,ENSG00000256967,ENSG00000285770,ENSG00000250510,ENSG00000238795,ENSG00000010626,ENSG00000139190,ENSG00000240370,ENSG00000159403,ENSG00000010292,ENSG00000205885,ENSG00000215021,ENSG00000110799,ENSG00000111679,ENSG00000256433,ENSG00000089692,ENSG00000008323,ENSG00000255966,ENSG00000177675,ENSG00000139178,ENSG00000200345,ENSG00000219410,ENSG00000184574,ENSG00000269892,ENSG00000111674","ENSG00000111642,ENSG00000111676,ENSG00000245667,ENSG00000247853,ENSG00000184574,ENSG00000139197,ENSG00000215039,ENSG00000207708,ENSG00000265388,ENSG00000111667,ENSG00000182326,ENSG00000269892,ENSG00000139182,ENSG00000270068,ENSG00000110811,ENSG00000139193,ENSG00000010292,ENSG00000285770,ENSG00000239701,ENSG00000252186,ENSG00000205885,ENSG00000111321,ENSG00000240370,ENSG00000248593,ENSG00000288814,ENSG00000275703,ENSG00000089692,ENSG00000202318,ENSG00000111674,ENSG00000239002,ENSG00000276718,ENSG00000126749,ENSG00000238795,ENSG00000213942,ENSG00000219410,ENSG00000240533,ENSG00000255572,ENSG00000067182,ENSG00000008323,ENSG00000111665,ENSG00000111640,ENSG00000215021,ENSG00000255973,ENSG00000111684,ENSG00000251898,ENSG00000111644,ENSG00000111653,ENSG00000272173,ENSG00000047617,ENSG00000256480,ENSG00000126746,ENSG00000159335,ENSG00000256967,ENSG00000256433,ENSG00000139190,ENSG00000139200,ENSG00000200345,ENSG00000159403,ENSG00000111639,ENSG00000089693,ENSG00000250510,ENSG00000111671,ENSG00000207713,ENSG00000111319,ENSG00000177675,ENSG00000139194,ENSG00000110799,ENSG00000111679,ENSG00000244532,ENSG00000010626,ENSG00000271969,ENSG00000255966,ENSG00000111652,ENSG00000010610,ENSG00000257078,ENSG00000257084,ENSG00000111641,ENSG00000224906,ENSG00000111669,ENSG00000139178,ENSG00000255775,ENSG00000111664,ENSG00000010278,ENSG00000010295",ENSG00000215039,Liver eQTLs,train
20021519000092196-92196000006422,chr6,6-57230422-G-A,"ENSG00000112208,ENSG00000220666,ENSG00000112210,ENSG00000112200,ENSG00000151914,ENSG00000168116,ENSG00000146143,ENSG00000239650,ENSG00000226803,ENSG00000215190,ENSG00000124749","ENSG00000112210,ENSG00000200224,ENSG00000112200,ENSG00000239650,ENSG00000214563,ENSG00000218980,ENSG00000266579,ENSG00000216687,ENSG00000218189,ENSG00000112208,ENSG00000146143,ENSG00000219095,ENSG00000216854,ENSG00000214561,ENSG00000151914,ENSG00000227602,ENSG00000231441,ENSG00000215190,ENSG00000212017,ENSG00000219790,ENSG00000168116,ENSG00000226803,ENSG00000286723,ENSG00000124749,ENSG00000220666,ENSG00000276576",ENSG00000215190,Liver eQTLs,train
20021525600092196-92196000002088,chr14,"14-24391357-G-A,14-24391357-G-A,14-24394030-C-T,14-24394030-C-T,14-24395299-G-A,14-24395299-G-A,14-24399615-G-C,14-24399615-G-C,14-24399645-C-G,14-24399645-C-G,14-24400531-A-G,14-24400531-A-G,14-24354529-T-C,14-24354529-T-C,14-24384681-A-G,14-24384681-A-G,14-24356026-C-T,14-24356026-C-T,14-24362508-CTTCTA-C,14-24362508-CTTCTA-C","ENSG00000279656,ENSG00000129467,ENSG00000235194,ENSG00000136367,ENSG00000215271,ENSG00000100453,ENSG00000157306,ENSG00000139908,ENSG00000215256,ENSG00000257285,ENSG00000258457,ENSG00000276698,ENSG00000100897,ENSG00000288820,ENSG00000259321,ENSG00000213903,ENSG00000100911,ENSG00000213920,ENSG00000100802,ENSG00000199804,ENSG00000186648,ENSG00000100938,ENSG00000280129,ENSG00000139899,ENSG00000100867,ENSG00000270433,ENSG00000092068,ENSG00000213983,ENSG00000196943,ENSG00000129559,ENSG00000197616,ENSG00000092009,ENSG00000092036,ENSG00000258727,ENSG00000100926,ENSG00000139914,ENSG00000274002,ENSG00000092098,ENSG00000100813,ENSG00000100908,ENSG00000100889,ENSG00000278784,ENSG00000092096,ENSG00000092295,ENSG00000100450,ENSG00000259431,ENSG00000254505,ENSG00000092051,ENSG00000166091,ENSG00000129535,ENSG00000100968,ENSG00000288044,ENSG00000258643,ENSG00000100448,ENSG00000157379,ENSG00000258744,ENSG00000129460,ENSG00000100441,ENSG00000100918,ENSG00000129473,ENSG00000287481,ENSG00000205978,ENSG00000100462,ENSG00000092067,ENSG00000129465,ENSG00000213928,ENSG00000092054,ENSG00000139880,ENSG00000196497,ENSG00000100836,ENSG00000092010,ENSG00000100445,ENSG00000288100,ENSG00000129474,ENSG00000092330,ENSG00000100804,ENSG00000100949,ENSG00000100884,ENSG00000100842,ENSG00000225766,ENSG00000213906,ENSG00000187630,ENSG00000179933","ENSG00000092330,ENSG00000100926,ENSG00000100938,ENSG00000092051,ENSG00000258275,ENSG00000283290,ENSG00000222931,ENSG00000196497,ENSG00000254505,ENSG00000139914,ENSG00000199804,ENSG00000100897,ENSG00000270618,ENSG00000258657,ENSG00000100867,ENSG00000274002,ENSG00000166091,ENSG00000100842,ENSG00000215271,ENSG00000092096,ENSG00000100445,ENSG00000100836,ENSG00000129474,ENSG00000129460,ENSG00000092010,ENSG00000257285,ENSG00000100918,ENSG00000092054,ENSG00000205978,ENSG00000235194,ENSG00000129465,ENSG00000100813,ENSG00000259431,ENSG00000258098,ENSG00000157306,ENSG00000139908,ENSG00000100884,ENSG00000258744,ENSG00000258643,ENSG00000139899,ENSG00000288044,ENSG00000279656,ENSG00000139880,ENSG00000100908,ENSG00000100450,ENSG00000100441,ENSG00000258457,ENSG00000157379,ENSG00000179933,ENSG00000213983,ENSG00000213920,ENSG00000258887,ENSG00000259321,ENSG00000092068,ENSG00000258464,ENSG00000215991,ENSG00000259334,ENSG00000213906,ENSG00000129559,ENSG00000100462,ENSG00000100911,ENSG00000186648,ENSG00000187630,ENSG00000225766,ENSG00000100453,ENSG00000280129,ENSG00000129467,ENSG00000092295,ENSG00000092067,ENSG00000100889,ENSG00000259043,ENSG00000100968,ENSG00000288100,ENSG00000213928,ENSG00000196943,ENSG00000092036,ENSG00000092098,ENSG00000288820,ENSG00000258444,ENSG00000258727,ENSG00000100802,ENSG00000257179,ENSG00000129473,ENSG00000092009,ENSG00000215256,ENSG00000270433,ENSG00000136367,ENSG00000197616,ENSG00000278784,ENSG00000287481,ENSG00000213903,ENSG00000285727,ENSG00000283856,ENSG00000129535,ENSG00000100804,ENSG00000100448,ENSG00000276698,ENSG00000100949",ENSG00000215256,Liver eQTLs,train
20021525600092196-92196000002089,chr14,"14-24405786-CA-C,14-24406918-T-C,14-24420204-T-C,14-24408954-A-G,14-24407654-A-G,14-24403219-C-A,14-24417017-G-A,14-24421740-C-A,14-24423090-A-G,14-24402725-A-C","ENSG00000215256,ENSG00000196497,ENSG00000270433,ENSG00000258727,ENSG00000139899,ENSG00000215271,ENSG00000100445,ENSG00000288100,ENSG00000259431,ENSG00000100889,ENSG00000139880,ENSG00000092098,ENSG00000100968,ENSG00000258643,ENSG00000100813,ENSG00000100804,ENSG00000129473,ENSG00000213906,ENSG00000129467,ENSG00000196943,ENSG00000254505,ENSG00000276698,ENSG00000092295,ENSG00000100842,ENSG00000258457,ENSG00000213903,ENSG00000129460,ENSG00000092036,ENSG00000092009,ENSG00000259321,ENSG00000100836,ENSG00000274002,ENSG00000100926,ENSG00000288044,ENSG00000157306,ENSG00000100802,ENSG00000199804,ENSG00000100867,ENSG00000092096,ENSG00000213920,ENSG00000166091,ENSG00000100448,ENSG00000129474,ENSG00000092330,ENSG00000139914,ENSG00000129559,ENSG00000179933,ENSG00000288820,ENSG00000100453,ENSG00000092054,ENSG00000136367,ENSG00000213983,ENSG00000100450,ENSG00000092067,ENSG00000129535,ENSG00000157379,ENSG00000279656,ENSG00000100884,ENSG00000205978,ENSG00000100908,ENSG00000258744,ENSG00000186648,ENSG00000100938,ENSG00000157326,ENSG00000100897,ENSG00000092068,ENSG00000100918,ENSG00000100949,ENSG00000100911,ENSG00000225766,ENSG00000100441,ENSG00000278784,ENSG00000235194,ENSG00000187630,ENSG00000092051,ENSG00000197616,ENSG00000092010,ENSG00000280129,ENSG00000213928,ENSG00000129465,ENSG00000139908,ENSG00000287481","ENSG00000215991,ENSG00000187630,ENSG00000100441,ENSG00000205978,ENSG00000213906,ENSG00000166091,ENSG00000258727,ENSG00000274002,ENSG00000157326,ENSG00000258444,ENSG00000129535,ENSG00000287481,ENSG00000100450,ENSG00000100918,ENSG00000100836,ENSG00000100949,ENSG00000258457,ENSG00000100842,ENSG00000213983,ENSG00000213928,ENSG00000092051,ENSG00000139908,ENSG00000280129,ENSG00000213903,ENSG00000139880,ENSG00000283856,ENSG00000254505,ENSG00000215256,ENSG00000100453,ENSG00000270618,ENSG00000259431,ENSG00000279656,ENSG00000129473,ENSG00000129559,ENSG00000100867,ENSG00000288044,ENSG00000092295,ENSG00000129465,ENSG00000186648,ENSG00000197616,ENSG00000270433,ENSG00000259334,ENSG00000259321,ENSG00000092036,ENSG00000092009,ENSG00000257179,ENSG00000288100,ENSG00000139914,ENSG00000276698,ENSG00000100884,ENSG00000092054,ENSG00000129460,ENSG00000092096,ENSG00000100448,ENSG00000100911,ENSG00000258657,ENSG00000196943,ENSG00000259043,ENSG00000288820,ENSG00000136367,ENSG00000258744,ENSG00000092068,ENSG00000157379,ENSG00000129467,ENSG00000278784,ENSG00000225766,ENSG00000100813,ENSG00000179933,ENSG00000235194,ENSG00000199804,ENSG00000215271,ENSG00000157306,ENSG00000196497,ENSG00000258464,ENSG00000092098,ENSG00000092330,ENSG00000258275,ENSG00000092067,ENSG00000258098,ENSG00000129474,ENSG00000100889,ENSG00000092010,ENSG00000100445,ENSG00000285727,ENSG00000222931,ENSG00000100908,ENSG00000100804,ENSG00000100802,ENSG00000100897,ENSG00000100938,ENSG00000213920,ENSG00000100968,ENSG00000258643,ENSG00000283290,ENSG00000258887,ENSG00000100926,ENSG00000139899",ENSG00000215256,Liver eQTLs,train
20021544000092196-92196000004574,chr20,"20-57260370-TA-T,20-57261544-CAA-C,20-57263390-T-C,20-57266781-C-T,20-57263746-T-C,20-57263668-G-GTA,20-57263670-G-GT,20-57263778-A-G,20-57264906-C-T,20-57266592-C-G,20-57266913-T-C,20-57267433-A-G,20-57267640-A-AGGGCCGCCC,20-57276433-G-C,20-57279343-GA-G,20-57260107-A-G,20-57262936-G-A,20-57261336-T-C,20-57281508-G-A,20-57281788-C-G,20-57276891-C-T,20-57271531-C-T,20-57269210-T-A,20-57269267-G-C,20-57273545-G-A,20-57274759-C-A,20-57278967-C-A,20-57272057-C-T,20-57268867-C-A","ENSG00000124203,ENSG00000101166,ENSG00000087460,ENSG00000225806,ENSG00000101160,ENSG00000124225,ENSG00000268649,ENSG00000124224,ENSG00000124164,ENSG00000087495,ENSG00000124222,ENSG00000270951,ENSG00000278709,ENSG00000101158,ENSG00000124209,ENSG00000215440,ENSG00000101162,ENSG00000124172","ENSG00000215440,ENSG00000252091,ENSG00000231604,ENSG00000231078,ENSG00000054796,ENSG00000280220,ENSG00000252064,ENSG00000225657,ENSG00000228995,ENSG00000203971,ENSG00000278709,ENSG00000235032,ENSG00000124209,ENSG00000124227,ENSG00000124225,ENSG00000230843,ENSG00000268649,ENSG00000237000,ENSG00000241821,ENSG00000101160,ENSG00000207158,ENSG00000087460,ENSG00000225708,ENSG00000101158,ENSG00000124203,ENSG00000124164,ENSG00000101166,ENSG00000124224,ENSG00000225806,ENSG00000124237,ENSG00000203266,ENSG00000288946,ENSG00000087495,ENSG00000289199,ENSG00000270411,ENSG00000227297,ENSG00000275852,ENSG00000266666,ENSG00000226308,ENSG00000124172,ENSG00000231005,ENSG00000235594,ENSG00000270951,ENSG00000263453,ENSG00000124222,ENSG00000101162",ENSG00000215440,Liver eQTLs,train
20021583700092196-92196000005189,chr3,"3-195329888-A-G,3-195317710-C-T,3-195319464-G-A,3-195319464-G-A,3-195320897-G-A","ENSG00000215837,ENSG00000185798,ENSG00000283426,ENSG00000213123,ENSG00000176945,ENSG00000184203,ENSG00000041802,ENSG00000174013,ENSG00000229325,ENSG00000163958,ENSG00000173950,ENSG00000287005,ENSG00000207650,ENSG00000224652,ENSG00000231464,ENSG00000229334,ENSG00000161217,ENSG00000235897,ENSG00000231443,ENSG00000163959,ENSG00000185112,ENSG00000145113,ENSG00000286004,ENSG00000163961,ENSG00000145014,ENSG00000114331,ENSG00000072274,ENSG00000061938,ENSG00000260261,ENSG00000189058,ENSG00000230266,ENSG00000163960,ENSG00000224614","ENSG00000206600,ENSG00000189058,ENSG00000231443,ENSG00000061938,ENSG00000286004,ENSG00000185112,ENSG00000072274,ENSG00000041802,ENSG00000224614,ENSG00000282206,ENSG00000230401,ENSG00000161217,ENSG00000232873,ENSG00000265333,ENSG00000231464,ENSG00000252174,ENSG00000252620,ENSG00000174013,ENSG00000276489,ENSG00000185798,ENSG00000233987,ENSG00000223783,ENSG00000271483,ENSG00000289219,ENSG00000237222,ENSG00000163961,ENSG00000238031,ENSG00000224652,ENSG00000235897,ENSG00000234805,ENSG00000184203,ENSG00000213123,ENSG00000229325,ENSG00000145014,ENSG00000176945,ENSG00000163960,ENSG00000114331,ENSG00000173950,ENSG00000163958,ENSG00000230266,ENSG00000287073,ENSG00000244314,ENSG00000236425,ENSG00000236844,ENSG00000237418,ENSG00000235836,ENSG00000283426,ENSG00000163959,ENSG00000145113,ENSG00000207368,ENSG00000215837,ENSG00000286168,ENSG00000287005,ENSG00000252053,ENSG00000265882,ENSG00000233303,ENSG00000227433,ENSG00000229334,ENSG00000260261,ENSG00000207650",ENSG00000215837,Liver eQTLs,train
