common_variant_analysis_signal_id,chr,credible_set_variants_in_1_based_B37,genes,genes_with_zero_expression,true_gene,eqtl_tissue,category
20016643600092196-92196000001455,chr11,"11-8703973-G-GC,11-8703194-ATGC-A,11-8704965-C-T,11-8709337-G-A,11-8714275-T-C,11-8714138-C-T,11-8710511-C-T,11-8699662-A-G,11-8701836-C-T,11-8725626-G-C,11-8722621-A-C","ENSG00000166441,ENSG00000166405,ENSG00000254397,ENSG00000130413,ENSG00000175352,ENSG00000176716,ENSG00000175390,ENSG00000212607,ENSG00000133789,ENSG00000166478,ENSG00000175356,ENSG00000166436,ENSG00000166471,ENSG00000243964,ENSG00000166402,ENSG00000268403,ENSG00000184014,ENSG00000205339,ENSG00000166483,ENSG00000166444,ENSG00000166452,ENSG00000175348,ENSG00000254860","ENSG00000255463,ENSG00000205339,ENSG00000279000,ENSG00000166402,ENSG00000182261,ENSG00000254642,ENSG00000166452,ENSG00000243964,ENSG00000252769,ENSG00000182334,ENSG00000254884,ENSG00000166405,ENSG00000184014,ENSG00000279391,ENSG00000252905,ENSG00000238387,ENSG00000212607,ENSG00000200983,ENSG00000166444,ENSG00000289518,ENSG00000166471,ENSG00000241008,ENSG00000213538,ENSG00000268403,ENSG00000130413,ENSG00000255420,ENSG00000166407,ENSG00000254921,ENSG00000175356,ENSG00000255159,ENSG00000223080,ENSG00000175352,ENSG00000176009,ENSG00000202276,ENSG00000183378,ENSG00000166478,ENSG00000170688,ENSG00000286935,ENSG00000166436,ENSG00000133789,ENSG00000254707,ENSG00000254397,ENSG00000201564,ENSG00000252778,ENSG00000248332,ENSG00000254951,ENSG00000175390,ENSG00000175348,ENSG00000246820,ENSG00000227892,ENSG00000253973,ENSG00000255097,ENSG00000166441,ENSG00000166408,ENSG00000273725,ENSG00000166483,ENSG00000170683,ENSG00000254860,ENSG00000183303,ENSG00000176716",ENSG00000166436,Liver eQTLs,train
20016651000092196-92196000003380,chr18,"18-52620878-TA-T,18-52617701-A-AT,18-52617899-T-A,18-52618411-T-G,18-52618629-A-T,18-52619399-T-G","ENSG00000196628,ENSG00000166845,ENSG00000166510,ENSG00000101751,ENSG00000264350,ENSG00000134046,ENSG00000041353,ENSG00000277324","ENSG00000260433,ENSG00000286283,ENSG00000273762,ENSG00000280098,ENSG00000277324,ENSG00000196628,ENSG00000263872,ENSG00000265712,ENSG00000215457,ENSG00000166845,ENSG00000134046,ENSG00000101751,ENSG00000263438,ENSG00000264350,ENSG00000266335,ENSG00000285695,ENSG00000242945,ENSG00000041353,ENSG00000166510",ENSG00000166510,Liver eQTLs,train
20016675000092196-92196000003017,chr17,"17-33571546-G-A,17-33570441-C-A,17-33569114-T-C,17-33562109-A-G,17-33561165-C-CT,17-33566751-T-C,17-33564409-C-T,17-33568271-T-C","ENSG00000092871,ENSG00000198783,ENSG00000289485,ENSG00000277632,ENSG00000205045,ENSG00000275718,ENSG00000275385,ENSG00000181291,ENSG00000273687,ENSG00000267648,ENSG00000275431,ENSG00000005156,ENSG00000278690,ENSG00000132141,ENSG00000172123,ENSG00000172156,ENSG00000267547,ENSG00000270885,ENSG00000274767,ENSG00000270379,ENSG00000154760,ENSG00000276409,ENSG00000267457,ENSG00000267074,ENSG00000185379,ENSG00000271447,ENSG00000108700,ENSG00000276085,ENSG00000166750,ENSG00000006125,ENSG00000108691,ENSG00000271503,ENSG00000267369,ENSG00000277089,ENSG00000270977,ENSG00000270240,ENSG00000108733,ENSG00000276070,ENSG00000273736,ENSG00000255987,ENSG00000275944,ENSG00000275152,ENSG00000172716,ENSG00000270647,ENSG00000267364,ENSG00000073536,ENSG00000275302,ENSG00000267102,ENSG00000278023,ENSG00000274736,ENSG00000270871,ENSG00000267321","ENSG00000108691,ENSG00000108702,ENSG00000275718,ENSG00000172716,ENSG00000270647,ENSG00000198783,ENSG00000270240,ENSG00000108688,ENSG00000283381,ENSG00000108733,ENSG00000265614,ENSG00000108700,ENSG00000277632,ENSG00000265775,ENSG00000266535,ENSG00000265697,ENSG00000267074,ENSG00000283417,ENSG00000274736,ENSG00000278023,ENSG00000181291,ENSG00000261156,ENSG00000265115,ENSG00000276409,ENSG00000276070,ENSG00000005156,ENSG00000267369,ENSG00000267457,ENSG00000273736,ENSG00000270379,ENSG00000225582,ENSG00000172156,ENSG00000141316,ENSG00000166750,ENSG00000275431,ENSG00000275302,ENSG00000264791,ENSG00000205045,ENSG00000270885,ENSG00000201178,ENSG00000271447,ENSG00000263571,ENSG00000264458,ENSG00000236377,ENSG00000172123,ENSG00000265544,ENSG00000279668,ENSG00000267321,ENSG00000073536,ENSG00000264643,ENSG00000270871,ENSG00000265125,ENSG00000154760,ENSG00000267102,ENSG00000280349,ENSG00000132141,ENSG00000274767,ENSG00000252370,ENSG00000267547,ENSG00000278690,ENSG00000276085,ENSG00000275944,ENSG00000271503,ENSG00000273687,ENSG00000092871,ENSG00000006125,ENSG00000275152,ENSG00000263485,ENSG00000267648,ENSG00000267364,ENSG00000275385,ENSG00000270977,ENSG00000264598,ENSG00000263435,ENSG00000289485,ENSG00000277089,ENSG00000264990,ENSG00000279674,ENSG00000265689,ENSG00000255987,ENSG00000185379",ENSG00000166750,Liver eQTLs,train
20016676300092196-92196000002355,chr15,"15-43936103-C-T,15-43938607-A-G,15-43938682-T-C,15-43941722-C-T,15-43920488-T-C,15-43920679-A-G,15-43920671-C-T,15-43910440-A-G,15-43950663-C-A,15-43919081-T-C,15-43923955-A-C,15-43926033-C-T,15-43929070-C-G,15-43920693-C-T,15-43934300-C-CT,15-44038463-C-A,15-44057045-A-G,15-44080575-C-T,15-44080737-T-C,15-43942270-A-C,15-43945671-T-C,15-43918180-CTT-C,15-43915626-G-C,15-43912987-C-T,15-43922003-C-T,15-43925134-T-A,15-43925135-T-G,15-43925140-A-G,15-43925147-T-G,15-43989530-T-C,15-43995789-C-T,15-44035363-A-C,15-44075259-G-A,15-44019788-A-G,15-44074284-A-G,15-43949634-G-GT,15-44079477-G-A,15-44038899-C-T,15-44047430-C-T,15-44030271-C-A,15-44030018-G-A,15-44037533-CAG-C,15-44096063-C-T,15-44061802-C-T,15-44052599-TAAAG-T,15-44018656-T-C,15-44056735-G-A,15-44063859-G-A,15-44074691-C-G,15-44030579-G-A,15-44017401-C-T,15-44026936-G-A,15-44031917-G-A,15-44102328-G-A,15-44110142-A-G,15-44114527-G-A,15-44108448-C-CT,15-44119313-CA-C,15-44156302-C-T,15-44112146-A-C,15-44113782-T-G,15-44150189-A-G,15-44154506-A-AT,15-44187991-C-A,15-44161550-G-A,15-44188854-T-C","ENSG00000166734,ENSG00000168806,ENSG00000278769,ENSG00000104131,ENSG00000166763,ENSG00000067369,ENSG00000137842,ENSG00000137770,ENSG00000137822,ENSG00000166946,ENSG00000092470,ENSG00000140326,ENSG00000274403,ENSG00000275601,ENSG00000166947,ENSG00000166963,ENSG00000140264,ENSG00000128881,ENSG00000167004,ENSG00000260799,ENSG00000159459,ENSG00000166762,ENSG00000259659,ENSG00000205871,ENSG00000168781,ENSG00000179523,ENSG00000128886,ENSG00000242028,ENSG00000289277,ENSG00000205771,ENSG00000140259,ENSG00000250130","ENSG00000285080,ENSG00000259595,ENSG00000252117,ENSG00000206991,ENSG00000238845,ENSG00000179523,ENSG00000275601,ENSG00000128881,ENSG00000140264,ENSG00000222398,ENSG00000260928,ENSG00000200391,ENSG00000137770,ENSG00000166762,ENSG00000250130,ENSG00000140326,ENSG00000137842,ENSG00000206957,ENSG00000259335,ENSG00000128886,ENSG00000159459,ENSG00000166963,ENSG00000274403,ENSG00000254793,ENSG00000206589,ENSG00000260406,ENSG00000224055,ENSG00000166946,ENSG00000201136,ENSG00000281269,ENSG00000259659,ENSG00000166947,ENSG00000167004,ENSG00000185607,ENSG00000166763,ENSG00000166734,ENSG00000168806,ENSG00000278769,ENSG00000259499,ENSG00000140259,ENSG00000242028,ENSG00000212424,ENSG00000259742,ENSG00000205771,ENSG00000259231,ENSG00000159495,ENSG00000104055,ENSG00000260799,ENSG00000168781,ENSG00000261679,ENSG00000202211,ENSG00000067369,ENSG00000205871,ENSG00000289277,ENSG00000137822,ENSG00000092470,ENSG00000243871,ENSG00000104131",ENSG00000166763,Liver eQTLs,train
20016679600092196-92196000001205,chr11,"11-18432033-CATGG-C,11-18432855-T-C,11-18432905-C-T,11-18432941-T-C,11-18432997-T-C,11-18433459-A-C,11-18432190-T-C,11-18432859-A-G,11-18433005-T-C,11-18433720-C-G,11-18433201-A-T,11-18433201-A-T,11-18421237-C-T,11-18432375-T-C,11-18434159-T-TC,11-18436473-CA-C,11-18433199-A-T,11-18435458-A-T,11-18437364-T-C,11-18437487-T-C,11-18438770-G-A,11-18436295-A-T,11-18436448-T-C,11-18437004-A-G,11-18407867-C-T,11-18412389-AG-A,11-18417583-G-A,11-18431451-T-A,11-18415258-TA-T,11-18431382-C-G,11-18431563-A-G,11-18438504-C-T,11-18439001-C-G,11-18439567-A-G,11-18439738-G-A,11-18439927-A-C,11-18442396-T-C,11-18445800-G-A,11-18456140-G-A,11-18456181-A-G,11-18460308-C-T,11-18464356-T-C,11-18468930-C-T,11-18471371-G-A,11-18473138-A-C,11-18480201-A-G,11-18481284-T-A,11-18484786-A-G,11-18443668-A-C,11-18431254-A-ATT,11-18415236-CA-C,11-18470305-G-T,11-18443899-T-C,11-18482170-G-A,11-18464994-C-T,11-18484115-C-T,11-18486123-G-A,11-18462494-T-A,11-18421683-C-A,11-18430150-T-C,11-18431614-C-T,11-18404235-C-T,11-18409716-A-G,11-18415815-C-T,11-18400766-C-CA,11-18400811-C-T,11-18482665-G-A,11-18401867-A-G","ENSG00000166796,ENSG00000256006,ENSG00000256282,ENSG00000173432,ENSG00000129167,ENSG00000074319,ENSG00000247595,ENSG00000166787,ENSG00000006611,ENSG00000166833,ENSG00000129158,ENSG00000166788,ENSG00000177054,ENSG00000110756,ENSG00000179057,ENSG00000148965,ENSG00000151117,ENSG00000129173,ENSG00000129170,ENSG00000151116,ENSG00000212789,ENSG00000110768,ENSG00000289499,ENSG00000254966,ENSG00000279837,ENSG00000179119,ENSG00000134339,ENSG00000134333","ENSG00000179119,ENSG00000255254,ENSG00000274589,ENSG00000285562,ENSG00000110756,ENSG00000289499,ENSG00000166788,ENSG00000247595,ENSG00000212789,ENSG00000256734,ENSG00000177054,ENSG00000179817,ENSG00000254738,ENSG00000129173,ENSG00000255335,ENSG00000255160,ENSG00000255035,ENSG00000183695,ENSG00000254966,ENSG00000254546,ENSG00000129170,ENSG00000255511,ENSG00000179826,ENSG00000255308,ENSG00000256006,ENSG00000166833,ENSG00000129158,ENSG00000170255,ENSG00000173432,ENSG00000255424,ENSG00000134333,ENSG00000134339,ENSG00000254857,ENSG00000254541,ENSG00000151116,ENSG00000129167,ENSG00000166787,ENSG00000276789,ENSG00000254720,ENSG00000255138,ENSG00000200687,ENSG00000254529,ENSG00000256282,ENSG00000264603,ENSG00000201695,ENSG00000255270,ENSG00000255536,ENSG00000254586,ENSG00000255244,ENSG00000179057,ENSG00000110768,ENSG00000287898,ENSG00000148965,ENSG00000151117,ENSG00000200336,ENSG00000166796,ENSG00000074319,ENSG00000286998,ENSG00000255470,ENSG00000254544,ENSG00000006611,ENSG00000279837",ENSG00000166796,Liver eQTLs,train
20016684700092196-92196000002591,chr16,"16-23653343-C-T,16-23692405-A-G,16-23698457-A-C,16-23657976-C-T,16-23658976-G-A,16-23666178-C-A,16-23681165-G-A,16-23661639-G-C,16-23668568-G-A,16-23672834-G-GT,16-23654509-T-G,16-23704922-A-AT,16-23694732-G-C,16-23694774-A-T,16-23697679-C-T,16-23701538-A-G,16-23704005-C-T,16-23677006-A-G,16-23670597-G-A,16-23700231-C-CTT","ENSG00000289171,ENSG00000090905,ENSG00000122257,ENSG00000166851,ENSG00000122254,ENSG00000103353,ENSG00000168434,ENSG00000103404,ENSG00000083093,ENSG00000260751,ENSG00000166501,ENSG00000280039,ENSG00000004779,ENSG00000166847,ENSG00000260136,ENSG00000103365,ENSG00000168447","ENSG00000166847,ENSG00000166851,ENSG00000201541,ENSG00000004779,ENSG00000260247,ENSG00000103365,ENSG00000212593,ENSG00000090905,ENSG00000166501,ENSG00000279202,ENSG00000261583,ENSG00000168434,ENSG00000285613,ENSG00000279276,ENSG00000260136,ENSG00000261090,ENSG00000260072,ENSG00000278912,ENSG00000168447,ENSG00000083093,ENSG00000122254,ENSG00000279756,ENSG00000289171,ENSG00000279554,ENSG00000103404,ENSG00000122257,ENSG00000006116,ENSG00000260264,ENSG00000274466,ENSG00000260741,ENSG00000103353,ENSG00000261528,ENSG00000260751,ENSG00000239081,ENSG00000280039",ENSG00000166847,Liver eQTLs,train
20016689600092196-92196000001751,chr12,"12-58328500-G-A,12-58328500-G-A,12-58328500-G-A,12-58329820-G-A,12-58329820-G-A,12-58329820-G-A,12-58330211-CTTTA-C,12-58330211-CTTTA-C,12-58330211-CTTTA-C,12-58335330-C-G,12-58335330-C-G,12-58335330-C-G,12-58335626-A-T,12-58335626-A-T,12-58335626-A-T,12-58337132-A-T,12-58337132-A-T,12-58337132-A-T,12-58337671-G-A,12-58337671-G-A,12-58337671-G-A,12-58342196-G-A,12-58342196-G-A,12-58342196-G-A,12-58315338-C-T,12-58315338-C-T,12-58315338-C-T,12-58320783-A-T,12-58320783-A-T,12-58320783-A-T,12-58326448-T-C,12-58326448-T-C,12-58326448-T-C,12-58335274-C-A,12-58335274-C-A,12-58335274-C-A,12-58306097-C-T,12-58306097-C-T,12-58306097-C-T,12-58311524-G-A,12-58311524-G-A,12-58311524-G-A,12-58348609-TG-T,12-58348609-TG-T,12-58348609-TG-T,12-58331514-C-CAAAAAACA,12-58331514-C-CAAAAAACA,12-58331514-C-CAAAAAACA,12-58335130-G-A,12-58335130-G-A,12-58335130-G-A,12-58349063-G-GT,12-58349063-G-GT,12-58349063-G-GT,12-58324053-ACTTTTTT-A,12-58324053-ACTTTTTT-A,12-58324053-ACTTTTTT-A,12-58329935-G-C,12-58329935-G-C,12-58329935-G-C,12-58319656-A-G,12-58319656-A-G,12-58319656-A-G,12-58320436-G-A,12-58320436-G-A,12-58320436-G-A,12-58322730-T-C,12-58322730-T-C,12-58322730-T-C,12-58332351-C-G,12-58332351-C-G,12-58332351-C-G,12-58332427-A-G,12-58332427-A-G,12-58332427-A-G,12-58333417-T-C,12-58333417-T-C,12-58333417-T-C,12-58333842-G-GA,12-58333842-G-GA,12-58333842-G-GA,12-58334743-A-G,12-58334743-A-G,12-58334743-A-G,12-58318897-C-T,12-58318897-C-T,12-58318897-C-T,12-58332386-C-G,12-58332386-C-G,12-58332386-C-G,12-58335142-A-G,12-58335142-A-G,12-58335142-A-G","ENSG00000111087,ENSG00000185633,ENSG00000135407,ENSG00000175203,ENSG00000111012,ENSG00000224713,ENSG00000155980,ENSG00000179912,ENSG00000257259,ENSG00000166886,ENSG00000139547,ENSG00000037897,ENSG00000175197,ENSG00000166888,ENSG00000166908,ENSG00000139266,ENSG00000182379,ENSG00000123329,ENSG00000269903,ENSG00000166866,ENSG00000135502,ENSG00000166881,ENSG00000166856,ENSG00000135446,ENSG00000166863,ENSG00000258001,ENSG00000135454,ENSG00000135439,ENSG00000139263,ENSG00000185482,ENSG00000135506,ENSG00000123384,ENSG00000276727,ENSG00000166986,ENSG00000270039,ENSG00000259125,ENSG00000135452,ENSG00000166860,ENSG00000255737,ENSG00000178498,ENSG00000175189,ENSG00000139269,ENSG00000166987,ENSG00000240771,ENSG00000287200,ENSG00000175215,ENSG00000166896,ENSG00000182199","ENSG00000123329,ENSG00000135452,ENSG00000207789,ENSG00000257159,ENSG00000182379,ENSG00000166986,ENSG00000257288,ENSG00000111087,ENSG00000242990,ENSG00000037897,ENSG00000185482,ENSG00000139269,ENSG00000244390,ENSG00000273805,ENSG00000135439,ENSG00000284152,ENSG00000175215,ENSG00000255737,ENSG00000135506,ENSG00000175197,ENSG00000166856,ENSG00000276727,ENSG00000201198,ENSG00000166908,ENSG00000185633,ENSG00000287200,ENSG00000135454,ENSG00000166987,ENSG00000206749,ENSG00000166863,ENSG00000166881,ENSG00000279411,ENSG00000139263,ENSG00000259125,ENSG00000166866,ENSG00000175189,ENSG00000258001,ENSG00000166886,ENSG00000258231,ENSG00000257668,ENSG00000269903,ENSG00000258133,ENSG00000123384,ENSG00000111012,ENSG00000257541,ENSG00000135502,ENSG00000286279,ENSG00000241423,ENSG00000182199,ENSG00000135407,ENSG00000279134,ENSG00000175203,ENSG00000135446,ENSG00000155980,ENSG00000139547,ENSG00000139266,ENSG00000178498,ENSG00000222210,ENSG00000179912,ENSG00000257259,ENSG00000270039,ENSG00000245651,ENSG00000240771,ENSG00000224713,ENSG00000257953,ENSG00000166896,ENSG00000166888,ENSG00000166860",ENSG00000166896,Liver eQTLs,train
20016693800092196-92196000002408,chr15,"15-66575989-C-A,15-66575989-C-A,15-66578454-G-A,15-66578454-G-A,15-66580853-C-T,15-66580853-C-T,15-66574151-T-A,15-66574151-T-A,15-66566278-C-T,15-66566278-C-T,15-66566160-G-A,15-66566160-G-A,15-66568411-T-A,15-66568411-T-A,15-66572289-G-A,15-66572289-G-A,15-66560067-G-T,15-66560067-G-T,15-66538519-C-T,15-66538519-C-T,15-66539304-C-T,15-66539304-C-T,15-66541075-C-T,15-66541075-C-T,15-66546324-A-C,15-66546324-A-C,15-66549703-A-T,15-66549703-A-T,15-66554195-T-A,15-66554195-T-A,15-66556450-T-C,15-66556450-T-C,15-66562611-G-A,15-66562611-G-A,15-66560246-G-T,15-66560246-G-T,15-66586192-G-A,15-66586192-G-A,15-66573696-G-A,15-66573696-G-A,15-66566477-C-T,15-66566477-C-T,15-66566752-C-T,15-66566752-C-T,15-66569515-G-A,15-66569515-G-A,15-66569686-C-T,15-66569686-C-T,15-66570907-G-A,15-66570907-G-A,15-66577362-C-G,15-66577362-C-G,15-66582451-C-G,15-66582451-C-G,15-66580514-C-T,15-66580514-C-T,15-66581399-C-A,15-66581399-C-A,15-66581668-T-C,15-66581668-T-C,15-66583920-A-T,15-66583920-A-T,15-66534646-T-C,15-66534646-T-C,15-66535599-T-G,15-66535599-T-G,15-66537899-G-A,15-66537899-G-A,15-66538636-G-A,15-66538636-G-A,15-66540873-T-C,15-66540873-T-C,15-66541800-G-A,15-66541800-G-A,15-66542766-T-C,15-66542766-T-C,15-66544488-C-G,15-66544488-C-G,15-66547088-C-T,15-66547088-C-T,15-66554870-C-T,15-66554870-C-T,15-66556154-A-G,15-66556154-A-G,15-66559649-G-A,15-66559649-G-A,15-66561241-A-G,15-66561241-A-G,15-66564488-A-G,15-66564488-A-G,15-66577318-CTT-C,15-66577318-CTT-C,15-66548127-C-T,15-66548127-C-T,15-66541771-T-C,15-66541771-T-C","ENSG00000138617,ENSG00000260773,ENSG00000174485,ENSG00000103591,ENSG00000259924,ENSG00000074621,ENSG00000137834,ENSG00000261351,ENSG00000138614,ENSG00000166938,ENSG00000174442,ENSG00000174444,ENSG00000259347,ENSG00000103769,ENSG00000166949,ENSG00000074696,ENSG00000074603,ENSG00000174446,ENSG00000259471,ENSG00000103599,ENSG00000169032,ENSG00000188501","ENSG00000259347,ENSG00000174442,ENSG00000103769,ENSG00000103599,ENSG00000274995,ENSG00000270490,ENSG00000202529,ENSG00000283249,ENSG00000259437,ENSG00000188501,ENSG00000266589,ENSG00000074603,ENSG00000169032,ENSG00000174446,ENSG00000259471,ENSG00000074696,ENSG00000263512,ENSG00000174444,ENSG00000200623,ENSG00000259924,ENSG00000264737,ENSG00000074621,ENSG00000259202,ENSG00000238311,ENSG00000166949,ENSG00000261318,ENSG00000137834,ENSG00000249271,ENSG00000174485,ENSG00000261544,ENSG00000166938,ENSG00000242634,ENSG00000223271,ENSG00000261102,ENSG00000138617,ENSG00000260773,ENSG00000259289,ENSG00000252712,ENSG00000138614,ENSG00000103591,ENSG00000261351",ENSG00000166938,Liver eQTLs,train
20016719300092196-92196000002921,chr17,"17-1357160-C-G,17-1364173-G-T","ENSG00000132386,ENSG00000228133,ENSG00000205899,ENSG00000070444,ENSG00000167699,ENSG00000287553,ENSG00000070366,ENSG00000167716,ENSG00000141252,ENSG00000132383,ENSG00000132376,ENSG00000262003,ENSG00000262333,ENSG00000277597,ENSG00000231784,ENSG00000167705,ENSG00000167695,ENSG00000174231,ENSG00000186594,ENSG00000185924,ENSG00000177374,ENSG00000167193,ENSG00000174238,ENSG00000167711,ENSG00000167721,ENSG00000262445,ENSG00000262434,ENSG00000186532,ENSG00000262228,ENSG00000108963,ENSG00000197879,ENSG00000177370,ENSG00000141258,ENSG00000263345,ENSG00000262777,ENSG00000167703,ENSG00000277491,ENSG00000179409,ENSG00000108958,ENSG00000159842,ENSG00000167693,ENSG00000074660,ENSG00000171861,ENSG00000167720,ENSG00000185561,ENSG00000236618,ENSG00000108953","ENSG00000262434,ENSG00000263015,ENSG00000267195,ENSG00000267200,ENSG00000277491,ENSG00000074660,ENSG00000265777,ENSG00000235361,ENSG00000197879,ENSG00000167699,ENSG00000262777,ENSG00000236457,ENSG00000159842,ENSG00000262333,ENSG00000262810,ENSG00000241525,ENSG00000262133,ENSG00000141252,ENSG00000185924,ENSG00000167193,ENSG00000287553,ENSG00000167716,ENSG00000132383,ENSG00000177370,ENSG00000167720,ENSG00000179409,ENSG00000262869,ENSG00000275997,ENSG00000289388,ENSG00000167711,ENSG00000132386,ENSG00000108958,ENSG00000280242,ENSG00000185561,ENSG00000167693,ENSG00000174231,ENSG00000070366,ENSG00000263017,ENSG00000263345,ENSG00000174238,ENSG00000167703,ENSG00000280333,ENSG00000262402,ENSG00000141258,ENSG00000236618,ENSG00000186532,ENSG00000167721,ENSG00000279340,ENSG00000231784,ENSG00000262228,ENSG00000262003,ENSG00000262213,ENSG00000277597,ENSG00000070444,ENSG00000243704,ENSG00000167705,ENSG00000278794,ENSG00000228133,ENSG00000279040,ENSG00000132376,ENSG00000186594,ENSG00000236838,ENSG00000279562,ENSG00000108963,ENSG00000177374,ENSG00000205899,ENSG00000278941,ENSG00000167695,ENSG00000262445,ENSG00000275084,ENSG00000171861,ENSG00000225084,ENSG00000108953,ENSG00000262708,ENSG00000264429",ENSG00000167193,Liver eQTLs,train
20016728000092196-92196000003264,chr17,"17-77078955-T-C,17-77079576-A-G,17-77077452-T-C,17-77081200-A-C,17-77078660-G-A,17-77078069-G-A,17-77078406-C-G,17-77080303-A-G,17-77080596-C-T,17-77082758-A-G","ENSG00000173918,ENSG00000267719,ENSG00000087157,ENSG00000187775,ENSG00000141524,ENSG00000108669,ENSG00000055483,ENSG00000141570,ENSG00000167900,ENSG00000089685,ENSG00000265096,ENSG00000262585,ENSG00000173894,ENSG00000287539,ENSG00000183077,ENSG00000184557,ENSG00000035862,ENSG00000108679,ENSG00000108639,ENSG00000167895,ENSG00000141582,ENSG00000182156,ENSG00000167280,ENSG00000167291,ENSG00000261978,ENSG00000204277,ENSG00000267737,ENSG00000266970,ENSG00000262188,ENSG00000171302,ENSG00000141519","ENSG00000277382,ENSG00000287539,ENSG00000087157,ENSG00000274051,ENSG00000267568,ENSG00000204277,ENSG00000200257,ENSG00000141519,ENSG00000267016,ENSG00000141570,ENSG00000207169,ENSG00000173894,ENSG00000267518,ENSG00000167900,ENSG00000276202,ENSG00000238658,ENSG00000279600,ENSG00000267535,ENSG00000222808,ENSG00000265096,ENSG00000267790,ENSG00000286534,ENSG00000199961,ENSG00000267263,ENSG00000183077,ENSG00000267719,ENSG00000267376,ENSG00000187775,ENSG00000261978,ENSG00000275360,ENSG00000264060,ENSG00000279572,ENSG00000267737,ENSG00000184557,ENSG00000287836,ENSG00000200651,ENSG00000171302,ENSG00000055483,ENSG00000108669,ENSG00000267463,ENSG00000262585,ENSG00000280122,ENSG00000242931,ENSG00000141582,ENSG00000108679,ENSG00000167291,ENSG00000167895,ENSG00000212418,ENSG00000141524,ENSG00000167280,ENSG00000238898,ENSG00000262188,ENSG00000199735,ENSG00000182156,ENSG00000267084,ENSG00000266970,ENSG00000286750,ENSG00000204283,ENSG00000251779,ENSG00000173918,ENSG00000265121,ENSG00000267521,ENSG00000108639,ENSG00000089685,ENSG00000035862",ENSG00000167280,Liver eQTLs,train
20016737700092196-92196000002783,chr16,16-71509796-C-G,"ENSG00000198650,ENSG00000140829,ENSG00000118557,ENSG00000189091,ENSG00000103051,ENSG00000140835,ENSG00000263232,ENSG00000157368,ENSG00000132613,ENSG00000260015,ENSG00000260252,ENSG00000277481,ENSG00000172137,ENSG00000257017,ENSG00000260886,ENSG00000167377,ENSG00000040199,ENSG00000157429,ENSG00000102984,ENSG00000214353,ENSG00000180917,ENSG00000102967,ENSG00000260156,ENSG00000140830,ENSG00000279569,ENSG00000261701,ENSG00000224470,ENSG00000103043,ENSG00000182149,ENSG00000263311,ENSG00000166747,ENSG00000247324,ENSG00000279412","ENSG00000283564,ENSG00000118557,ENSG00000102967,ENSG00000214353,ENSG00000140830,ENSG00000261673,ENSG00000260520,ENSG00000263311,ENSG00000198650,ENSG00000279592,ENSG00000221066,ENSG00000260156,ENSG00000040199,ENSG00000260612,ENSG00000242176,ENSG00000167377,ENSG00000261701,ENSG00000257017,ENSG00000261774,ENSG00000140835,ENSG00000277481,ENSG00000103051,ENSG00000260734,ENSG00000260593,ENSG00000260185,ENSG00000132613,ENSG00000199301,ENSG00000262120,ENSG00000223224,ENSG00000279815,ENSG00000189091,ENSG00000247324,ENSG00000166747,ENSG00000103043,ENSG00000182149,ENSG00000262008,ENSG00000279412,ENSG00000260015,ENSG00000140829,ENSG00000221514,ENSG00000157429,ENSG00000260886,ENSG00000261765,ENSG00000260252,ENSG00000263232,ENSG00000157368,ENSG00000259833,ENSG00000261348,ENSG00000259798,ENSG00000252339,ENSG00000102984,ENSG00000180917,ENSG00000172137,ENSG00000279569,ENSG00000263666,ENSG00000224470,ENSG00000221725",ENSG00000167377,Liver eQTLs,train
20016739700092196-92196000002649,chr16,"16-31131614-A-G,16-31147548-G-A,16-31149142-A-G,16-31112810-A-C,16-31115259-T-A,16-31110981-G-A,16-31128088-AAT-A,16-31129942-C-T,16-31117389-T-C,16-31125776-T-C,16-31131121-C-T,16-31103796-A-G,16-31104878-G-A,16-31107689-C-T,16-31088347-G-A,16-31081585-A-G,16-31088625-A-G,16-31121793-G-A,16-31129895-A-G,16-31137712-C-T,16-31141993-C-T,16-31145219-C-T,16-31117413-C-T,16-31140799-G-T,16-31114234-A-G,16-31104509-C-G,16-31084394-A-AGCTCCTC,16-31085470-T-C,16-31127013-AT-A,16-31128668-C-A,16-31118024-C-A,16-31124407-A-G,16-31128615-C-T,16-31014179-C-T,16-31070481-A-T,16-31079371-G-T,16-31066538-T-G,16-31075175-G-A,16-31069854-G-A,16-31037020-A-T,16-31042299-G-A,16-31048079-C-T,16-31053467-C-T,16-31025641-C-T,16-31038687-T-A,16-31048280-C-T,16-31131174-G-A,16-31074386-G-GC,16-31054040-G-C,16-31062701-C-A,16-31065918-T-A,16-31011183-A-G,16-31011821-T-G,16-31005947-G-GT,16-31062875-TA-T,16-31027833-A-AT,16-30979818-C-T,16-30969486-G-T,16-30982225-A-G","ENSG00000132207,ENSG00000102886,ENSG00000180035,ENSG00000185947,ENSG00000274678,ENSG00000278922,ENSG00000260060,ENSG00000156860,ENSG00000103490,ENSG00000235560,ENSG00000261474,ENSG00000099365,ENSG00000169221,ENSG00000276867,ENSG00000198064,ENSG00000175938,ENSG00000273724,ENSG00000179958,ENSG00000169951,ENSG00000102879,ENSG00000260304,ENSG00000156858,ENSG00000052344,ENSG00000156886,ENSG00000103507,ENSG00000197162,ENSG00000183604,ENSG00000131797,ENSG00000280132,ENSG00000261840,ENSG00000176723,ENSG00000278133,ENSG00000099385,ENSG00000179918,ENSG00000259810,ENSG00000279196,ENSG00000288983,ENSG00000250616,ENSG00000169957,ENSG00000102882,ENSG00000089280,ENSG00000140675,ENSG00000275371,ENSG00000090238,ENSG00000167394,ENSG00000150281,ENSG00000156873,ENSG00000229809,ENSG00000180096,ENSG00000103549,ENSG00000260083,ENSG00000260267,ENSG00000274653,ENSG00000169896,ENSG00000140688,ENSG00000169877,ENSG00000281991,ENSG00000275263,ENSG00000261052,ENSG00000180209,ENSG00000262766,ENSG00000005844,ENSG00000102870,ENSG00000103496,ENSG00000179965,ENSG00000260625,ENSG00000280211,ENSG00000099364,ENSG00000196118,ENSG00000140691,ENSG00000260911,ENSG00000140682,ENSG00000156853,ENSG00000167397,ENSG00000140678,ENSG00000197302,ENSG00000080603,ENSG00000169955,ENSG00000260219,ENSG00000099381,ENSG00000260852,ENSG00000169217,ENSG00000156885","ENSG00000288983,ENSG00000261289,ENSG00000132207,ENSG00000261245,ENSG00000275263,ENSG00000260568,ENSG00000099364,ENSG00000281991,ENSG00000005844,ENSG00000169627,ENSG00000099381,ENSG00000103507,ENSG00000150281,ENSG00000206755,ENSG00000275371,ENSG00000175938,ENSG00000260852,ENSG00000260048,ENSG00000259950,ENSG00000260304,ENSG00000261284,ENSG00000169900,ENSG00000230447,ENSG00000180035,ENSG00000274678,ENSG00000102882,ENSG00000261052,ENSG00000261346,ENSG00000103549,ENSG00000261704,ENSG00000199787,ENSG00000260472,ENSG00000169217,ENSG00000102886,ENSG00000261475,ENSG00000261359,ENSG00000260219,ENSG00000131797,ENSG00000213547,ENSG00000260267,ENSG00000089280,ENSG00000140691,ENSG00000140678,ENSG00000278887,ENSG00000169951,ENSG00000223931,ENSG00000090238,ENSG00000237185,ENSG00000261474,ENSG00000052344,ENSG00000280132,ENSG00000259810,ENSG00000280211,ENSG00000261203,ENSG00000156885,ENSG00000140675,ENSG00000262766,ENSG00000279196,ENSG00000080603,ENSG00000102879,ENSG00000169877,ENSG00000102870,ENSG00000140682,ENSG00000250616,ENSG00000099385,ENSG00000103496,ENSG00000261727,ENSG00000179958,ENSG00000260722,ENSG00000278885,ENSG00000274848,ENSG00000156886,ENSG00000260631,ENSG00000167394,ENSG00000273724,ENSG00000229809,ENSG00000261741,ENSG00000140688,ENSG00000262366,ENSG00000180209,ENSG00000222287,ENSG00000156860,ENSG00000180663,ENSG00000235560,ENSG00000169221,ENSG00000169957,ENSG00000261680,ENSG00000222701,ENSG00000278133,ENSG00000260625,ENSG00000276867,ENSG00000261444,ENSG00000260010,ENSG00000180096,ENSG00000260083,ENSG00000156858,ENSG00000261457,ENSG00000202476,ENSG00000169955,ENSG00000260628,ENSG00000196118,ENSG00000260883,ENSG00000261648,ENSG00000260060,ENSG00000260911,ENSG00000156873,ENSG00000167397,ENSG00000278922,ENSG00000179965,ENSG00000198064,ENSG00000270472,ENSG00000252074,ENSG00000156853,ENSG00000185947,ENSG00000169896,ENSG00000251706,ENSG00000260218,ENSG00000099365,ENSG00000176723,ENSG00000197476,ENSG00000197302,ENSG00000260113,ENSG00000261840,ENSG00000179918,ENSG00000274653,ENSG00000266305,ENSG00000103490,ENSG00000258130,ENSG00000260757,ENSG00000183604,ENSG00000197162,ENSG00000259874,ENSG00000263343",ENSG00000167397,Liver eQTLs,train
20016746800092196-92196000003434,chr19,"19-1104078-G-A,19-1105621-A-AG","ENSG00000141933,ENSG00000180448,ENSG00000130270,ENSG00000267317,ENSG00000129968,ENSG00000213638,ENSG00000227500,ENSG00000116017,ENSG00000064687,ENSG00000267666,ENSG00000070388,ENSG00000071564,ENSG00000070423,ENSG00000141934,ENSG00000183186,ENSG00000119559,ENSG00000099821,ENSG00000064932,ENSG00000198858,ENSG00000115255,ENSG00000282508,ENSG00000099840,ENSG00000288704,ENSG00000070404,ENSG00000196415,ENSG00000181781,ENSG00000105556,ENSG00000185988,ENSG00000185198,ENSG00000167468,ENSG00000261204,ENSG00000099812,ENSG00000167470,ENSG00000115257,ENSG00000127540,ENSG00000268798,ENSG00000099864,ENSG00000071626,ENSG00000182087,ENSG00000116032,ENSG00000248015,ENSG00000129946,ENSG00000115268,ENSG00000099817,ENSG00000261526,ENSG00000065268,ENSG00000133275,ENSG00000130005,ENSG00000267493,ENSG00000115286,ENSG00000266933,ENSG00000099866,ENSG00000099875,ENSG00000267283,ENSG00000099624,ENSG00000267372,ENSG00000064666,ENSG00000118046,ENSG00000267751,ENSG00000071655,ENSG00000197766,ENSG00000228300,ENSG00000133243,ENSG00000099625,ENSG00000280486,ENSG00000115266,ENSG00000279488,ENSG00000175221,ENSG00000197561,ENSG00000129911,ENSG00000160953,ENSG00000185761,ENSG00000099804,ENSG00000267244,ENSG00000172270,ENSG00000172232,ENSG00000011304,ENSG00000079313,ENSG00000099822,ENSG00000197540,ENSG00000181588,ENSG00000099617,ENSG00000267530,ENSG00000099622,ENSG00000172081","ENSG00000129968,ENSG00000133243,ENSG00000099804,ENSG00000267036,ENSG00000064666,ENSG00000160953,ENSG00000282508,ENSG00000129946,ENSG00000115266,ENSG00000099822,ENSG00000099617,ENSG00000282059,ENSG00000181588,ENSG00000284361,ENSG00000099821,ENSG00000099624,ENSG00000099864,ENSG00000064687,ENSG00000198858,ENSG00000071655,ENSG00000119559,ENSG00000185988,ENSG00000267283,ENSG00000228300,ENSG00000185198,ENSG00000252933,ENSG00000105556,ENSG00000282416,ENSG00000133275,ENSG00000130005,ENSG00000182087,ENSG00000079313,ENSG00000127540,ENSG00000267792,ENSG00000267751,ENSG00000099812,ENSG00000176695,ENSG00000175221,ENSG00000267778,ENSG00000115255,ENSG00000099840,ENSG00000284216,ENSG00000267493,ENSG00000207507,ENSG00000118046,ENSG00000274177,ENSG00000070423,ENSG00000141934,ENSG00000129911,ENSG00000213726,ENSG00000197561,ENSG00000141933,ENSG00000116017,ENSG00000115257,ENSG00000172270,ENSG00000267372,ENSG00000099625,ENSG00000248015,ENSG00000266990,ENSG00000280486,ENSG00000281379,ENSG00000267443,ENSG00000172232,ENSG00000185761,ENSG00000183186,ENSG00000167470,ENSG00000213638,ENSG00000267244,ENSG00000267180,ENSG00000282535,ENSG00000130270,ENSG00000227500,ENSG00000267317,ENSG00000288704,ENSG00000099866,ENSG00000239367,ENSG00000070404,ENSG00000071626,ENSG00000167468,ENSG00000261526,ENSG00000099622,ENSG00000279488,ENSG00000071564,ENSG00000099817,ENSG00000252539,ENSG00000196415,ENSG00000267125,ENSG00000222329,ENSG00000065268,ENSG00000267159,ENSG00000070388,ENSG00000115268,ENSG00000261204,ENSG00000267530,ENSG00000064932,ENSG00000197766,ENSG00000181781,ENSG00000286667,ENSG00000099875,ENSG00000197540,ENSG00000105549,ENSG00000267666,ENSG00000267073,ENSG00000275642,ENSG00000180448,ENSG00000011304,ENSG00000172081,ENSG00000116032,ENSG00000240846,ENSG00000275162,ENSG00000115286,ENSG00000266971,ENSG00000266933,ENSG00000268798",ENSG00000167468,Liver eQTLs,train
20016760800092196-92196000003810,chr19,19-54676872-GGCCAGGGGCAGGTGT-G,"ENSG00000160336,ENSG00000022556,ENSG00000088038,ENSG00000235081,ENSG00000105048,ENSG00000167633,ENSG00000203326,ENSG00000167614,ENSG00000167646,ENSG00000235681,ENSG00000287608,ENSG00000275183,ENSG00000131037,ENSG00000160439,ENSG00000196417,ENSG00000240403,ENSG00000125498,ENSG00000129991,ENSG00000189430,ENSG00000197497,ENSG00000243772,ENSG00000213799,ENSG00000170906,ENSG00000186431,ENSG00000189068,ENSG00000167613,ENSG00000167615,ENSG00000088053,ENSG00000131042,ENSG00000170889,ENSG00000189013,ENSG00000105618,ENSG00000170909,ENSG00000186818,ENSG00000241015,ENSG00000239961,ENSG00000130844,ENSG00000244482,ENSG00000179820,ENSG00000204577,ENSG00000267838,ENSG00000167608,ENSG00000187116,ENSG00000221957,ENSG00000250731,ENSG00000239998,ENSG00000237017,ENSG00000105609,ENSG00000125503,ENSG00000142405,ENSG00000104974,ENSG00000267809,ENSG00000104972,ENSG00000105619,ENSG00000269001,ENSG00000170892,ENSG00000287170,ENSG00000213777,ENSG00000267265,ENSG00000226696,ENSG00000167617,ENSG00000198346,ENSG00000197928,ENSG00000105617","ENSG00000203326,ENSG00000249654,ENSG00000207925,ENSG00000269877,ENSG00000234436,ENSG00000207722,ENSG00000251431,ENSG00000187116,ENSG00000167613,ENSG00000223660,ENSG00000022556,ENSG00000167633,ENSG00000235081,ENSG00000237955,ENSG00000283490,ENSG00000170892,ENSG00000283567,ENSG00000244482,ENSG00000276831,ENSG00000226696,ENSG00000235681,ENSG00000267838,ENSG00000170858,ENSG00000276206,ENSG00000243494,ENSG00000105048,ENSG00000131037,ENSG00000275519,ENSG00000131042,ENSG00000207987,ENSG00000252191,ENSG00000252734,ENSG00000275012,ENSG00000197497,ENSG00000239961,ENSG00000269275,ENSG00000207711,ENSG00000125503,ENSG00000242019,ENSG00000207699,ENSG00000221421,ENSG00000204577,ENSG00000275183,ENSG00000240403,ENSG00000186431,ENSG00000221957,ENSG00000238094,ENSG00000242856,ENSG00000105617,ENSG00000252979,ENSG00000207981,ENSG00000207810,ENSG00000197928,ENSG00000283289,ENSG00000105619,ENSG00000199143,ENSG00000167608,ENSG00000241015,ENSG00000142405,ENSG00000167615,ENSG00000207616,ENSG00000129991,ENSG00000207992,ENSG00000267577,ENSG00000207799,ENSG00000250731,ENSG00000283540,ENSG00000207620,ENSG00000213777,ENSG00000264703,ENSG00000251843,ENSG00000279063,ENSG00000278328,ENSG00000207862,ENSG00000207549,ENSG00000189013,ENSG00000207838,ENSG00000179820,ENSG00000170906,ENSG00000207861,ENSG00000213016,ENSG00000283455,ENSG00000287170,ENSG00000186818,ENSG00000207738,ENSG00000278264,ENSG00000287608,ENSG00000213799,ENSG00000276758,ENSG00000240197,ENSG00000237017,ENSG00000250507,ENSG00000105609,ENSG00000207706,ENSG00000237323,ENSG00000267809,ENSG00000196417,ENSG00000269859,ENSG00000207629,ENSG00000224579,ENSG00000243772,ENSG00000283330,ENSG00000207580,ENSG00000237589,ENSG00000207767,ENSG00000239998,ENSG00000105618,ENSG00000160336,ENSG00000167614,ENSG00000186152,ENSG00000104972,ENSG00000264257,ENSG00000207825,ENSG00000104974,ENSG00000277636,ENSG00000248385,ENSG00000275863,ENSG00000228323,ENSG00000207594,ENSG00000088038,ENSG00000207615,ENSG00000198346,ENSG00000207803,ENSG00000228790,ENSG00000283685,ENSG00000160439,ENSG00000240296,ENSG00000170909,ENSG00000229000,ENSG00000211532,ENSG00000225370,ENSG00000252063,ENSG00000207634,ENSG00000207946,ENSG00000249189,ENSG00000170889,ENSG00000227407,ENSG00000167646,ENSG00000269564,ENSG00000221548,ENSG00000267507,ENSG00000207734,ENSG00000207837,ENSG00000207788,ENSG00000160472,ENSG00000207735,ENSG00000269842,ENSG00000252025,ENSG00000189068,ENSG00000212314,ENSG00000224730,ENSG00000167617,ENSG00000199308,ENSG00000189430,ENSG00000125498,ENSG00000269001,ENSG00000130844,ENSG00000207979,ENSG00000088053,ENSG00000267265,ENSG00000239137,ENSG00000235181",ENSG00000167608,Liver eQTLs,train
20016763700092196-92196000003674,chr19,"19-44332340-GT-G,19-44347499-A-C,19-44357743-C-CT,19-44333192-G-C,19-44357463-T-A,19-44352666-G-A,19-44343736-C-A,19-44343970-C-G,19-44344222-T-G,19-44344418-A-G,19-44344723-G-A,19-44344737-C-T,19-44345132-G-A,19-44345295-T-C,19-44346221-T-C,19-44346370-G-C,19-44346443-C-G,19-44346543-C-T,19-44346590-T-A,19-44346628-A-ATTTAG,19-44346933-A-G,19-44347104-TC-T,19-44347198-A-C,19-44347424-C-T,19-44347449-T-C,19-44347677-T-A,19-44347749-T-C,19-44348249-T-C,19-44348424-C-T,19-44348433-T-TAAG,19-44348768-T-C,19-44348805-C-A,19-44349861-T-C,19-44350096-A-G,19-44350205-C-T,19-44350689-T-C,19-44350718-A-C,19-44351166-GGGAGAT-G,19-44352688-G-A,19-44352971-T-C,19-44353080-T-C,19-44353083-G-A,19-44353131-A-G,19-44353383-T-C,19-44354138-T-G,19-44354238-T-C,19-44354486-G-A,19-44354518-A-G,19-44354624-T-C,19-44354868-T-C,19-44355264-C-T,19-44355517-C-T,19-44355762-G-T,19-44355801-A-G,19-44356627-C-T,19-44356887-A-T,19-44351107-G-A,19-44331970-C-G,19-44345021-T-TTA,19-44345654-A-G,19-44331594-A-C,19-44331613-T-C,19-44330772-A-G,19-44331443-C-T,19-44342442-C-G,19-44342504-G-A,19-44342977-C-T,19-44343243-C-T,19-44343278-G-T,19-44330082-A-T,19-44357459-T-A,19-44321849-C-T,19-44330092-C-CAA,19-44330226-C-T,19-44330349-G-A,19-44330349-G-A,19-44357447-A-T,19-44331798-T-C,19-44334229-T-C,19-44322113-G-A,19-44326418-A-C,19-44330240-G-A","ENSG00000234465,ENSG00000267508,ENSG00000273777,ENSG00000159885,ENSG00000279103,ENSG00000226763,ENSG00000187244,ENSG00000186026,ENSG00000159882,ENSG00000278318,ENSG00000289428,ENSG00000124459,ENSG00000073008,ENSG00000069399,ENSG00000159915,ENSG00000131115,ENSG00000266903,ENSG00000142273,ENSG00000288773,ENSG00000131116,ENSG00000176222,ENSG00000216588,ENSG00000159917,ENSG00000204936,ENSG00000011422,ENSG00000159905,ENSG00000105767,ENSG00000176472,ENSG00000213892,ENSG00000230666,ENSG00000204920,ENSG00000104783,ENSG00000277806,ENSG00000176531,ENSG00000105771,ENSG00000267058,ENSG00000267191,ENSG00000167380,ENSG00000178386,ENSG00000266921,ENSG00000270679,ENSG00000105755,ENSG00000231412,ENSG00000286613,ENSG00000186567,ENSG00000073050,ENSG00000263002,ENSG00000062370,ENSG00000167378,ENSG00000124444,ENSG00000285128,ENSG00000278917,ENSG00000186019,ENSG00000267680,ENSG00000167637,ENSG00000256294,ENSG00000167384,ENSG00000124466","ENSG00000011422,ENSG00000176472,ENSG00000236807,ENSG00000283673,ENSG00000269583,ENSG00000266903,ENSG00000167637,ENSG00000252200,ENSG00000278917,ENSG00000131115,ENSG00000207003,ENSG00000267614,ENSG00000204936,ENSG00000230666,ENSG00000267144,ENSG00000176531,ENSG00000270679,ENSG00000176222,ENSG00000267044,ENSG00000277806,ENSG00000267508,ENSG00000159885,ENSG00000204920,ENSG00000286613,ENSG00000267058,ENSG00000105755,ENSG00000124459,ENSG00000224366,ENSG00000167384,ENSG00000266921,ENSG00000289428,ENSG00000167378,ENSG00000256294,ENSG00000253027,ENSG00000142273,ENSG00000167380,ENSG00000267346,ENSG00000131116,ENSG00000159915,ENSG00000178386,ENSG00000159882,ENSG00000159917,ENSG00000213892,ENSG00000204933,ENSG00000186019,ENSG00000187244,ENSG00000234465,ENSG00000239948,ENSG00000062370,ENSG00000186026,ENSG00000287035,ENSG00000231412,ENSG00000285128,ENSG00000272396,ENSG00000273777,ENSG00000284258,ENSG00000216588,ENSG00000069399,ENSG00000279103,ENSG00000073008,ENSG00000267191,ENSG00000288773,ENSG00000253021,ENSG00000267590,ENSG00000124466,ENSG00000269177,ENSG00000226763,ENSG00000104783,ENSG00000283525,ENSG00000105767,ENSG00000124444,ENSG00000159905,ENSG00000278318,ENSG00000186567,ENSG00000263002,ENSG00000131126,ENSG00000105771,ENSG00000268601,ENSG00000073050,ENSG00000267680",ENSG00000167637,Liver eQTLs,train
20016764600092196-92196000003830,chr19,"19-55675476-C-T,19-55677523-C-T,19-55680746-A-G,19-55683104-T-C","ENSG00000170889,ENSG00000104972,ENSG00000261221,ENSG00000239961,ENSG00000108106,ENSG00000179922,ENSG00000180061,ENSG00000090971,ENSG00000275183,ENSG00000133265,ENSG00000267838,ENSG00000267117,ENSG00000267523,ENSG00000167614,ENSG00000131042,ENSG00000179954,ENSG00000240403,ENSG00000104974,ENSG00000173581,ENSG00000267096,ENSG00000180089,ENSG00000105063,ENSG00000276488,ENSG00000063241,ENSG00000167617,ENSG00000229292,ENSG00000160469,ENSG00000022556,ENSG00000204577,ENSG00000133247,ENSG00000125498,ENSG00000167646,ENSG00000160471,ENSG00000189430,ENSG00000179873,ENSG00000279794,ENSG00000287170,ENSG00000105048,ENSG00000170892,ENSG00000171443,ENSG00000063244,ENSG00000129991,ENSG00000286230,ENSG00000213015,ENSG00000108107,ENSG00000243772,ENSG00000197483,ENSG00000167613,ENSG00000189013,ENSG00000095752,ENSG00000267649,ENSG00000179943,ENSG00000063245,ENSG00000105609,ENSG00000080031,ENSG00000131037,ENSG00000167685,ENSG00000186431,ENSG00000226696,ENSG00000223638,ENSG00000244482,ENSG00000267265,ENSG00000235681,ENSG00000125505,ENSG00000233493,ENSG00000088053,ENSG00000239998,ENSG00000167633,ENSG00000186818,ENSG00000160439,ENSG00000171425,ENSG00000167608,ENSG00000125503,ENSG00000167615,ENSG00000187116,ENSG00000218891,ENSG00000142409,ENSG00000235081,ENSG00000221957","ENSG00000255238,ENSG00000267522,ENSG00000223060,ENSG00000267145,ENSG00000261221,ENSG00000278264,ENSG00000105048,ENSG00000095752,ENSG00000287170,ENSG00000179709,ENSG00000218891,ENSG00000199308,ENSG00000170858,ENSG00000160439,ENSG00000197483,ENSG00000090971,ENSG00000125498,ENSG00000267577,ENSG00000171425,ENSG00000242411,ENSG00000104972,ENSG00000180089,ENSG00000160505,ENSG00000160469,ENSG00000244482,ENSG00000267523,ENSG00000276578,ENSG00000173572,ENSG00000179873,ENSG00000267117,ENSG00000063241,ENSG00000267507,ENSG00000063245,ENSG00000167685,ENSG00000239137,ENSG00000221957,ENSG00000022556,ENSG00000160471,ENSG00000267265,ENSG00000269275,ENSG00000223638,ENSG00000286230,ENSG00000267421,ENSG00000160472,ENSG00000267838,ENSG00000269859,ENSG00000267096,ENSG00000133265,ENSG00000204532,ENSG00000179954,ENSG00000104974,ENSG00000267224,ENSG00000129991,ENSG00000187116,ENSG00000125503,ENSG00000275183,ENSG00000240403,ENSG00000279794,ENSG00000105609,ENSG00000267429,ENSG00000276488,ENSG00000167613,ENSG00000267606,ENSG00000167608,ENSG00000267649,ENSG00000186431,ENSG00000167633,ENSG00000233493,ENSG00000080031,ENSG00000278328,ENSG00000131042,ENSG00000235681,ENSG00000125505,ENSG00000088053,ENSG00000226696,ENSG00000275519,ENSG00000108107,ENSG00000186152,ENSG00000171443,ENSG00000275863,ENSG00000142409,ENSG00000266932,ENSG00000229292,ENSG00000189013,ENSG00000283567,ENSG00000171487,ENSG00000279405,ENSG00000228790,ENSG00000279959,ENSG00000170892,ENSG00000279063,ENSG00000189430,ENSG00000268847,ENSG00000243494,ENSG00000131037,ENSG00000204577,ENSG00000179922,ENSG00000179943,ENSG00000267298,ENSG00000242019,ENSG00000235081,ENSG00000180061,ENSG00000133247,ENSG00000243772,ENSG00000173581,ENSG00000063244,ENSG00000239961,ENSG00000222524,ENSG00000276831,ENSG00000167614,ENSG00000167646,ENSG00000170889,ENSG00000167615,ENSG00000264257,ENSG00000186818,ENSG00000239998,ENSG00000275012,ENSG00000105063,ENSG00000167617,ENSG00000213015,ENSG00000108106",ENSG00000167646,Liver eQTLs,train
20016767000092196-92196000003666,chr19,"19-4397034-T-C,19-4444654-C-CCCG,19-4444742-A-G,19-4437450-A-G,19-4458063-A-G,19-4385659-A-G,19-4386352-A-G,19-4386845-A-G,19-4454083-C-T,19-4363289-C-T,19-4455862-A-G,19-4359525-A-G,19-4454736-C-T,19-4423419-C-T,19-4449287-T-C,19-4366219-A-G,19-4396505-G-A,19-4395763-G-A,19-4410646-G-A,19-4417845-T-C,19-4418515-C-A,19-4420042-T-C,19-4364777-C-A,19-4368797-G-A,19-4425236-C-CT,19-4429007-C-T,19-4434503-C-T,19-4409756-A-G,19-4400314-C-T,19-4392715-G-A,19-4360543-G-A,19-4441407-C-T,19-4432444-T-C,19-4369447-C-T,19-4374850-C-T,19-4375162-G-A,19-4387125-C-T,19-4425305-T-G,19-4457518-C-G,19-4422178-T-A,19-4368142-C-T","ENSG00000167658,ENSG00000007264,ENSG00000105289,ENSG00000105355,ENSG00000105246,ENSG00000171236,ENSG00000276043,ENSG00000077009,ENSG00000074842,ENSG00000268536,ENSG00000186111,ENSG00000267011,ENSG00000280239,ENSG00000185361,ENSG00000269318,ENSG00000105229,ENSG00000129932,ENSG00000178951,ENSG00000267138,ENSG00000006638,ENSG00000105298,ENSG00000105255,ENSG00000183617,ENSG00000167670,ENSG00000105325,ENSG00000167680,ENSG00000127666,ENSG00000167671,ENSG00000205784,ENSG00000127663,ENSG00000008382,ENSG00000011132,ENSG00000176840,ENSG00000226800,ENSG00000283928,ENSG00000077463,ENSG00000142002,ENSG00000141985,ENSG00000105248,ENSG00000287884,ENSG00000214456,ENSG00000167664,ENSG00000105426,ENSG00000205790,ENSG00000178078,ENSG00000167674,ENSG00000179855,ENSG00000141965,ENSG00000161091,ENSG00000105251,ENSG00000183397,ENSG00000126934,ENSG00000064961,ENSG00000095932,ENSG00000267205,ENSG00000268670,ENSG00000089847,ENSG00000167676,ENSG00000267030,ENSG00000167657,ENSG00000060566","ENSG00000252408,ENSG00000263409,ENSG00000278007,ENSG00000289254,ENSG00000006638,ENSG00000007264,ENSG00000267148,ENSG00000267205,ENSG00000127666,ENSG00000008382,ENSG00000167671,ENSG00000167674,ENSG00000267408,ENSG00000267304,ENSG00000214456,ENSG00000183397,ENSG00000105298,ENSG00000185361,ENSG00000105289,ENSG00000167680,ENSG00000179855,ENSG00000074842,ENSG00000105325,ENSG00000267138,ENSG00000089847,ENSG00000171236,ENSG00000266627,ENSG00000283928,ENSG00000183617,ENSG00000167664,ENSG00000205790,ENSG00000287884,ENSG00000266959,ENSG00000167657,ENSG00000266437,ENSG00000142002,ENSG00000161091,ENSG00000077009,ENSG00000126934,ENSG00000178951,ENSG00000267030,ENSG00000267484,ENSG00000207630,ENSG00000280239,ENSG00000269318,ENSG00000105355,ENSG00000268536,ENSG00000011132,ENSG00000064961,ENSG00000127663,ENSG00000239524,ENSG00000279590,ENSG00000206775,ENSG00000095932,ENSG00000105229,ENSG00000105251,ENSG00000105255,ENSG00000178078,ENSG00000105248,ENSG00000060566,ENSG00000267231,ENSG00000267550,ENSG00000077463,ENSG00000129932,ENSG00000167658,ENSG00000105426,ENSG00000141965,ENSG00000267011,ENSG00000105246,ENSG00000276043,ENSG00000284638,ENSG00000173976,ENSG00000226800,ENSG00000266989,ENSG00000176840,ENSG00000167676,ENSG00000274447,ENSG00000268670,ENSG00000205784,ENSG00000186111,ENSG00000167670,ENSG00000141985,ENSG00000267255",ENSG00000167670,Liver eQTLs,train
20016767400092196-92196000003682,chr19,"19-4478273-A-C,19-4476574-G-C,19-4480995-G-A,19-4488926-G-A,19-4489108-A-G,19-4490303-C-T,19-4490690-G-A,19-4490874-T-C,19-4491476-G-C,19-4475888-CT-C,19-4496198-A-G,19-4495159-T-C,19-4498245-A-G,19-4489256-CT-C,19-4496612-C-T,19-4490804-CT-C,19-4495156-G-A,19-4481722-G-T,19-4486165-G-A,19-4499023-C-T,19-4499976-T-C,19-4487940-TA-T","ENSG00000064961,ENSG00000267205,ENSG00000269318,ENSG00000142002,ENSG00000268536,ENSG00000011132,ENSG00000161091,ENSG00000105426,ENSG00000276043,ENSG00000226800,ENSG00000178951,ENSG00000167680,ENSG00000267011,ENSG00000006638,ENSG00000077463,ENSG00000280239,ENSG00000129932,ENSG00000105255,ENSG00000167658,ENSG00000176840,ENSG00000267030,ENSG00000074842,ENSG00000178078,ENSG00000214456,ENSG00000287884,ENSG00000268670,ENSG00000283928,ENSG00000127663,ENSG00000267980,ENSG00000141965,ENSG00000186111,ENSG00000105248,ENSG00000185361,ENSG00000141985,ENSG00000095932,ENSG00000127666,ENSG00000179855,ENSG00000060566,ENSG00000008382,ENSG00000105246,ENSG00000183397,ENSG00000267138,ENSG00000167671,ENSG00000205790,ENSG00000105298,ENSG00000167664,ENSG00000105355,ENSG00000077009,ENSG00000167670,ENSG00000007264,ENSG00000167676,ENSG00000183617,ENSG00000205784,ENSG00000267769,ENSG00000105325,ENSG00000089847,ENSG00000105289,ENSG00000167657,ENSG00000105251,ENSG00000167674,ENSG00000171236,ENSG00000105229,ENSG00000126934","ENSG00000008382,ENSG00000186111,ENSG00000266437,ENSG00000276043,ENSG00000280239,ENSG00000183617,ENSG00000167671,ENSG00000183397,ENSG00000089847,ENSG00000064961,ENSG00000105229,ENSG00000176840,ENSG00000105355,ENSG00000178078,ENSG00000287884,ENSG00000267231,ENSG00000266989,ENSG00000214456,ENSG00000263409,ENSG00000167658,ENSG00000011132,ENSG00000127663,ENSG00000266959,ENSG00000105428,ENSG00000226800,ENSG00000167657,ENSG00000267408,ENSG00000141965,ENSG00000105426,ENSG00000267138,ENSG00000283928,ENSG00000268670,ENSG00000267205,ENSG00000278007,ENSG00000185361,ENSG00000167664,ENSG00000279590,ENSG00000239524,ENSG00000167670,ENSG00000141985,ENSG00000105298,ENSG00000179855,ENSG00000126934,ENSG00000060566,ENSG00000127666,ENSG00000171236,ENSG00000274447,ENSG00000007264,ENSG00000267304,ENSG00000105248,ENSG00000267148,ENSG00000129932,ENSG00000252408,ENSG00000267030,ENSG00000267769,ENSG00000167674,ENSG00000207630,ENSG00000173976,ENSG00000074842,ENSG00000205784,ENSG00000267980,ENSG00000161091,ENSG00000267011,ENSG00000178951,ENSG00000077463,ENSG00000284638,ENSG00000267484,ENSG00000105325,ENSG00000267550,ENSG00000105246,ENSG00000006638,ENSG00000167676,ENSG00000105289,ENSG00000105251,ENSG00000077009,ENSG00000266627,ENSG00000142002,ENSG00000268536,ENSG00000105255,ENSG00000269318,ENSG00000167680,ENSG00000205790,ENSG00000267255,ENSG00000289254,ENSG00000095932,ENSG00000206775",ENSG00000167674,Liver eQTLs,train
20016769300092196-92196000003308,chr17,"17-810559-G-A,17-810649-A-C,17-811142-T-C,17-811406-G-A,17-811407-A-C,17-811408-G-A,17-811509-C-G,17-811967-G-A,17-811968-A-G,17-812404-G-A,17-812533-G-T,17-812491-T-C,17-812534-C-T,17-813068-G-A,17-813132-A-G","ENSG00000177370,ENSG00000132386,ENSG00000181031,ENSG00000167716,ENSG00000185561,ENSG00000141252,ENSG00000231784,ENSG00000277597,ENSG00000174231,ENSG00000167693,ENSG00000236618,ENSG00000262920,ENSG00000159842,ENSG00000167699,ENSG00000108953,ENSG00000205899,ENSG00000280279,ENSG00000262777,ENSG00000132376,ENSG00000167695,ENSG00000262294,ENSG00000262061,ENSG00000186594,ENSG00000277491,ENSG00000197879,ENSG00000179409,ENSG00000262228,ENSG00000108958,ENSG00000262434,ENSG00000167193,ENSG00000167705,ENSG00000262558,ENSG00000187624,ENSG00000132383,ENSG00000167711,ENSG00000183688,ENSG00000167703,ENSG00000171861,ENSG00000174238,ENSG00000186532,ENSG00000272636,ENSG00000074660","ENSG00000174231,ENSG00000159842,ENSG00000273172,ENSG00000167716,ENSG00000262294,ENSG00000167699,ENSG00000243704,ENSG00000262133,ENSG00000167703,ENSG00000174238,ENSG00000272636,ENSG00000262213,ENSG00000263015,ENSG00000235361,ENSG00000262777,ENSG00000132383,ENSG00000197879,ENSG00000167193,ENSG00000262434,ENSG00000277613,ENSG00000185561,ENSG00000263017,ENSG00000262558,ENSG00000141252,ENSG00000167711,ENSG00000186532,ENSG00000108958,ENSG00000167695,ENSG00000268320,ENSG00000179409,ENSG00000177370,ENSG00000280136,ENSG00000236618,ENSG00000275997,ENSG00000280279,ENSG00000278794,ENSG00000241525,ENSG00000264429,ENSG00000187624,ENSG00000277597,ENSG00000167705,ENSG00000231784,ENSG00000262061,ENSG00000171861,ENSG00000186594,ENSG00000074660,ENSG00000132386,ENSG00000181031,ENSG00000205899,ENSG00000262228,ENSG00000167693,ENSG00000108953,ENSG00000262708,ENSG00000132376,ENSG00000277491,ENSG00000262920,ENSG00000183688",ENSG00000167693,Liver eQTLs,train
20016772300092196-92196000003025,chr17,"17-3457494-A-G,17-3462558-C-T,17-3462867-T-C,17-3467019-A-G,17-3463921-C-G,17-3464190-G-A,17-3467287-T-G","ENSG00000240898,ENSG00000213977,ENSG00000004660,ENSG00000229782,ENSG00000274363,ENSG00000083454,ENSG00000132359,ENSG00000040531,ENSG00000196689,ENSG00000108381,ENSG00000239884,ENSG00000262903,ENSG00000074356,ENSG00000074755,ENSG00000167740,ENSG00000007168,ENSG00000108405,ENSG00000272911,ENSG00000262050,ENSG00000182557,ENSG00000262823,ENSG00000183018,ENSG00000132361,ENSG00000177602,ENSG00000127774,ENSG00000167723,ENSG00000197417,ENSG00000132388,ENSG00000074370,ENSG00000262248,ENSG00000279432,ENSG00000185722,ENSG00000262692,ENSG00000261916,ENSG00000083457","ENSG00000274363,ENSG00000167723,ENSG00000083454,ENSG00000180090,ENSG00000280280,ENSG00000273606,ENSG00000240898,ENSG00000196689,ENSG00000197417,ENSG00000142163,ENSG00000040531,ENSG00000262903,ENSG00000261848,ENSG00000262248,ENSG00000279432,ENSG00000180042,ENSG00000074370,ENSG00000263312,ENSG00000229782,ENSG00000267129,ENSG00000262884,ENSG00000262358,ENSG00000172146,ENSG00000182557,ENSG00000083457,ENSG00000127774,ENSG00000180068,ENSG00000285760,ENSG00000183018,ENSG00000108405,ENSG00000262953,ENSG00000262050,ENSG00000251812,ENSG00000180016,ENSG00000132388,ENSG00000262692,ENSG00000184166,ENSG00000074755,ENSG00000185722,ENSG00000262480,ENSG00000004660,ENSG00000280268,ENSG00000159961,ENSG00000262085,ENSG00000252456,ENSG00000261916,ENSG00000127780,ENSG00000183024,ENSG00000255095,ENSG00000243049,ENSG00000272911,ENSG00000221882,ENSG00000262106,ENSG00000108381,ENSG00000074356,ENSG00000263882,ENSG00000177602,ENSG00000262823,ENSG00000213977,ENSG00000262628,ENSG00000172150,ENSG00000007168,ENSG00000167740,ENSG00000132359,ENSG00000132361,ENSG00000239884",ENSG00000167723,Liver eQTLs,train
20016775700092196-92196000003765,chr19,"19-51523203-T-C,19-51523897-A-G","ENSG00000186806,ENSG00000086967,ENSG00000204666,ENSG00000268520,ENSG00000129437,ENSG00000105053,ENSG00000105492,ENSG00000204653,ENSG00000254521,ENSG00000256683,ENSG00000142515,ENSG00000129450,ENSG00000142528,ENSG00000105383,ENSG00000105509,ENSG00000167748,ENSG00000161551,ENSG00000269404,ENSG00000131398,ENSG00000142512,ENSG00000105374,ENSG00000171101,ENSG00000197619,ENSG00000254415,ENSG00000171051,ENSG00000062822,ENSG00000269091,ENSG00000168995,ENSG00000187474,ENSG00000198093,ENSG00000269388,ENSG00000105366,ENSG00000161671,ENSG00000176024,ENSG00000105497,ENSG00000131400,ENSG00000105472,ENSG00000268500,ENSG00000171049,ENSG00000267895,ENSG00000161677,ENSG00000142544,ENSG00000283236,ENSG00000269392,ENSG00000142549,ENSG00000131401,ENSG00000131409,ENSG00000180279,ENSG00000131408,ENSG00000167747,ENSG00000142530,ENSG00000105379,ENSG00000167759,ENSG00000160318,ENSG00000289037,ENSG00000167757,ENSG00000182310,ENSG00000269681,ENSG00000167751,ENSG00000269072,ENSG00000269235,ENSG00000105357,ENSG00000268849","ENSG00000105379,ENSG00000268390,ENSG00000187474,ENSG00000267879,ENSG00000268267,ENSG00000268375,ENSG00000286236,ENSG00000198093,ENSG00000179213,ENSG00000105374,ENSG00000197588,ENSG00000220988,ENSG00000256683,ENSG00000268015,ENSG00000269181,ENSG00000269565,ENSG00000268849,ENSG00000167759,ENSG00000207265,ENSG00000131398,ENSG00000142511,ENSG00000267905,ENSG00000267984,ENSG00000269388,ENSG00000269130,ENSG00000129450,ENSG00000142528,ENSG00000284711,ENSG00000269392,ENSG00000131400,ENSG00000268318,ENSG00000269495,ENSG00000168995,ENSG00000176024,ENSG00000204666,ENSG00000268336,ENSG00000086967,ENSG00000277562,ENSG00000278543,ENSG00000268500,ENSG00000268839,ENSG00000269580,ENSG00000167751,ENSG00000105370,ENSG00000174562,ENSG00000167748,ENSG00000274380,ENSG00000171051,ENSG00000171101,ENSG00000268711,ENSG00000160318,ENSG00000161671,ENSG00000269776,ENSG00000254521,ENSG00000171049,ENSG00000167757,ENSG00000167754,ENSG00000279676,ENSG00000268231,ENSG00000289037,ENSG00000278617,ENSG00000268595,ENSG00000142515,ENSG00000268777,ENSG00000213822,ENSG00000268581,ENSG00000270248,ENSG00000268906,ENSG00000261341,ENSG00000208002,ENSG00000235034,ENSG00000129437,ENSG00000105492,ENSG00000105501,ENSG00000269253,ENSG00000105497,ENSG00000129455,ENSG00000207550,ENSG00000283285,ENSG00000161677,ENSG00000105509,ENSG00000268144,ENSG00000269021,ENSG00000267927,ENSG00000268652,ENSG00000161551,ENSG00000142530,ENSG00000268889,ENSG00000243469,ENSG00000182310,ENSG00000254415,ENSG00000186474,ENSG00000131409,ENSG00000221241,ENSG00000105472,ENSG00000267968,ENSG00000197619,ENSG00000269235,ENSG00000062822,ENSG00000142544,ENSG00000180279,ENSG00000105053,ENSG00000268458,ENSG00000228674,ENSG00000277977,ENSG00000131408,ENSG00000267990,ENSG00000268520,ENSG00000213022,ENSG00000269681,ENSG00000105383,ENSG00000267895,ENSG00000268095,ENSG00000167747,ENSG00000244071,ENSG00000269091,ENSG00000105366,ENSG00000142549,ENSG00000131401,ENSG00000204653,ENSG00000269404,ENSG00000105357,ENSG00000268957,ENSG00000269072,ENSG00000186806,ENSG00000283236,ENSG00000142512",ENSG00000167757,Liver eQTLs,train
20016779700092196-92196000001364,chr11,"11-67347912-TGAGGCA-T,11-67333090-G-A,11-67334959-G-A,11-67335538-G-A,11-67335943-G-T,11-67337217-C-A,11-67337808-G-A,11-67337814-C-T,11-67339076-C-T,11-67343957-C-T,11-67347287-G-A,11-67350720-G-C,11-67344664-C-T,11-67351585-C-G,11-67333858-G-C,11-67329742-G-A,11-67336424-A-T,11-67334812-T-C,11-67315132-GA-G,11-67322617-CA-C,11-67316928-C-A,11-67317322-C-T,11-67324783-T-A,11-67325245-G-A,11-67304686-A-G,11-67304760-G-A,11-67307450-G-A,11-67312221-C-T,11-67311676-C-T,11-67321589-CA-C,11-67322367-C-A,11-67302582-C-A","ENSG00000173715,ENSG00000172725,ENSG00000084207,ENSG00000173227,ENSG00000175544,ENSG00000162337,ENSG00000110711,ENSG00000172830,ENSG00000171067,ENSG00000173992,ENSG00000167797,ENSG00000173237,ENSG00000172613,ENSG00000132744,ENSG00000173120,ENSG00000173898,ENSG00000251637,ENSG00000275022,ENSG00000287934,ENSG00000275484,ENSG00000173653,ENSG00000286369,ENSG00000239306,ENSG00000172663,ENSG00000173621,ENSG00000110066,ENSG00000167800,ENSG00000175505,ENSG00000255306,ENSG00000255031,ENSG00000110719,ENSG00000110057,ENSG00000231793,ENSG00000006534,ENSG00000175482,ENSG00000179038,ENSG00000239559,ENSG00000110075,ENSG00000173156,ENSG00000172932,ENSG00000110717,ENSG00000172531,ENSG00000173933,ENSG00000255236,ENSG00000172508,ENSG00000173914,ENSG00000110721,ENSG00000110697,ENSG00000173599,ENSG00000173020,ENSG00000160172,ENSG00000175463,ENSG00000182791","ENSG00000171067,ENSG00000173933,ENSG00000167797,ENSG00000172613,ENSG00000287934,ENSG00000173992,ENSG00000266423,ENSG00000172531,ENSG00000110721,ENSG00000284293,ENSG00000173227,ENSG00000201733,ENSG00000254610,ENSG00000182791,ENSG00000227620,ENSG00000175463,ENSG00000173715,ENSG00000254596,ENSG00000175514,ENSG00000173156,ENSG00000255554,ENSG00000173914,ENSG00000175544,ENSG00000160172,ENSG00000206587,ENSG00000254736,ENSG00000213409,ENSG00000173020,ENSG00000239559,ENSG00000167791,ENSG00000254850,ENSG00000172508,ENSG00000173621,ENSG00000184795,ENSG00000199325,ENSG00000254792,ENSG00000172830,ENSG00000251637,ENSG00000162337,ENSG00000172725,ENSG00000255306,ENSG00000110075,ENSG00000202317,ENSG00000255147,ENSG00000255230,ENSG00000255031,ENSG00000110697,ENSG00000254883,ENSG00000110711,ENSG00000235855,ENSG00000239553,ENSG00000250105,ENSG00000239306,ENSG00000283326,ENSG00000231793,ENSG00000276769,ENSG00000172663,ENSG00000254984,ENSG00000243672,ENSG00000110717,ENSG00000285537,ENSG00000173120,ENSG00000275022,ENSG00000253024,ENSG00000227834,ENSG00000273819,ENSG00000283257,ENSG00000239099,ENSG00000255236,ENSG00000255119,ENSG00000006534,ENSG00000173237,ENSG00000110066,ENSG00000132744,ENSG00000173898,ENSG00000286369,ENSG00000167800,ENSG00000172932,ENSG00000173599,ENSG00000084207,ENSG00000275484,ENSG00000179038,ENSG00000175482,ENSG00000110719,ENSG00000276918,ENSG00000201684,ENSG00000110057,ENSG00000173653,ENSG00000175505",ENSG00000167797,Liver eQTLs,train
20016792000092196-92196000003052,chr17,"17-38963647-G-A,17-38995397-A-ATC,17-38999150-T-G,17-39000496-C-T,17-39003217-A-G,17-38982245-G-A,17-38991032-T-A,17-38993948-A-ATGT,17-39003503-A-C,17-39005954-C-T,17-39004145-A-G,17-39006842-A-G,17-38946088-A-G,17-39017321-CATTATCATT-C,17-39017343-A-G","ENSG00000171345,ENSG00000264968,ENSG00000171346,ENSG00000167914,ENSG00000183153,ENSG00000266088,ENSG00000171401,ENSG00000131759,ENSG00000188895,ENSG00000279199,ENSG00000073605,ENSG00000186832,ENSG00000278834,ENSG00000161405,ENSG00000126353,ENSG00000141753,ENSG00000186847,ENSG00000108342,ENSG00000131747,ENSG00000278918,ENSG00000167920,ENSG00000128422,ENSG00000173805,ENSG00000173801,ENSG00000171475,ENSG00000126351,ENSG00000108352,ENSG00000094804,ENSG00000108349,ENSG00000108244,ENSG00000171431,ENSG00000073584,ENSG00000173812,ENSG00000265666,ENSG00000008838,ENSG00000186395,ENSG00000108344,ENSG00000126368,ENSG00000213424,ENSG00000172057","ENSG00000173812,ENSG00000094804,ENSG00000167920,ENSG00000266588,ENSG00000126353,ENSG00000126368,ENSG00000278918,ENSG00000186847,ENSG00000186075,ENSG00000263466,ENSG00000108344,ENSG00000141748,ENSG00000274996,ENSG00000266048,ENSG00000244086,ENSG00000171346,ENSG00000188895,ENSG00000171345,ENSG00000171475,ENSG00000265178,ENSG00000274054,ENSG00000264663,ENSG00000186395,ENSG00000280177,ENSG00000073584,ENSG00000172057,ENSG00000274284,ENSG00000274607,ENSG00000266013,ENSG00000279199,ENSG00000183153,ENSG00000126351,ENSG00000265460,ENSG00000214546,ENSG00000278299,ENSG00000204952,ENSG00000167914,ENSG00000275006,ENSG00000171431,ENSG00000274611,ENSG00000008838,ENSG00000131747,ENSG00000108342,ENSG00000213424,ENSG00000108244,ENSG00000171401,ENSG00000108352,ENSG00000277057,ENSG00000278599,ENSG00000265428,ENSG00000264968,ENSG00000226117,ENSG00000186832,ENSG00000222777,ENSG00000141753,ENSG00000273627,ENSG00000275238,ENSG00000277426,ENSG00000131759,ENSG00000266101,ENSG00000275489,ENSG00000266088,ENSG00000173805,ENSG00000274419,ENSG00000278834,ENSG00000073605,ENSG00000128422,ENSG00000173801,ENSG00000265666,ENSG00000161405,ENSG00000274663,ENSG00000108349",ENSG00000167920,Liver eQTLs,train
20016796500092196-92196000002585,chr16,16-2255763-A-C,"ENSG00000162066,ENSG00000205918,ENSG00000198736,ENSG00000259933,ENSG00000215154,ENSG00000279930,ENSG00000197774,ENSG00000262482,ENSG00000008710,ENSG00000116176,ENSG00000127561,ENSG00000278987,ENSG00000167964,ENSG00000065054,ENSG00000255513,ENSG00000140986,ENSG00000162065,ENSG00000213937,ENSG00000259895,ENSG00000261790,ENSG00000260293,ENSG00000206053,ENSG00000090581,ENSG00000138834,ENSG00000205937,ENSG00000275092,ENSG00000277010,ENSG00000279162,ENSG00000228146,ENSG00000162076,ENSG00000122386,ENSG00000262362,ENSG00000260710,ENSG00000162039,ENSG00000131653,ENSG00000162078,ENSG00000162073,ENSG00000187535,ENSG00000260095,ENSG00000197599,ENSG00000172236,ENSG00000185883,ENSG00000260051,ENSG00000103197,ENSG00000059145,ENSG00000197253,ENSG00000261505,ENSG00000103145,ENSG00000260646,ENSG00000260425,ENSG00000006327,ENSG00000099769,ENSG00000007520,ENSG00000167969,ENSG00000261663,ENSG00000276791,ENSG00000103024,ENSG00000059122,ENSG00000280402,ENSG00000103275,ENSG00000167972,ENSG00000261123,ENSG00000205890,ENSG00000262370,ENSG00000095917,ENSG00000065057,ENSG00000162063,ENSG00000103249,ENSG00000260284,ENSG00000167977,ENSG00000180185,ENSG00000127554,ENSG00000280231,ENSG00000183751,ENSG00000263072,ENSG00000140990,ENSG00000131652,ENSG00000261889,ENSG00000260260,ENSG00000074071,ENSG00000280327,ENSG00000140988,ENSG00000179580,ENSG00000007038,ENSG00000162068,ENSG00000063854,ENSG00000172460,ENSG00000272079,ENSG00000183971,ENSG00000103363,ENSG00000140992,ENSG00000167965,ENSG00000260565,ENSG00000172382,ENSG00000274751,ENSG00000095906,ENSG00000131634,ENSG00000167962,ENSG00000184207,ENSG00000167967,ENSG00000085644,ENSG00000182685,ENSG00000261971,ENSG00000162069,ENSG00000260778,ENSG00000007545,ENSG00000279520,ENSG00000162062,ENSG00000174109,ENSG00000261613,ENSG00000008516,ENSG00000127564,ENSG00000274367,ENSG00000008517,ENSG00000263280,ENSG00000167968,ENSG00000007516,ENSG00000100726,ENSG00000005001,ENSG00000205913,ENSG00000167978,ENSG00000279568,ENSG00000289281,ENSG00000207405,ENSG00000255198","ENSG00000127561,ENSG00000213937,ENSG00000260778,ENSG00000261123,ENSG00000183971,ENSG00000228146,ENSG00000103145,ENSG00000274751,ENSG00000162078,ENSG00000179580,ENSG00000007545,ENSG00000162076,ENSG00000261971,ENSG00000196364,ENSG00000260095,ENSG00000206053,ENSG00000276791,ENSG00000266643,ENSG00000140992,ENSG00000274367,ENSG00000116176,ENSG00000260293,ENSG00000264397,ENSG00000168124,ENSG00000279901,ENSG00000184207,ENSG00000180185,ENSG00000260991,ENSG00000095917,ENSG00000099769,ENSG00000272079,ENSG00000103275,ENSG00000284008,ENSG00000262362,ENSG00000283180,ENSG00000264004,ENSG00000174109,ENSG00000259947,ENSG00000260051,ENSG00000103024,ENSG00000059145,ENSG00000260182,ENSG00000221719,ENSG00000167962,ENSG00000260710,ENSG00000261505,ENSG00000162062,ENSG00000260565,ENSG00000255198,ENSG00000285970,ENSG00000103249,ENSG00000262370,ENSG00000162039,ENSG00000280231,ENSG00000259780,ENSG00000278987,ENSG00000262154,ENSG00000167964,ENSG00000259933,ENSG00000162032,ENSG00000167969,ENSG00000167965,ENSG00000006327,ENSG00000187535,ENSG00000131634,ENSG00000205913,ENSG00000167972,ENSG00000182685,ENSG00000281219,ENSG00000095906,ENSG00000140990,ENSG00000279162,ENSG00000215154,ENSG00000260260,ENSG00000197599,ENSG00000005001,ENSG00000131653,ENSG00000261613,ENSG00000008517,ENSG00000127554,ENSG00000059122,ENSG00000261564,ENSG00000265820,ENSG00000103355,ENSG00000261288,ENSG00000280402,ENSG00000205890,ENSG00000065054,ENSG00000162069,ENSG00000261889,ENSG00000103363,ENSG00000198736,ENSG00000172382,ENSG00000259895,ENSG00000279930,ENSG00000103197,ENSG00000261430,ENSG00000172236,ENSG00000008516,ENSG00000008710,ENSG00000215148,ENSG00000085644,ENSG00000260425,ENSG00000289281,ENSG00000275092,ENSG00000260132,ENSG00000260646,ENSG00000167967,ENSG00000140988,ENSG00000262482,ENSG00000065057,ENSG00000262959,ENSG00000219027,ENSG00000263072,ENSG00000260284,ENSG00000261399,ENSG00000007038,ENSG00000140986,ENSG00000122386,ENSG00000200059,ENSG00000261240,ENSG00000172460,ENSG00000007516,ENSG00000226890,ENSG00000277602,ENSG00000007520,ENSG00000162073,ENSG00000074071,ENSG00000197253,ENSG00000162068,ENSG00000261790,ENSG00000205937,ENSG00000274805,ENSG00000131652,ENSG00000255513,ENSG00000280327,ENSG00000162065,ENSG00000183751,ENSG00000162066,ENSG00000200204,ENSG00000221656,ENSG00000265867,ENSG00000260436,ENSG00000162063,ENSG00000207405,ENSG00000167978,ENSG00000263325,ENSG00000277010,ENSG00000260989,ENSG00000185883,ENSG00000167977,ENSG00000063854,ENSG00000205918,ENSG00000219274,ENSG00000261663,ENSG00000263280,ENSG00000197774,ENSG00000100726,ENSG00000127564,ENSG00000090581,ENSG00000279568,ENSG00000138834,ENSG00000203581,ENSG00000196408,ENSG00000266232,ENSG00000167968,ENSG00000279520,ENSG00000262521",ENSG00000167965,Liver eQTLs,train
20016798100092196-92196000002669,chr16,"16-3484590-T-C,16-3478969-G-A,16-3488334-T-C,16-3474850-C-T,16-3482002-G-T,16-3487556-A-T,16-3487576-T-C,16-3489644-T-C,16-3491490-C-A,16-3492324-TG-T,16-3477424-T-C,16-3474604-AT-A,16-3491272-G-C,16-3491275-T-C,16-3491429-G-A,16-3491909-G-C,16-3475174-T-C,16-3476528-G-A,16-3477444-C-G,16-3479687-C-G,16-3488357-A-G,16-3488423-C-T,16-3491489-C-T,16-3481117-G-A,16-3493240-A-C,16-3494207-A-T,16-3486236-C-T,16-3483977-CA-C,16-3485460-A-G,16-3483591-A-ATC,16-3485034-A-G,16-3488569-A-T,16-3479345-T-C,16-3479803-A-G,16-3475726-T-C,16-3477595-C-G,16-3478866-G-A,16-3479807-T-C,16-3493288-T-C,16-3481312-A-G,16-3478834-G-T,16-3477693-T-A,16-3478814-CT-C,16-3493301-T-C,16-3481930-A-G,16-3472114-C-T","ENSG00000126602,ENSG00000288935,ENSG00000103145,ENSG00000279031,ENSG00000280063,ENSG00000276791,ENSG00000085644,ENSG00000279162,ENSG00000263105,ENSG00000263072,ENSG00000262312,ENSG00000213918,ENSG00000172460,ENSG00000262362,ENSG00000217930,ENSG00000103423,ENSG00000008516,ENSG00000010539,ENSG00000262712,ENSG00000262468,ENSG00000103343,ENSG00000279330,ENSG00000228146,ENSG00000122390,ENSG00000262899,ENSG00000272079,ENSG00000126603,ENSG00000167984,ENSG00000162065,ENSG00000008517,ENSG00000205890,ENSG00000172382,ENSG00000281005,ENSG00000215154,ENSG00000140993,ENSG00000205913,ENSG00000262370,ENSG00000059122,ENSG00000162073,ENSG00000005339,ENSG00000162062,ENSG00000103363,ENSG00000274367,ENSG00000263280,ENSG00000260565,ENSG00000185883,ENSG00000213937,ENSG00000280402,ENSG00000167977,ENSG00000005001,ENSG00000006194,ENSG00000185739,ENSG00000262686,ENSG00000260293,ENSG00000103313,ENSG00000162104,ENSG00000262246,ENSG00000279568,ENSG00000263235,ENSG00000162068,ENSG00000289281,ENSG00000279520,ENSG00000162086,ENSG00000162076,ENSG00000167981,ENSG00000188827,ENSG00000103351,ENSG00000122386,ENSG00000261613,ENSG00000007038,ENSG00000131652,ENSG00000090447,ENSG00000162066,ENSG00000162078,ENSG00000140987,ENSG00000006327,ENSG00000260095,ENSG00000127564,ENSG00000167978,ENSG00000140992,ENSG00000261971,ENSG00000205918,ENSG00000162069,ENSG00000262482,ENSG00000259895,ENSG00000261889,ENSG00000262185,ENSG00000168140","ENSG00000262316,ENSG00000162069,ENSG00000185883,ENSG00000167977,ENSG00000262959,ENSG00000162086,ENSG00000274367,ENSG00000203581,ENSG00000162062,ENSG00000262185,ENSG00000263072,ENSG00000205918,ENSG00000240311,ENSG00000167978,ENSG00000007038,ENSG00000288935,ENSG00000261613,ENSG00000279330,ENSG00000261889,ENSG00000262362,ENSG00000260565,ENSG00000262482,ENSG00000185739,ENSG00000168140,ENSG00000263105,ENSG00000103343,ENSG00000103351,ENSG00000006327,ENSG00000162066,ENSG00000276754,ENSG00000262521,ENSG00000140987,ENSG00000010539,ENSG00000280402,ENSG00000006194,ENSG00000262154,ENSG00000279162,ENSG00000205913,ENSG00000162078,ENSG00000221719,ENSG00000262246,ENSG00000275515,ENSG00000085644,ENSG00000126602,ENSG00000260436,ENSG00000213918,ENSG00000162076,ENSG00000162065,ENSG00000131652,ENSG00000172382,ENSG00000090447,ENSG00000262899,ENSG00000162068,ENSG00000200204,ENSG00000279031,ENSG00000262468,ENSG00000279568,ENSG00000059122,ENSG00000103355,ENSG00000262516,ENSG00000103363,ENSG00000215148,ENSG00000205890,ENSG00000127564,ENSG00000168124,ENSG00000188827,ENSG00000126603,ENSG00000263159,ENSG00000008517,ENSG00000162104,ENSG00000167984,ENSG00000008516,ENSG00000228146,ENSG00000259895,ENSG00000289281,ENSG00000217930,ENSG00000263177,ENSG00000261971,ENSG00000122386,ENSG00000260095,ENSG00000263325,ENSG00000281005,ENSG00000263280,ENSG00000272079,ENSG00000262686,ENSG00000167981,ENSG00000162073,ENSG00000103313,ENSG00000261288,ENSG00000213937,ENSG00000005339,ENSG00000260293,ENSG00000262712,ENSG00000276791,ENSG00000122390,ENSG00000140992,ENSG00000280063,ENSG00000103423,ENSG00000215154,ENSG00000279901,ENSG00000005001,ENSG00000285329,ENSG00000103145,ENSG00000172460,ENSG00000262312,ENSG00000263235,ENSG00000262370,ENSG00000279520,ENSG00000266232,ENSG00000262471,ENSG00000215131,ENSG00000140993",ENSG00000167981,Liver eQTLs,train
20016800500092196-92196000001323,chr11,11-63581514-G-A,"ENSG00000173113,ENSG00000255717,ENSG00000133318,ENSG00000072518,ENSG00000288852,ENSG00000197891,ENSG00000149761,ENSG00000289486,ENSG00000167770,ENSG00000110011,ENSG00000256940,ENSG00000126432,ENSG00000168067,ENSG00000184999,ENSG00000256847,ENSG00000176485,ENSG00000168005,ENSG00000168065,ENSG00000133316,ENSG00000133328,ENSG00000133317,ENSG00000173264,ENSG00000149782,ENSG00000188070,ENSG00000149743,ENSG00000173511,ENSG00000133315,ENSG00000181908,ENSG00000168003,ENSG00000168066,ENSG00000173153,ENSG00000162302,ENSG00000269038,ENSG00000110583,ENSG00000270269,ENSG00000162236,ENSG00000196600,ENSG00000149781,ENSG00000168439,ENSG00000002330,ENSG00000286264,ENSG00000197658,ENSG00000110076,ENSG00000167771,ENSG00000257086,ENSG00000126500,ENSG00000149742,ENSG00000068976,ENSG00000168071,ENSG00000068831,ENSG00000256690,ENSG00000133895,ENSG00000133321,ENSG00000173457,ENSG00000184743,ENSG00000176340,ENSG00000256116,ENSG00000219435","ENSG00000126432,ENSG00000207024,ENSG00000149742,ENSG00000202089,ENSG00000256116,ENSG00000241082,ENSG00000203520,ENSG00000149781,ENSG00000274066,ENSG00000168066,ENSG00000253547,ENSG00000275598,ENSG00000168005,ENSG00000288852,ENSG00000256940,ENSG00000110011,ENSG00000173113,ENSG00000269038,ENSG00000133315,ENSG00000184743,ENSG00000149761,ENSG00000168071,ENSG00000286264,ENSG00000176340,ENSG00000197901,ENSG00000239924,ENSG00000256041,ENSG00000168067,ENSG00000173457,ENSG00000133895,ENSG00000257086,ENSG00000197658,ENSG00000197891,ENSG00000286816,ENSG00000287412,ENSG00000149782,ENSG00000133316,ENSG00000176485,ENSG00000173153,ENSG00000278359,ENSG00000219435,ENSG00000068976,ENSG00000149452,ENSG00000231492,ENSG00000162302,ENSG00000149743,ENSG00000264519,ENSG00000207200,ENSG00000278615,ENSG00000168439,ENSG00000221273,ENSG00000167771,ENSG00000173511,ENSG00000256690,ENSG00000237363,ENSG00000168003,ENSG00000184999,ENSG00000133318,ENSG00000256481,ENSG00000252361,ENSG00000072518,ENSG00000256181,ENSG00000289486,ENSG00000256847,ENSG00000285388,ENSG00000270269,ENSG00000133328,ENSG00000110583,ENSG00000257002,ENSG00000256341,ENSG00000188070,ENSG00000284535,ENSG00000133321,ENSG00000271100,ENSG00000173264,ENSG00000002330,ENSG00000255717,ENSG00000256789,ENSG00000232500,ENSG00000254964,ENSG00000110076,ENSG00000196600,ENSG00000068831,ENSG00000167770,ENSG00000126500,ENSG00000162236,ENSG00000168065,ENSG00000181908,ENSG00000133317,ENSG00000182450",ENSG00000168005,Liver eQTLs,train
20016805600092196-92196000001339,chr11,"11-65319986-C-T,11-65324276-C-T,11-65330510-C-T,11-65340135-C-T,11-65327655-G-A,11-65339378-G-A,11-65338944-T-G","ENSG00000174516,ENSG00000133895,ENSG00000255038,ENSG00000255468,ENSG00000174807,ENSG00000278952,ENSG00000174903,ENSG00000174996,ENSG00000174669,ENSG00000171219,ENSG00000175602,ENSG00000110076,ENSG00000174684,ENSG00000149823,ENSG00000149735,ENSG00000287917,ENSG00000175376,ENSG00000142186,ENSG00000172818,ENSG00000172638,ENSG00000197891,ENSG00000149809,ENSG00000110047,ENSG00000133884,ENSG00000168062,ENSG00000213445,ENSG00000173327,ENSG00000168066,ENSG00000068831,ENSG00000014216,ENSG00000204710,ENSG00000173727,ENSG00000162300,ENSG00000168060,ENSG00000175573,ENSG00000126391,ENSG00000254470,ENSG00000168070,ENSG00000197136,ENSG00000172500,ENSG00000014138,ENSG00000254510,ENSG00000068971,ENSG00000110025,ENSG00000174791,ENSG00000174276,ENSG00000168061,ENSG00000172543,ENSG00000213465,ENSG00000255517,ENSG00000175467,ENSG00000149798,ENSG00000254855,ENSG00000174547,ENSG00000245532,ENSG00000254986,ENSG00000162241,ENSG00000087365,ENSG00000110046,ENSG00000172757,ENSG00000168056,ENSG00000149806,ENSG00000255320,ENSG00000175592,ENSG00000173442,ENSG00000173039,ENSG00000197847,ENSG00000174576,ENSG00000255478,ENSG00000172732,ENSG00000173338,ENSG00000172803,ENSG00000254461,ENSG00000255120,ENSG00000175334,ENSG00000174871,ENSG00000173825,ENSG00000174744,ENSG00000146670,ENSG00000162298,ENSG00000172977,ENSG00000174851,ENSG00000269038,ENSG00000168065,ENSG00000229719,ENSG00000179292,ENSG00000255200,ENSG00000172922,ENSG00000173465,ENSG00000285533,ENSG00000245156,ENSG00000149792,ENSG00000068976,ENSG00000289339,ENSG00000175115,ENSG00000176973,ENSG00000174165,ENSG00000175550,ENSG00000251562,ENSG00000174483,ENSG00000260233,ENSG00000254614,ENSG00000168067","ENSG00000168061,ENSG00000149792,ENSG00000133884,ENSG00000175376,ENSG00000213465,ENSG00000146670,ENSG00000204710,ENSG00000279243,ENSG00000168060,ENSG00000174744,ENSG00000254455,ENSG00000285533,ENSG00000229719,ENSG00000237363,ENSG00000270526,ENSG00000287821,ENSG00000278359,ENSG00000172543,ENSG00000173327,ENSG00000174483,ENSG00000289339,ENSG00000278851,ENSG00000172500,ENSG00000260233,ENSG00000174851,ENSG00000175467,ENSG00000286816,ENSG00000110047,ENSG00000274986,ENSG00000269038,ENSG00000172818,ENSG00000172757,ENSG00000068831,ENSG00000254855,ENSG00000230835,ENSG00000255404,ENSG00000174576,ENSG00000254510,ENSG00000172638,ENSG00000222477,ENSG00000168067,ENSG00000172922,ENSG00000173727,ENSG00000172977,ENSG00000168065,ENSG00000289231,ENSG00000286459,ENSG00000254762,ENSG00000214659,ENSG00000110076,ENSG00000175550,ENSG00000149809,ENSG00000213445,ENSG00000255320,ENSG00000255478,ENSG00000014216,ENSG00000266041,ENSG00000168066,ENSG00000284489,ENSG00000149806,ENSG00000173039,ENSG00000254614,ENSG00000174547,ENSG00000175602,ENSG00000172803,ENSG00000254458,ENSG00000279093,ENSG00000174791,ENSG00000286756,ENSG00000168070,ENSG00000174807,ENSG00000255517,ENSG00000245532,ENSG00000221273,ENSG00000110046,ENSG00000179292,ENSG00000133895,ENSG00000162241,ENSG00000126391,ENSG00000254470,ENSG00000175573,ENSG00000254867,ENSG00000149798,ENSG00000174669,ENSG00000173825,ENSG00000232500,ENSG00000173465,ENSG00000168056,ENSG00000168062,ENSG00000162298,ENSG00000171219,ENSG00000174516,ENSG00000275948,ENSG00000175334,ENSG00000255038,ENSG00000176973,ENSG00000255468,ENSG00000174684,ENSG00000255058,ENSG00000173442,ENSG00000149823,ENSG00000068976,ENSG00000270775,ENSG00000174903,ENSG00000287917,ENSG00000197847,ENSG00000174871,ENSG00000289058,ENSG00000289259,ENSG00000187066,ENSG00000251562,ENSG00000149735,ENSG00000254461,ENSG00000245156,ENSG00000255120,ENSG00000231492,ENSG00000162300,ENSG00000087365,ENSG00000197136,ENSG00000254501,ENSG00000265874,ENSG00000197891,ENSG00000173338,ENSG00000174996,ENSG00000237410,ENSG00000174165,ENSG00000174276,ENSG00000255200,ENSG00000172732,ENSG00000278952,ENSG00000175592,ENSG00000014138,ENSG00000068971,ENSG00000110025,ENSG00000254986,ENSG00000142186,ENSG00000239356,ENSG00000274314,ENSG00000175115",ENSG00000168056,Liver eQTLs,train
20016806500092196-92196000001332,chr11,"11-64469524-G-A,11-64425120-G-T,11-64471986-T-C,11-64414064-TCTTA-T,11-64415111-C-T,11-64418305-G-A,11-64465403-T-C,11-64471369-G-A,11-64472319-T-C,11-64474752-A-G,11-64367736-A-G,11-64367862-T-C,11-64449425-G-A,11-64474559-G-T,11-64412086-G-C,11-64419217-T-G,11-64419218-T-C,11-64426933-A-G,11-64433444-T-C,11-64439816-T-C,11-64443465-T-C,11-64383327-T-C,11-64383328-G-A,11-64383302-G-A,11-64450795-C-T,11-64455590-C-CAA,11-64425645-G-A,11-64430261-A-T,11-64430261-A-T,11-64423856-C-CGGGAATTTCACAATAAGT,11-64423856-C-CGGGAATTTCACAATAAGT,11-64450646-A-G,11-64413968-C-A,11-64451281-C-G,11-64453761-C-T,11-64462483-G-A,11-64432300-A-G,11-64423831-G-A,11-64424369-G-A,11-64412877-A-G,11-64370492-G-A,11-64372302-G-T,11-64377336-C-T,11-64382204-C-T,11-64391909-G-T,11-64391910-C-T,11-64381132-T-C,11-64469393-G-A,11-64402695-T-C,11-64368428-C-T,11-64402027-T-C,11-64400719-A-G,11-64367589-A-G","ENSG00000167771,ENSG00000173457,ENSG00000288852,ENSG00000014216,ENSG00000162298,ENSG00000173825,ENSG00000256116,ENSG00000149782,ENSG00000002330,ENSG00000110046,ENSG00000149781,ENSG00000254614,ENSG00000168056,ENSG00000255200,ENSG00000287917,ENSG00000162241,ENSG00000110011,ENSG00000285533,ENSG00000149823,ENSG00000168071,ENSG00000167770,ENSG00000289339,ENSG00000149798,ENSG00000149806,ENSG00000213465,ENSG00000173442,ENSG00000173511,ENSG00000146670,ENSG00000068831,ENSG00000168062,ENSG00000181908,ENSG00000173465,ENSG00000168070,ENSG00000110047,ENSG00000255478,ENSG00000168439,ENSG00000072518,ENSG00000173113,ENSG00000286264,ENSG00000213445,ENSG00000197136,ENSG00000149809,ENSG00000269038,ENSG00000133315,ENSG00000176340,ENSG00000168060,ENSG00000204710,ENSG00000229719,ENSG00000168005,ENSG00000126391,ENSG00000014138,ENSG00000162302,ENSG00000278952,ENSG00000173264,ENSG00000068971,ENSG00000149792,ENSG00000197891,ENSG00000245532,ENSG00000162300,ENSG00000260233,ENSG00000256940,ENSG00000219435,ENSG00000176973,ENSG00000251562,ENSG00000126432,ENSG00000173039,ENSG00000142186,ENSG00000126500,ENSG00000168067,ENSG00000133895,ENSG00000110583,ENSG00000133884,ENSG00000173327,ENSG00000168061,ENSG00000149743,ENSG00000174276,ENSG00000068976,ENSG00000168066,ENSG00000188070,ENSG00000149735,ENSG00000173153,ENSG00000289486,ENSG00000171219,ENSG00000257086,ENSG00000197847,ENSG00000173338,ENSG00000110025,ENSG00000149761,ENSG00000168065,ENSG00000173727","ENSG00000245532,ENSG00000014138,ENSG00000284489,ENSG00000204710,ENSG00000260233,ENSG00000256940,ENSG00000256789,ENSG00000149782,ENSG00000068976,ENSG00000149823,ENSG00000173039,ENSG00000168439,ENSG00000168066,ENSG00000274314,ENSG00000072518,ENSG00000257086,ENSG00000254614,ENSG00000173727,ENSG00000256116,ENSG00000110025,ENSG00000162300,ENSG00000167770,ENSG00000173465,ENSG00000231492,ENSG00000289231,ENSG00000173825,ENSG00000181908,ENSG00000068971,ENSG00000173338,ENSG00000110011,ENSG00000289058,ENSG00000251562,ENSG00000188070,ENSG00000162298,ENSG00000197891,ENSG00000286264,ENSG00000176973,ENSG00000014216,ENSG00000255058,ENSG00000149743,ENSG00000168061,ENSG00000149806,ENSG00000149792,ENSG00000126391,ENSG00000149798,ENSG00000275948,ENSG00000168067,ENSG00000110047,ENSG00000171219,ENSG00000274986,ENSG00000255478,ENSG00000202089,ENSG00000237410,ENSG00000213465,ENSG00000219435,ENSG00000289339,ENSG00000173327,ENSG00000207024,ENSG00000287917,ENSG00000142186,ENSG00000289486,ENSG00000269038,ENSG00000222477,ENSG00000182450,ENSG00000197136,ENSG00000149781,ENSG00000173153,ENSG00000168060,ENSG00000278952,ENSG00000162241,ENSG00000264519,ENSG00000229719,ENSG00000173457,ENSG00000068831,ENSG00000110583,ENSG00000133315,ENSG00000288852,ENSG00000254455,ENSG00000162302,ENSG00000270775,ENSG00000133884,ENSG00000173113,ENSG00000237363,ENSG00000173264,ENSG00000110046,ENSG00000168056,ENSG00000173442,ENSG00000256481,ENSG00000278359,ENSG00000149761,ENSG00000126432,ENSG00000286816,ENSG00000255200,ENSG00000287412,ENSG00000168070,ENSG00000285533,ENSG00000197847,ENSG00000168071,ENSG00000149735,ENSG00000173511,ENSG00000168062,ENSG00000256341,ENSG00000207200,ENSG00000278851,ENSG00000176340,ENSG00000168065,ENSG00000174276,ENSG00000168005,ENSG00000187066,ENSG00000133895,ENSG00000149809,ENSG00000221273,ENSG00000254501,ENSG00000002330,ENSG00000213445,ENSG00000126500,ENSG00000287821,ENSG00000232500,ENSG00000271100,ENSG00000167771,ENSG00000203520,ENSG00000146670,ENSG00000230835",ENSG00000168065,Liver eQTLs,train
20016829100092196-92196000005326,chr3,"3-58372885-T-C,3-58375286-G-A,3-58446010-A-T,3-58370177-G-T,3-58374433-A-G,3-58332912-C-T,3-58370792-T-C,3-58332783-A-G,3-58331186-G-A,3-58332496-C-T","ENSG00000272360,ENSG00000272146,ENSG00000272182,ENSG00000168301,ENSG00000174839,ENSG00000168306,ENSG00000243384,ENSG00000244383,ENSG00000168291,ENSG00000168297,ENSG00000163686,ENSG00000163687,ENSG00000136068,ENSG00000174840,ENSG00000168309,ENSG00000236722,ENSG00000244161,ENSG00000168374,ENSG00000283511,ENSG00000163689,ENSG00000163681,ENSG00000198643","ENSG00000241933,ENSG00000168374,ENSG00000239801,ENSG00000163686,ENSG00000244161,ENSG00000242428,ENSG00000163681,ENSG00000275607,ENSG00000236722,ENSG00000272146,ENSG00000270772,ENSG00000283511,ENSG00000206815,ENSG00000163687,ENSG00000202428,ENSG00000239831,ENSG00000237186,ENSG00000244383,ENSG00000136068,ENSG00000210841,ENSG00000168309,ENSG00000243384,ENSG00000212392,ENSG00000174839,ENSG00000163689,ENSG00000243295,ENSG00000168306,ENSG00000168301,ENSG00000198643,ENSG00000272360,ENSG00000168297,ENSG00000174840,ENSG00000168291,ENSG00000206918,ENSG00000272182",ENSG00000168291,Liver eQTLs,train
20016829700092196-92196000005324,chr3,"3-58322670-G-A,3-58321828-G-A,3-58339287-G-A,3-58343888-T-C,3-58398215-C-T,3-58409668-C-T,3-58420613-A-G,3-58359006-T-C,3-58320657-T-G,3-58462014-G-T,3-58445991-C-T,3-58447106-C-A,3-58447844-G-C,3-58449244-T-C,3-58455068-G-A,3-58237289-T-C,3-58250876-T-A,3-58267833-G-A,3-58279672-C-T,3-58298965-G-A,3-58311043-T-G,3-58323315-G-A,3-58330177-C-G,3-58335210-G-C,3-58335919-C-G,3-58336635-C-T,3-58336846-A-C,3-58345207-G-A,3-58345491-A-AG,3-58346736-C-T,3-58351875-G-A,3-58353647-A-C,3-58353781-C-T,3-58360091-G-A,3-58364542-C-T,3-58364562-C-T,3-58368960-A-G,3-58372324-C-T,3-58373939-A-G,3-58375575-A-G,3-58381287-G-A,3-58383048-G-A,3-58389235-A-G,3-58391293-C-G,3-58392411-A-G,3-58392874-A-G,3-58394835-C-T,3-58398730-G-A,3-58399283-T-C,3-58401076-G-A,3-58401262-G-A,3-58401523-G-A,3-58405200-G-A,3-58408767-C-T,3-58408792-T-G,3-58408845-A-G,3-58409361-A-T,3-58409854-A-G,3-58411419-C-T,3-58411530-A-T,3-58415031-A-G,3-58415567-C-T,3-58421338-C-G,3-58421846-A-G,3-58422087-G-T,3-58425751-G-A,3-58341917-A-G,3-58356586-T-TGTG,3-58358460-TCTC-T,3-58367330-G-A,3-58367771-G-A,3-58372423-G-A,3-58383275-C-T,3-58386274-C-T,3-58391127-C-T,3-58398922-C-T,3-58406694-G-C,3-58409786-G-C,3-58411445-G-C,3-58458043-G-A,3-58462146-C-T,3-58328072-C-T,3-58265154-T-C,3-58320298-C-A,3-58323942-G-C,3-58324283-A-G,3-58325347-A-G,3-58312053-A-AT,3-58312053-A-AT,3-58428444-A-G,3-58429206-G-T,3-58429893-G-C,3-58430487-C-T,3-58433505-T-A,3-58436703-C-T,3-58443755-C-A,3-58320507-A-G,3-58321954-C-T,3-58323091-A-G,3-58323174-A-G,3-58323244-C-T,3-58323377-A-G,3-58323793-G-C,3-58324690-G-A,3-58325563-T-C,3-58325734-G-A,3-58326251-T-A,3-58228695-G-C,3-58312057-G-T,3-58313015-T-TTTTTG,3-58314412-A-G,3-58317353-A-G,3-58318224-A-G,3-58318448-A-G,3-58318677-A-G,3-58248918-G-A,3-58255739-G-A,3-58286929-G-A,3-58287620-C-T,3-58290143-G-A,3-58290892-G-A,3-58291467-A-G,3-58292525-T-G,3-58293101-A-G,3-58293794-TAAA-T,3-58293867-G-A,3-58294506-TAAAC-T,3-58294576-C-CGTCTT,3-58295895-CT-C,3-58298413-C-T,3-58298843-G-A,3-58300282-A-G,3-58300545-A-G,3-58300644-C-T,3-58301906-A-T,3-58305199-G-A,3-58310838-A-C,3-58311576-TA-T,3-58311898-C-T,3-58313112-G-A,3-58313706-G-A,3-58314515-G-A,3-58314560-C-T,3-58315749-G-A,3-58318475-G-A,3-58318570-A-C,3-58319152-C-T,3-58319159-G-A,3-58263069-G-T,3-58263097-T-C,3-58263847-A-G,3-58265398-T-C,3-58265883-T-A,3-58266486-C-G,3-58266731-C-T,3-58267642-A-T,3-58267846-T-C,3-58267924-C-T,3-58268968-C-G,3-58271895-C-T,3-58277327-G-A,3-58278447-C-A,3-58278590-T-C,3-58280942-A-G,3-58243159-G-A,3-58250118-A-G,3-58293551-G-C,3-58296208-A-T,3-58300116-G-A,3-58302586-A-G,3-58309436-A-T,3-58311158-G-T,3-58313394-T-C,3-58313813-T-C,3-58315835-T-C,3-58318499-C-T,3-58318523-G-T,3-58460364-C-T,3-58462070-C-T,3-58301460-A-G,3-58230352-G-A,3-58230809-G-A,3-58234536-T-C,3-58237501-G-A,3-58239001-A-G,3-58244748-C-T,3-58238877-C-T,3-58244800-C-T","ENSG00000168291,ENSG00000283511,ENSG00000163681,ENSG00000168301,ENSG00000168297,ENSG00000163684,ENSG00000174840,ENSG00000163687,ENSG00000168374,ENSG00000243384,ENSG00000244161,ENSG00000168309,ENSG00000272360,ENSG00000174839,ENSG00000168306,ENSG00000236722,ENSG00000198643,ENSG00000163686,ENSG00000244383,ENSG00000272146,ENSG00000163689,ENSG00000136068,ENSG00000272182","ENSG00000242428,ENSG00000244383,ENSG00000163684,ENSG00000168291,ENSG00000270772,ENSG00000237186,ENSG00000272146,ENSG00000236722,ENSG00000168309,ENSG00000198643,ENSG00000210841,ENSG00000272182,ENSG00000163686,ENSG00000243295,ENSG00000243384,ENSG00000239801,ENSG00000168301,ENSG00000174840,ENSG00000168297,ENSG00000163687,ENSG00000206815,ENSG00000241933,ENSG00000239831,ENSG00000163681,ENSG00000244161,ENSG00000163689,ENSG00000136068,ENSG00000272360,ENSG00000206918,ENSG00000174839,ENSG00000168374,ENSG00000283511,ENSG00000202428,ENSG00000168306,ENSG00000275607,ENSG00000212392",ENSG00000168297,Liver eQTLs,train
20016870200092196-92196000004038,chr2,"2-142889154-C-A,2-142931724-T-C,2-142931735-A-T,2-142928806-A-G,2-142924152-A-C,2-142929763-G-A,2-142976147-T-C,2-142977693-T-A,2-142926083-A-G,2-142966416-G-C,2-142975510-C-T,2-142954841-G-A,2-142943380-A-C,2-142945294-T-A,2-142949429-AT-A","ENSG00000168702,ENSG00000075884,ENSG00000115919","ENSG00000225476,ENSG00000224288,ENSG00000236356,ENSG00000226839,ENSG00000257284,ENSG00000284167,ENSG00000231758,ENSG00000244125,ENSG00000168702,ENSG00000232772,ENSG00000075884,ENSG00000236300,ENSG00000228134,ENSG00000257277,ENSG00000229781,ENSG00000224852,ENSG00000115919,ENSG00000270390,ENSG00000227557,ENSG00000231766",ENSG00000168702,Liver eQTLs,train
20016880300092196-92196000002353,chr15,"15-43622916-C-T,15-43624189-C-T,15-43625433-C-T,15-43621947-A-G,15-43628542-A-C,15-43628642-AGTAAT-A,15-43629431-G-A,15-43632960-A-C,15-43633334-C-T,15-43627855-A-G,15-43634196-T-C,15-43632755-G-T,15-43617493-T-C,15-43618863-T-C,15-43619560-T-C,15-43596210-TTTTAAA-T,15-43592408-A-G,15-43600803-T-C,15-43608855-C-T,15-43611767-CTTGAG-C,15-43592428-T-G,15-43594900-A-G,15-43606494-G-A,15-43608024-G-A,15-43609509-A-G,15-43612925-A-G,15-43599325-T-C,15-43599116-C-G,15-43787692-G-A,15-43699304-C-G,15-43731454-C-G,15-43733994-G-A,15-43734749-G-A,15-43734878-T-C,15-43737484-G-A,15-43737880-C-A,15-43704465-C-G,15-43707005-A-G,15-43707462-A-G,15-43707542-T-G,15-43714970-C-T,15-43715382-T-C,15-43716641-A-T,15-43720197-C-T,15-43721743-A-AT,15-43723514-T-C,15-43729349-C-A,15-43729948-C-T,15-43740196-G-A,15-43741090-G-C,15-43741248-C-CT,15-43743041-TTGAA-T,15-43743629-G-A,15-43744210-A-G,15-43744457-T-C,15-43744829-A-AT,15-43746583-CAG-C,15-43746792-C-T,15-43750346-T-A,15-43750762-A-G,15-43751909-C-T,15-43753980-C-G,15-43755346-A-C,15-43757059-T-A,15-43757419-G-T,15-43758932-C-G,15-43759725-A-AT,15-43759774-A-G,15-43761205-T-C,15-43761352-G-A,15-43761901-C-T,15-43762196-C-T,15-43765533-C-G,15-43765978-T-C,15-43766069-T-C,15-43766303-T-C,15-43766341-G-A,15-43767209-G-C,15-43784854-C-G,15-43784917-T-C,15-43785051-C-G,15-43787322-C-G,15-43787529-C-A,15-43792097-T-C,15-43793135-T-C,15-43797273-G-C,15-43798684-C-G,15-43744782-C-T,15-43603032-G-A,15-43671844-A-C,15-43671848-A-C,15-43636651-C-T,15-43745740-T-TA,15-43636200-G-A,15-43634405-C-T,15-43635800-T-C,15-43637377-T-C,15-43632226-G-A,15-43634709-G-C,15-43634808-C-T,15-43635136-G-A,15-43642657-G-A,15-43642780-A-T,15-43642897-G-A,15-43644788-C-T,15-43650230-A-C,15-43654182-C-T,15-43655794-G-A,15-43655927-A-G,15-43656043-A-G,15-43657948-TACTC-T,15-43659046-A-G,15-43660925-C-T,15-43660982-A-G,15-43661459-C-T,15-43665972-G-A,15-43670226-C-A,15-43670280-C-T,15-43671294-A-G,15-43671639-T-A,15-43673680-A-C,15-43679479-GCCA-G,15-43680115-C-T,15-43683115-T-A,15-43683446-G-T,15-43684130-A-G,15-43684914-C-A,15-43689867-A-T,15-43761717-A-T,15-43604430-AT-A,15-43629310-C-CA,15-43795232-T-TGAGC,15-43666082-C-T,15-43746170-C-T,15-43777632-A-G,15-43779686-C-T,15-43774318-T-G,15-43682713-C-CT,15-43642328-G-A,15-43662829-G-A,15-43588439-T-C,15-43735110-G-A,15-43610672-A-G,15-43588888-C-A","ENSG00000140264,ENSG00000128881,ENSG00000159459,ENSG00000103994,ENSG00000260490,ENSG00000092531,ENSG00000166946,ENSG00000168803,ENSG00000242028,ENSG00000274403,ENSG00000260799,ENSG00000242866,ENSG00000159433,ENSG00000166734,ENSG00000137822,ENSG00000137814,ENSG00000128886,ENSG00000180979,ENSG00000092470,ENSG00000168781,ENSG00000140265,ENSG00000092529,ENSG00000261684,ENSG00000137842,ENSG00000167004,ENSG00000205771,ENSG00000166762,ENSG00000140259,ENSG00000140326,ENSG00000166963,ENSG00000168806,ENSG00000278769,ENSG00000067369,ENSG00000275601,ENSG00000289277,ENSG00000166947,ENSG00000205871","ENSG00000275601,ENSG00000260490,ENSG00000137822,ENSG00000166762,ENSG00000067369,ENSG00000168781,ENSG00000206589,ENSG00000259499,ENSG00000281269,ENSG00000104055,ENSG00000166963,ENSG00000278769,ENSG00000168803,ENSG00000092470,ENSG00000202211,ENSG00000285080,ENSG00000140264,ENSG00000137814,ENSG00000128881,ENSG00000289277,ENSG00000167004,ENSG00000185607,ENSG00000159433,ENSG00000260799,ENSG00000159495,ENSG00000103994,ENSG00000092531,ENSG00000222398,ENSG00000259595,ENSG00000242028,ENSG00000140259,ENSG00000254793,ENSG00000168806,ENSG00000180979,ENSG00000243871,ENSG00000260406,ENSG00000242866,ENSG00000200391,ENSG00000206991,ENSG00000092529,ENSG00000137842,ENSG00000224055,ENSG00000166946,ENSG00000205871,ENSG00000286877,ENSG00000166734,ENSG00000205771,ENSG00000140265,ENSG00000166947,ENSG00000140326,ENSG00000260928,ENSG00000259335,ENSG00000159459,ENSG00000261679,ENSG00000201136,ENSG00000261684,ENSG00000274403,ENSG00000128886",ENSG00000168803,Liver eQTLs,train
20016890300092196-92196000005810,chr5,"5-180430797-T-C,5-180341751-A-T,5-180341845-G-A,5-180354003-C-T,5-180356471-A-G,5-180360107-G-C,5-180361266-A-T,5-180367895-C-A,5-180370599-C-A,5-180374019-T-C,5-180343617-T-C,5-180351437-AC-A,5-180357607-C-G,5-180361991-G-A,5-180366055-A-G,5-180434216-G-A,5-180365817-T-C,5-180344766-T-C,5-180439488-T-C,5-180450672-A-G,5-180450665-CA-C,5-180450673-A-G,5-180344093-T-C,5-180336849-C-T","ENSG00000238035,ENSG00000248275,ENSG00000165810,ENSG00000233937,ENSG00000131446,ENSG00000161055,ENSG00000131459,ENSG00000250222,ENSG00000113269,ENSG00000183718,ENSG00000113300,ENSG00000050748,ENSG00000146054,ENSG00000196670,ENSG00000248367,ENSG00000146090,ENSG00000280161,ENSG00000204628,ENSG00000278970,ENSG00000037280,ENSG00000146063,ENSG00000245060,ENSG00000168903,ENSG00000278965","ENSG00000247049,ENSG00000286128,ENSG00000280161,ENSG00000251035,ENSG00000241870,ENSG00000198995,ENSG00000278965,ENSG00000146063,ENSG00000231228,ENSG00000248717,ENSG00000248761,ENSG00000251545,ENSG00000252202,ENSG00000286644,ENSG00000174339,ENSG00000146054,ENSG00000113300,ENSG00000248103,ENSG00000248514,ENSG00000273549,ENSG00000251352,ENSG00000113269,ENSG00000249876,ENSG00000278970,ENSG00000236791,ENSG00000228259,ENSG00000243664,ENSG00000286310,ENSG00000250749,ENSG00000146090,ENSG00000168903,ENSG00000248560,ENSG00000245060,ENSG00000242979,ENSG00000250765,ENSG00000214295,ENSG00000037280,ENSG00000200555,ENSG00000222852,ENSG00000253652,ENSG00000274553,ENSG00000050748,ENSG00000185372,ENSG00000165810,ENSG00000248367,ENSG00000183718,ENSG00000229721,ENSG00000250222,ENSG00000253908,ENSG00000277912,ENSG00000221394,ENSG00000230178,ENSG00000250674,ENSG00000204659,ENSG00000274525,ENSG00000222533,ENSG00000250509,ENSG00000161055,ENSG00000196670,ENSG00000131446,ENSG00000253480,ENSG00000131459,ENSG00000249287,ENSG00000233937,ENSG00000238035,ENSG00000182613,ENSG00000204628,ENSG00000199892,ENSG00000274716,ENSG00000248275,ENSG00000206686",ENSG00000168903,Liver eQTLs,train
20016895200092196-92196000002107,chr14,"14-25288513-C-T,14-25281213-T-A,14-25281698-T-C,14-25288011-G-A,14-25288648-T-A,14-25289103-A-C,14-25289410-T-C,14-25290607-G-T,14-25293387-T-C,14-25290136-C-G,14-25288687-G-A","ENSG00000213920,ENSG00000213906,ENSG00000092098,ENSG00000213903,ENSG00000100938,ENSG00000205978,ENSG00000100926,ENSG00000258744,ENSG00000100968,ENSG00000129467,ENSG00000276698,ENSG00000092330,ENSG00000100889,ENSG00000100453,ENSG00000186648,ENSG00000100445,ENSG00000196497,ENSG00000092010,ENSG00000100949,ENSG00000168952,ENSG00000129465,ENSG00000196943,ENSG00000100441,ENSG00000199804,ENSG00000100448,ENSG00000287481,ENSG00000215256,ENSG00000157326,ENSG00000092295,ENSG00000139914,ENSG00000129559,ENSG00000254505,ENSG00000100450,ENSG00000225766,ENSG00000157379,ENSG00000100884,ENSG00000288044,ENSG00000139908,ENSG00000100908,ENSG00000092009,ENSG00000288820,ENSG00000259321,ENSG00000100897,ENSG00000100911,ENSG00000139899,ENSG00000213928,ENSG00000129535,ENSG00000100918,ENSG00000278784,ENSG00000187630","ENSG00000287481,ENSG00000092295,ENSG00000213920,ENSG00000139899,ENSG00000129467,ENSG00000213906,ENSG00000279521,ENSG00000285633,ENSG00000139914,ENSG00000100448,ENSG00000225766,ENSG00000157326,ENSG00000187630,ENSG00000258098,ENSG00000129559,ENSG00000168952,ENSG00000186648,ENSG00000100441,ENSG00000100926,ENSG00000288044,ENSG00000278784,ENSG00000100968,ENSG00000100938,ENSG00000257976,ENSG00000257986,ENSG00000258275,ENSG00000157379,ENSG00000254505,ENSG00000100445,ENSG00000100453,ENSG00000196497,ENSG00000258657,ENSG00000257179,ENSG00000100450,ENSG00000100949,ENSG00000196943,ENSG00000215256,ENSG00000259321,ENSG00000129535,ENSG00000092009,ENSG00000258744,ENSG00000213903,ENSG00000205978,ENSG00000139908,ENSG00000092010,ENSG00000199804,ENSG00000100884,ENSG00000212270,ENSG00000283290,ENSG00000276698,ENSG00000257503,ENSG00000288820,ENSG00000092330,ENSG00000100897,ENSG00000100918,ENSG00000100911,ENSG00000092098,ENSG00000129465,ENSG00000213928,ENSG00000100889,ENSG00000100908",ENSG00000168952,Liver eQTLs,train
20016920300092196-92196000002633,chr16,"16-30340674-A-G,16-30340870-C-T,16-30315099-C-T,16-30339003-T-C,16-30337186-A-T,16-30324494-C-T,16-30330888-T-C,16-30331730-G-C,16-30323810-C-T,16-30326571-G-C,16-30336030-A-T,16-30337486-GAGCC-G,16-30339753-G-A,16-30343236-G-A,16-30328844-A-T,16-30328842-TA-T,16-30334923-G-A,16-30306569-T-C,16-30308718-T-C,16-30320307-G-T,16-30323308-C-T,16-30323380-G-A,16-30334543-CA-C,16-30337208-T-A,16-30292500-A-T,16-30328317-T-C,16-30194840-A-G,16-30174926-T-C,16-30172627-A-G,16-30180490-T-C,16-30178516-A-C,16-30182541-T-C,16-30184286-A-G,16-30176864-AC-A,16-30198151-A-G","ENSG00000196118,ENSG00000197162,ENSG00000099377,ENSG00000052344,ENSG00000099385,ENSG00000180035,ENSG00000156853,ENSG00000197471,ENSG00000169896,ENSG00000103510,ENSG00000149922,ENSG00000132207,ENSG00000262766,ENSG00000169592,ENSG00000169203,ENSG00000271699,ENSG00000261052,ENSG00000274678,ENSG00000149929,ENSG00000213648,ENSG00000151006,ENSG00000005844,ENSG00000079616,ENSG00000099365,ENSG00000254206,ENSG00000260060,ENSG00000149925,ENSG00000167371,ENSG00000179958,ENSG00000149930,ENSG00000174939,ENSG00000102886,ENSG00000099381,ENSG00000288983,ENSG00000169955,ENSG00000180096,ENSG00000102870,ENSG00000229809,ENSG00000102879,ENSG00000278922,ENSG00000254634,ENSG00000099364,ENSG00000185905,ENSG00000183604,ENSG00000260719,ENSG00000103549,ENSG00000174938,ENSG00000102882,ENSG00000169951,ENSG00000103495,ENSG00000180209,ENSG00000260852,ENSG00000285043,ENSG00000235560,ENSG00000103485,ENSG00000278133,ENSG00000167395,ENSG00000175938,ENSG00000090238,ENSG00000149932,ENSG00000013364,ENSG00000260083,ENSG00000178226,ENSG00000103496,ENSG00000280789,ENSG00000156873,ENSG00000089280,ENSG00000250616,ENSG00000273724,ENSG00000080603,ENSG00000279789,ENSG00000103507,ENSG00000103490,ENSG00000260304,ENSG00000167394,ENSG00000275371,ENSG00000280160,ENSG00000232748,ENSG00000260911,ENSG00000274653,ENSG00000150281,ENSG00000149927,ENSG00000205534,ENSG00000174992,ENSG00000279583,ENSG00000103502,ENSG00000181625,ENSG00000167397,ENSG00000156860,ENSG00000169957,ENSG00000179965,ENSG00000179918,ENSG00000281991,ENSG00000149923,ENSG00000247735,ENSG00000280211,ENSG00000275263,ENSG00000238045,ENSG00000198064,ENSG00000169221,ENSG00000279196,ENSG00000174943,ENSG00000261840,ENSG00000156858","ENSG00000150281,ENSG00000103490,ENSG00000149930,ENSG00000174943,ENSG00000261203,ENSG00000174992,ENSG00000005844,ENSG00000052344,ENSG00000230447,ENSG00000278887,ENSG00000149929,ENSG00000288983,ENSG00000260514,ENSG00000156853,ENSG00000102886,ENSG00000275371,ENSG00000252074,ENSG00000169592,ENSG00000180209,ENSG00000103495,ENSG00000259952,ENSG00000222375,ENSG00000260911,ENSG00000279789,ENSG00000222287,ENSG00000079616,ENSG00000013364,ENSG00000103510,ENSG00000149923,ENSG00000169900,ENSG00000260304,ENSG00000274904,ENSG00000280160,ENSG00000266305,ENSG00000167371,ENSG00000102882,ENSG00000278133,ENSG00000149927,ENSG00000169221,ENSG00000278078,ENSG00000099365,ENSG00000180096,ENSG00000278922,ENSG00000260852,ENSG00000179958,ENSG00000289181,ENSG00000151006,ENSG00000156873,ENSG00000167397,ENSG00000274678,ENSG00000206755,ENSG00000156858,ENSG00000280211,ENSG00000279196,ENSG00000232748,ENSG00000261840,ENSG00000169203,ENSG00000271699,ENSG00000197471,ENSG00000261052,ENSG00000167194,ENSG00000102879,ENSG00000202476,ENSG00000197162,ENSG00000180035,ENSG00000080603,ENSG00000169957,ENSG00000229809,ENSG00000247735,ENSG00000250616,ENSG00000103549,ENSG00000274848,ENSG00000262366,ENSG00000169627,ENSG00000099381,ENSG00000103502,ENSG00000175938,ENSG00000183604,ENSG00000281991,ENSG00000090238,ENSG00000089280,ENSG00000156860,ENSG00000183336,ENSG00000275263,ENSG00000132207,ENSG00000261346,ENSG00000280789,ENSG00000174938,ENSG00000261444,ENSG00000235560,ENSG00000257506,ENSG00000273724,ENSG00000254206,ENSG00000274653,ENSG00000167394,ENSG00000254634,ENSG00000178226,ENSG00000213648,ENSG00000257691,ENSG00000262766,ENSG00000099385,ENSG00000169951,ENSG00000222701,ENSG00000179965,ENSG00000260133,ENSG00000238045,ENSG00000199787,ENSG00000258130,ENSG00000103496,ENSG00000260083,ENSG00000278713,ENSG00000169955,ENSG00000198064,ENSG00000102870,ENSG00000169896,ENSG00000205534,ENSG00000149922,ENSG00000174939,ENSG00000185905,ENSG00000261740,ENSG00000279583,ENSG00000285043,ENSG00000261359,ENSG00000149925,ENSG00000149932,ENSG00000099377,ENSG00000266758,ENSG00000260060,ENSG00000279228,ENSG00000103507,ENSG00000260113,ENSG00000179918,ENSG00000167395,ENSG00000261680,ENSG00000260335,ENSG00000181625,ENSG00000258150,ENSG00000196118,ENSG00000099364,ENSG00000103485,ENSG00000251706,ENSG00000263343,ENSG00000260719",ENSG00000169203,Liver eQTLs,train
20016921700092196-92196000002635,chr16,"16-30359408-T-C,16-30366039-G-A,16-30371655-C-G,16-30374381-C-T,16-30376959-T-C,16-30359519-CA-C,16-30403858-A-G,16-30381303-C-G,16-30351842-T-C,16-30351624-T-C,16-30346692-A-G,16-30390314-T-C,16-30396805-A-G,16-30400307-T-C,16-30398677-G-A,16-30392099-A-G,16-30345505-T-C,16-30393771-G-A,16-30391932-ATTT-A,16-30393660-G-A,16-30394541-G-A,16-30396815-G-A,16-30410445-C-T,16-30398408-T-C,16-30360011-A-G,16-30352637-G-A,16-30361341-G-T,16-30364071-A-G,16-30376486-T-C,16-30382755-T-C,16-30352603-T-C,16-30385503-G-A,16-30347731-A-G,16-30386262-C-T,16-30388709-A-G,16-30396901-A-AC,16-30434160-G-T,16-30420851-T-C,16-30400128-T-C,16-30438138-A-G,16-30407979-G-C,16-30404484-G-C,16-30407269-C-A,16-30408765-C-T,16-30432103-C-T,16-30411382-C-G","ENSG00000181625,ENSG00000169221,ENSG00000197162,ENSG00000103510,ENSG00000132207,ENSG00000279583,ENSG00000103496,ENSG00000099364,ENSG00000102870,ENSG00000079616,ENSG00000103507,ENSG00000103485,ENSG00000174992,ENSG00000260060,ENSG00000149925,ENSG00000238045,ENSG00000254206,ENSG00000167394,ENSG00000180209,ENSG00000280160,ENSG00000149922,ENSG00000169592,ENSG00000260719,ENSG00000273724,ENSG00000099381,ENSG00000279789,ENSG00000089280,ENSG00000183604,ENSG00000149930,ENSG00000169896,ENSG00000260911,ENSG00000235560,ENSG00000052344,ENSG00000274678,ENSG00000178226,ENSG00000099377,ENSG00000280211,ENSG00000156853,ENSG00000103549,ENSG00000179918,ENSG00000185905,ENSG00000250616,ENSG00000103502,ENSG00000174938,ENSG00000197471,ENSG00000175938,ENSG00000090238,ENSG00000150281,ENSG00000167397,ENSG00000275371,ENSG00000205534,ENSG00000013364,ENSG00000167395,ENSG00000174943,ENSG00000232748,ENSG00000169957,ENSG00000261840,ENSG00000260852,ENSG00000156858,ENSG00000285043,ENSG00000103495,ENSG00000271699,ENSG00000156873,ENSG00000179965,ENSG00000254634,ENSG00000099365,ENSG00000262766,ENSG00000149932,ENSG00000169951,ENSG00000169217,ENSG00000174939,ENSG00000156860,ENSG00000196118,ENSG00000005844,ENSG00000149927,ENSG00000261052,ENSG00000247735,ENSG00000274653,ENSG00000198064,ENSG00000280789,ENSG00000279196,ENSG00000288983,ENSG00000260083,ENSG00000281991,ENSG00000278133,ENSG00000102886,ENSG00000167371,ENSG00000169955,ENSG00000213648,ENSG00000278922,ENSG00000275263,ENSG00000102879,ENSG00000229809,ENSG00000080603,ENSG00000260304,ENSG00000099385,ENSG00000102882,ENSG00000180035,ENSG00000179958,ENSG00000151006,ENSG00000149929,ENSG00000103490,ENSG00000149923","ENSG00000198064,ENSG00000169592,ENSG00000274904,ENSG00000258130,ENSG00000179958,ENSG00000151006,ENSG00000199787,ENSG00000197162,ENSG00000169957,ENSG00000260304,ENSG00000279196,ENSG00000258150,ENSG00000235560,ENSG00000247735,ENSG00000180209,ENSG00000260911,ENSG00000274653,ENSG00000260060,ENSG00000103496,ENSG00000169951,ENSG00000103510,ENSG00000103502,ENSG00000260514,ENSG00000279789,ENSG00000178226,ENSG00000266758,ENSG00000103495,ENSG00000262766,ENSG00000260852,ENSG00000169896,ENSG00000196118,ENSG00000099377,ENSG00000089280,ENSG00000279583,ENSG00000261359,ENSG00000257506,ENSG00000252074,ENSG00000274678,ENSG00000149922,ENSG00000102870,ENSG00000013364,ENSG00000257691,ENSG00000274848,ENSG00000280211,ENSG00000099381,ENSG00000052344,ENSG00000156853,ENSG00000174992,ENSG00000279228,ENSG00000278713,ENSG00000262366,ENSG00000169955,ENSG00000254634,ENSG00000103485,ENSG00000149932,ENSG00000260083,ENSG00000175938,ENSG00000280789,ENSG00000150281,ENSG00000260335,ENSG00000278922,ENSG00000289181,ENSG00000156858,ENSG00000205534,ENSG00000149929,ENSG00000174939,ENSG00000179965,ENSG00000080603,ENSG00000263343,ENSG00000099365,ENSG00000167394,ENSG00000261444,ENSG00000261052,ENSG00000102879,ENSG00000174938,ENSG00000275263,ENSG00000271699,ENSG00000222701,ENSG00000222287,ENSG00000250616,ENSG00000278133,ENSG00000103549,ENSG00000260719,ENSG00000132207,ENSG00000181625,ENSG00000281991,ENSG00000260133,ENSG00000103490,ENSG00000103507,ENSG00000222375,ENSG00000149930,ENSG00000259952,ENSG00000149925,ENSG00000280160,ENSG00000229809,ENSG00000090238,ENSG00000169221,ENSG00000261840,ENSG00000169627,ENSG00000260113,ENSG00000275371,ENSG00000261680,ENSG00000149927,ENSG00000167397,ENSG00000213648,ENSG00000156860,ENSG00000285043,ENSG00000266305,ENSG00000278078,ENSG00000185905,ENSG00000183604,ENSG00000254206,ENSG00000238045,ENSG00000102886,ENSG00000230447,ENSG00000278887,ENSG00000183336,ENSG00000273724,ENSG00000099385,ENSG00000156873,ENSG00000288983,ENSG00000180035,ENSG00000206755,ENSG00000251706,ENSG00000169217,ENSG00000261740,ENSG00000079616,ENSG00000167395,ENSG00000261203,ENSG00000174943,ENSG00000202476,ENSG00000232748,ENSG00000102882,ENSG00000261346,ENSG00000167371,ENSG00000005844,ENSG00000099364,ENSG00000179918,ENSG00000197471,ENSG00000169900,ENSG00000149923,ENSG00000167194",ENSG00000169217,Liver eQTLs,train
20016960900092196-92196000002465,chr15,"15-83678394-G-T,15-83647740-G-A,15-83623423-A-G,15-83666573-A-C,15-83715853-G-A,15-83732905-G-A","ENSG00000273747,ENSG00000186628,ENSG00000259315,ENSG00000064726,ENSG00000237550,ENSG00000188659,ENSG00000169612,ENSG00000255769,ENSG00000259429,ENSG00000183496,ENSG00000166503,ENSG00000276710,ENSG00000277741,ENSG00000288850,ENSG00000156218,ENSG00000140598,ENSG00000182774,ENSG00000250988,ENSG00000169609,ENSG00000103942,ENSG00000136404,ENSG00000279758,ENSG00000197978,ENSG00000274128,ENSG00000156232","ENSG00000197627,ENSG00000259986,ENSG00000259707,ENSG00000255769,ENSG00000277741,ENSG00000188659,ENSG00000140598,ENSG00000259694,ENSG00000278785,ENSG00000259429,ENSG00000288850,ENSG00000259442,ENSG00000156232,ENSG00000260351,ENSG00000166503,ENSG00000200444,ENSG00000259551,ENSG00000156218,ENSG00000279758,ENSG00000136404,ENSG00000182774,ENSG00000260608,ENSG00000197978,ENSG00000259404,ENSG00000280038,ENSG00000237550,ENSG00000212374,ENSG00000064726,ENSG00000259633,ENSG00000259570,ENSG00000259726,ENSG00000259315,ENSG00000276710,ENSG00000250988,ENSG00000261665,ENSG00000259609,ENSG00000183496,ENSG00000103942,ENSG00000259805,ENSG00000259538,ENSG00000259302,ENSG00000278422,ENSG00000272887,ENSG00000273747,ENSG00000169609,ENSG00000169612,ENSG00000263643,ENSG00000259774,ENSG00000274128,ENSG00000186628,ENSG00000286817",ENSG00000169609,Liver eQTLs,train
20016966000092196-92196000003300,chr17,"17-80377690-T-G,17-80377406-T-C,17-80380371-T-TA,17-80374555-T-TA,17-80374899-G-T","ENSG00000176155,ENSG00000187531,ENSG00000169689,ENSG00000141574,ENSG00000175711,ENSG00000262652,ENSG00000169718,ENSG00000182676,ENSG00000167363,ENSG00000141556,ENSG00000214087,ENSG00000278876,ENSG00000183684,ENSG00000275888,ENSG00000169696,ENSG00000169738,ENSG00000204237,ENSG00000183010,ENSG00000262410,ENSG00000280407,ENSG00000169710,ENSG00000141551,ENSG00000215644,ENSG00000287737,ENSG00000266445,ENSG00000141526,ENSG00000169683,ENSG00000260011,ENSG00000264569,ENSG00000185359,ENSG00000274370,ENSG00000264548,ENSG00000169660,ENSG00000265692,ENSG00000263063,ENSG00000289182,ENSG00000141579,ENSG00000225663,ENSG00000182612,ENSG00000185527,ENSG00000279066,ENSG00000263321,ENSG00000178927,ENSG00000184009,ENSG00000176845,ENSG00000261888,ENSG00000265136,ENSG00000262049,ENSG00000141560,ENSG00000185504,ENSG00000141580,ENSG00000260563,ENSG00000265678,ENSG00000169727,ENSG00000173762,ENSG00000141522,ENSG00000185269,ENSG00000169733,ENSG00000141542,ENSG00000185813,ENSG00000263731,ENSG00000287193,ENSG00000262814,ENSG00000183048,ENSG00000275902,ENSG00000262663,ENSG00000185298,ENSG00000288807,ENSG00000279613,ENSG00000265688,ENSG00000197063,ENSG00000186765,ENSG00000182446,ENSG00000141568,ENSG00000266236,ENSG00000169750,ENSG00000141552,ENSG00000279372,ENSG00000185624","ENSG00000240270,ENSG00000183684,ENSG00000183048,ENSG00000141574,ENSG00000263063,ENSG00000263321,ENSG00000184009,ENSG00000266665,ENSG00000287193,ENSG00000265136,ENSG00000169683,ENSG00000262410,ENSG00000187531,ENSG00000214087,ENSG00000141522,ENSG00000182676,ENSG00000287737,ENSG00000185813,ENSG00000204237,ENSG00000141526,ENSG00000278876,ENSG00000275888,ENSG00000288807,ENSG00000262313,ENSG00000262000,ENSG00000215644,ENSG00000263731,ENSG00000274370,ENSG00000141542,ENSG00000279066,ENSG00000262662,ENSG00000169733,ENSG00000175711,ENSG00000167363,ENSG00000141560,ENSG00000265692,ENSG00000183010,ENSG00000271340,ENSG00000213128,ENSG00000197063,ENSG00000169710,ENSG00000207736,ENSG00000262049,ENSG00000261888,ENSG00000176155,ENSG00000141551,ENSG00000185269,ENSG00000185359,ENSG00000211563,ENSG00000262663,ENSG00000141579,ENSG00000185624,ENSG00000287403,ENSG00000141552,ENSG00000265561,ENSG00000185504,ENSG00000262652,ENSG00000169660,ENSG00000266236,ENSG00000169750,ENSG00000279372,ENSG00000280407,ENSG00000141568,ENSG00000141580,ENSG00000264569,ENSG00000262814,ENSG00000173762,ENSG00000279613,ENSG00000185298,ENSG00000279273,ENSG00000263154,ENSG00000266445,ENSG00000260011,ENSG00000265688,ENSG00000169738,ENSG00000141556,ENSG00000289182,ENSG00000262343,ENSG00000176845,ENSG00000265678,ENSG00000276863,ENSG00000225663,ENSG00000185527,ENSG00000225180,ENSG00000169696,ENSG00000169689,ENSG00000275902,ENSG00000221025,ENSG00000169718,ENSG00000186765,ENSG00000264961,ENSG00000260563,ENSG00000169727,ENSG00000262768,ENSG00000275516,ENSG00000182446,ENSG00000262833,ENSG00000182612,ENSG00000232083,ENSG00000263278,ENSG00000178927,ENSG00000264548",ENSG00000169660,Liver eQTLs,train
20016985100092196-92196000005522,chr4,"4-30832836-G-A,4-30831063-C-T,4-30831621-A-G,4-30832161-C-T,4-30837143-C-T,4-30832497-A-G",ENSG00000169851,ENSG00000169851,ENSG00000169851,Liver eQTLs,train
20016989400092196-92196000006484,chr7,"7-100512119-C-T,7-100510437-G-GA,7-100509163-C-T,7-100509201-A-G,7-100492568-G-A,7-100498475-A-G,7-100455700-C-T,7-100455733-C-T,7-100456611-G-C,7-100457356-A-G,7-100471595-A-G,7-100475838-C-T,7-100476110-T-C,7-100477829-G-A,7-100481658-GT-G,7-100482526-C-G,7-100484917-C-T,7-100486088-C-T,7-100476497-T-C,7-100505792-A-G,7-100506528-C-A,7-100448445-T-G,7-100454130-CCTT-C,7-100460995-C-CT","ENSG00000213420,ENSG00000172336,ENSG00000106404,ENSG00000176125,ENSG00000257923,ENSG00000286923,ENSG00000232445,ENSG00000214300,ENSG00000288976,ENSG00000214313,ENSG00000169871,ENSG00000078319,ENSG00000106336,ENSG00000106327,ENSG00000235713,ENSG00000128581,ENSG00000106367,ENSG00000106384,ENSG00000166508,ENSG00000146834,ENSG00000213413,ENSG00000214252,ENSG00000235077,ENSG00000078487,ENSG00000106333,ENSG00000106330,ENSG00000087077,ENSG00000087087,ENSG00000166924,ENSG00000185955,ENSG00000106351,ENSG00000166925,ENSG00000146828,ENSG00000224729,ENSG00000176402,ENSG00000106366,ENSG00000106397,ENSG00000146830,ENSG00000205307,ENSG00000239521,ENSG00000121716,ENSG00000221838,ENSG00000166526,ENSG00000077454,ENSG00000146833,ENSG00000160862,ENSG00000106261,ENSG00000188186,ENSG00000278683,ENSG00000106400,ENSG00000066923,ENSG00000130427,ENSG00000214253,ENSG00000166997,ENSG00000196411,ENSG00000214309,ENSG00000160813,ENSG00000169894,ENSG00000172354,ENSG00000197093,ENSG00000146826,ENSG00000184414,ENSG00000085514,ENSG00000242294,ENSG00000166529,ENSG00000146839,ENSG00000160963,ENSG00000168090,ENSG00000106290,ENSG00000214142","ENSG00000263672,ENSG00000106400,ENSG00000168090,ENSG00000106351,ENSG00000214253,ENSG00000106330,ENSG00000128581,ENSG00000160813,ENSG00000166997,ENSG00000087077,ENSG00000288976,ENSG00000078487,ENSG00000278683,ENSG00000130427,ENSG00000224729,ENSG00000106397,ENSG00000235077,ENSG00000214300,ENSG00000197093,ENSG00000185955,ENSG00000172354,ENSG00000166526,ENSG00000282277,ENSG00000205307,ENSG00000106261,ENSG00000160963,ENSG00000213413,ENSG00000233683,ENSG00000239521,ENSG00000260524,ENSG00000106333,ENSG00000264425,ENSG00000172336,ENSG00000232445,ENSG00000242101,ENSG00000166924,ENSG00000078319,ENSG00000257923,ENSG00000283821,ENSG00000106384,ENSG00000146828,ENSG00000169871,ENSG00000077454,ENSG00000214313,ENSG00000146830,ENSG00000214142,ENSG00000146839,ENSG00000085514,ENSG00000214252,ENSG00000244623,ENSG00000087087,ENSG00000166925,ENSG00000235713,ENSG00000146834,ENSG00000242294,ENSG00000106327,ENSG00000184414,ENSG00000225807,ENSG00000066923,ENSG00000176402,ENSG00000241357,ENSG00000261511,ENSG00000288749,ENSG00000207454,ENSG00000207757,ENSG00000213420,ENSG00000188186,ENSG00000235926,ENSG00000196411,ENSG00000106404,ENSG00000201913,ENSG00000106336,ENSG00000237640,ENSG00000166508,ENSG00000106290,ENSG00000146826,ENSG00000214309,ENSG00000239825,ENSG00000146833,ENSG00000176125,ENSG00000221838,ENSG00000106366,ENSG00000208036,ENSG00000260445,ENSG00000169894,ENSG00000166529,ENSG00000286923,ENSG00000222966,ENSG00000160862,ENSG00000121716,ENSG00000106367,ENSG00000232301,ENSG00000199711,ENSG00000284518",ENSG00000169894,Liver eQTLs,train
20016997600092196-92196000006053,chr6,"6-144404463-G-A,6-144415160-T-TA,6-144404702-A-C,6-144412107-G-A,6-144409135-G-A,6-144423096-T-C,6-144410580-G-GT,6-144418311-A-T,6-144405701-C-T,6-144414868-A-G,6-144394296-A-G,6-144395930-G-A,6-144423056-G-T,6-144397760-T-A","ENSG00000135604,ENSG00000217027,ENSG00000270890,ENSG00000034693,ENSG00000217648,ENSG00000118495,ENSG00000112419,ENSG00000189007,ENSG00000135521,ENSG00000229036,ENSG00000152818,ENSG00000001036,ENSG00000169976","ENSG00000001036,ENSG00000118495,ENSG00000217231,ENSG00000285598,ENSG00000270890,ENSG00000217648,ENSG00000217027,ENSG00000034693,ENSG00000216475,ENSG00000135604,ENSG00000217195,ENSG00000112419,ENSG00000118491,ENSG00000235740,ENSG00000223203,ENSG00000220739,ENSG00000229036,ENSG00000288836,ENSG00000225311,ENSG00000189007,ENSG00000135521,ENSG00000219409,ENSG00000169976,ENSG00000152818,ENSG00000219297",ENSG00000169976,Liver eQTLs,train
20017007400092196-92196000005791,chr5,5-177165668-C-T,"ENSG00000113763,ENSG00000196923,ENSG00000286634,ENSG00000213347,ENSG00000271681,ENSG00000169223,ENSG00000246596,ENSG00000113240,ENSG00000027847,ENSG00000050767,ENSG00000113758,ENSG00000183258,ENSG00000249684,ENSG00000247679,ENSG00000087206,ENSG00000146094,ENSG00000170074,ENSG00000169230,ENSG00000184840,ENSG00000146067,ENSG00000160883,ENSG00000251666,ENSG00000279821,ENSG00000131188,ENSG00000196570,ENSG00000175309,ENSG00000246334,ENSG00000272459,ENSG00000289390,ENSG00000160867,ENSG00000145916,ENSG00000170089,ENSG00000165671,ENSG00000197451,ENSG00000145911,ENSG00000113761,ENSG00000169220,ENSG00000145912,ENSG00000249129,ENSG00000250101,ENSG00000131183,ENSG00000169131,ENSG00000169228,ENSG00000198055","ENSG00000169230,ENSG00000169220,ENSG00000207420,ENSG00000170074,ENSG00000169228,ENSG00000160867,ENSG00000183258,ENSG00000270989,ENSG00000160883,ENSG00000087206,ENSG00000169223,ENSG00000145912,ENSG00000289390,ENSG00000250101,ENSG00000146094,ENSG00000249109,ENSG00000198055,ENSG00000266329,ENSG00000113763,ENSG00000272459,ENSG00000196570,ENSG00000243959,ENSG00000145916,ENSG00000113758,ENSG00000145911,ENSG00000249849,ENSG00000246596,ENSG00000247679,ENSG00000246334,ENSG00000214351,ENSG00000131183,ENSG00000286634,ENSG00000213347,ENSG00000113761,ENSG00000184840,ENSG00000221464,ENSG00000170089,ENSG00000175309,ENSG00000251446,ENSG00000249186,ENSG00000146067,ENSG00000248943,ENSG00000249684,ENSG00000248996,ENSG00000175766,ENSG00000169131,ENSG00000248484,ENSG00000131188,ENSG00000197451,ENSG00000271681,ENSG00000165671,ENSG00000280139,ENSG00000239393,ENSG00000279821,ENSG00000113240,ENSG00000027847,ENSG00000251666,ENSG00000249129,ENSG00000175325,ENSG00000196923,ENSG00000248859,ENSG00000050767",ENSG00000170074,Liver eQTLs,train
20017010000092196-92196000002885,chr16,"16-89283019-C-G,16-89308895-T-TTG,16-89296096-G-A,16-89307209-C-T,16-89297439-G-A,16-89282110-G-T,16-89287865-A-C,16-89306146-CTG-C,16-89281572-C-G,16-89297421-T-C,16-89285921-C-G,16-89286562-A-G,16-89295345-A-G,16-89296339-A-G,16-89296884-G-A,16-89297252-A-G,16-89303099-A-C,16-89297450-T-C,16-89281197-T-C,16-89297483-C-T,16-89298515-T-C,16-89298616-G-A,16-89303308-C-G,16-89303325-A-T,16-89305409-C-T,16-89283670-C-T,16-89283864-G-T,16-89284286-A-G,16-89295868-T-C,16-89285085-G-C,16-89286697-G-T,16-89289059-A-C,16-89289624-G-A,16-89285590-AT-A,16-89297952-G-A,16-89290402-G-A,16-89295046-T-C,16-89299890-A-G,16-89299899-A-G,16-89291945-A-AT,16-89291948-C-T,16-89291951-C-T,16-89292892-C-T,16-89293614-A-G,16-89294184-G-A,16-89294511-C-T,16-89292920-A-G,16-89295827-T-C","ENSG00000261118,ENSG00000141012,ENSG00000258947,ENSG00000140995,ENSG00000179588,ENSG00000260279,ENSG00000178773,ENSG00000167515,ENSG00000261253,ENSG00000223959,ENSG00000260259,ENSG00000167508,ENSG00000222019,ENSG00000204991,ENSG00000260630,ENSG00000158717,ENSG00000221819,ENSG00000167526,ENSG00000197912,ENSG00000141013,ENSG00000170100,ENSG00000158805,ENSG00000015413,ENSG00000174177,ENSG00000260528,ENSG00000158792,ENSG00000103335,ENSG00000158545,ENSG00000129993,ENSG00000261744,ENSG00000275734,ENSG00000225614,ENSG00000167522,ENSG00000260923,ENSG00000258839,ENSG00000205022,ENSG00000261172,ENSG00000261373,ENSG00000259881,ENSG00000167523,ENSG00000259877,ENSG00000185669,ENSG00000187741,ENSG00000176715,ENSG00000129910,ENSG00000289151,ENSG00000198931,ENSG00000141002,ENSG00000268218,ENSG00000185324,ENSG00000003249,ENSG00000131165,ENSG00000260121,ENSG00000224888,ENSG00000167513,ENSG00000278341,ENSG00000177946,ENSG00000051523,ENSG00000075399","ENSG00000260121,ENSG00000158717,ENSG00000256982,ENSG00000129910,ENSG00000185324,ENSG00000167526,ENSG00000261692,ENSG00000284585,ENSG00000222019,ENSG00000258839,ENSG00000260617,ENSG00000141013,ENSG00000259006,ENSG00000131165,ENSG00000158545,ENSG00000141012,ENSG00000259877,ENSG00000103335,ENSG00000158805,ENSG00000258947,ENSG00000260630,ENSG00000167522,ENSG00000205015,ENSG00000124391,ENSG00000129993,ENSG00000204991,ENSG00000225614,ENSG00000179588,ENSG00000259881,ENSG00000197912,ENSG00000015413,ENSG00000223959,ENSG00000261253,ENSG00000198931,ENSG00000222359,ENSG00000141002,ENSG00000170100,ENSG00000260279,ENSG00000167513,ENSG00000187741,ENSG00000051523,ENSG00000167523,ENSG00000278341,ENSG00000260507,ENSG00000177946,ENSG00000261118,ENSG00000205022,ENSG00000263456,ENSG00000252887,ENSG00000167515,ENSG00000221819,ENSG00000003249,ENSG00000158792,ENSG00000261373,ENSG00000185669,ENSG00000140995,ENSG00000167508,ENSG00000178773,ENSG00000075399,ENSG00000260259,ENSG00000260923,ENSG00000289151,ENSG00000270832,ENSG00000176715,ENSG00000268218,ENSG00000259989,ENSG00000287351,ENSG00000261172,ENSG00000260528,ENSG00000275734,ENSG00000174177,ENSG00000261744,ENSG00000224888",ENSG00000170100,Liver eQTLs,train
20017022200092196-92196000002916,chr17,"17-10637130-G-A,17-10663685-CT-C,17-10636313-G-A,17-10637282-C-G,17-10632835-T-C,17-10632972-A-G,17-10632975-C-T,17-10632801-C-T,17-10632174-A-G,17-10625361-G-A,17-10612396-A-G,17-10629258-A-G,17-10632535-C-T,17-10614051-AT-A,17-10616583-A-G,17-10636105-G-C,17-10633358-C-T,17-10611116-A-T,17-10611281-A-G,17-10611341-T-C,17-10611429-G-A,17-10611555-A-G,17-10611678-A-G,17-10612397-A-T,17-10612546-C-G,17-10612610-G-A,17-10612724-G-A,17-10613209-A-C,17-10613398-CTGTT-C,17-10613612-T-C,17-10614442-A-G,17-10614673-G-A,17-10614867-C-T,17-10614869-G-T,17-10615469-C-G,17-10615469-C-G,17-10615644-G-A,17-10615653-C-T,17-10615687-C-T,17-10615912-G-A,17-10616262-A-C,17-10616416-C-T,17-10616542-C-T,17-10616766-G-C,17-10616766-G-C,17-10616910-T-C,17-10617234-G-A,17-10617281-A-G,17-10617664-C-T,17-10617730-A-G,17-10617803-G-T,17-10619192-C-T,17-10619317-T-TGATA,17-10619360-AC-A,17-10619377-T-C,17-10621429-G-A,17-10623581-T-C,17-10624390-A-G,17-10627089-ATAC-A,17-10628924-C-T,17-10629969-A-G,17-10634494-G-GT,17-10631555-C-A,17-10632499-G-A,17-10632088-A-G,17-10632692-G-T,17-10616587-CA-C,17-10625283-T-TG,17-10633932-CA-C,17-10633946-T-A,17-10633993-G-T,17-10630510-T-TG,17-10631631-C-CT,17-10605468-T-C,17-10624900-C-T,17-10625115-C-CA,17-10635724-G-A,17-10610022-A-G,17-10619583-T-A,17-10620515-T-C,17-10622100-G-A,17-10622608-A-G,17-10623763-T-C,17-10624351-G-A,17-10624389-T-C,17-10624862-T-C,17-10625371-A-G,17-10626042-G-C,17-10630523-G-A,17-10610865-AG-A,17-10615351-A-G,17-10619960-G-T,17-10622305-G-A,17-10622486-CTAATAAG-C,17-10622746-G-A,17-10622777-A-G,17-10623253-G-A,17-10623451-T-C,17-10624580-C-T,17-10625647-G-A,17-10628207-C-G,17-10629759-C-T,17-10606868-CAAAT-C,17-10625032-A-G,17-10633181-A-G,17-10659682-C-T,17-10659308-C-CTCTT,17-10618227-G-A,17-10625334-C-G,17-10610213-A-G,17-10594879-G-A,17-10620801-G-T,17-10616470-T-C,17-10617314-T-C,17-10596713-C-T,17-10618220-T-C,17-10605375-A-C,17-10576424-G-A,17-10597057-T-C,17-10602967-G-A,17-10603421-A-G,17-10601321-C-A,17-10599294-A-C,17-10599304-T-C,17-10583173-G-A,17-10575551-T-G,17-10578976-A-T,17-10579622-A-G,17-10582000-T-C,17-10583589-T-C,17-10587178-C-T,17-10588359-A-G,17-10591417-T-G,17-10591573-C-T,17-10592874-T-C,17-10594451-C-T,17-10594788-G-A,17-10595024-C-T,17-10598634-T-G,17-10578034-G-C,17-10579404-T-A,17-10578792-T-C,17-10581938-G-C,17-10583714-G-C,17-10586023-T-C,17-10576264-T-A,17-10576357-T-G","ENSG00000170222,ENSG00000263429,ENSG00000109061,ENSG00000109063,ENSG00000007237,ENSG00000065325,ENSG00000125414","ENSG00000282882,ENSG00000273388,ENSG00000263388,ENSG00000109061,ENSG00000285541,ENSG00000207242,ENSG00000265593,ENSG00000272736,ENSG00000243346,ENSG00000214970,ENSG00000007237,ENSG00000283025,ENSG00000264424,ENSG00000133020,ENSG00000279542,ENSG00000065325,ENSG00000125414,ENSG00000264727,ENSG00000006788,ENSG00000264067,ENSG00000262296,ENSG00000170222,ENSG00000263429,ENSG00000214978,ENSG00000244753,ENSG00000109063",ENSG00000170222,Liver eQTLs,train
20017024800092196-92196000005241,chr3,"3-33865612-G-A,3-33857055-G-T,3-33859855-T-C,3-33860133-T-C,3-33863235-C-T,3-33866114-G-A,3-33884157-T-A,3-33841065-A-G,3-33904933-T-C,3-33840114-T-C,3-33882134-G-T,3-33898032-T-C,3-33909048-G-C,3-33859538-A-G,3-33885950-G-A,3-33856441-C-T,3-33856338-T-TA,3-33856075-GTATAT-G,3-33902639-AT-A,3-33877626-G-A,3-33878402-T-A,3-33844021-A-G,3-33839731-C-CCCTGTGCATTCCGTA,3-33840742-C-T,3-33843497-G-A,3-33843775-G-A,3-33844292-G-A,3-33844301-A-C,3-33846202-A-C,3-33846567-G-T,3-33846698-G-A,3-33847272-G-A,3-33847285-A-G,3-33847775-A-G,3-33848798-G-A,3-33849090-A-G,3-33849092-C-T,3-33849939-G-A,3-33850279-A-C,3-33851712-A-G,3-33852500-C-T,3-33853048-A-G,3-33853747-C-T,3-33854784-G-A,3-33858297-C-A,3-33860809-T-C,3-33860812-A-G,3-33861511-T-C,3-33863683-A-T,3-33863723-A-G,3-33865058-G-A,3-33866868-A-G,3-33866929-G-T,3-33871672-G-C,3-33872720-C-T,3-33872984-A-G,3-33873291-G-C,3-33876310-G-A,3-33879498-G-A,3-33880067-T-TGGG,3-33881340-G-A,3-33881433-G-C,3-33882544-G-A,3-33882606-G-A,3-33883079-C-T,3-33884691-T-C,3-33884847-A-G,3-33884916-CTTT-C,3-33886133-C-T,3-33887102-A-G,3-33889002-G-GGTT,3-33889499-C-G,3-33891018-C-CA,3-33891102-T-C,3-33891843-GA-G,3-33892770-G-A,3-33893054-A-C,3-33894609-G-A,3-33895391-A-G,3-33896393-G-A,3-33897341-G-A,3-33897496-C-T,3-33897898-A-G,3-33897964-TAGAG-T,3-33899154-A-G,3-33900679-A-G,3-33900980-G-A,3-33901302-C-T,3-33901949-G-A,3-33902079-T-G,3-33902354-G-A,3-33902722-C-T,3-33904548-G-A,3-33905781-A-G,3-33907945-A-G,3-33880574-C-T,3-33843113-T-TCAAAA,3-33892372-C-G,3-33911635-C-G,3-33911932-A-G,3-33841422-C-G,3-33842253-A-T,3-33845753-C-T,3-33848239-C-G,3-33857813-A-G,3-33858676-G-A,3-33861076-A-C,3-33862696-C-T,3-33863705-G-C,3-33865677-C-T,3-33866282-C-G,3-33869679-A-G,3-33872787-G-C,3-33878586-A-G,3-33879602-CTA-C,3-33900651-A-G,3-33907333-G-C,3-33911416-T-C,3-33909611-C-T,3-33912325-A-G","ENSG00000170275,ENSG00000173705,ENSG00000153558,ENSG00000183813,ENSG00000188167,ENSG00000163539,ENSG00000153560,ENSG00000170248,ENSG00000170266","ENSG00000170248,ENSG00000236452,ENSG00000287641,ENSG00000287981,ENSG00000235424,ENSG00000163539,ENSG00000289460,ENSG00000227707,ENSG00000202175,ENSG00000227498,ENSG00000188167,ENSG00000252700,ENSG00000223899,ENSG00000238008,ENSG00000275090,ENSG00000173705,ENSG00000228112,ENSG00000230119,ENSG00000226320,ENSG00000183813,ENSG00000153558,ENSG00000170266,ENSG00000170275,ENSG00000153560",ENSG00000170248,Liver eQTLs,train
20017042500092196-92196000002934,chr17,"17-15873275-T-C,17-15875935-A-G,17-15884561-C-T,17-15884631-C-T,17-15877374-GA-G,17-15883967-T-C,17-15888589-G-A,17-15893491-G-A,17-15899871-C-T,17-15886583-C-T,17-15906646-C-T,17-15906912-G-A,17-15891980-A-T,17-15905190-A-G,17-15903602-C-A,17-15896591-T-C,17-15896772-C-T,17-15884792-G-A,17-15884792-G-A,17-15884792-G-A,17-15910286-A-G,17-15921419-G-A,17-15950198-G-A,17-15944208-A-T,17-15887010-C-T,17-15949133-T-A,17-15990013-T-C,17-15955491-T-A,17-15956140-G-T,17-15888448-T-C,17-15893561-CA-C,17-15927604-CTTTTTTTTCT-C,17-15882922-A-G,17-15921168-G-GT,17-15925734-A-G,17-15926033-T-C,17-15936270-A-G,17-15952588-C-A,17-15925401-G-GGGTTGT,17-15929467-A-AT,17-15951471-C-T,17-15954906-T-C,17-15921569-T-TG,17-15958402-A-G,17-15899241-C-G,17-15977132-T-C,17-15984528-G-GT,17-15959412-GCTT-G,17-15959714-C-T,17-15978404-G-C,17-15960190-A-G,17-15883085-T-C,17-15993327-G-A,17-15882984-A-AC,17-15879334-G-T,17-15928885-A-G,17-15880849-TA-T,17-15965696-AAAAC-A,17-15879303-T-C,17-15973844-A-T,17-15976558-T-G,17-15991560-G-C,17-15968549-A-C,17-15972081-G-A,17-15977005-A-T,17-15994554-G-A,17-15885968-T-A,17-15879344-T-C,17-15881151-C-G,17-15881728-A-G,17-15881740-T-C,17-15881816-C-G,17-15876655-T-C,17-15876655-T-C,17-16030520-T-C,17-15870608-TCTCA-T,17-15870401-T-A,17-16030490-T-C,17-15951008-TA-T,17-15930087-G-A,17-15984544-C-T,17-15937487-C-A,17-16035225-A-T,17-15941749-CT-C,17-15938690-G-A,17-16010920-A-G,17-16013054-A-ATTTTTCTT,17-16041306-C-A,17-15932071-C-CTT,17-15932820-G-C,17-15936966-G-GTTTTA,17-15942145-T-C,17-15943144-A-G,17-15943331-G-C,17-15952941-C-G,17-15945474-C-CAAAG,17-15945613-G-GTCAT,17-16030777-G-A,17-15884227-A-G,17-16005187-T-C,17-15958014-T-C,17-15948963-C-T,17-15949099-C-T,17-15945946-A-G,17-15932627-T-C,17-15962121-A-G,17-15962151-A-G,17-15961951-A-G,17-15981874-T-C,17-15977869-T-G,17-15995762-C-T,17-16041777-C-T,17-15948430-A-G,17-15954048-T-TA,17-15955009-G-T,17-15958774-C-T,17-15947217-T-C,17-15958185-A-G,17-15961993-T-A,17-15871208-C-T,17-16097144-T-C,17-15879910-C-T,17-16014865-A-G,17-16046845-A-T,17-16064716-A-G,17-16083666-A-G,17-16100561-A-G,17-15968673-G-A,17-15994888-C-T,17-16030683-G-A,17-16010759-A-G,17-16012494-A-T,17-16025670-A-G,17-16041636-T-C,17-16017072-C-T,17-16023587-T-C,17-16041792-A-G,17-15970682-C-T,17-15909728-A-G,17-15943910-T-C,17-15977043-C-T,17-15994864-T-TCTCA,17-16004259-A-G,17-16101671-CAA-C,17-16077116-T-A,17-16078836-C-T,17-16083586-C-T,17-16088135-T-C,17-16094155-G-C,17-16097602-T-TAAG,17-15883809-C-T,17-15875147-G-A,17-15887789-A-G,17-15888308-A-C,17-15888579-A-T,17-15893129-G-A,17-15894789-C-T,17-15895672-A-T,17-15898987-C-A,17-15911105-T-G,17-15888533-A-G,17-15891010-T-C,17-15898688-T-C,17-16020032-C-CAGA,17-16033443-C-A,17-16037626-C-A,17-16049042-T-C,17-16051444-C-T,17-16065477-G-A,17-16072953-TA-T,17-16073871-C-G,17-16075901-A-T,17-16076998-G-C,17-16083684-C-T,17-16086407-T-A,17-16087469-T-C,17-16087469-T-C,17-16091170-T-C,17-16092929-C-T,17-16097430-C-T,17-15891219-T-C,17-15921071-A-G,17-15965863-T-G,17-15895247-G-T,17-15915072-A-G,17-15892441-A-T,17-15906391-C-T,17-16085830-A-G,17-15913440-T-C,17-16080849-A-G,17-15927223-C-A,17-15923709-C-T,17-15942085-C-G,17-15954692-A-G,17-15968143-T-C,17-15991568-T-C,17-15889393-C-CTT,17-15918222-G-A,17-15924370-A-G,17-15888617-TA-T,17-15986670-CA-C,17-16030693-A-G,17-15998837-A-G,17-15999081-T-C,17-16091694-A-G,17-16097136-G-T,17-16006827-A-G","ENSG00000197566,ENSG00000276855,ENSG00000188933,ENSG00000241322,ENSG00000227300,ENSG00000221926,ENSG00000240505,ENSG00000170160,ENSG00000283033,ENSG00000170315,ENSG00000275413,ENSG00000187688,ENSG00000239704,ENSG00000175106,ENSG00000187607,ENSG00000266651,ENSG00000108474,ENSG00000170425,ENSG00000109099,ENSG00000265519,ENSG00000288235,ENSG00000265095,ENSG00000181350,ENSG00000179277,ENSG00000223878,ENSG00000141040,ENSG00000235554,ENSG00000128438,ENSG00000125409,ENSG00000166582,ENSG00000175061,ENSG00000227782,ENSG00000205312","ENSG00000232058,ENSG00000265163,ENSG00000266129,ENSG00000264729,ENSG00000125409,ENSG00000237057,ENSG00000279567,ENSG00000108474,ENSG00000288235,ENSG00000175061,ENSG00000170315,ENSG00000197566,ENSG00000221926,ENSG00000170160,ENSG00000264892,ENSG00000170425,ENSG00000199674,ENSG00000276855,ENSG00000227300,ENSG00000221355,ENSG00000265095,ENSG00000252446,ENSG00000223878,ENSG00000233979,ENSG00000264765,ENSG00000259944,ENSG00000252129,ENSG00000181350,ENSG00000237377,ENSG00000227255,ENSG00000179277,ENSG00000275413,ENSG00000251829,ENSG00000188933,ENSG00000264739,ENSG00000239221,ENSG00000166582,ENSG00000240505,ENSG00000108452,ENSG00000233193,ENSG00000128438,ENSG00000266667,ENSG00000266651,ENSG00000264673,ENSG00000266803,ENSG00000265519,ENSG00000286792,ENSG00000187688,ENSG00000227018,ENSG00000252383,ENSG00000205312,ENSG00000276088,ENSG00000141040,ENSG00000229749,ENSG00000286743,ENSG00000175106,ENSG00000283033,ENSG00000187607,ENSG00000241322,ENSG00000239704,ENSG00000235430,ENSG00000266538,ENSG00000233002,ENSG00000233090,ENSG00000235554,ENSG00000109099,ENSG00000265110,ENSG00000226156,ENSG00000131885,ENSG00000279660,ENSG00000267227,ENSG00000265445,ENSG00000227790,ENSG00000227782,ENSG00000231458,ENSG00000264359,ENSG00000287307,ENSG00000239888",ENSG00000170425,Liver eQTLs,train
20017043000092196-92196000000795,chr10,"10-131445731-T-C,10-131445027-G-A","ENSG00000108010,ENSG00000283141,ENSG00000275005,ENSG00000108001,ENSG00000237489,ENSG00000237224,ENSG00000277218,ENSG00000233122,ENSG00000170430","ENSG00000108001,ENSG00000235010,ENSG00000285529,ENSG00000275005,ENSG00000170430,ENSG00000230098,ENSG00000283141,ENSG00000231705,ENSG00000277218,ENSG00000108010,ENSG00000280446,ENSG00000222997,ENSG00000234311,ENSG00000283095,ENSG00000286295,ENSG00000233122,ENSG00000237489,ENSG00000180066,ENSG00000189275,ENSG00000237224,ENSG00000264803",ENSG00000170430,Liver eQTLs,train
20017058100092196-92196000001738,chr12,"12-56689535-G-A,12-56689535-G-A,12-56747744-C-T,12-56723719-T-C,12-56673561-C-CA,12-56667894-C-T,12-56688237-G-A,12-56627300-A-G,12-56627619-A-G,12-56627652-A-C,12-56630067-C-T,12-56630764-G-A,12-56634639-G-C,12-56636975-C-G,12-56638077-T-C,12-56638267-T-C,12-56640341-G-A,12-56643684-C-T,12-56644251-C-T,12-56644886-A-G,12-56646213-A-C,12-56647243-C-T,12-56648777-C-T,12-56653294-G-A,12-56653560-A-G,12-56653641-T-TGAG,12-56653914-G-C,12-56656265-G-A,12-56657216-A-C,12-56657888-A-G,12-56658708-C-T,12-56659320-C-T,12-56660905-G-T,12-56664231-C-T,12-56667100-A-G,12-56667298-T-C,12-56671147-G-A,12-56671210-C-G,12-56672106-T-A,12-56676817-CT-C,12-56677261-G-A,12-56677979-T-A,12-56678335-T-C,12-56679751-A-G,12-56679971-A-G,12-56680531-T-C,12-56680636-A-G,12-56683975-C-T,12-56684657-CA-C,12-56684798-C-T,12-56686997-C-T,12-56687459-T-C,12-56687572-G-T,12-56690662-G-A,12-56693520-C-A,12-56694817-A-G,12-56695460-G-GT,12-56695954-C-T,12-56696056-A-G,12-56696742-T-C,12-56698203-T-TC,12-56698960-G-A,12-56699993-A-C,12-56701379-G-C,12-56702012-C-A,12-56706421-T-C,12-56706922-A-C,12-56708576-G-A,12-56715584-G-A,12-56717805-G-A,12-56718422-T-C,12-56719450-G-A,12-56723586-A-G,12-56724333-C-T,12-56725121-A-G,12-56725981-GA-G,12-56726340-C-T,12-56726349-A-G,12-56727705-G-A,12-56728137-T-C,12-56729739-A-G,12-56730427-T-TA,12-56733531-G-A,12-56735990-G-T,12-56739557-A-G,12-56739857-GCC-G,12-56740013-GAGA-G,12-56740682-C-G,12-56741228-G-A,12-56744422-G-A,12-56744445-T-C,12-56745788-T-C,12-56746558-C-T,12-56750204-C-T,12-56750737-C-T,12-56750872-G-C,12-56752154-C-T,12-56752874-A-G,12-56753822-C-A,12-56667604-T-C,12-56696545-T-G,12-56738816-GC-G,12-56635080-G-C,12-56623347-C-T,12-56706178-AT-A,12-56640886-C-T,12-56647911-G-C,12-56649601-A-G,12-56674766-G-A,12-56682371-C-T,12-56684496-TAGGAA-T,12-56694261-C-A,12-56697110-G-A,12-56700809-G-A,12-56701872-T-C,12-56717466-C-T,12-56722830-C-T,12-56726518-G-A,12-56728000-G-A,12-56728258-GA-G,12-56737973-A-G,12-56702176-C-T,12-56743367-T-C,12-56744276-C-G,12-56739261-A-G,12-56682601-TA-T,12-56628378-C-T,12-56670986-TA-T,12-56697318-C-T,12-56697319-C-T,12-56689725-G-C,12-56731077-C-G,12-56754371-TTA-T,12-56625693-C-A,12-56699623-A-G","ENSG00000205323,ENSG00000257740,ENSG00000276727,ENSG00000111540,ENSG00000111602,ENSG00000110958,ENSG00000185633,ENSG00000185482,ENSG00000135423,ENSG00000135437,ENSG00000062485,ENSG00000182796,ENSG00000258056,ENSG00000198056,ENSG00000065357,ENSG00000123374,ENSG00000196531,ENSG00000139547,ENSG00000181852,ENSG00000166866,ENSG00000166860,ENSG00000259125,ENSG00000123342,ENSG00000135392,ENSG00000139613,ENSG00000258317,ENSG00000135441,ENSG00000076067,ENSG00000170473,ENSG00000176422,ENSG00000139540,ENSG00000123411,ENSG00000139531,ENSG00000135482,ENSG00000257727,ENSG00000170515,ENSG00000092841,ENSG00000182199,ENSG00000170581,ENSG00000025423,ENSG00000258679,ENSG00000123384,ENSG00000135414,ENSG00000241217,ENSG00000196465,ENSG00000170426,ENSG00000257509,ENSG00000276272,ENSG00000179899,ENSG00000273890,ENSG00000166856,ENSG00000258260,ENSG00000135424,ENSG00000076108,ENSG00000135404,ENSG00000237493,ENSG00000139645,ENSG00000229117,ENSG00000135469,ENSG00000166888,ENSG00000065361,ENSG00000123353,ENSG00000139579,ENSG00000139641,ENSG00000257576,ENSG00000110955,ENSG00000166863,ENSG00000166886,ENSG00000175336,ENSG00000166881,ENSG00000182379,ENSG00000135473,ENSG00000185664","ENSG00000258679,ENSG00000185664,ENSG00000181852,ENSG00000257449,ENSG00000139540,ENSG00000257727,ENSG00000257509,ENSG00000257576,ENSG00000139641,ENSG00000123411,ENSG00000135469,ENSG00000182796,ENSG00000166856,ENSG00000175336,ENSG00000170515,ENSG00000139645,ENSG00000182379,ENSG00000242990,ENSG00000257740,ENSG00000258056,ENSG00000139531,ENSG00000257809,ENSG00000065361,ENSG00000139547,ENSG00000062485,ENSG00000123342,ENSG00000076067,ENSG00000123353,ENSG00000110955,ENSG00000201198,ENSG00000257384,ENSG00000241217,ENSG00000166881,ENSG00000198056,ENSG00000111540,ENSG00000259125,ENSG00000258260,ENSG00000179899,ENSG00000139613,ENSG00000259099,ENSG00000278400,ENSG00000123374,ENSG00000166860,ENSG00000176422,ENSG00000111602,ENSG00000185633,ENSG00000258317,ENSG00000207031,ENSG00000135441,ENSG00000092841,ENSG00000166863,ENSG00000229117,ENSG00000182199,ENSG00000166888,ENSG00000025423,ENSG00000221365,ENSG00000076108,ENSG00000258345,ENSG00000205323,ENSG00000135404,ENSG00000212383,ENSG00000170473,ENSG00000196531,ENSG00000274823,ENSG00000135392,ENSG00000065357,ENSG00000166886,ENSG00000201579,ENSG00000276272,ENSG00000170581,ENSG00000284152,ENSG00000237493,ENSG00000166866,ENSG00000139579,ENSG00000258816,ENSG00000273890,ENSG00000135437,ENSG00000273536,ENSG00000257569,ENSG00000135423,ENSG00000135424,ENSG00000135482,ENSG00000135414,ENSG00000252206,ENSG00000110958,ENSG00000276727,ENSG00000170426,ENSG00000185482,ENSG00000135473,ENSG00000123384,ENSG00000196465",ENSG00000170581,Liver eQTLs,train
20017063800092196-92196000004966,chr22,"22-50644480-T-C,22-50642777-C-T,22-50642793-C-G,22-50639965-C-A,22-50639473-T-C,22-50639528-T-C,22-50640646-A-AAAACAATACCCAC,22-50640646-A-AAAACAATACCCAC,22-50643629-G-A,22-50638953-A-G,22-50639778-T-C,22-50639636-C-G,22-50639367-A-C","ENSG00000100258,ENSG00000100312,ENSG00000279345,ENSG00000073146,ENSG00000273192,ENSG00000025770,ENSG00000278869,ENSG00000205560,ENSG00000251322,ENSG00000184319,ENSG00000177989,ENSG00000100239,ENSG00000279182,ENSG00000100427,ENSG00000128159,ENSG00000217442,ENSG00000286393,ENSG00000128165,ENSG00000273188,ENSG00000272666,ENSG00000285722,ENSG00000079974,ENSG00000273272,ENSG00000100426,ENSG00000225929,ENSG00000235111,ENSG00000100288,ENSG00000100241,ENSG00000184164,ENSG00000073150,ENSG00000272836,ENSG00000025708,ENSG00000100299,ENSG00000130487,ENSG00000182858,ENSG00000284194,ENSG00000008735,ENSG00000205559,ENSG00000196576,ENSG00000185386,ENSG00000170638,ENSG00000289244,ENSG00000273253,ENSG00000100253,ENSG00000188511,ENSG00000205593,ENSG00000100425,ENSG00000198355","ENSG00000182858,ENSG00000188511,ENSG00000073146,ENSG00000185386,ENSG00000205559,ENSG00000100425,ENSG00000272666,ENSG00000251322,ENSG00000170638,ENSG00000225929,ENSG00000100253,ENSG00000288871,ENSG00000279182,ENSG00000128159,ENSG00000025770,ENSG00000226954,ENSG00000177989,ENSG00000214727,ENSG00000196576,ENSG00000100241,ENSG00000285722,ENSG00000273253,ENSG00000277771,ENSG00000284194,ENSG00000008735,ENSG00000289244,ENSG00000286393,ENSG00000272836,ENSG00000279345,ENSG00000198355,ENSG00000286508,ENSG00000184319,ENSG00000100239,ENSG00000100258,ENSG00000276753,ENSG00000273188,ENSG00000205560,ENSG00000278869,ENSG00000100288,ENSG00000100427,ENSG00000073150,ENSG00000184164,ENSG00000273272,ENSG00000100312,ENSG00000229409,ENSG00000025708,ENSG00000100299,ENSG00000130487,ENSG00000254499,ENSG00000128165,ENSG00000227484,ENSG00000235111,ENSG00000280395,ENSG00000138892,ENSG00000079974,ENSG00000212569,ENSG00000205593,ENSG00000217442,ENSG00000273192,ENSG00000223142,ENSG00000188263,ENSG00000100426",ENSG00000170638,Liver eQTLs,train
20017074500092196-92196000004092,chr2,"2-18074193-G-A,2-18075029-T-C,2-18075158-G-A,2-18063035-G-T,2-18063457-G-A,2-18067855-T-C,2-18070109-G-T,2-18072301-C-T,2-18072528-G-A,2-18074107-G-A,2-18075864-C-T,2-18071642-C-G,2-18051481-T-G,2-18068392-A-G,2-18080690-CATCT-C","ENSG00000170745,ENSG00000240857,ENSG00000163029,ENSG00000178295,ENSG00000260331,ENSG00000185013,ENSG00000163032,ENSG00000214842","ENSG00000178295,ENSG00000185013,ENSG00000214843,ENSG00000151379,ENSG00000236348,ENSG00000222842,ENSG00000224626,ENSG00000163032,ENSG00000287284,ENSG00000170745,ENSG00000163029,ENSG00000260331,ENSG00000214842,ENSG00000212455,ENSG00000207170,ENSG00000287849,ENSG00000240857,ENSG00000287881",ENSG00000170745,Liver eQTLs,train
20017084600092196-92196000005585,chr4,"4-6670315-C-T,4-6675421-C-T,4-6672514-G-A,4-6676524-G-A,4-6674606-C-T,4-6669421-T-C,4-6669749-G-A,4-6673300-G-A,4-6665938-G-A,4-6676485-G-A,4-6679791-G-GT,4-6677063-G-A,4-6654964-C-G,4-6655098-G-GGTTTT","ENSG00000072832,ENSG00000286176,ENSG00000013288,ENSG00000287104,ENSG00000173011,ENSG00000163993,ENSG00000173013,ENSG00000170871,ENSG00000245468,ENSG00000186222,ENSG00000173040,ENSG00000170846,ENSG00000184985,ENSG00000109519,ENSG00000178988,ENSG00000132405,ENSG00000072840,ENSG00000109501,ENSG00000246526,ENSG00000179010","ENSG00000186222,ENSG00000246526,ENSG00000013288,ENSG00000202392,ENSG00000200867,ENSG00000287104,ENSG00000072840,ENSG00000072832,ENSG00000249896,ENSG00000263631,ENSG00000170846,ENSG00000173013,ENSG00000287786,ENSG00000251408,ENSG00000287331,ENSG00000288588,ENSG00000109501,ENSG00000279859,ENSG00000266690,ENSG00000173011,ENSG00000289414,ENSG00000178988,ENSG00000286176,ENSG00000109519,ENSG00000173040,ENSG00000132405,ENSG00000184985,ENSG00000245468,ENSG00000264658,ENSG00000179010,ENSG00000163993,ENSG00000170871",ENSG00000170846,Liver eQTLs,train
20017089900092196-92196000006414,chr6,"6-52777607-C-T,6-52779858-T-C,6-52780390-A-G,6-52780448-A-G,6-52781278-T-C,6-52781301-A-G,6-52782114-A-G,6-52783423-G-C,6-52783763-G-T,6-52800153-T-G,6-52800648-A-T,6-52801687-C-T,6-52766983-T-C","ENSG00000249379,ENSG00000096093,ENSG00000217228,ENSG00000271367,ENSG00000242865,ENSG00000231683,ENSG00000170915,ENSG00000065308,ENSG00000220377,ENSG00000124743,ENSG00000235899,ENSG00000112144,ENSG00000112146,ENSG00000012660,ENSG00000096092,ENSG00000216775,ENSG00000137269,ENSG00000170927,ENSG00000170899,ENSG00000225791,ENSG00000001084,ENSG00000112118,ENSG00000182793,ENSG00000244067,ENSG00000243955","ENSG00000253010,ENSG00000243236,ENSG00000219074,ENSG00000244067,ENSG00000170927,ENSG00000242865,ENSG00000230375,ENSG00000217527,ENSG00000225613,ENSG00000249379,ENSG00000170899,ENSG00000001084,ENSG00000096093,ENSG00000223622,ENSG00000220377,ENSG00000289276,ENSG00000230845,ENSG00000235899,ENSG00000065308,ENSG00000112144,ENSG00000207604,ENSG00000112118,ENSG00000218049,ENSG00000271338,ENSG00000174156,ENSG00000219163,ENSG00000012660,ENSG00000225791,ENSG00000096092,ENSG00000199080,ENSG00000240641,ENSG00000112146,ENSG00000182793,ENSG00000271227,ENSG00000218713,ENSG00000264056,ENSG00000217228,ENSG00000218363,ENSG00000271373,ENSG00000253026,ENSG00000271367,ENSG00000261745,ENSG00000288014,ENSG00000170915,ENSG00000112116,ENSG00000270382,ENSG00000218261,ENSG00000219863,ENSG00000112115,ENSG00000124743,ENSG00000137269,ENSG00000243955,ENSG00000206908,ENSG00000216775,ENSG00000231683,ENSG00000202198",ENSG00000170899,Liver eQTLs,train
20017090600092196-92196000003808,chr19,"19-54611734-A-G,19-54621282-T-C,19-54627915-C-T,19-54628075-G-A,19-54628964-C-G,19-54629209-C-T,19-54634830-C-T,19-54604319-A-G,19-54603648-G-A,19-54603173-A-G","ENSG00000187116,ENSG00000131042,ENSG00000142405,ENSG00000130844,ENSG00000170906,ENSG00000269001,ENSG00000160439,ENSG00000088053,ENSG00000197937,ENSG00000170889,ENSG00000235081,ENSG00000167613,ENSG00000131037,ENSG00000221957,ENSG00000239998,ENSG00000243772,ENSG00000105609,ENSG00000170892,ENSG00000170954,ENSG00000213777,ENSG00000198346,ENSG00000105618,ENSG00000244482,ENSG00000167614,ENSG00000104972,ENSG00000197497,ENSG00000250731,ENSG00000189068,ENSG00000160336,ENSG00000287608,ENSG00000204577,ENSG00000267809,ENSG00000196417,ENSG00000167615,ENSG00000241015,ENSG00000237017,ENSG00000105619,ENSG00000239961,ENSG00000167617,ENSG00000226696,ENSG00000267265,ENSG00000125505,ENSG00000186818,ENSG00000197928,ENSG00000235681,ENSG00000240403,ENSG00000167608,ENSG00000105617,ENSG00000275183,ENSG00000189013,ENSG00000267838,ENSG00000189430,ENSG00000179820,ENSG00000022556,ENSG00000167633,ENSG00000088038,ENSG00000125498,ENSG00000213799,ENSG00000203326,ENSG00000170909,ENSG00000104974,ENSG00000186431","ENSG00000197928,ENSG00000207549,ENSG00000105619,ENSG00000203326,ENSG00000170954,ENSG00000207810,ENSG00000213799,ENSG00000275863,ENSG00000276758,ENSG00000269001,ENSG00000167633,ENSG00000196417,ENSG00000252979,ENSG00000234436,ENSG00000250731,ENSG00000240296,ENSG00000207734,ENSG00000207799,ENSG00000239961,ENSG00000187116,ENSG00000240403,ENSG00000167614,ENSG00000269877,ENSG00000207987,ENSG00000207711,ENSG00000226696,ENSG00000269608,ENSG00000242668,ENSG00000207788,ENSG00000278264,ENSG00000267577,ENSG00000252191,ENSG00000207615,ENSG00000270347,ENSG00000269859,ENSG00000221548,ENSG00000207580,ENSG00000250507,ENSG00000207767,ENSG00000221421,ENSG00000276831,ENSG00000264703,ENSG00000207599,ENSG00000170889,ENSG00000283567,ENSG00000240197,ENSG00000179820,ENSG00000237589,ENSG00000225370,ENSG00000207645,ENSG00000212314,ENSG00000283330,ENSG00000207594,ENSG00000278328,ENSG00000267265,ENSG00000211532,ENSG00000242856,ENSG00000252734,ENSG00000207838,ENSG00000207634,ENSG00000186152,ENSG00000104972,ENSG00000088038,ENSG00000267507,ENSG00000207644,ENSG00000207825,ENSG00000189430,ENSG00000131037,ENSG00000207992,ENSG00000207862,ENSG00000287608,ENSG00000170892,ENSG00000283685,ENSG00000104974,ENSG00000207735,ENSG00000167615,ENSG00000244482,ENSG00000283540,ENSG00000131042,ENSG00000207981,ENSG00000248385,ENSG00000189068,ENSG00000283490,ENSG00000207869,ENSG00000207837,ENSG00000213777,ENSG00000125505,ENSG00000277636,ENSG00000276206,ENSG00000207979,ENSG00000237017,ENSG00000267809,ENSG00000252025,ENSG00000269275,ENSG00000238094,ENSG00000207946,ENSG00000283289,ENSG00000224730,ENSG00000105617,ENSG00000239137,ENSG00000167613,ENSG00000283455,ENSG00000223660,ENSG00000269842,ENSG00000237955,ENSG00000275012,ENSG00000125498,ENSG00000237323,ENSG00000239998,ENSG00000279063,ENSG00000170909,ENSG00000142405,ENSG00000221017,ENSG00000241015,ENSG00000207803,ENSG00000228323,ENSG00000197937,ENSG00000105618,ENSG00000167617,ENSG00000227407,ENSG00000204577,ENSG00000186431,ENSG00000249654,ENSG00000235681,ENSG00000228790,ENSG00000160336,ENSG00000249189,ENSG00000186818,ENSG00000275519,ENSG00000224579,ENSG00000105609,ENSG00000022556,ENSG00000229000,ENSG00000269564,ENSG00000252063,ENSG00000207699,ENSG00000197497,ENSG00000235181,ENSG00000160439,ENSG00000235081,ENSG00000199143,ENSG00000207706,ENSG00000207925,ENSG00000170906,ENSG00000130844,ENSG00000204595,ENSG00000243494,ENSG00000199308,ENSG00000200393,ENSG00000264257,ENSG00000207861,ENSG00000207722,ENSG00000207620,ENSG00000207629,ENSG00000088053,ENSG00000167608,ENSG00000267838,ENSG00000189013,ENSG00000221957,ENSG00000170858,ENSG00000213016,ENSG00000242019,ENSG00000198346,ENSG00000251431,ENSG00000275183,ENSG00000207616,ENSG00000243772,ENSG00000160472,ENSG00000251843,ENSG00000207738",ENSG00000170906,Liver eQTLs,train
20017105500092196-92196000004268,chr2,"2-36821087-C-G,2-36829758-A-G,2-36830048-C-G,2-36830048-C-G,2-36826209-A-G,2-36827875-G-C,2-36827881-A-G,2-36822687-T-C,2-36822897-C-T,2-36822938-T-A,2-36830606-T-C","ENSG00000008869,ENSG00000115816,ENSG00000003509,ENSG00000152133,ENSG00000218739,ENSG00000260025,ENSG00000236213,ENSG00000115828,ENSG00000171055,ENSG00000055332,ENSG00000115808,ENSG00000115825,ENSG00000289545,ENSG00000272054,ENSG00000150938,ENSG00000287316","ENSG00000236572,ENSG00000272054,ENSG00000233752,ENSG00000152133,ENSG00000236213,ENSG00000218739,ENSG00000224891,ENSG00000003509,ENSG00000252756,ENSG00000008869,ENSG00000115816,ENSG00000115825,ENSG00000289545,ENSG00000115828,ENSG00000150938,ENSG00000287316,ENSG00000055332,ENSG00000253078,ENSG00000207364,ENSG00000138068,ENSG00000171055,ENSG00000260025,ENSG00000233159,ENSG00000115808,ENSG00000273090,ENSG00000285925,ENSG00000270677",ENSG00000171055,Liver eQTLs,train
20017108400092196-92196000005033,chr3,"3-125632289-C-A,3-125632289-C-A,3-125590779-C-T,3-125590779-C-T,3-125633950-C-T,3-125633950-C-T,3-125634473-G-A,3-125634473-G-A,3-125634881-G-C,3-125634881-G-C,3-125635323-G-A,3-125635323-G-A,3-125635655-C-A,3-125635655-C-A,3-125636117-A-G,3-125636117-A-G,3-125636177-T-C,3-125636177-T-C,3-125637416-T-G,3-125637416-T-G,3-125634179-TCTCA-T,3-125634179-TCTCA-T,3-125635718-C-A,3-125635718-C-A,3-125632263-T-C,3-125632263-T-C,3-125632684-A-G,3-125632684-A-G,3-125634825-T-C,3-125634825-T-C,3-125634873-T-C,3-125634873-T-C,3-125635356-G-C,3-125635356-G-C,3-125635541-G-A,3-125635541-G-A,3-125635682-A-G,3-125635682-A-G,3-125636189-A-G,3-125636189-A-G,3-125636595-A-G,3-125636595-A-G,3-125636446-T-C,3-125636446-T-C,3-125633863-C-T,3-125633863-C-T,3-125599074-G-A,3-125599074-G-A,3-125632977-T-C,3-125632977-T-C,3-125631289-C-T,3-125631289-C-T,3-125631326-G-T,3-125631326-G-T,3-125631771-G-A,3-125631771-G-A,3-125599006-C-T,3-125599006-C-T,3-125650439-T-C,3-125650439-T-C,3-125643970-T-C,3-125643970-T-C,3-125644410-G-A,3-125644410-G-A,3-125645528-C-T,3-125645528-C-T,3-125642534-T-G,3-125642534-T-G,3-125642556-A-AC,3-125642556-A-AC,3-125648165-T-C,3-125648165-T-C,3-125648659-A-T,3-125648659-A-T,3-125645128-G-T,3-125645128-G-T,3-125648080-G-A,3-125648080-G-A,3-125648209-C-T,3-125648209-C-T,3-125648283-A-G,3-125648283-A-G,3-125648343-G-A,3-125648343-G-A,3-125649192-T-C,3-125649192-T-C,3-125649243-G-C,3-125649243-G-C,3-125649288-G-A,3-125649288-G-A,3-125649354-G-C,3-125649354-G-C,3-125649403-C-A,3-125649403-C-A,3-125649499-G-C,3-125649499-G-C,3-125649573-T-G,3-125649573-T-G,3-125649676-T-C,3-125649676-T-C,3-125643860-G-A,3-125643860-G-A,3-125650045-A-T,3-125650045-A-T,3-125645086-C-A,3-125645086-C-A,3-125644669-G-A,3-125644669-G-A,3-125646602-G-A,3-125646602-G-A,3-125643995-C-T,3-125643995-C-T,3-125642936-T-C,3-125642936-T-C,3-125639648-T-C,3-125639648-T-C,3-125640396-T-C,3-125640396-T-C,3-125640487-G-A,3-125640487-G-A,3-125641394-T-G,3-125641394-T-G,3-125642101-A-G,3-125642101-A-G,3-125642189-T-A,3-125642189-T-A,3-125642557-G-A,3-125642557-G-A,3-125642587-A-G,3-125642587-A-G,3-125642614-G-A,3-125642614-G-A,3-125642621-C-T,3-125642621-C-T,3-125643719-A-G,3-125643719-A-G,3-125643202-G-A,3-125643202-G-A,3-125646167-A-T,3-125646167-A-T,3-125644882-T-C,3-125644882-T-C,3-125642892-T-TAGAC,3-125642892-T-TAGAC,3-125642901-A-G,3-125642901-A-G,3-125643329-G-A,3-125643329-G-A,3-125649817-C-T,3-125649817-C-T,3-125642929-A-G,3-125642929-A-G,3-125644405-A-G,3-125644405-A-G,3-125644452-C-T,3-125644452-C-T,3-125644731-C-T,3-125644731-C-T,3-125644782-C-T,3-125644782-C-T,3-125644788-C-T,3-125644788-C-T,3-125645616-C-T,3-125645616-C-T,3-125646187-G-A,3-125646187-G-A,3-125646236-G-A,3-125646236-G-A,3-125646241-T-C,3-125646241-T-C,3-125646281-A-C,3-125646281-A-C,3-125646417-C-T,3-125646417-C-T,3-125646486-A-G,3-125646486-A-G,3-125646857-A-G,3-125646857-A-G,3-125647092-T-C,3-125647092-T-C,3-125647124-C-T,3-125647124-C-T,3-125647341-A-G,3-125647341-A-G,3-125647486-A-T,3-125647486-A-T,3-125647512-T-G,3-125647512-T-G,3-125647816-A-C,3-125647816-A-C,3-125642350-A-G,3-125642350-A-G,3-125646692-C-G,3-125646692-C-G,3-125643772-G-A,3-125643772-G-A,3-125642330-G-A,3-125642330-G-A,3-125646295-A-G,3-125646295-A-G,3-125644116-T-C,3-125644116-T-C,3-125643847-G-A,3-125643847-G-A,3-125650064-G-C,3-125650064-G-C,3-125651240-A-C,3-125651240-A-C,3-125644009-G-A,3-125644009-G-A","ENSG00000250934,ENSG00000163848,ENSG00000221955,ENSG00000173706,ENSG00000287617,ENSG00000171084,ENSG00000243429,ENSG00000070476,ENSG00000114544,ENSG00000248557,ENSG00000159685,ENSG00000248787,ENSG00000279328,ENSG00000251448,ENSG00000144909,ENSG00000246022,ENSG00000250218,ENSG00000287440,ENSG00000173702,ENSG00000180697,ENSG00000252965,ENSG00000159650,ENSG00000197763,ENSG00000163884,ENSG00000114520,ENSG00000114547,ENSG00000180767,ENSG00000287232,ENSG00000144908","ENSG00000272840,ENSG00000199327,ENSG00000243508,ENSG00000229048,ENSG00000248787,ENSG00000234458,ENSG00000250218,ENSG00000248607,ENSG00000239978,ENSG00000241346,ENSG00000173702,ENSG00000242229,ENSG00000201800,ENSG00000197763,ENSG00000201968,ENSG00000070476,ENSG00000252642,ENSG00000179170,ENSG00000284624,ENSG00000252965,ENSG00000287232,ENSG00000163848,ENSG00000180697,ENSG00000114520,ENSG00000264986,ENSG00000163884,ENSG00000221737,ENSG00000180767,ENSG00000144909,ENSG00000239432,ENSG00000159685,ENSG00000250934,ENSG00000114547,ENSG00000288713,ENSG00000114544,ENSG00000287617,ENSG00000173706,ENSG00000248557,ENSG00000243072,ENSG00000228963,ENSG00000279328,ENSG00000243986,ENSG00000272020,ENSG00000288022,ENSG00000241439,ENSG00000242001,ENSG00000221955,ENSG00000252953,ENSG00000284660,ENSG00000265981,ENSG00000246022,ENSG00000243429,ENSG00000159650,ENSG00000249833,ENSG00000251448,ENSG00000289324,ENSG00000244286,ENSG00000171084,ENSG00000287440,ENSG00000144908",ENSG00000171084,Liver eQTLs,train
20017112400092196-92196000003877,chr19,"19-5866654-A-G,19-5859410-T-C,19-5863419-G-C,19-5863736-T-C,19-5866585-C-T,19-5866816-G-A,19-5858795-T-C","ENSG00000141994,ENSG00000031823,ENSG00000125734,ENSG00000267571,ENSG00000130255,ENSG00000156413,ENSG00000087903,ENSG00000289543,ENSG00000223573,ENSG00000205744,ENSG00000127663,ENSG00000105519,ENSG00000167733,ENSG00000233270,ENSG00000125735,ENSG00000276980,ENSG00000267709,ENSG00000130254,ENSG00000167769,ENSG00000276043,ENSG00000130382,ENSG00000174917,ENSG00000174886,ENSG00000125730,ENSG00000141968,ENSG00000205784,ENSG00000125726,ENSG00000130383,ENSG00000181240,ENSG00000196365,ENSG00000171124,ENSG00000125657,ENSG00000125652,ENSG00000125731,ENSG00000088247,ENSG00000125651,ENSG00000125733,ENSG00000104833,ENSG00000130545,ENSG00000275234,ENSG00000171119,ENSG00000125648,ENSG00000187650,ENSG00000160633,ENSG00000105426,ENSG00000125650,ENSG00000105355,ENSG00000269680,ENSG00000266983,ENSG00000212123","ENSG00000125731,ENSG00000125735,ENSG00000125648,ENSG00000276043,ENSG00000167769,ENSG00000280394,ENSG00000174898,ENSG00000267571,ENSG00000275234,ENSG00000276980,ENSG00000156413,ENSG00000214347,ENSG00000125650,ENSG00000267550,ENSG00000239524,ENSG00000268785,ENSG00000105355,ENSG00000289543,ENSG00000130255,ENSG00000130382,ENSG00000212123,ENSG00000266983,ENSG00000160633,ENSG00000267299,ENSG00000105519,ENSG00000105426,ENSG00000171124,ENSG00000130383,ENSG00000196365,ENSG00000269680,ENSG00000199223,ENSG00000269546,ENSG00000266941,ENSG00000125734,ENSG00000125726,ENSG00000174917,ENSG00000125657,ENSG00000284159,ENSG00000267262,ENSG00000223573,ENSG00000088247,ENSG00000274390,ENSG00000104833,ENSG00000269444,ENSG00000130254,ENSG00000174886,ENSG00000273758,ENSG00000283950,ENSG00000267563,ENSG00000267589,ENSG00000130545,ENSG00000205784,ENSG00000181240,ENSG00000187650,ENSG00000205744,ENSG00000171119,ENSG00000125733,ENSG00000284490,ENSG00000031823,ENSG00000263409,ENSG00000141994,ENSG00000274447,ENSG00000141968,ENSG00000087903,ENSG00000267709,ENSG00000125730,ENSG00000167733,ENSG00000127663,ENSG00000125651,ENSG00000105428,ENSG00000268742,ENSG00000233270,ENSG00000125652",ENSG00000171124,Liver eQTLs,train
20017123600092196-92196000003700,chr19,"19-4547371-C-G,19-4547898-G-C,19-4547917-A-G,19-4546591-T-TTTTAATTAATTAA,19-4544645-T-A,19-4547801-C-CCGT,19-4549486-G-GTATTT,19-4544968-T-G,19-4548015-G-A,19-4545717-C-T,19-4549639-T-C,19-4546953-T-A,19-4549646-A-G,19-4540703-T-C,19-4548245-C-A","ENSG00000105229,ENSG00000167671,ENSG00000077463,ENSG00000167658,ENSG00000268670,ENSG00000267138,ENSG00000276043,ENSG00000267769,ENSG00000179855,ENSG00000269318,ENSG00000105426,ENSG00000167670,ENSG00000267980,ENSG00000226800,ENSG00000127663,ENSG00000074842,ENSG00000089847,ENSG00000007264,ENSG00000126934,ENSG00000105251,ENSG00000006638,ENSG00000105298,ENSG00000267205,ENSG00000214456,ENSG00000167674,ENSG00000267030,ENSG00000185361,ENSG00000283928,ENSG00000167657,ENSG00000267011,ENSG00000008382,ENSG00000280239,ENSG00000171236,ENSG00000077009,ENSG00000268536,ENSG00000178951,ENSG00000141985,ENSG00000141965,ENSG00000178078,ENSG00000167664,ENSG00000060566,ENSG00000183617,ENSG00000167680,ENSG00000011132,ENSG00000205784,ENSG00000176840,ENSG00000105289,ENSG00000186111,ENSG00000161091,ENSG00000287884,ENSG00000105246,ENSG00000142002,ENSG00000105248,ENSG00000064961,ENSG00000105255,ENSG00000127666,ENSG00000167676,ENSG00000205790,ENSG00000105355","ENSG00000060566,ENSG00000205784,ENSG00000267255,ENSG00000287884,ENSG00000105246,ENSG00000161091,ENSG00000267550,ENSG00000266627,ENSG00000267231,ENSG00000206775,ENSG00000089847,ENSG00000127666,ENSG00000280239,ENSG00000127663,ENSG00000267138,ENSG00000105255,ENSG00000279590,ENSG00000167676,ENSG00000185361,ENSG00000205790,ENSG00000283928,ENSG00000011132,ENSG00000167664,ENSG00000266989,ENSG00000077009,ENSG00000105355,ENSG00000126934,ENSG00000105229,ENSG00000276043,ENSG00000167680,ENSG00000267304,ENSG00000141985,ENSG00000186111,ENSG00000105289,ENSG00000183617,ENSG00000267030,ENSG00000176840,ENSG00000207630,ENSG00000267769,ENSG00000239524,ENSG00000141965,ENSG00000278007,ENSG00000105426,ENSG00000178951,ENSG00000105298,ENSG00000167671,ENSG00000226800,ENSG00000269318,ENSG00000263409,ENSG00000171236,ENSG00000167657,ENSG00000178078,ENSG00000167658,ENSG00000007264,ENSG00000268670,ENSG00000268536,ENSG00000064961,ENSG00000074842,ENSG00000167674,ENSG00000077463,ENSG00000267408,ENSG00000289254,ENSG00000267011,ENSG00000008382,ENSG00000173976,ENSG00000006638,ENSG00000142002,ENSG00000214456,ENSG00000105251,ENSG00000267980,ENSG00000267148,ENSG00000105428,ENSG00000267205,ENSG00000274447,ENSG00000266959,ENSG00000179855,ENSG00000167670,ENSG00000267484,ENSG00000105248,ENSG00000266437",ENSG00000171236,Liver eQTLs,train
20017132000092196-92196000007087,chr8,"8-27587944-G-C,8-27628886-G-A,8-27630152-G-A,8-27617390-G-C,8-27591849-G-A,8-27595100-T-C,8-27595365-G-A,8-27598042-GA-G,8-27598300-C-T,8-27623209-T-C,8-27624940-G-A,8-27600802-C-A,8-27581508-C-G,8-27581771-C-T,8-27582025-A-C,8-27603266-C-T,8-27609538-G-A,8-27631630-G-A,8-27625974-A-C,8-27617978-T-C,8-27618385-C-G,8-27621127-C-T,8-27590027-A-G,8-27613012-T-C,8-27587105-C-T,8-27586427-A-G,8-27616585-A-G,8-27603227-C-T,8-27614595-A-C,8-27613967-A-G,8-27613316-G-A,8-27699715-A-C,8-27631055-C-CT,8-27691229-T-TA,8-27673895-TTTTAA-T,8-27700045-A-C","ENSG00000104228,ENSG00000120907,ENSG00000134014,ENSG00000104290,ENSG00000168081,ENSG00000214050,ENSG00000186918,ENSG00000253813,ENSG00000168078,ENSG00000012232,ENSG00000253888,ENSG00000289323,ENSG00000120899,ENSG00000120885,ENSG00000168079,ENSG00000240519,ENSG00000171320,ENSG00000120915,ENSG00000234770,ENSG00000189233,ENSG00000168077,ENSG00000246339","ENSG00000253888,ENSG00000120907,ENSG00000265847,ENSG00000202411,ENSG00000253290,ENSG00000168081,ENSG00000104290,ENSG00000246339,ENSG00000253615,ENSG00000186918,ENSG00000168078,ENSG00000168077,ENSG00000120899,ENSG00000134014,ENSG00000104228,ENSG00000250516,ENSG00000221616,ENSG00000273836,ENSG00000275115,ENSG00000253567,ENSG00000253690,ENSG00000012232,ENSG00000253176,ENSG00000240519,ENSG00000253813,ENSG00000253397,ENSG00000214050,ENSG00000253907,ENSG00000120885,ENSG00000215288,ENSG00000234770,ENSG00000171320,ENSG00000222862,ENSG00000265251,ENSG00000289323,ENSG00000202242,ENSG00000120915,ENSG00000189233,ENSG00000168079,ENSG00000253560",ENSG00000171320,Liver eQTLs,train
20017142100092196-92196000005806,chr5,"5-1799898-T-TCCCTTACCCGGCCACACG,5-1795739-G-A,5-1796813-T-C,5-1799737-C-T,5-1804180-C-T,5-1804530-G-A,5-1806627-C-T,5-1807475-G-A,5-1812332-G-A,5-1817180-T-C,5-1822326-C-T,5-1826075-A-T,5-1818882-G-A,5-1820541-G-A,5-1821144-G-T,5-1829901-C-T,5-1830405-A-G,5-1812965-G-A,5-1818630-C-T,5-1820443-G-A","ENSG00000153395,ENSG00000188002,ENSG00000215246,ENSG00000145494,ENSG00000145506,ENSG00000113504,ENSG00000286388,ENSG00000188818,ENSG00000232615,ENSG00000174358,ENSG00000049656,ENSG00000272347,ENSG00000271119,ENSG00000251532,ENSG00000249201,ENSG00000171421,ENSG00000185986,ENSG00000028310,ENSG00000071539","ENSG00000287486,ENSG00000259757,ENSG00000201026,ENSG00000250417,ENSG00000171421,ENSG00000164363,ENSG00000113504,ENSG00000275733,ENSG00000289075,ENSG00000273742,ENSG00000049656,ENSG00000164362,ENSG00000028310,ENSG00000249116,ENSG00000071539,ENSG00000186493,ENSG00000248994,ENSG00000249201,ENSG00000249731,ENSG00000281560,ENSG00000263834,ENSG00000248597,ENSG00000279222,ENSG00000251532,ENSG00000272347,ENSG00000263746,ENSG00000271119,ENSG00000288108,ENSG00000145506,ENSG00000174358,ENSG00000232615,ENSG00000263670,ENSG00000288763,ENSG00000145494,ENSG00000250173,ENSG00000260066,ENSG00000185986,ENSG00000249541,ENSG00000188002,ENSG00000249326,ENSG00000153395,ENSG00000247872,ENSG00000113430,ENSG00000286388,ENSG00000249966,ENSG00000215246,ENSG00000288549,ENSG00000287600,ENSG00000248951,ENSG00000188818,ENSG00000248949",ENSG00000171421,Liver eQTLs,train
20017171400092196-92196000001218,chr11,"11-22297770-G-C,11-22240056-G-A,11-22242729-T-C,11-22243796-T-G,11-22232365-C-T,11-22216976-T-A,11-22295434-G-A,11-22247205-A-G,11-22260061-A-T,11-22263096-C-G,11-22273651-A-AG,11-22276277-C-T,11-22285284-C-T,11-22286872-G-A,11-22288402-A-G,11-22288539-G-A,11-22216981-T-A,11-22230846-C-T,11-22214903-G-C,11-22216276-C-T,11-22217447-A-G,11-22218188-A-G,11-22218313-A-G,11-22218351-G-A,11-22220481-G-A,11-22224523-T-G,11-22222558-C-G,11-22214877-A-AAGGAGGAGGGGAATGAGGAGGAGG,11-22252667-A-G,11-22289180-T-TGTTAA,11-22206017-A-C,11-22210315-G-T,11-22211249-A-G,11-22212033-G-C,11-22218895-CT-C,11-22278618-GT-G,11-22205426-G-A,11-22178834-A-G,11-22195448-C-T,11-22223687-A-G,11-22176143-G-A,11-22237672-T-C,11-22249612-A-G,11-22237365-T-C,11-22240216-C-A,11-22242185-A-T,11-22245426-T-C,11-22248548-T-C,11-22263230-A-G,11-22233029-G-A,11-22233066-T-C,11-22238575-T-C,11-22231416-A-T,11-22235750-C-T,11-22270851-T-C,11-22240356-T-A,11-22240582-G-T,11-22242130-A-C,11-22222741-A-C,11-22198442-A-T,11-22235920-T-A,11-22236437-A-T,11-22236457-T-A,11-22237528-C-G,11-22238235-T-C,11-22238387-G-A,11-22238516-G-C,11-22238744-T-G,11-22240112-T-C,11-22240856-A-G,11-22240890-T-A,11-22241781-A-C,11-22244186-T-G,11-22244411-T-G,11-22244434-G-A,11-22244561-T-C,11-22244744-G-A,11-22244783-C-T,11-22245242-T-C,11-22245423-C-A,11-22245832-T-C,11-22187093-T-C,11-22220819-C-A,11-22227418-C-T,11-22217923-G-A,11-22237500-G-C,11-22243314-A-G,11-22243948-A-G,11-22197117-C-T,11-22188056-C-T","ENSG00000171714,ENSG00000183161,ENSG00000246225,ENSG00000148935,ENSG00000198168,ENSG00000255418","ENSG00000246225,ENSG00000255357,ENSG00000222427,ENSG00000198168,ENSG00000091664,ENSG00000255323,ENSG00000255372,ENSG00000254540,ENSG00000254820,ENSG00000183161,ENSG00000252816,ENSG00000148935,ENSG00000287962,ENSG00000255418,ENSG00000255359,ENSG00000254768,ENSG00000171714",ENSG00000171714,Liver eQTLs,train
20017191600092196-92196000002956,chr17,17-18311854-G-C,"ENSG00000266677,ENSG00000265478,ENSG00000205266,ENSG00000171931,ENSG00000141127,ENSG00000141034,ENSG00000108448,ENSG00000197815,ENSG00000188522,ENSG00000166482,ENSG00000108641,ENSG00000177427,ENSG00000108557,ENSG00000263934,ENSG00000286430,ENSG00000171928,ENSG00000279200,ENSG00000131899,ENSG00000249459,ENSG00000166484,ENSG00000171962,ENSG00000154025,ENSG00000072134,ENSG00000260647,ENSG00000108591,ENSG00000072310,ENSG00000177302,ENSG00000176974,ENSG00000264666,ENSG00000174977,ENSG00000240445,ENSG00000141026,ENSG00000133027,ENSG00000091536,ENSG00000265511,ENSG00000280198,ENSG00000176994,ENSG00000175662,ENSG00000108551,ENSG00000171953,ENSG00000154016,ENSG00000177731,ENSG00000171916,ENSG00000279428,ENSG00000235672,ENSG00000232344,ENSG00000091542","ENSG00000250111,ENSG00000279428,ENSG00000266677,ENSG00000108591,ENSG00000204471,ENSG00000262292,ENSG00000166482,ENSG00000186831,ENSG00000072310,ENSG00000189152,ENSG00000166484,ENSG00000176994,ENSG00000171916,ENSG00000141034,ENSG00000263394,ENSG00000196893,ENSG00000188522,ENSG00000263206,ENSG00000227919,ENSG00000228157,ENSG00000226746,ENSG00000230197,ENSG00000091542,ENSG00000201741,ENSG00000197665,ENSG00000171928,ENSG00000197815,ENSG00000265478,ENSG00000230273,ENSG00000141026,ENSG00000236022,ENSG00000266162,ENSG00000265185,ENSG00000230662,ENSG00000205266,ENSG00000274111,ENSG00000262202,ENSG00000206730,ENSG00000072134,ENSG00000237382,ENSG00000262262,ENSG00000260647,ENSG00000266664,ENSG00000223979,ENSG00000167494,ENSG00000228000,ENSG00000275206,ENSG00000283772,ENSG00000264273,ENSG00000265511,ENSG00000279200,ENSG00000133027,ENSG00000261987,ENSG00000227689,ENSG00000154025,ENSG00000240445,ENSG00000263045,ENSG00000189375,ENSG00000235672,ENSG00000266311,ENSG00000232344,ENSG00000108557,ENSG00000108448,ENSG00000235397,ENSG00000175662,ENSG00000286430,ENSG00000276532,ENSG00000264666,ENSG00000176974,ENSG00000280198,ENSG00000263934,ENSG00000171931,ENSG00000229526,ENSG00000249459,ENSG00000091536,ENSG00000131899,ENSG00000177427,ENSG00000267492,ENSG00000177731,ENSG00000174977,ENSG00000171962,ENSG00000274747,ENSG00000171953,ENSG00000237328,ENSG00000212618,ENSG00000108641,ENSG00000154016,ENSG00000141127,ENSG00000265746,ENSG00000265693,ENSG00000281856,ENSG00000177302,ENSG00000264940,ENSG00000108551,ENSG00000224126,ENSG00000207839,ENSG00000230865",ENSG00000171916,Liver eQTLs,train
20017191600092196-92196000002960,chr17,"17-18482792-A-G,17-18475630-T-C,17-18477409-T-C,17-18501596-A-G,17-18490410-A-G,17-18491827-A-G,17-18506384-T-C,17-18523289-C-T,17-18480715-A-C,17-18501996-C-G,17-18505676-G-T,17-18466815-C-T,17-18528623-A-G,17-18501863-CA-C,17-18487669-G-GAAAT,17-18533619-T-A,17-18540292-T-C,17-18540215-A-G,17-18537660-T-G,17-18542223-G-T,17-18541775-A-G,17-18542074-G-A,17-18541852-ACC-A,17-18541855-C-G,17-18541868-A-G,17-18548418-A-C","ENSG00000265478,ENSG00000177427,ENSG00000154025,ENSG00000091536,ENSG00000177731,ENSG00000108641,ENSG00000263934,ENSG00000171953,ENSG00000108448,ENSG00000266677,ENSG00000141034,ENSG00000108557,ENSG00000279428,ENSG00000235672,ENSG00000072310,ENSG00000128482,ENSG00000189343,ENSG00000108591,ENSG00000133027,ENSG00000205266,ENSG00000171916,ENSG00000279200,ENSG00000131899,ENSG00000091542,ENSG00000174977,ENSG00000166484,ENSG00000166482,ENSG00000232344,ENSG00000142494,ENSG00000240445,ENSG00000177302,ENSG00000175662,ENSG00000141127,ENSG00000176994,ENSG00000264666,ENSG00000197815,ENSG00000188522,ENSG00000176974,ENSG00000260647,ENSG00000171962,ENSG00000249459,ENSG00000171928,ENSG00000154016,ENSG00000266079,ENSG00000171931,ENSG00000280198,ENSG00000072134","ENSG00000249459,ENSG00000262202,ENSG00000177731,ENSG00000171931,ENSG00000227689,ENSG00000204471,ENSG00000177427,ENSG00000264273,ENSG00000223979,ENSG00000167494,ENSG00000176974,ENSG00000175662,ENSG00000133027,ENSG00000154025,ENSG00000091536,ENSG00000265185,ENSG00000171953,ENSG00000142494,ENSG00000264940,ENSG00000174977,ENSG00000263045,ENSG00000266162,ENSG00000205266,ENSG00000266311,ENSG00000235397,ENSG00000266677,ENSG00000263394,ENSG00000274111,ENSG00000072134,ENSG00000171928,ENSG00000128482,ENSG00000091542,ENSG00000227919,ENSG00000206730,ENSG00000141034,ENSG00000281856,ENSG00000108448,ENSG00000287196,ENSG00000197665,ENSG00000108591,ENSG00000189152,ENSG00000265126,ENSG00000230662,ENSG00000177302,ENSG00000283772,ENSG00000265693,ENSG00000108557,ENSG00000265746,ENSG00000189375,ENSG00000232344,ENSG00000265478,ENSG00000227078,ENSG00000283675,ENSG00000267492,ENSG00000221540,ENSG00000228157,ENSG00000171962,ENSG00000279200,ENSG00000207839,ENSG00000276532,ENSG00000236022,ENSG00000266664,ENSG00000108641,ENSG00000240445,ENSG00000197815,ENSG00000279428,ENSG00000250111,ENSG00000230273,ENSG00000166484,ENSG00000260647,ENSG00000264666,ENSG00000262262,ENSG00000176994,ENSG00000224126,ENSG00000166482,ENSG00000196893,ENSG00000229526,ENSG00000141127,ENSG00000072310,ENSG00000212618,ENSG00000226746,ENSG00000189343,ENSG00000237382,ENSG00000261987,ENSG00000274747,ENSG00000131899,ENSG00000186831,ENSG00000171916,ENSG00000263934,ENSG00000231477,ENSG00000230197,ENSG00000228000,ENSG00000237328,ENSG00000188522,ENSG00000262292,ENSG00000266079,ENSG00000280198,ENSG00000154016,ENSG00000263206,ENSG00000275206,ENSG00000235672",ENSG00000171916,Liver eQTLs,train
20017192800092196-92196000002968,chr17,"17-18677774-G-C,17-18682990-T-C,17-18683010-A-T,17-18684487-A-G,17-18685751-T-C,17-18686347-C-T,17-18693352-G-A,17-18696104-A-G,17-18709578-A-G,17-18714241-G-A,17-18714639-C-G,17-18715642-T-C,17-18716924-C-A,17-18684642-G-T,17-18678548-C-T,17-18679404-A-G,17-18705412-G-A,17-18684122-GT-G,17-18680061-G-C,17-18680231-G-C,17-18680569-T-G,17-18681122-T-C,17-18687736-G-T,17-18691110-T-C,17-18699398-G-A,17-18690450-A-G,17-18723408-C-T,17-18718333-C-T,17-18725527-C-T,17-18723995-C-T,17-18728325-C-T,17-18721410-C-A","ENSG00000177427,ENSG00000180638,ENSG00000249459,ENSG00000166482,ENSG00000108448,ENSG00000131899,ENSG00000072134,ENSG00000231625,ENSG00000128482,ENSG00000235672,ENSG00000260647,ENSG00000171962,ENSG00000233327,ENSG00000264932,ENSG00000263934,ENSG00000214856,ENSG00000072210,ENSG00000072310,ENSG00000176974,ENSG00000108641,ENSG00000091536,ENSG00000154025,ENSG00000177302,ENSG00000174977,ENSG00000166484,ENSG00000262769,ENSG00000228725,ENSG00000091542,ENSG00000141034,ENSG00000171953,ENSG00000171916,ENSG00000188522,ENSG00000189343,ENSG00000177731,ENSG00000108602,ENSG00000171928,ENSG00000228983,ENSG00000154016,ENSG00000171931,ENSG00000273018,ENSG00000205266,ENSG00000240445,ENSG00000154874,ENSG00000214860,ENSG00000266677,ENSG00000108591,ENSG00000175662,ENSG00000232344,ENSG00000280198,ENSG00000266079,ENSG00000197815,ENSG00000279428,ENSG00000176994,ENSG00000265478,ENSG00000142494","ENSG00000228725,ENSG00000266664,ENSG00000108602,ENSG00000279428,ENSG00000205266,ENSG00000166484,ENSG00000232344,ENSG00000235672,ENSG00000221540,ENSG00000262769,ENSG00000227078,ENSG00000237382,ENSG00000108448,ENSG00000229526,ENSG00000266311,ENSG00000275206,ENSG00000072210,ENSG00000176994,ENSG00000265185,ENSG00000227919,ENSG00000242752,ENSG00000207839,ENSG00000249459,ENSG00000131899,ENSG00000276532,ENSG00000177427,ENSG00000174977,ENSG00000214856,ENSG00000177302,ENSG00000263045,ENSG00000228331,ENSG00000266079,ENSG00000283675,ENSG00000186831,ENSG00000180638,ENSG00000188522,ENSG00000264273,ENSG00000171953,ENSG00000108641,ENSG00000072134,ENSG00000271900,ENSG00000265693,ENSG00000281856,ENSG00000237328,ENSG00000224126,ENSG00000141034,ENSG00000196893,ENSG00000189375,ENSG00000266162,ENSG00000262202,ENSG00000189152,ENSG00000154874,ENSG00000280198,ENSG00000233327,ENSG00000228157,ENSG00000274111,ENSG00000262292,ENSG00000197665,ENSG00000266179,ENSG00000261987,ENSG00000265746,ENSG00000283772,ENSG00000260647,ENSG00000227689,ENSG00000263107,ENSG00000189343,ENSG00000252349,ENSG00000265126,ENSG00000228000,ENSG00000263934,ENSG00000267492,ENSG00000264932,ENSG00000265478,ENSG00000231477,ENSG00000230273,ENSG00000228983,ENSG00000250111,ENSG00000263206,ENSG00000072310,ENSG00000273018,ENSG00000226746,ENSG00000154025,ENSG00000166482,ENSG00000230662,ENSG00000212618,ENSG00000177731,ENSG00000091536,ENSG00000266677,ENSG00000142494,ENSG00000171962,ENSG00000236022,ENSG00000154016,ENSG00000171928,ENSG00000091542,ENSG00000197815,ENSG00000231625,ENSG00000171931,ENSG00000214860,ENSG00000176974,ENSG00000262262,ENSG00000235397,ENSG00000264940,ENSG00000240445,ENSG00000204471,ENSG00000230197,ENSG00000167494,ENSG00000108591,ENSG00000128482,ENSG00000171916,ENSG00000175662,ENSG00000287196,ENSG00000263394,ENSG00000274747",ENSG00000171928,Liver eQTLs,train
20017194000092196-92196000004567,chr20,20-52186837-G-A,"ENSG00000182463,ENSG00000287886,ENSG00000101134,ENSG00000064787,ENSG00000101132,ENSG00000171940,ENSG00000231703","ENSG00000225785,ENSG00000287511,ENSG00000064787,ENSG00000266761,ENSG00000252467,ENSG00000231703,ENSG00000232294,ENSG00000275958,ENSG00000101132,ENSG00000234948,ENSG00000252654,ENSG00000232465,ENSG00000230636,ENSG00000182463,ENSG00000232286,ENSG00000234821,ENSG00000223492,ENSG00000286250,ENSG00000171940,ENSG00000215444,ENSG00000227964,ENSG00000286865,ENSG00000199218,ENSG00000101134,ENSG00000287886",ENSG00000171940,Liver eQTLs,train
20017195300092196-92196000002947,chr17,"17-17894674-G-A,17-17905454-C-T,17-17921995-C-T,17-17924903-T-C,17-17928919-T-TC,17-17907768-C-T,17-17801745-A-T,17-17806597-T-G,17-17826670-G-A,17-17844818-C-T,17-17869391-C-T,17-17870778-A-G,17-17878856-A-G,17-17900726-C-T,17-17922161-C-T,17-17799613-A-G,17-18018592-C-T,17-17972715-A-G","ENSG00000286430,ENSG00000091542,ENSG00000141026,ENSG00000205309,ENSG00000176974,ENSG00000265478,ENSG00000175662,ENSG00000278864,ENSG00000108551,ENSG00000141127,ENSG00000205266,ENSG00000108557,ENSG00000266498,ENSG00000265511,ENSG00000177427,ENSG00000214860,ENSG00000240445,ENSG00000273018,ENSG00000266677,ENSG00000232344,ENSG00000176994,ENSG00000249459,ENSG00000235672,ENSG00000141034,ENSG00000171962,ENSG00000279200,ENSG00000263624,ENSG00000091536,ENSG00000154874,ENSG00000214856,ENSG00000260647,ENSG00000264666,ENSG00000141030,ENSG00000108591,ENSG00000154025,ENSG00000171931,ENSG00000287910,ENSG00000280198,ENSG00000131899,ENSG00000072310,ENSG00000133030,ENSG00000197815,ENSG00000171953,ENSG00000171928,ENSG00000108448,ENSG00000215030,ENSG00000177731,ENSG00000133027,ENSG00000177302,ENSG00000179598,ENSG00000174977,ENSG00000171916,ENSG00000233327,ENSG00000154803","ENSG00000206730,ENSG00000278864,ENSG00000186831,ENSG00000230662,ENSG00000224126,ENSG00000141127,ENSG00000204471,ENSG00000237328,ENSG00000264666,ENSG00000176994,ENSG00000229526,ENSG00000197815,ENSG00000171931,ENSG00000108448,ENSG00000274111,ENSG00000240445,ENSG00000177731,ENSG00000091536,ENSG00000230709,ENSG00000227919,ENSG00000141026,ENSG00000141030,ENSG00000235672,ENSG00000215030,ENSG00000205266,ENSG00000205309,ENSG00000131899,ENSG00000214856,ENSG00000226746,ENSG00000266162,ENSG00000171953,ENSG00000286430,ENSG00000227689,ENSG00000266498,ENSG00000275206,ENSG00000179598,ENSG00000230865,ENSG00000250111,ENSG00000273018,ENSG00000154803,ENSG00000230273,ENSG00000177302,ENSG00000176974,ENSG00000223979,ENSG00000171962,ENSG00000091542,ENSG00000263624,ENSG00000206859,ENSG00000154874,ENSG00000133030,ENSG00000232344,ENSG00000175662,ENSG00000174977,ENSG00000265478,ENSG00000237382,ENSG00000287114,ENSG00000262262,ENSG00000265693,ENSG00000264273,ENSG00000283772,ENSG00000260647,ENSG00000280198,ENSG00000274747,ENSG00000287910,ENSG00000154025,ENSG00000108557,ENSG00000207839,ENSG00000201741,ENSG00000108551,ENSG00000279200,ENSG00000177427,ENSG00000189375,ENSG00000171928,ENSG00000267492,ENSG00000072310,ENSG00000133027,ENSG00000265511,ENSG00000167494,ENSG00000276532,ENSG00000266677,ENSG00000249459,ENSG00000141034,ENSG00000228000,ENSG00000108591,ENSG00000233327,ENSG00000171916,ENSG00000243370,ENSG00000214860,ENSG00000230969",ENSG00000171953,Liver eQTLs,train
20017200600092196-92196000003548,chr19,"19-2803623-A-G,19-2817643-G-A,19-2819244-T-C,19-2810248-G-A,19-2819965-A-G,19-2820105-G-A,19-2787832-T-G,19-2796316-G-A,19-2790394-G-A,19-2792128-C-G,19-2796021-G-A,19-2796355-G-A,19-2799979-C-T,19-2789337-T-C,19-2807375-G-A,19-2812153-A-G,19-2813000-A-G,19-2815372-A-G,19-2786557-C-T,19-2786397-C-G,19-2787329-G-A,19-2816339-A-G,19-2793194-A-C,19-2803227-C-T,19-2791405-T-TC,19-2793289-T-C,19-2795516-T-A,19-2802092-T-C,19-2809672-A-G,19-2814181-C-T,19-2791469-T-C,19-2792343-G-A,19-2792566-G-A,19-2796644-C-T,19-2800192-A-T,19-2806574-A-G,19-2798686-T-G,19-2791624-C-T,19-2792034-G-A,19-2797703-C-T,19-2786726-A-C","ENSG00000220008,ENSG00000186300,ENSG00000267138,ENSG00000176533,ENSG00000125912,ENSG00000105325,ENSG00000253392,ENSG00000280103,ENSG00000172006,ENSG00000064961,ENSG00000288156,ENSG00000213638,ENSG00000130332,ENSG00000130270,ENSG00000161082,ENSG00000279452,ENSG00000133275,ENSG00000171970,ENSG00000005206,ENSG00000287766,ENSG00000188305,ENSG00000227500,ENSG00000006638,ENSG00000095932,ENSG00000088256,ENSG00000183617,ENSG00000186111,ENSG00000129968,ENSG00000099840,ENSG00000104904,ENSG00000099800,ENSG00000099875,ENSG00000226800,ENSG00000104964,ENSG00000129932,ENSG00000141905,ENSG00000176619,ENSG00000141873,ENSG00000099860,ENSG00000079313,ENSG00000105289,ENSG00000105298,ENSG00000125910,ENSG00000267412,ENSG00000104885,ENSG00000104953,ENSG00000267205,ENSG00000104897,ENSG00000060558,ENSG00000178297,ENSG00000261526,ENSG00000065000,ENSG00000176490,ENSG00000104886,ENSG00000065717,ENSG00000011132,ENSG00000175691,ENSG00000183397,ENSG00000161091,ENSG00000104969,ENSG00000267244,ENSG00000261342,ENSG00000267283,ENSG00000129911,ENSG00000172081,ENSG00000179855,ENSG00000007264,ENSG00000133243,ENSG00000167476,ENSG00000104899","ENSG00000105289,ENSG00000267063,ENSG00000064961,ENSG00000267180,ENSG00000178297,ENSG00000133243,ENSG00000183397,ENSG00000065000,ENSG00000129911,ENSG00000104886,ENSG00000007264,ENSG00000261342,ENSG00000227500,ENSG00000125912,ENSG00000105298,ENSG00000253392,ENSG00000006638,ENSG00000130332,ENSG00000279590,ENSG00000266938,ENSG00000252408,ENSG00000267231,ENSG00000133275,ENSG00000099875,ENSG00000183617,ENSG00000130270,ENSG00000161091,ENSG00000176490,ENSG00000221411,ENSG00000104885,ENSG00000175691,ENSG00000125910,ENSG00000104904,ENSG00000277904,ENSG00000005206,ENSG00000213638,ENSG00000283728,ENSG00000267244,ENSG00000263974,ENSG00000280103,ENSG00000171970,ENSG00000079313,ENSG00000099840,ENSG00000279452,ENSG00000286460,ENSG00000179855,ENSG00000129968,ENSG00000284272,ENSG00000288906,ENSG00000104897,ENSG00000105694,ENSG00000088256,ENSG00000065717,ENSG00000284638,ENSG00000267304,ENSG00000267448,ENSG00000129932,ENSG00000186111,ENSG00000220008,ENSG00000287766,ENSG00000261526,ENSG00000173976,ENSG00000186300,ENSG00000141873,ENSG00000141905,ENSG00000267205,ENSG00000267283,ENSG00000279599,ENSG00000099800,ENSG00000105325,ENSG00000167476,ENSG00000267398,ENSG00000188305,ENSG00000104964,ENSG00000267412,ENSG00000226800,ENSG00000288156,ENSG00000104899,ENSG00000161082,ENSG00000060558,ENSG00000267749,ENSG00000267138,ENSG00000172081,ENSG00000267148,ENSG00000104969,ENSG00000286880,ENSG00000266959,ENSG00000289471,ENSG00000267201,ENSG00000011132,ENSG00000276097,ENSG00000172006,ENSG00000176533,ENSG00000104953,ENSG00000252962,ENSG00000267125,ENSG00000095932,ENSG00000099860,ENSG00000284216,ENSG00000176619,ENSG00000266944",ENSG00000172006,Liver eQTLs,train
20017200600092196-92196000003551,chr19,"19-2803623-A-G,19-2817643-G-A,19-2819244-T-C,19-2810248-G-A,19-2819965-A-G,19-2820105-G-A,19-2787832-T-G,19-2796316-G-A,19-2790394-G-A,19-2792128-C-G,19-2796021-G-A,19-2796355-G-A,19-2799979-C-T,19-2789337-T-C,19-2807375-G-A,19-2812153-A-G,19-2813000-A-G,19-2815372-A-G,19-2786557-C-T,19-2786397-C-G,19-2787329-G-A,19-2816339-A-G,19-2793194-A-C,19-2803227-C-T,19-2791405-T-TC,19-2793289-T-C,19-2795516-T-A,19-2802092-T-C,19-2809672-A-G,19-2814181-C-T,19-2791469-T-C,19-2792343-G-A,19-2792566-G-A,19-2796644-C-T,19-2800192-A-T,19-2806574-A-G,19-2798686-T-G,19-2791624-C-T,19-2792034-G-A,19-2797703-C-T,19-2786726-A-C","ENSG00000171970,ENSG00000267412,ENSG00000105325,ENSG00000161091,ENSG00000011132,ENSG00000060558,ENSG00000065000,ENSG00000099800,ENSG00000267283,ENSG00000183617,ENSG00000129932,ENSG00000176619,ENSG00000133243,ENSG00000104964,ENSG00000179855,ENSG00000287766,ENSG00000130332,ENSG00000079313,ENSG00000176533,ENSG00000280103,ENSG00000253392,ENSG00000125910,ENSG00000279452,ENSG00000172081,ENSG00000104953,ENSG00000099875,ENSG00000186300,ENSG00000167476,ENSG00000141873,ENSG00000178297,ENSG00000261342,ENSG00000141905,ENSG00000129968,ENSG00000261526,ENSG00000288156,ENSG00000172006,ENSG00000006638,ENSG00000213638,ENSG00000065717,ENSG00000099840,ENSG00000183397,ENSG00000104904,ENSG00000125912,ENSG00000227500,ENSG00000226800,ENSG00000007264,ENSG00000186111,ENSG00000088256,ENSG00000220008,ENSG00000267138,ENSG00000129911,ENSG00000105289,ENSG00000064961,ENSG00000133275,ENSG00000095932,ENSG00000104899,ENSG00000188305,ENSG00000267244,ENSG00000099860,ENSG00000104969,ENSG00000267205,ENSG00000161082,ENSG00000176490,ENSG00000175691,ENSG00000104897,ENSG00000104886,ENSG00000104885,ENSG00000005206,ENSG00000105298","ENSG00000289471,ENSG00000220008,ENSG00000079313,ENSG00000173976,ENSG00000266959,ENSG00000172081,ENSG00000099840,ENSG00000011132,ENSG00000172006,ENSG00000186111,ENSG00000007264,ENSG00000104969,ENSG00000064961,ENSG00000129932,ENSG00000133275,ENSG00000252962,ENSG00000104885,ENSG00000104899,ENSG00000279590,ENSG00000006638,ENSG00000288906,ENSG00000130332,ENSG00000267412,ENSG00000125910,ENSG00000104953,ENSG00000186300,ENSG00000267148,ENSG00000105289,ENSG00000104897,ENSG00000141873,ENSG00000279452,ENSG00000125912,ENSG00000266944,ENSG00000141905,ENSG00000175691,ENSG00000284638,ENSG00000178297,ENSG00000188305,ENSG00000277904,ENSG00000267231,ENSG00000105694,ENSG00000176490,ENSG00000279599,ENSG00000213638,ENSG00000161091,ENSG00000183397,ENSG00000226800,ENSG00000267448,ENSG00000267304,ENSG00000105298,ENSG00000267180,ENSG00000267244,ENSG00000176619,ENSG00000099875,ENSG00000267138,ENSG00000286460,ENSG00000280103,ENSG00000129911,ENSG00000088256,ENSG00000261526,ENSG00000267063,ENSG00000005206,ENSG00000104964,ENSG00000267125,ENSG00000266938,ENSG00000104886,ENSG00000060558,ENSG00000267205,ENSG00000161082,ENSG00000284272,ENSG00000288156,ENSG00000227500,ENSG00000286880,ENSG00000129968,ENSG00000105325,ENSG00000171970,ENSG00000267398,ENSG00000176533,ENSG00000095932,ENSG00000252408,ENSG00000267749,ENSG00000183617,ENSG00000133243,ENSG00000267283,ENSG00000099860,ENSG00000287766,ENSG00000167476,ENSG00000099800,ENSG00000276097,ENSG00000253392,ENSG00000065717,ENSG00000283728,ENSG00000221411,ENSG00000263974,ENSG00000065000,ENSG00000267201,ENSG00000104904,ENSG00000261342,ENSG00000179855",ENSG00000172006,Liver eQTLs,train
20017211300092196-92196000005288,chr3,"3-48342669-C-T,3-48363595-A-G,3-48372282-T-C,3-48374734-T-G,3-48346866-AT-A,3-48357208-C-T,3-48372470-T-C,3-48366895-AT-A,3-48353626-A-G,3-48337206-C-T,3-48339549-G-A,3-48340045-C-T,3-48342882-C-T,3-48343290-C-T,3-48343877-G-A,3-48345449-A-T,3-48349023-T-C,3-48350375-A-G,3-48351683-A-G,3-48352313-G-A,3-48354211-G-A,3-48360433-A-G,3-48364101-C-T,3-48367537-A-G,3-48369034-G-A,3-48372646-C-T,3-48373689-A-G,3-48377276-C-T,3-48377875-A-G,3-48335857-C-T,3-48338173-C-T,3-48338487-A-G,3-48339618-A-G,3-48339699-C-T,3-48343087-C-T,3-48343261-G-A,3-48343708-T-C,3-48343858-G-A,3-48343920-C-T,3-48344675-C-T,3-48345511-C-T,3-48346955-GCAAT-G,3-48346985-G-T,3-48347168-T-G,3-48348163-A-C,3-48348564-A-C,3-48350366-G-A,3-48351560-G-A,3-48351618-G-T,3-48352055-TC-T,3-48355024-A-G,3-48356797-G-A,3-48358754-T-G,3-48360017-C-G,3-48360862-C-T,3-48362097-G-C,3-48362369-A-T,3-48362750-C-T,3-48364677-C-T,3-48365218-G-C,3-48366971-C-A,3-48367819-C-T,3-48367835-C-T,3-48369464-T-A,3-48370416-C-T,3-48370769-A-C,3-48373214-T-G,3-48373262-G-A,3-48373343-C-T,3-48374077-G-A,3-48374374-G-GA,3-48374874-A-G,3-48375740-T-C,3-48377611-G-C,3-48377921-T-C,3-48377922-G-A,3-48378500-G-A,3-48349503-G-A,3-48333446-G-A,3-48339360-A-G,3-48349314-C-T,3-48353543-G-A,3-48357281-A-G,3-48360992-T-G,3-48280170-AAGG-A,3-48287879-A-G,3-48293524-G-C,3-48297992-TG-T,3-48301074-G-A,3-48301614-A-C,3-48303669-A-G,3-48305456-C-T,3-48320332-G-A,3-48323489-G-A,3-48331286-G-C,3-48290597-C-CT,3-48282494-T-C,3-48282651-TGCGC-T,3-48282695-A-G,3-48378147-T-A,3-48341067-G-GTA,3-48279272-A-AT,3-48279814-A-AC,3-48280492-C-T,3-48282021-C-A,3-48287792-C-CTCAA,3-48330559-A-ATT,3-48287449-A-C,3-48277194-T-TA,3-48277194-T-TA,3-48333342-T-C,3-48297560-C-T,3-48301172-C-A,3-48306531-T-G,3-48312060-G-C,3-48312402-T-C,3-48313418-T-C,3-48324466-T-A,3-48326433-T-C,3-48327577-C-T,3-48327573-T-C,3-48308891-T-A,3-48295700-C-T,3-48319558-C-T,3-48270955-T-C,3-48272536-T-G,3-48323364-T-C,3-48327729-T-C,3-48328812-T-C,3-48323890-G-A,3-48325281-G-A,3-48327450-C-T,3-48327751-G-A,3-48329036-A-C,3-48329900-A-G,3-48330037-T-C,3-48267825-T-C,3-48333506-T-C,3-48237087-A-C,3-48316877-CGA-C,3-48258638-A-G,3-48259108-A-G,3-48259667-C-G,3-48250899-T-A,3-48206102-G-A,3-48226553-T-G,3-48228906-C-A,3-48229624-C-T,3-48236507-G-A,3-48249420-C-G,3-48233534-CA-C,3-48233201-TA-T,3-48202440-G-A,3-48233267-A-G,3-48207696-C-CA,3-48211777-C-T,3-48217657-T-C,3-48219537-A-G,3-48228994-A-C,3-48240289-G-A,3-48243101-C-G,3-48255220-A-G,3-48256462-CA-C,3-48323133-T-G,3-48309828-C-G,3-48206583-A-C,3-48237231-CT-C,3-48237231-CT-C,3-48210110-CT-C,3-48331751-A-T,3-48379787-CT-C,3-48245812-CA-C,3-48201901-CT-C,3-48214438-A-G,3-48215253-G-A,3-48239202-T-C,3-48245687-A-G,3-48219917-CAG-C,3-48286765-C-T,3-48293078-G-A,3-48375434-C-T,3-48349031-A-C,3-48297611-A-G,3-48299439-T-C,3-48306835-A-G,3-48312229-A-G,3-48312658-T-C,3-48370580-G-A,3-48335808-T-C,3-48344234-C-CCT,3-48358255-C-T,3-48375685-C-T,3-48246679-G-A,3-48299079-A-T,3-48233335-C-CAT,3-48233185-C-CAT,3-48204768-C-T,3-48227082-A-AG,3-48237104-T-G,3-48276077-A-T,3-48173653-T-C,3-48173069-C-T","ENSG00000178537,ENSG00000221883,ENSG00000178467,ENSG00000285416,ENSG00000270441,ENSG00000177479,ENSG00000164050,ENSG00000198218,ENSG00000164049,ENSG00000172037,ENSG00000172053,ENSG00000178149,ENSG00000289507,ENSG00000188315,ENSG00000008300,ENSG00000225399,ENSG00000076201,ENSG00000225697,ENSG00000164047,ENSG00000172113,ENSG00000178057,ENSG00000172046,ENSG00000272434,ENSG00000010256,ENSG00000114270,ENSG00000163832,ENSG00000271161,ENSG00000177352,ENSG00000164051,ENSG00000164054,ENSG00000289043,ENSG00000114268,ENSG00000114650,ENSG00000232112,ENSG00000114302,ENSG00000114646,ENSG00000260236,ENSG00000224424,ENSG00000280173,ENSG00000173473,ENSG00000164053,ENSG00000068745,ENSG00000235236,ENSG00000185909,ENSG00000132153,ENSG00000213672,ENSG00000244380,ENSG00000178035,ENSG00000047849,ENSG00000178252","ENSG00000164049,ENSG00000114650,ENSG00000183396,ENSG00000241461,ENSG00000172046,ENSG00000114268,ENSG00000172053,ENSG00000164051,ENSG00000199591,ENSG00000260236,ENSG00000188315,ENSG00000252466,ENSG00000163832,ENSG00000224895,ENSG00000270285,ENSG00000214773,ENSG00000235695,ENSG00000289043,ENSG00000289507,ENSG00000207605,ENSG00000232112,ENSG00000265078,ENSG00000178252,ENSG00000178467,ENSG00000221883,ENSG00000236768,ENSG00000114302,ENSG00000231884,ENSG00000244732,ENSG00000199476,ENSG00000274420,ENSG00000235236,ENSG00000164053,ENSG00000172113,ENSG00000284575,ENSG00000164050,ENSG00000114646,ENSG00000272434,ENSG00000264633,ENSG00000284488,ENSG00000076201,ENSG00000225399,ENSG00000173473,ENSG00000199032,ENSG00000178035,ENSG00000228350,ENSG00000225697,ENSG00000265483,ENSG00000244380,ENSG00000236980,ENSG00000224424,ENSG00000068745,ENSG00000284251,ENSG00000278799,ENSG00000277483,ENSG00000235627,ENSG00000177352,ENSG00000271161,ENSG00000177479,ENSG00000280173,ENSG00000253056,ENSG00000178149,ENSG00000198218,ENSG00000221585,ENSG00000178057,ENSG00000164054,ENSG00000178537,ENSG00000172037,ENSG00000008300,ENSG00000164047,ENSG00000213672,ENSG00000114270,ENSG00000285416,ENSG00000229453,ENSG00000185909,ENSG00000047849,ENSG00000010256,ENSG00000132153,ENSG00000270441,ENSG00000270538",ENSG00000172113,Liver eQTLs,train
20017219700092196-92196000006122,chr6,"6-20202770-G-A,6-20202690-G-C,6-20200114-G-A,6-20198845-G-A,6-20199134-T-C,6-20197702-G-A,6-20199262-G-A","ENSG00000172201,ENSG00000172197,ENSG00000112242,ENSG00000145996","ENSG00000172201,ENSG00000286590,ENSG00000287614,ENSG00000112242,ENSG00000214012,ENSG00000217314,ENSG00000145996,ENSG00000218643,ENSG00000200957,ENSG00000201683,ENSG00000233848,ENSG00000172197,ENSG00000231662,ENSG00000222431,ENSG00000224707,ENSG00000201523,ENSG00000240869,ENSG00000287138,ENSG00000252046,ENSG00000227803,ENSG00000225832,ENSG00000287483",ENSG00000172197,Liver eQTLs,train
20017229600092196-92196000004446,chr20,"20-12958492-A-ACTC,20-12959885-A-G,20-12969400-A-G,20-12962718-A-G,20-12973521-A-T,20-12966089-T-G,20-12958687-A-G,20-12959094-A-T,20-12959398-T-C,20-12943737-G-A,20-12945963-A-G,20-12947532-G-C,20-12953934-C-A,20-12955601-T-C,20-12939369-A-AC,20-12942649-A-G,20-12952964-A-C,20-12950606-A-G,20-12940649-T-C,20-12944067-G-A","ENSG00000101247,ENSG00000172296,ENSG00000089048,ENSG00000236811,ENSG00000101230,ENSG00000089123,ENSG00000235292","ENSG00000269931,ENSG00000089123,ENSG00000230437,ENSG00000286087,ENSG00000233048,ENSG00000101247,ENSG00000172296,ENSG00000236811,ENSG00000089048,ENSG00000101230,ENSG00000235698,ENSG00000235292,ENSG00000234265",ENSG00000172296,Liver eQTLs,train
20017234600092196-92196000004903,chr22,"22-42197077-A-AAAAG,22-42190309-A-G,22-42197270-T-C,22-42189135-G-A,22-42189384-C-T,22-42188891-C-G,22-42117322-C-T,22-42130843-G-A,22-42131447-G-A,22-42166416-A-G,22-42179662-A-G,22-42201111-A-G,22-42147179-G-A,22-42169269-T-G,22-42062146-A-G,22-42059768-G-T,22-42198537-G-A,22-41976478-G-C,22-42070793-C-T,22-42066705-C-T","ENSG00000159958,ENSG00000215347,ENSG00000205702,ENSG00000184208,ENSG00000198911,ENSG00000274717,ENSG00000229891,ENSG00000172404,ENSG00000100399,ENSG00000226450,ENSG00000100197,ENSG00000213790,ENSG00000234009,ENSG00000270083,ENSG00000100410,ENSG00000100162,ENSG00000177096,ENSG00000183066,ENSG00000189306,ENSG00000100138,ENSG00000183172,ENSG00000100393,ENSG00000285531,ENSG00000183864,ENSG00000237214,ENSG00000100403,ENSG00000100372,ENSG00000281538,ENSG00000196419,ENSG00000202058,ENSG00000100413,ENSG00000237037,ENSG00000184983,ENSG00000198951,ENSG00000100387,ENSG00000100227,ENSG00000100417,ENSG00000167074,ENSG00000273424,ENSG00000100243,ENSG00000286659,ENSG00000231993,ENSG00000100207,ENSG00000100395,ENSG00000100380,ENSG00000100412,ENSG00000128274,ENSG00000184068,ENSG00000196236,ENSG00000182057,ENSG00000182841,ENSG00000235568,ENSG00000227370,ENSG00000100418,ENSG00000183569,ENSG00000167077,ENSG00000100401,ENSG00000172346,ENSG00000235513","ENSG00000274717,ENSG00000100380,ENSG00000227370,ENSG00000100393,ENSG00000100162,ENSG00000128274,ENSG00000273424,ENSG00000226450,ENSG00000100403,ENSG00000200332,ENSG00000224883,ENSG00000172346,ENSG00000231993,ENSG00000205704,ENSG00000200448,ENSG00000100387,ENSG00000202058,ENSG00000100412,ENSG00000215347,ENSG00000100227,ENSG00000100243,ENSG00000226989,ENSG00000100410,ENSG00000100372,ENSG00000213790,ENSG00000235513,ENSG00000172250,ENSG00000286659,ENSG00000184068,ENSG00000249222,ENSG00000184983,ENSG00000183172,ENSG00000182057,ENSG00000199865,ENSG00000172404,ENSG00000100138,ENSG00000189306,ENSG00000237214,ENSG00000207932,ENSG00000177096,ENSG00000238498,ENSG00000235568,ENSG00000281538,ENSG00000237037,ENSG00000234009,ENSG00000285531,ENSG00000270022,ENSG00000205702,ENSG00000270083,ENSG00000100207,ENSG00000229608,ENSG00000100395,ENSG00000100197,ENSG00000196236,ENSG00000198951,ENSG00000100413,ENSG00000183569,ENSG00000184208,ENSG00000234735,ENSG00000182841,ENSG00000252603,ENSG00000286491,ENSG00000167074,ENSG00000229891,ENSG00000100417,ENSG00000231261,ENSG00000100399,ENSG00000198911,ENSG00000230107,ENSG00000183066,ENSG00000167077,ENSG00000206813,ENSG00000100401,ENSG00000100418,ENSG00000159958,ENSG00000207457,ENSG00000196419,ENSG00000274552,ENSG00000183864",ENSG00000172346,Liver eQTLs,train
20017247800092196-92196000004211,chr2,"2-241837000-C-T,2-241837119-A-AC,2-241837129-A-C,2-241837513-C-T,2-241835543-A-C,2-241836140-T-C,2-241836338-T-C,2-241835946-T-C,2-241839281-T-A,2-241842530-A-G,2-241841658-G-C,2-241840245-G-A,2-241829249-G-T,2-241830944-G-T,2-241829988-C-T,2-241830132-T-C,2-241830140-G-C,2-241830145-C-T,2-241830229-T-C,2-241830704-A-G,2-241830969-G-A,2-241831005-C-T,2-241831264-G-A,2-241831296-C-G,2-241831471-C-T,2-241831472-A-G,2-241832357-C-T,2-241832564-C-G,2-241832941-T-C,2-241833610-T-C,2-241833879-C-T,2-241834373-C-T,2-241834607-G-A,2-241834706-A-G,2-241834944-T-C,2-241835379-G-A,2-241835432-G-A,2-241836360-TC-T,2-241840445-G-C,2-241840506-C-T,2-241832773-C-T,2-241828338-C-A,2-241828339-C-A,2-241828435-C-T,2-241828528-T-C,2-241828945-C-T,2-241842345-G-A,2-241828012-T-C,2-241839423-A-T,2-241831792-G-A,2-241800005-C-A,2-241843405-A-G,2-241813782-G-A","ENSG00000172478,ENSG00000142327,ENSG00000223991,ENSG00000130414,ENSG00000162804,ENSG00000226321,ENSG00000235151,ENSG00000130294,ENSG00000063660,ENSG00000176946,ENSG00000215023,ENSG00000115687,ENSG00000188542,ENSG00000172428,ENSG00000168395,ENSG00000154252,ENSG00000234235,ENSG00000286588,ENSG00000168397,ENSG00000224272,ENSG00000146205,ENSG00000115685,ENSG00000204099,ENSG00000122085,ENSG00000188011,ENSG00000218416,ENSG00000176720,ENSG00000260942,ENSG00000115677,ENSG00000273113,ENSG00000178623,ENSG00000006607,ENSG00000233806,ENSG00000289253,ENSG00000168393,ENSG00000223374,ENSG00000233392,ENSG00000180902,ENSG00000115694,ENSG00000168385,ENSG00000144504,ENSG00000142330,ENSG00000188389,ENSG00000235351","ENSG00000223374,ENSG00000224160,ENSG00000063660,ENSG00000178623,ENSG00000260942,ENSG00000224272,ENSG00000180902,ENSG00000130294,ENSG00000168397,ENSG00000233806,ENSG00000115694,ENSG00000122085,ENSG00000115685,ENSG00000168385,ENSG00000235861,ENSG00000226321,ENSG00000172428,ENSG00000115677,ENSG00000244528,ENSG00000168395,ENSG00000288080,ENSG00000144504,ENSG00000273113,ENSG00000130414,ENSG00000204099,ENSG00000162804,ENSG00000289253,ENSG00000006607,ENSG00000176720,ENSG00000263752,ENSG00000232002,ENSG00000233392,ENSG00000223991,ENSG00000115687,ENSG00000188542,ENSG00000286588,ENSG00000142327,ENSG00000218416,ENSG00000215023,ENSG00000142330,ENSG00000176946,ENSG00000235151,ENSG00000188389,ENSG00000215692,ENSG00000168393,ENSG00000235351,ENSG00000146205,ENSG00000226423,ENSG00000172478,ENSG00000154252,ENSG00000234793,ENSG00000188011,ENSG00000234235",ENSG00000172478,Liver eQTLs,train
20017254300092196-92196000001348,chr11,"11-65661656-T-C,11-65662752-G-A,11-65644027-T-C,11-65645354-A-G,11-65645831-G-C,11-65646557-C-A,11-65647260-A-G,11-65648135-G-A,11-65649984-T-C,11-65651830-A-G,11-65653242-C-T,11-65653309-T-C,11-65654665-G-C,11-65654783-A-G,11-65655393-G-C,11-65656282-G-A,11-65662436-T-C,11-65645580-A-C,11-65663547-A-G,11-65661291-C-T,11-65655259-G-GCC,11-65663239-T-C,11-65662985-A-G,11-65656564-C-T","ENSG00000255038,ENSG00000175467,ENSG00000175334,ENSG00000254986,ENSG00000251562,ENSG00000174903,ENSG00000014138,ENSG00000176973,ENSG00000175602,ENSG00000173653,ENSG00000174669,ENSG00000175592,ENSG00000149823,ENSG00000174791,ENSG00000173914,ENSG00000173898,ENSG00000173338,ENSG00000149809,ENSG00000168070,ENSG00000168061,ENSG00000172757,ENSG00000168062,ENSG00000175115,ENSG00000174684,ENSG00000173933,ENSG00000182791,ENSG00000287917,ENSG00000255517,ENSG00000245532,ENSG00000126391,ENSG00000239306,ENSG00000142186,ENSG00000168060,ENSG00000172977,ENSG00000173465,ENSG00000172500,ENSG00000174576,ENSG00000174851,ENSG00000068971,ENSG00000254855,ENSG00000168056,ENSG00000213445,ENSG00000255468,ENSG00000149792,ENSG00000285533,ENSG00000110025,ENSG00000087365,ENSG00000173727,ENSG00000254461,ENSG00000172638,ENSG00000146670,ENSG00000289339,ENSG00000173992,ENSG00000204710,ENSG00000174516,ENSG00000162300,ENSG00000255120,ENSG00000173327,ENSG00000172543,ENSG00000174996,ENSG00000255200,ENSG00000172732,ENSG00000174483,ENSG00000162298,ENSG00000149735,ENSG00000133884,ENSG00000149798,ENSG00000174080,ENSG00000254614,ENSG00000174807,ENSG00000173039,ENSG00000175550,ENSG00000174547,ENSG00000173715,ENSG00000174276,ENSG00000175573,ENSG00000179292,ENSG00000173825,ENSG00000149806,ENSG00000175376,ENSG00000254470,ENSG00000197847,ENSG00000174165,ENSG00000213465,ENSG00000255478,ENSG00000197136,ENSG00000254510,ENSG00000173621,ENSG00000245156,ENSG00000260233,ENSG00000174871,ENSG00000162241,ENSG00000174744,ENSG00000172922,ENSG00000278952,ENSG00000255320,ENSG00000172818,ENSG00000110046,ENSG00000014216,ENSG00000173442","ENSG00000176973,ENSG00000286756,ENSG00000168056,ENSG00000175550,ENSG00000174576,ENSG00000173465,ENSG00000274986,ENSG00000285533,ENSG00000254867,ENSG00000289231,ENSG00000173442,ENSG00000126391,ENSG00000254458,ENSG00000254736,ENSG00000187066,ENSG00000289259,ENSG00000255517,ENSG00000172500,ENSG00000173825,ENSG00000202317,ENSG00000255478,ENSG00000239356,ENSG00000287917,ENSG00000201733,ENSG00000213445,ENSG00000175467,ENSG00000174871,ENSG00000255468,ENSG00000149823,ENSG00000175376,ENSG00000245532,ENSG00000286459,ENSG00000239306,ENSG00000149809,ENSG00000255200,ENSG00000172977,ENSG00000172922,ENSG00000270775,ENSG00000174165,ENSG00000162241,ENSG00000172818,ENSG00000254501,ENSG00000260233,ENSG00000173621,ENSG00000149798,ENSG00000168070,ENSG00000174903,ENSG00000254855,ENSG00000197847,ENSG00000110025,ENSG00000068971,ENSG00000199325,ENSG00000173992,ENSG00000149792,ENSG00000174996,ENSG00000173914,ENSG00000254455,ENSG00000174744,ENSG00000110046,ENSG00000289058,ENSG00000162300,ENSG00000287821,ENSG00000174516,ENSG00000213465,ENSG00000173933,ENSG00000284489,ENSG00000173715,ENSG00000230835,ENSG00000174276,ENSG00000255038,ENSG00000278851,ENSG00000276918,ENSG00000197136,ENSG00000254986,ENSG00000274314,ENSG00000174669,ENSG00000133884,ENSG00000275948,ENSG00000266041,ENSG00000174851,ENSG00000254596,ENSG00000254510,ENSG00000204710,ENSG00000255404,ENSG00000172543,ENSG00000222477,ENSG00000179292,ENSG00000014216,ENSG00000182791,ENSG00000014138,ENSG00000168060,ENSG00000174807,ENSG00000279243,ENSG00000175334,ENSG00000250105,ENSG00000162298,ENSG00000173327,ENSG00000175602,ENSG00000175592,ENSG00000172638,ENSG00000173898,ENSG00000245156,ENSG00000173653,ENSG00000175573,ENSG00000087365,ENSG00000146670,ENSG00000255320,ENSG00000289339,ENSG00000254470,ENSG00000278952,ENSG00000168061,ENSG00000174547,ENSG00000175115,ENSG00000168062,ENSG00000255058,ENSG00000173338,ENSG00000149735,ENSG00000149806,ENSG00000279093,ENSG00000255120,ENSG00000173727,ENSG00000174483,ENSG00000254762,ENSG00000254756,ENSG00000172732,ENSG00000251562,ENSG00000173039,ENSG00000254461,ENSG00000214659,ENSG00000174684,ENSG00000174791,ENSG00000174080,ENSG00000265874,ENSG00000172757,ENSG00000142186,ENSG00000254614,ENSG00000270526",ENSG00000172543,Liver eQTLs,train
20017266100092196-92196000000870,chr10,"10-46284412-G-A,10-46256986-T-C,10-46272679-C-T,10-46269003-G-A,10-46260686-C-T,10-46289252-C-T,10-46272504-G-A,10-46255136-G-A,10-46262074-G-A","ENSG00000237840,ENSG00000107551,ENSG00000280913,ENSG00000204177,ENSG00000239883,ENSG00000215097,ENSG00000270258,ENSG00000265354,ENSG00000012779,ENSG00000226937,ENSG00000172661,ENSG00000165511,ENSG00000289092,ENSG00000229927,ENSG00000273363,ENSG00000264230,ENSG00000165507,ENSG00000230869,ENSG00000204175,ENSG00000188234,ENSG00000279058,ENSG00000264204,ENSG00000204176,ENSG00000265366,ENSG00000266412,ENSG00000285662,ENSG00000231187,ENSG00000165512,ENSG00000263639,ENSG00000172671,ENSG00000272430,ENSG00000165874,ENSG00000165406,ENSG00000231964","ENSG00000264217,ENSG00000280913,ENSG00000264230,ENSG00000165874,ENSG00000107551,ENSG00000280012,ENSG00000165406,ENSG00000265366,ENSG00000274209,ENSG00000263482,ENSG00000204177,ENSG00000270434,ENSG00000265733,ENSG00000165511,ENSG00000204176,ENSG00000273225,ENSG00000265354,ENSG00000204175,ENSG00000263639,ENSG00000289092,ENSG00000289636,ENSG00000165507,ENSG00000150175,ENSG00000215097,ENSG00000204174,ENSG00000279058,ENSG00000266412,ENSG00000231964,ENSG00000239883,ENSG00000270258,ENSG00000172661,ENSG00000229927,ENSG00000230869,ENSG00000272430,ENSG00000231187,ENSG00000256574,ENSG00000172671,ENSG00000012779,ENSG00000285662,ENSG00000165512,ENSG00000237840,ENSG00000289299,ENSG00000273363,ENSG00000274186,ENSG00000213412,ENSG00000188234,ENSG00000264204,ENSG00000226937,ENSG00000239152,ENSG00000231122",ENSG00000172661,Liver eQTLs,train
20017272800092196-92196000007100,chr8,"8-33333033-T-C,8-33323842-A-G,8-33323419-T-G,8-33324515-T-C,8-33296969-T-G,8-33314105-G-A,8-33317002-T-A,8-33317451-T-C,8-33320166-T-G,8-33335627-C-CA,8-33308994-G-A,8-33302508-A-G,8-33303493-A-G,8-33304742-A-C,8-33309983-C-G,8-33313042-A-G,8-33296481-A-AT,8-33304891-T-C,8-33306864-A-G,8-33313329-G-A,8-33309012-A-G,8-33309179-C-T,8-33343021-TGCTGTCA-T,8-33341191-G-A,8-33359528-T-C,8-33368670-A-C,8-33369082-T-C,8-33371356-T-G,8-33371479-G-C,8-33379563-G-C,8-33379955-T-C,8-33378721-G-GA,8-33336075-G-C,8-33336276-C-T,8-33336692-A-G,8-33341395-T-TC,8-33341833-C-CTCCTGACCTCAGGTAAT,8-33342495-T-A,8-33343309-T-C,8-33345632-A-G,8-33358730-C-T,8-33315780-TA-T,8-33358162-A-T,8-33350193-G-T,8-33353328-A-G,8-33356561-AG-A,8-33362006-A-G,8-33352067-C-G,8-33355886-G-T,8-33360707-C-CAG,8-33353273-T-C,8-33368459-T-C,8-33363620-G-C,8-33369994-A-G,8-33371150-A-G,8-33371545-A-T,8-33372223-C-A,8-33279794-T-C,8-33283180-T-C,8-33283516-A-G,8-33284007-T-C,8-33363835-A-T,8-33371296-T-C,8-33372932-G-A,8-33306678-C-T,8-33280791-AT-A,8-33339712-GAA-G,8-33292032-C-T,8-33294380-T-C,8-33363003-C-CT,8-33284877-T-C,8-33313635-T-C,8-33350296-A-G,8-33286370-T-C,8-33287134-C-G,8-33356074-A-G,8-33293829-T-C,8-33294524-G-A,8-33375410-G-T,8-33330688-A-G,8-33330687-A-C,8-33372452-TG-T,8-33374157-A-G,8-33376022-A-G,8-33379024-T-C,8-33379677-C-T,8-33381239-G-A,8-33382557-CCA-C,8-33347907-T-G,8-33279515-TA-T,8-33282043-G-A,8-33367653-T-C,8-33338591-CTTTTTTTTTTTTTTTTTTTTTTTTTTTT-C,8-33375546-T-C,8-33373070-C-T,8-33336206-T-C,8-33355287-G-A,8-33361739-T-G,8-33362400-G-A,8-33363593-G-A,8-33364155-C-T,8-33369944-T-C,8-33370757-G-A,8-33371146-T-G,8-33348000-A-G,8-33348104-G-A,8-33371199-T-C,8-33384027-A-G,8-33345202-AGTG-A,8-33364233-T-C,8-33362064-A-G,8-33291163-T-G,8-33370985-A-G","ENSG00000172728,ENSG00000133874,ENSG00000247134,ENSG00000129696,ENSG00000133878","ENSG00000254049,ENSG00000254194,ENSG00000239039,ENSG00000253684,ENSG00000252505,ENSG00000240189,ENSG00000254302,ENSG00000254061,ENSG00000129696,ENSG00000254346,ENSG00000253393,ENSG00000253108,ENSG00000253642,ENSG00000240738,ENSG00000263794,ENSG00000247134,ENSG00000253569,ENSG00000252735,ENSG00000253232,ENSG00000253995,ENSG00000133874,ENSG00000215264,ENSG00000254090,ENSG00000212407,ENSG00000253993,ENSG00000172728,ENSG00000254033,ENSG00000133878",ENSG00000172728,Liver eQTLs,train
20017278200092196-92196000003225,chr17,"17-72888345-A-G,17-72888361-G-C,17-72893673-A-G,17-72888836-G-A,17-72888126-T-G,17-72888412-T-C,17-72884294-T-C,17-72887339-T-C,17-72887646-C-T,17-72884181-A-G,17-72887458-C-G,17-72887536-C-T,17-72890192-T-C,17-72890457-G-C,17-72890837-C-T,17-72891023-G-A,17-72891801-C-G,17-72891896-T-C,17-72892380-A-G,17-72892493-A-G,17-72893665-A-G,17-72894297-C-T,17-72894354-A-G,17-72895495-T-C,17-72896635-G-C,17-72895234-C-CA,17-72893737-C-T,17-72895476-T-TG,17-72895244-C-A,17-72894109-C-T,17-72894190-T-A,17-72894234-G-A,17-72894871-T-C,17-72895524-C-T,17-72896128-C-T,17-72889089-A-T","ENSG00000125457,ENSG00000132470,ENSG00000167862,ENSG00000167850,ENSG00000109089,ENSG00000189159,ENSG00000167863,ENSG00000109066,ENSG00000125445,ENSG00000263843,ENSG00000125458,ENSG00000266714,ENSG00000196169,ENSG00000161526,ENSG00000161513,ENSG00000172809,ENSG00000177303,ENSG00000132478,ENSG00000141540,ENSG00000239607,ENSG00000161509,ENSG00000170412,ENSG00000132475,ENSG00000204323,ENSG00000172782,ENSG00000125450,ENSG00000125454,ENSG00000180901,ENSG00000167851,ENSG00000186074,ENSG00000167861,ENSG00000172794,ENSG00000125449,ENSG00000178789,ENSG00000186407,ENSG00000246731,ENSG00000263586,ENSG00000109062,ENSG00000125447,ENSG00000109065,ENSG00000132481,ENSG00000092929,ENSG00000182173,ENSG00000073350,ENSG00000132471,ENSG00000232724,ENSG00000108469,ENSG00000177885,ENSG00000266980,ENSG00000188612,ENSG00000170190,ENSG00000267801,ENSG00000108479,ENSG00000259120,ENSG00000177728","ENSG00000265469,ENSG00000263574,ENSG00000186074,ENSG00000125457,ENSG00000186407,ENSG00000125458,ENSG00000132481,ENSG00000172794,ENSG00000243514,ENSG00000125450,ENSG00000265935,ENSG00000073350,ENSG00000109089,ENSG00000263843,ENSG00000264750,ENSG00000246731,ENSG00000125454,ENSG00000167851,ENSG00000265927,ENSG00000177728,ENSG00000170412,ENSG00000108479,ENSG00000172782,ENSG00000109062,ENSG00000161526,ENSG00000177338,ENSG00000264985,ENSG00000263586,ENSG00000177303,ENSG00000263893,ENSG00000200783,ENSG00000125449,ENSG00000234721,ENSG00000132471,ENSG00000167862,ENSG00000167861,ENSG00000132475,ENSG00000266714,ENSG00000161513,ENSG00000109066,ENSG00000239607,ENSG00000125447,ENSG00000267801,ENSG00000177885,ENSG00000232724,ENSG00000132470,ENSG00000266980,ENSG00000196169,ENSG00000204323,ENSG00000259120,ENSG00000092929,ENSG00000180901,ENSG00000189159,ENSG00000109065,ENSG00000178789,ENSG00000167863,ENSG00000264196,ENSG00000188612,ENSG00000132478,ENSG00000108469,ENSG00000167850,ENSG00000170190,ENSG00000264026,ENSG00000182173,ENSG00000141540,ENSG00000125445,ENSG00000161509,ENSG00000172809,ENSG00000263680",ENSG00000172782,Liver eQTLs,train
20017289000092196-92196000001391,chr11,"11-71187294-G-T,11-71174452-A-G,11-71166992-T-C,11-71167677-C-T,11-71167765-C-T,11-71169547-G-C,11-71170043-T-C,11-71171003-G-A,11-71171170-T-C,11-71173254-C-T,11-71161063-A-G,11-71165638-T-TTGG,11-71165944-C-CAT,11-71169648-A-G,11-71186476-G-A,11-71187679-C-T,11-71203790-A-C,11-71221248-A-G,11-71225082-G-A,11-71222355-A-G,11-71173747-C-G,11-71184190-C-A,11-71193717-T-C,11-71164046-C-G,11-71164047-C-A,11-71161656-G-A,11-71162785-A-G,11-71163476-T-C,11-71164019-T-C,11-71164471-G-A,11-71164544-A-C,11-71164965-T-A,11-71165625-A-G,11-71167449-G-T,11-71168234-T-C,11-71168715-C-T,11-71170653-T-C,11-71170817-C-T,11-71170905-T-C,11-71171743-AG-A,11-71164121-C-A,11-71168073-A-G,11-71168710-G-A,11-71170770-G-A,11-71171642-G-A,11-71172783-A-C,11-71168035-A-G,11-71171440-A-G,11-71166060-T-TG,11-71158841-A-C,11-71181085-A-G,11-71182185-C-T,11-71183474-C-T,11-71183477-C-T,11-71139061-T-A,11-71139472-T-C,11-71138710-T-C,11-71154204-A-G,11-71155171-C-T,11-71146577-G-A,11-71143266-T-G,11-71150217-C-T,11-71159764-T-G,11-71153459-C-A,11-71154820-G-A,11-71132868-A-G,11-71160395-G-C","ENSG00000137522,ENSG00000172890,ENSG00000158483,ENSG00000149357,ENSG00000255843,ENSG00000162129,ENSG00000165458,ENSG00000162105,ENSG00000110203,ENSG00000165457,ENSG00000254997,ENSG00000110195,ENSG00000228915,ENSG00000137496,ENSG00000241233,ENSG00000248671,ENSG00000254924,ENSG00000184154,ENSG00000284844,ENSG00000214534,ENSG00000254593,ENSG00000110200,ENSG00000244411,ENSG00000251143,ENSG00000254469,ENSG00000137497,ENSG00000204572,ENSG00000279459","ENSG00000279459,ENSG00000255261,ENSG00000149357,ENSG00000255157,ENSG00000263742,ENSG00000110200,ENSG00000165457,ENSG00000110203,ENSG00000241233,ENSG00000256518,ENSG00000228915,ENSG00000172890,ENSG00000254805,ENSG00000225805,ENSG00000254997,ENSG00000162129,ENSG00000257075,ENSG00000252902,ENSG00000248671,ENSG00000184154,ENSG00000255319,ENSG00000204571,ENSG00000137497,ENSG00000254469,ENSG00000254495,ENSG00000158483,ENSG00000184055,ENSG00000221333,ENSG00000172900,ENSG00000285933,ENSG00000255415,ENSG00000207196,ENSG00000254924,ENSG00000207012,ENSG00000255860,ENSG00000110195,ENSG00000284844,ENSG00000248903,ENSG00000284625,ENSG00000255329,ENSG00000255562,ENSG00000255296,ENSG00000137496,ENSG00000251143,ENSG00000254972,ENSG00000137522,ENSG00000255539,ENSG00000204572,ENSG00000236262,ENSG00000165458,ENSG00000214534,ENSG00000184276,ENSG00000239481,ENSG00000162105,ENSG00000244411,ENSG00000171671,ENSG00000255843,ENSG00000254593,ENSG00000280089,ENSG00000278349,ENSG00000249387,ENSG00000263744",ENSG00000172890,Liver eQTLs,train
20017295400092196-92196000004250,chr2,"2-30666904-A-G,2-30666530-C-G,2-30674485-G-A,2-30667700-C-T,2-30670973-T-C,2-30671843-C-G,2-30672329-A-G,2-30673060-C-G,2-30673147-G-A,2-30673283-GGGA-G,2-30673288-C-CTT,2-30673290-C-A,2-30674259-A-C,2-30675826-A-G,2-30676296-T-G,2-30676422-C-T,2-30676878-A-G,2-30677126-T-C,2-30677275-A-G,2-30678838-G-C,2-30680450-C-G,2-30680616-C-T,2-30682630-T-A,2-30683730-A-G,2-30696720-A-G,2-30777908-T-G,2-30778584-C-T,2-30674431-T-A,2-30676618-G-A,2-30670037-T-C,2-30670010-G-A,2-30728359-T-G,2-30730513-C-CT,2-30738382-G-A,2-30739241-G-C,2-30739530-T-C,2-30739772-A-G,2-30742514-G-A,2-30695756-T-C,2-30696067-G-A,2-30704331-A-AG,2-30705706-G-A,2-30705820-T-C,2-30717955-CT-C,2-30718241-A-G,2-30718260-C-T,2-30718809-A-G,2-30718993-T-C,2-30660894-GGTATATA-G,2-30755612-G-C,2-30763821-A-G,2-30766552-A-G,2-30684289-G-C,2-30714648-T-C,2-30717010-C-G,2-30737801-T-G,2-30657532-A-T,2-30657761-C-T,2-30661716-A-G,2-30662023-G-A,2-30677485-AT-A","ENSG00000172954,ENSG00000158125,ENSG00000119801,ENSG00000013016,ENSG00000213626,ENSG00000158089","ENSG00000213620,ENSG00000285984,ENSG00000197644,ENSG00000172954,ENSG00000013016,ENSG00000119801,ENSG00000158089,ENSG00000231712,ENSG00000225943,ENSG00000234579,ENSG00000201671,ENSG00000242699,ENSG00000158125,ENSG00000278908,ENSG00000230118,ENSG00000287658,ENSG00000288553,ENSG00000207187,ENSG00000230737,ENSG00000213626,ENSG00000280154,ENSG00000270422",ENSG00000172954,Liver eQTLs,train
20017299500092196-92196000005242,chr3,"3-35701621-A-G,3-35701630-A-T,3-35702194-T-A,3-35702391-G-T","ENSG00000144681,ENSG00000172995","ENSG00000230830,ENSG00000172995,ENSG00000236158,ENSG00000144681,ENSG00000207625,ENSG00000235534,ENSG00000231382,ENSG00000226489,ENSG00000228767,ENSG00000289420,ENSG00000212442,ENSG00000201315",ENSG00000172995,Liver eQTLs,train
20017319300092196-92196000005026,chr3,"3-122530569-A-G,3-122517786-C-A,3-122518799-G-A,3-122519257-A-C,3-122473354-C-T,3-122473431-C-G,3-122480816-G-A,3-122484015-A-G,3-122495725-C-G,3-122502093-C-T,3-122502307-A-G,3-122504041-A-G,3-122504282-G-A,3-122507436-G-A,3-122511516-G-T,3-122512631-G-A","ENSG00000145103,ENSG00000206527,ENSG00000173193,ENSG00000273454,ENSG00000196981,ENSG00000138463,ENSG00000145088,ENSG00000173175,ENSG00000173200,ENSG00000288806,ENSG00000272758,ENSG00000121552,ENSG00000163406,ENSG00000273033,ENSG00000273123,ENSG00000036828,ENSG00000160124,ENSG00000114023,ENSG00000121542,ENSG00000163840,ENSG00000065485,ENSG00000138496,ENSG00000114030,ENSG00000239523,ENSG00000173226,ENSG00000082684,ENSG00000114013","ENSG00000121542,ENSG00000114030,ENSG00000173175,ENSG00000272758,ENSG00000121552,ENSG00000288806,ENSG00000114023,ENSG00000173226,ENSG00000243544,ENSG00000173200,ENSG00000273454,ENSG00000173193,ENSG00000275348,ENSG00000287977,ENSG00000163840,ENSG00000240236,ENSG00000186103,ENSG00000138463,ENSG00000145088,ENSG00000145103,ENSG00000138496,ENSG00000273033,ENSG00000196981,ENSG00000222057,ENSG00000163406,ENSG00000242531,ENSG00000114013,ENSG00000160124,ENSG00000243918,ENSG00000202388,ENSG00000206527,ENSG00000273123,ENSG00000065485,ENSG00000239523,ENSG00000036828,ENSG00000082684",ENSG00000173193,Liver eQTLs,train
20017320900092196-92196000004317,chr2,"2-61540642-A-C,2-61601163-T-C,2-61460717-C-T,2-61498357-G-T,2-61557164-C-T,2-61549129-C-T,2-61388164-C-G,2-61418343-G-C,2-61552484-T-A,2-61461412-C-T,2-61533480-A-G,2-61616653-T-G,2-61560080-A-G,2-61687214-A-C,2-61680993-C-G,2-61673278-A-C,2-61638952-T-C,2-61698163-C-T,2-61662555-C-A,2-61596912-T-C,2-61730787-C-A","ENSG00000173209,ENSG00000115484,ENSG00000270820,ENSG00000289410,ENSG00000229839,ENSG00000286360,ENSG00000162928,ENSG00000237522,ENSG00000170264,ENSG00000115421,ENSG00000162924,ENSG00000173163,ENSG00000162927,ENSG00000273302,ENSG00000082898,ENSG00000162929,ENSG00000170340,ENSG00000115464,ENSG00000236498,ENSG00000232713","ENSG00000278523,ENSG00000229839,ENSG00000230702,ENSG00000271707,ENSG00000206973,ENSG00000271146,ENSG00000237522,ENSG00000271243,ENSG00000241524,ENSG00000271657,ENSG00000173163,ENSG00000229831,ENSG00000234624,ENSG00000173209,ENSG00000232713,ENSG00000239958,ENSG00000242158,ENSG00000233702,ENSG00000236498,ENSG00000082898,ENSG00000115484,ENSG00000252718,ENSG00000226884,ENSG00000289247,ENSG00000228414,ENSG00000213486,ENSG00000162924,ENSG00000277498,ENSG00000270335,ENSG00000162929,ENSG00000201076,ENSG00000286360,ENSG00000162927,ENSG00000170340,ENSG00000213495,ENSG00000237024,ENSG00000289410,ENSG00000227361,ENSG00000162928,ENSG00000206937,ENSG00000273302,ENSG00000115464,ENSG00000241625,ENSG00000271134,ENSG00000270820,ENSG00000115421,ENSG00000222251,ENSG00000266097,ENSG00000170264",ENSG00000173209,Liver eQTLs,train
20017321400092196-92196000005988,chr6,"6-111609975-CTT-C,6-111608300-G-A,6-111580154-T-C,6-111582038-T-A,6-111585382-T-C,6-111585721-G-A,6-111586667-C-T,6-111589546-AC-A,6-111592317-G-A,6-111594594-C-T,6-111596666-G-A,6-111598058-A-C,6-111599214-C-T,6-111600406-A-G,6-111603132-C-A,6-111606126-T-C,6-111569151-T-A,6-111572395-T-C,6-111624557-T-A,6-111614786-C-T,6-111615479-G-A,6-111618318-G-A,6-111618384-A-G,6-111550195-G-A,6-111594137-G-A,6-111619453-TAATC-T,6-111619620-G-A,6-111622758-C-T,6-111626672-C-T,6-111628597-C-G,6-111628626-C-T,6-111646002-G-C,6-111558006-A-G,6-111628999-AT-A,6-111644196-A-AC,6-111620294-A-C,6-111568975-CA-C,6-111712718-C-G,6-111761783-G-A,6-111763885-AT-A,6-111769524-T-C,6-111771065-G-GA,6-111772223-T-C,6-111779833-G-T,6-111663858-G-A,6-111675143-A-C,6-111690730-T-G,6-111662338-C-T,6-111663567-C-G,6-111664969-G-A,6-111668167-G-A,6-111677544-A-T,6-111685503-G-GT,6-111686791-C-G,6-111690733-T-G,6-111631907-C-G,6-111643037-G-A,6-111608797-A-T,6-111501484-C-T,6-111528041-T-C,6-111748251-C-CA,6-111488518-G-A,6-111489059-G-T,6-111489308-G-A,6-111490648-T-G,6-111491405-C-G,6-111492436-C-A,6-111499394-G-C,6-111504881-A-C,6-111505499-C-T,6-111524838-T-C,6-111525906-G-A,6-111528221-A-T,6-111537016-T-C,6-111538387-C-T,6-111542388-A-G,6-111544839-C-T,6-111546833-G-C,6-111639296-C-CT,6-111418816-C-G,6-111426029-A-G,6-111429685-C-G,6-111449228-G-A,6-111449766-AAC-A,6-111451467-A-G,6-111467813-G-A,6-111467939-C-CA,6-111467804-TG-T,6-111467804-TG-T,6-111490275-A-G,6-111498116-C-T,6-111500081-C-T,6-111504819-C-T,6-111714447-T-C,6-111722487-A-C,6-111762593-C-G,6-111767459-C-T,6-111775358-C-T,6-111778698-TA-T,6-111779448-T-C,6-111784240-C-G,6-111785030-A-T,6-111794482-T-G,6-111696129-T-A,6-111698204-T-C,6-111767012-C-T,6-111788035-ACT-A,6-111793646-T-A,6-111794658-C-G,6-111800568-G-C,6-111710844-A-G,6-111648057-G-C,6-111650281-C-A,6-111650341-G-C,6-111656067-G-A,6-111674350-C-T,6-111678844-G-A,6-111663600-G-A,6-111430404-G-A,6-111484814-G-A,6-111803797-G-A,6-111446458-A-C,6-111453046-C-T,6-111657576-T-C,6-111433641-A-G,6-111445630-C-T,6-111486242-G-A,6-111415836-A-C,6-111556834-T-C","ENSG00000272356,ENSG00000112761,ENSG00000053328,ENSG00000203778,ENSG00000112394,ENSG00000056972,ENSG00000255389,ENSG00000173214,ENSG00000237234,ENSG00000197498,ENSG00000203797,ENSG00000123505,ENSG00000074935,ENSG00000286616,ENSG00000271789,ENSG00000010810,ENSG00000213149,ENSG00000155111,ENSG00000112769,ENSG00000009413,ENSG00000155115,ENSG00000231889","ENSG00000207044,ENSG00000232299,ENSG00000286616,ENSG00000056972,ENSG00000010810,ENSG00000289256,ENSG00000216663,ENSG00000220392,ENSG00000255389,ENSG00000155115,ENSG00000271789,ENSG00000212587,ENSG00000074935,ENSG00000231889,ENSG00000219150,ENSG00000226440,ENSG00000009413,ENSG00000112394,ENSG00000229276,ENSG00000112761,ENSG00000053328,ENSG00000231046,ENSG00000272356,ENSG00000155111,ENSG00000112769,ENSG00000286914,ENSG00000217041,ENSG00000213150,ENSG00000123505,ENSG00000218803,ENSG00000219773,ENSG00000200522,ENSG00000203797,ENSG00000220506,ENSG00000203778,ENSG00000219329,ENSG00000197498,ENSG00000270661,ENSG00000227012,ENSG00000218676,ENSG00000200926,ENSG00000217770,ENSG00000215807,ENSG00000251258,ENSG00000199360,ENSG00000271607,ENSG00000271208,ENSG00000213149,ENSG00000173214,ENSG00000237234",ENSG00000173214,Liver eQTLs,train
20017322600092196-92196000005016,chr3,"3-121480038-G-A,3-121498038-T-C,3-121507231-A-T,3-121457244-A-T,3-121360227-T-C,3-121363680-C-T,3-121377905-C-A,3-121502662-G-T,3-121528896-G-C,3-121527107-A-T","ENSG00000242445,ENSG00000288868,ENSG00000173200,ENSG00000114023,ENSG00000173230,ENSG00000196981,ENSG00000163406,ENSG00000163840,ENSG00000272758,ENSG00000173226,ENSG00000145103,ENSG00000138496,ENSG00000121552,ENSG00000114013,ENSG00000160124,ENSG00000173193,ENSG00000114030,ENSG00000036828,ENSG00000051341","ENSG00000145103,ENSG00000242531,ENSG00000213371,ENSG00000243257,ENSG00000240236,ENSG00000051341,ENSG00000272758,ENSG00000270782,ENSG00000138496,ENSG00000114030,ENSG00000286827,ENSG00000264477,ENSG00000186103,ENSG00000163840,ENSG00000114023,ENSG00000173230,ENSG00000288868,ENSG00000173200,ENSG00000114013,ENSG00000243813,ENSG00000243593,ENSG00000240452,ENSG00000240774,ENSG00000196981,ENSG00000244441,ENSG00000287977,ENSG00000036828,ENSG00000287366,ENSG00000173226,ENSG00000222057,ENSG00000287022,ENSG00000163406,ENSG00000243544,ENSG00000160124,ENSG00000202388,ENSG00000242103,ENSG00000242445,ENSG00000173193,ENSG00000121552",ENSG00000173226,Liver eQTLs,train
20017353100092196-92196000005306,chr3,"3-49880399-G-A,3-49832788-G-A,3-49863483-C-T,3-49749705-A-C,3-49525218-C-T,3-49577017-A-C,3-49621367-C-T,3-49465162-C-T,3-49606385-G-A,3-49437600-G-C,3-49440568-G-A,3-49565842-C-T,3-49671037-G-A,3-49432404-C-T,3-49448566-A-C,3-49381898-G-A","ENSG00000164078,ENSG00000230454,ENSG00000272434,ENSG00000281691,ENSG00000114737,ENSG00000235016,ENSG00000114302,ENSG00000178537,ENSG00000114349,ENSG00000243477,ENSG00000145022,ENSG00000198218,ENSG00000221883,ENSG00000183763,ENSG00000270441,ENSG00000182179,ENSG00000114353,ENSG00000289504,ENSG00000003756,ENSG00000173531,ENSG00000164061,ENSG00000172046,ENSG00000224424,ENSG00000114378,ENSG00000114735,ENSG00000177479,ENSG00000164077,ENSG00000114383,ENSG00000178149,ENSG00000232352,ENSG00000281358,ENSG00000235908,ENSG00000145020,ENSG00000068001,ENSG00000188338,ENSG00000088543,ENSG00000164062,ENSG00000114395,ENSG00000226913,ENSG00000185614,ENSG00000126062,ENSG00000178252,ENSG00000173540,ENSG00000012171,ENSG00000067560,ENSG00000186792,ENSG00000114738,ENSG00000007402,ENSG00000178035,ENSG00000285416,ENSG00000225399,ENSG00000172037,ENSG00000178467,ENSG00000145029,ENSG00000177352,ENSG00000233276,ENSG00000185909,ENSG00000114388,ENSG00000176095,ENSG00000188315,ENSG00000068028,ENSG00000271858,ENSG00000114316,ENSG00000214706,ENSG00000173402,ENSG00000001617,ENSG00000004838,ENSG00000172053,ENSG00000178057,ENSG00000273356,ENSG00000235236,ENSG00000004534","ENSG00000235120,ENSG00000114388,ENSG00000230698,ENSG00000114316,ENSG00000176020,ENSG00000198218,ENSG00000233276,ENSG00000199032,ENSG00000185909,ENSG00000114395,ENSG00000289504,ENSG00000185614,ENSG00000173540,ENSG00000186792,ENSG00000232352,ENSG00000221883,ENSG00000264706,ENSG00000114383,ENSG00000270538,ENSG00000273356,ENSG00000001617,ENSG00000172053,ENSG00000280382,ENSG00000114735,ENSG00000176095,ENSG00000234667,ENSG00000202322,ENSG00000114738,ENSG00000264633,ENSG00000225399,ENSG00000007402,ENSG00000183763,ENSG00000126062,ENSG00000207922,ENSG00000272434,ENSG00000239576,ENSG00000188315,ENSG00000283726,ENSG00000207605,ENSG00000284488,ENSG00000178537,ENSG00000235058,ENSG00000114302,ENSG00000188338,ENSG00000243477,ENSG00000271858,ENSG00000177479,ENSG00000235908,ENSG00000235236,ENSG00000173531,ENSG00000230454,ENSG00000270441,ENSG00000164062,ENSG00000240959,ENSG00000235278,ENSG00000012171,ENSG00000003756,ENSG00000145020,ENSG00000224424,ENSG00000164061,ENSG00000172046,ENSG00000088543,ENSG00000114353,ENSG00000281691,ENSG00000178035,ENSG00000178252,ENSG00000164078,ENSG00000004838,ENSG00000201301,ENSG00000281358,ENSG00000275334,ENSG00000068028,ENSG00000177352,ENSG00000114349,ENSG00000114737,ENSG00000178149,ENSG00000067560,ENSG00000178467,ENSG00000235016,ENSG00000178057,ENSG00000145029,ENSG00000114378,ENSG00000228337,ENSG00000004534,ENSG00000285416,ENSG00000244730,ENSG00000173402,ENSG00000164077,ENSG00000068001,ENSG00000226913,ENSG00000214706,ENSG00000182179,ENSG00000145022,ENSG00000236980,ENSG00000241461,ENSG00000172037,ENSG00000213587",ENSG00000173531,Liver eQTLs,train
20017378600092196-92196000003056,chr17,17-40126133-G-A,"ENSG00000108773,ENSG00000260105,ENSG00000197291,ENSG00000214578,ENSG00000131482,ENSG00000278829,ENSG00000108784,ENSG00000260325,ENSG00000068120,ENSG00000171401,ENSG00000161594,ENSG00000173812,ENSG00000186832,ENSG00000236194,ENSG00000183978,ENSG00000131480,ENSG00000141756,ENSG00000108788,ENSG00000173757,ENSG00000167925,ENSG00000131471,ENSG00000178502,ENSG00000204815,ENSG00000173805,ENSG00000187595,ENSG00000267185,ENSG00000287710,ENSG00000267632,ENSG00000168259,ENSG00000171346,ENSG00000173786,ENSG00000280295,ENSG00000186847,ENSG00000141699,ENSG00000126561,ENSG00000131475,ENSG00000176563,ENSG00000131470,ENSG00000037042,ENSG00000267221,ENSG00000108785,ENSG00000266962,ENSG00000141698,ENSG00000131462,ENSG00000126581,ENSG00000184451,ENSG00000108799,ENSG00000033627,ENSG00000068137,ENSG00000171345,ENSG00000108786,ENSG00000168610,ENSG00000128422,ENSG00000131477,ENSG00000173801,ENSG00000168256,ENSG00000141696,ENSG00000266967,ENSG00000131473,ENSG00000213373,ENSG00000289579,ENSG00000126562,ENSG00000108771,ENSG00000108774,ENSG00000177469,ENSG00000108797,ENSG00000131467","ENSG00000173908,ENSG00000168610,ENSG00000108773,ENSG00000141696,ENSG00000131462,ENSG00000131467,ENSG00000126562,ENSG00000280295,ENSG00000289579,ENSG00000212724,ENSG00000212900,ENSG00000197291,ENSG00000108771,ENSG00000221880,ENSG00000264663,ENSG00000173801,ENSG00000266101,ENSG00000213373,ENSG00000186393,ENSG00000266967,ENSG00000187242,ENSG00000264488,ENSG00000214578,ENSG00000204880,ENSG00000171346,ENSG00000204815,ENSG00000287602,ENSG00000213417,ENSG00000212899,ENSG00000212722,ENSG00000131473,ENSG00000184451,ENSG00000108799,ENSG00000221852,ENSG00000126561,ENSG00000033627,ENSG00000265460,ENSG00000283721,ENSG00000141698,ENSG00000212725,ENSG00000178502,ENSG00000236194,ENSG00000287710,ENSG00000171401,ENSG00000141756,ENSG00000108774,ENSG00000173805,ENSG00000252618,ENSG00000279775,ENSG00000265799,ENSG00000213416,ENSG00000183978,ENSG00000176563,ENSG00000108785,ENSG00000287644,ENSG00000241241,ENSG00000128422,ENSG00000212901,ENSG00000037042,ENSG00000168259,ENSG00000267221,ENSG00000068137,ENSG00000188581,ENSG00000284144,ENSG00000141699,ENSG00000204897,ENSG00000131471,ENSG00000131470,ENSG00000237230,ENSG00000229028,ENSG00000108784,ENSG00000224244,ENSG00000260325,ENSG00000173786,ENSG00000234477,ENSG00000196859,ENSG00000068120,ENSG00000186832,ENSG00000173757,ENSG00000279806,ENSG00000212721,ENSG00000267632,ENSG00000274621,ENSG00000108797,ENSG00000108788,ENSG00000278346,ENSG00000226117,ENSG00000131480,ENSG00000131482,ENSG00000167925,ENSG00000240871,ENSG00000278829,ENSG00000226776,ENSG00000131475,ENSG00000177469,ENSG00000204887,ENSG00000187595,ENSG00000108786,ENSG00000131477,ENSG00000171345,ENSG00000265178,ENSG00000222881,ENSG00000204889,ENSG00000168256,ENSG00000266962,ENSG00000280177,ENSG00000173812,ENSG00000186847,ENSG00000240125,ENSG00000265359,ENSG00000214518,ENSG00000222777,ENSG00000126581,ENSG00000267185,ENSG00000186075,ENSG00000214546,ENSG00000260105,ENSG00000141748,ENSG00000161594",ENSG00000173786,Liver eQTLs,train
20017400700092196-92196000005207,chr3,"3-196439124-C-G,3-196434364-AGTCTG-A","ENSG00000231443,ENSG00000228109,ENSG00000075711,ENSG00000119231,ENSG00000161267,ENSG00000214135,ENSG00000286004,ENSG00000286017,ENSG00000061938,ENSG00000230732,ENSG00000224652,ENSG00000176945,ENSG00000119227,ENSG00000163958,ENSG00000174004,ENSG00000272989,ENSG00000235897,ENSG00000185798,ENSG00000236833,ENSG00000260261,ENSG00000163964,ENSG00000174007,ENSG00000174013,ENSG00000185485,ENSG00000145113,ENSG00000213123,ENSG00000072274,ENSG00000163961,ENSG00000163960,ENSG00000231464,ENSG00000163959,ENSG00000180370,ENSG00000249626,ENSG00000161217,ENSG00000114503,ENSG00000227375,ENSG00000270170,ENSG00000289396,ENSG00000224614,ENSG00000225578,ENSG00000286909,ENSG00000163975,ENSG00000213519","ENSG00000282206,ENSG00000201441,ENSG00000206892,ENSG00000206644,ENSG00000289446,ENSG00000161217,ENSG00000237418,ENSG00000163961,ENSG00000228109,ENSG00000286661,ENSG00000265850,ENSG00000174007,ENSG00000163975,ENSG00000075711,ENSG00000163960,ENSG00000145113,ENSG00000119231,ENSG00000225822,ENSG00000163958,ENSG00000286870,ENSG00000185798,ENSG00000286168,ENSG00000212146,ENSG00000174004,ENSG00000289396,ENSG00000286017,ENSG00000061938,ENSG00000252174,ENSG00000272359,ENSG00000272989,ENSG00000260261,ENSG00000224652,ENSG00000265882,ENSG00000225240,ENSG00000236425,ENSG00000213519,ENSG00000223783,ENSG00000249626,ENSG00000180370,ENSG00000289219,ENSG00000286004,ENSG00000230732,ENSG00000235897,ENSG00000270170,ENSG00000161267,ENSG00000174013,ENSG00000114503,ENSG00000225770,ENSG00000226345,ENSG00000231443,ENSG00000236833,ENSG00000119227,ENSG00000224614,ENSG00000236844,ENSG00000072274,ENSG00000225578,ENSG00000241868,ENSG00000227375,ENSG00000213123,ENSG00000176945,ENSG00000163959,ENSG00000276489,ENSG00000214135,ENSG00000163964,ENSG00000235836,ENSG00000286909,ENSG00000213358,ENSG00000231464,ENSG00000252620,ENSG00000185485,ENSG00000233487",ENSG00000174007,Liver eQTLs,train
20017435800092196-92196000005678,chr5,"5-1187642-G-A,5-1186121-G-A,5-1187074-G-A,5-1187366-A-G,5-1184870-T-C,5-1185385-A-G,5-1187281-T-A,5-1181237-T-C","ENSG00000250848,ENSG00000272347,ENSG00000171368,ENSG00000232615,ENSG00000028310,ENSG00000286388,ENSG00000221990,ENSG00000113504,ENSG00000153395,ENSG00000063438,ENSG00000249915,ENSG00000071539,ENSG00000112877,ENSG00000249201,ENSG00000188818,ENSG00000145494,ENSG00000188002,ENSG00000251532,ENSG00000289088,ENSG00000225138,ENSG00000171421,ENSG00000271119,ENSG00000174358,ENSG00000206077,ENSG00000288930,ENSG00000145506,ENSG00000271781,ENSG00000164366,ENSG00000073578,ENSG00000066230,ENSG00000185986,ENSG00000049656,ENSG00000215246,ENSG00000188242,ENSG00000180104","ENSG00000249326,ENSG00000249966,ENSG00000263746,ENSG00000288930,ENSG00000188242,ENSG00000260066,ENSG00000164363,ENSG00000164362,ENSG00000263834,ENSG00000279222,ENSG00000249731,ENSG00000250417,ENSG00000288763,ENSG00000066230,ENSG00000153395,ENSG00000185986,ENSG00000249201,ENSG00000174358,ENSG00000250173,ENSG00000145506,ENSG00000287486,ENSG00000188818,ENSG00000248994,ENSG00000289088,ENSG00000249908,ENSG00000185028,ENSG00000215246,ENSG00000113504,ENSG00000164366,ENSG00000273742,ENSG00000250848,ENSG00000247872,ENSG00000264233,ENSG00000261434,ENSG00000171368,ENSG00000188002,ENSG00000028310,ENSG00000250645,ENSG00000263670,ENSG00000214278,ENSG00000225138,ENSG00000071539,ENSG00000249915,ENSG00000251532,ENSG00000248951,ENSG00000288549,ENSG00000201026,ENSG00000180104,ENSG00000271781,ENSG00000248597,ENSG00000271119,ENSG00000113430,ENSG00000248949,ENSG00000221990,ENSG00000249650,ENSG00000286388,ENSG00000063438,ENSG00000249116,ENSG00000112877,ENSG00000145494,ENSG00000171421,ENSG00000073578,ENSG00000049656,ENSG00000206077,ENSG00000287600,ENSG00000272347,ENSG00000288108,ENSG00000232615,ENSG00000250385",ENSG00000174358,Liver eQTLs,train
20017437300092196-92196000002126,chr14,"14-36061838-C-G,14-36065300-G-C,14-36079582-G-A,14-36079583-G-C,14-36087086-T-TA,14-36039043-C-T,14-36108203-AAG-A,14-36306407-G-C,14-36325783-AG-A,14-36044417-T-C,14-36083323-T-C,14-36106675-A-C,14-36109361-C-G,14-36326460-T-A,14-36132999-G-A,14-36133754-T-C,14-36142579-T-A,14-36235211-C-T,14-36236931-A-G,14-36265365-A-G,14-36269996-A-G,14-36273776-AAAATAAATAAATAAAT-A,14-36021362-G-T,14-36009484-G-A,14-36111609-C-T,14-36137394-A-G,14-36146887-A-C,14-36189969-T-C,14-36211074-C-G,14-36224052-T-C,14-36127354-T-C,14-36202799-T-A,14-36225260-C-G,14-36108149-A-G,14-36321116-T-C,14-36126710-T-TA,14-36252840-C-G,14-36078442-A-G,14-36026338-G-A,14-36093443-G-T,14-36299256-G-A,14-35996987-G-A,14-35997917-A-T,14-36166541-TTTTTG-T,14-36218320-T-C,14-36040892-A-T,14-36035727-C-A,14-36076048-C-T,14-36084812-T-G,14-36114027-G-A,14-36267078-C-CT,14-36047997-T-C,14-36050531-A-C,14-36080985-T-C,14-36094281-T-C,14-36080711-G-GA,14-36067553-G-C,14-36072622-C-A,14-36198782-C-T,14-36211153-G-A,14-36116089-G-T,14-36168575-A-G,14-36188605-C-T,14-36226413-C-T,14-36247509-G-A,14-36253814-A-G,14-36256272-A-G,14-36258418-G-C,14-36258496-C-A,14-36259731-TA-T,14-36267977-C-G,14-36268629-G-A,14-36114597-A-G,14-36031447-T-C,14-36043941-G-A,14-36206674-TGTTCACAGTTGGGC-T,14-36117540-C-T,14-36194086-A-G,14-36166496-G-C,14-36187889-G-A,14-36187890-C-T,14-36227146-A-C,14-36237541-C-T,14-36242166-G-A,14-36233273-G-A,14-36029197-T-C,14-36122533-T-C,14-36189650-C-A,14-36224476-T-C,14-36024634-C-T,14-36279119-C-T,14-36251308-A-G,14-36264279-T-C,14-36268384-A-G,14-36154749-G-A,14-36186182-C-A,14-36190841-G-A,14-36251593-C-T,14-36124335-A-G,14-36081830-C-T,14-36205291-T-C,14-36181656-G-A,14-36181828-C-T,14-36129971-A-C","ENSG00000258738,ENSG00000279434,ENSG00000151327,ENSG00000100883,ENSG00000151332,ENSG00000258938,ENSG00000165410,ENSG00000129515,ENSG00000100902,ENSG00000174373,ENSG00000198604,ENSG00000100906,ENSG00000226677,ENSG00000092020,ENSG00000100916,ENSG00000258704,ENSG00000100890","ENSG00000198604,ENSG00000258342,ENSG00000258601,ENSG00000259017,ENSG00000266327,ENSG00000252312,ENSG00000282625,ENSG00000258860,ENSG00000165410,ENSG00000258783,ENSG00000259022,ENSG00000243730,ENSG00000136327,ENSG00000258738,ENSG00000229415,ENSG00000257585,ENSG00000226677,ENSG00000258300,ENSG00000258938,ENSG00000100916,ENSG00000256243,ENSG00000100906,ENSG00000258467,ENSG00000129515,ENSG00000282308,ENSG00000257614,ENSG00000289098,ENSG00000174373,ENSG00000241052,ENSG00000259090,ENSG00000100902,ENSG00000258704,ENSG00000238540,ENSG00000100890,ENSG00000257826,ENSG00000092020,ENSG00000151332,ENSG00000100883,ENSG00000257720,ENSG00000259105,ENSG00000253059,ENSG00000283098,ENSG00000253563,ENSG00000279434,ENSG00000201395,ENSG00000188831,ENSG00000258661,ENSG00000257272,ENSG00000258844,ENSG00000258690,ENSG00000259104,ENSG00000151327,ENSG00000257307",ENSG00000174373,Liver eQTLs,train
20017456400092196-92196000005082,chr3,"3-136677793-CTG-C,3-136685735-G-T,3-136685729-G-C,3-136685732-T-C,3-136680568-C-T,3-136681149-T-C,3-136688618-G-A,3-136676303-C-T,3-136676391-CTTCT-C,3-136676496-T-C,3-136676525-A-T,3-136677472-G-A,3-136677645-T-C,3-136678161-C-G,3-136678385-G-C,3-136685959-C-G,3-136691586-T-A,3-136691585-T-A,3-136691177-G-A,3-136692009-G-A,3-136692620-A-T,3-136693485-G-A,3-136693721-C-T,3-136697506-C-T,3-136697786-C-T,3-136698330-C-G,3-136699078-T-C,3-136700549-C-A,3-136701295-G-T,3-136703121-A-C,3-136703365-A-T,3-136703474-G-T,3-136678781-C-G,3-136677496-C-G,3-136690391-A-G,3-136692037-T-C,3-136693459-A-G,3-136695667-G-A,3-136699561-C-A,3-136695706-A-G,3-136703130-G-C,3-136704008-T-C,3-136706206-T-C,3-136702414-A-G,3-136706428-C-A,3-136698491-CTG-C,3-136700455-G-A,3-136705804-C-T,3-136709924-G-A,3-136710519-C-T,3-136709066-G-A","ENSG00000114054,ENSG00000158092,ENSG00000118007,ENSG00000239213,ENSG00000073711,ENSG00000174579,ENSG00000273486,ENSG00000240695,ENSG00000174564,ENSG00000273455,ENSG00000168917","ENSG00000242222,ENSG00000252914,ENSG00000174579,ENSG00000242968,ENSG00000118007,ENSG00000114054,ENSG00000158092,ENSG00000240695,ENSG00000201325,ENSG00000073711,ENSG00000286915,ENSG00000273455,ENSG00000227267,ENSG00000174564,ENSG00000273486,ENSG00000249407,ENSG00000168917,ENSG00000241905,ENSG00000243886,ENSG00000244740,ENSG00000214283,ENSG00000200571,ENSG00000244101,ENSG00000239213",ENSG00000174564,Liver eQTLs,train
20017494500092196-92196000006679,chr7,7-2716679-A-G,"ENSG00000236081,ENSG00000146535,ENSG00000106268,ENSG00000198286,ENSG00000106266,ENSG00000106003,ENSG00000106012,ENSG00000174945,ENSG00000122687,ENSG00000136295,ENSG00000136213,ENSG00000106009,ENSG00000288792,ENSG00000106263,ENSG00000002822,ENSG00000146555","ENSG00000136295,ENSG00000231357,ENSG00000236081,ENSG00000198286,ENSG00000106268,ENSG00000237286,ENSG00000174945,ENSG00000106012,ENSG00000264357,ENSG00000122687,ENSG00000224593,ENSG00000271163,ENSG00000201794,ENSG00000271098,ENSG00000002822,ENSG00000136213,ENSG00000228334,ENSG00000231892,ENSG00000275572,ENSG00000288792,ENSG00000236708,ENSG00000146555,ENSG00000106009,ENSG00000289352,ENSG00000284047,ENSG00000230914,ENSG00000106003,ENSG00000236510,ENSG00000217455,ENSG00000265089,ENSG00000106266,ENSG00000146535,ENSG00000106263",ENSG00000174945,Liver eQTLs,train
20017498900092196-92196000001543,chr12,"12-117423264-G-A,12-117454297-A-AT,12-117373618-G-A,12-117435999-G-C,12-117394024-G-A,12-117420780-A-C,12-117434212-A-T,12-117347537-GAT-G,12-117413958-C-T,12-117361948-A-C,12-117386085-A-C,12-117388564-G-A,12-117362212-G-A,12-117363044-T-G,12-117392105-G-A,12-117425436-A-G,12-117362453-G-A,12-117363855-G-A,12-117364279-G-T,12-117368558-C-T,12-117370082-A-G,12-117408215-G-A,12-117385151-G-C,12-117403938-C-T,12-117462582-C-T,12-117440220-G-A,12-117367348-CT-C,12-117435016-T-C,12-117452922-A-G,12-117463906-T-C,12-117349014-C-G,12-117353716-G-A,12-117366299-A-G,12-117442304-G-A,12-117407500-C-T,12-117409131-T-C,12-117432004-A-G,12-117442902-A-G,12-117450488-A-T,12-117369445-G-A,12-117363457-T-A,12-117363831-A-G,12-117366338-C-A,12-117374508-G-A,12-117384409-G-C,12-117422115-C-T,12-117425040-G-A,12-117441289-A-ATTG,12-117467372-G-A,12-117468367-C-G,12-117341429-G-A,12-117343989-A-T,12-117424974-C-T,12-117425072-A-G,12-117436872-A-G,12-117438939-T-C,12-117360679-T-G,12-117365506-G-A,12-117380961-G-A,12-117352557-G-A,12-117420138-C-G,12-117421922-G-A,12-117406001-G-C,12-117435371-C-T,12-117436185-C-CT,12-117437451-G-A,12-117363166-G-T,12-117369341-C-T,12-117396097-G-C,12-117410159-G-T,12-117424506-T-A,12-117430849-A-G,12-117436526-TC-T,12-117443591-C-T,12-117451040-CCAT-C,12-117422392-G-T,12-117462785-G-A,12-117339835-C-A,12-117458859-G-A,12-117374323-G-A,12-117383320-G-A,12-117398448-T-C,12-117340825-T-G,12-117340824-T-A,12-117476143-G-A,12-117476441-T-G,12-117476896-C-A,12-117477533-C-T,12-117408148-T-C,12-117408443-G-A,12-117464685-A-G,12-117364700-T-C,12-117382290-C-T,12-117361951-GGTTGTCCATTTTCATGTTTTTAAGTCAGT-G,12-117363050-G-A,12-117389979-T-C,12-117390339-T-C,12-117390410-G-A,12-117391183-C-G,12-117353237-A-G,12-117474662-G-A,12-117349976-GT-G,12-117404767-C-A,12-117396822-C-T,12-117465714-G-C,12-117471023-T-C,12-117410435-G-C,12-117354785-C-T,12-117341626-A-AATAC,12-117361093-A-T","ENSG00000196668,ENSG00000258102,ENSG00000088992,ENSG00000111412,ENSG00000135119,ENSG00000135108,ENSG00000123066,ENSG00000174989","ENSG00000256071,ENSG00000135119,ENSG00000257465,ENSG00000258249,ENSG00000264037,ENSG00000174989,ENSG00000123066,ENSG00000257654,ENSG00000196668,ENSG00000275467,ENSG00000135108,ENSG00000111412,ENSG00000275898,ENSG00000088992,ENSG00000201382,ENSG00000135116,ENSG00000258018,ENSG00000240100,ENSG00000274859,ENSG00000258102,ENSG00000258285",ENSG00000174989,Liver eQTLs,train
20017506100092196-92196000002938,chr17,"17-16357850-A-T,17-16360782-A-G,17-16357086-T-A,17-16362764-A-G,17-16363695-C-T,17-16358222-ATTTCT-A,17-16358841-C-T,17-16368112-A-G,17-16358144-G-C,17-16358144-G-C,17-16367370-A-C,17-16362978-C-T,17-16364761-G-A,17-16365086-A-G,17-16365166-C-T,17-16365329-C-T,17-16366087-A-T,17-16341867-G-A,17-16359955-A-G,17-16360151-G-A,17-16355949-C-G,17-16356000-A-G,17-16356051-C-A,17-16356432-A-G,17-16355043-C-T,17-16355746-ATTTT-A,17-16355746-ATTTT-A,17-16342833-T-C,17-16355494-G-C,17-16355473-C-CTGGGCAATATAGGGCAATA,17-16351856-C-T,17-16353050-C-G,17-16353617-T-G,17-16353617-T-G,17-16353694-T-C,17-16356662-GCACACACA-G,17-16351745-A-G,17-16351816-G-C,17-16353374-GTGAAGGCCTGGGGCC-G,17-16356622-A-G,17-16359356-G-A,17-16357706-A-G,17-16346484-T-C,17-16372769-C-T,17-16337583-C-T","ENSG00000266651,ENSG00000227300,ENSG00000227782,ENSG00000265519,ENSG00000241322,ENSG00000263624,ENSG00000214941,ENSG00000240505,ENSG00000166582,ENSG00000235554,ENSG00000170425,ENSG00000287910,ENSG00000197566,ENSG00000141027,ENSG00000108474,ENSG00000221926,ENSG00000239704,ENSG00000215030,ENSG00000154803,ENSG00000133030,ENSG00000205309,ENSG00000275413,ENSG00000011295,ENSG00000181350,ENSG00000175106,ENSG00000223878,ENSG00000141040,ENSG00000205312,ENSG00000179277,ENSG00000170315,ENSG00000170160,ENSG00000187688,ENSG00000187607,ENSG00000188933,ENSG00000266498,ENSG00000288235,ENSG00000283033,ENSG00000179598,ENSG00000128438,ENSG00000276855,ENSG00000141030,ENSG00000265095,ENSG00000278864,ENSG00000175061","ENSG00000266651,ENSG00000108474,ENSG00000131885,ENSG00000108452,ENSG00000266803,ENSG00000230969,ENSG00000205312,ENSG00000279567,ENSG00000264729,ENSG00000251829,ENSG00000266667,ENSG00000252446,ENSG00000141040,ENSG00000197566,ENSG00000287910,ENSG00000276088,ENSG00000214941,ENSG00000011295,ENSG00000233193,ENSG00000239221,ENSG00000267227,ENSG00000263624,ENSG00000179598,ENSG00000199674,ENSG00000239888,ENSG00000227790,ENSG00000229749,ENSG00000233090,ENSG00000227782,ENSG00000227018,ENSG00000266538,ENSG00000233979,ENSG00000275413,ENSG00000227255,ENSG00000221926,ENSG00000141030,ENSG00000252383,ENSG00000227300,ENSG00000265519,ENSG00000265095,ENSG00000243370,ENSG00000264673,ENSG00000205309,ENSG00000252129,ENSG00000240505,ENSG00000237057,ENSG00000276855,ENSG00000215030,ENSG00000283033,ENSG00000175106,ENSG00000265853,ENSG00000264739,ENSG00000230709,ENSG00000175061,ENSG00000241322,ENSG00000266129,ENSG00000141027,ENSG00000233002,ENSG00000170315,ENSG00000264359,ENSG00000133030,ENSG00000221355,ENSG00000235554,ENSG00000128438,ENSG00000288235,ENSG00000187607,ENSG00000278864,ENSG00000235430,ENSG00000287114,ENSG00000179277,ENSG00000264765,ENSG00000206859,ENSG00000239704,ENSG00000170160,ENSG00000266498,ENSG00000231458,ENSG00000166582,ENSG00000223878,ENSG00000170425,ENSG00000154803,ENSG00000188933,ENSG00000286743,ENSG00000264892,ENSG00000187688,ENSG00000181350",ENSG00000175061,Liver eQTLs,train
20017516400092196-92196000007299,chr9,"9-136132908-T-TC,9-136139265-C-A,9-136142355-G-A,9-136143120-A-G,9-136143212-G-A,9-136145118-C-T,9-136143121-T-C,9-136142217-T-G,9-136149095-CA-C,9-136149098-T-A,9-136137065-A-G,9-136137106-G-A,9-136149229-T-C,9-136144297-A-G,9-136144308-T-C,9-136144309-G-A,9-136149500-T-C,9-136145419-C-A,9-136143372-C-T,9-136145484-A-T,9-136146068-A-AT,9-136144284-T-A,9-136144427-T-C,9-136144873-C-T,9-136144960-G-A,9-136144994-G-A,9-136145240-C-T,9-136145471-A-G,9-136145974-A-G,9-136146046-G-A,9-136146077-T-G,9-136146227-A-T,9-136146664-T-A,9-136147160-C-T,9-136143000-A-T,9-136145907-G-GA,9-136146448-TAAGAC-T,9-136146431-C-T,9-136142203-A-C,9-136145993-AAGAAGGGAAATTAATAAATATT-A,9-136143442-A-G","ENSG00000160323,ENSG00000165699,ENSG00000148303,ENSG00000175164,ENSG00000196990,ENSG00000225756,ENSG00000169925,ENSG00000235106,ENSG00000165698,ENSG00000125484,ENSG00000160271,ENSG00000160325,ENSG00000148308,ENSG00000197859,ENSG00000148288,ENSG00000125485,ENSG00000107290,ENSG00000148296,ENSG00000196363,ENSG00000148300,ENSG00000289220,ENSG00000224992,ENSG00000160326,ENSG00000148290,ENSG00000165695,ENSG00000273473,ENSG00000148248,ENSG00000160293,ENSG00000196205,ENSG00000198870,ENSG00000170835,ENSG00000235138,ENSG00000288989,ENSG00000148297,ENSG00000123454,ENSG00000125482,ENSG00000148291,ENSG00000123453","ENSG00000165695,ENSG00000198454,ENSG00000224992,ENSG00000265806,ENSG00000165699,ENSG00000169925,ENSG00000224045,ENSG00000107290,ENSG00000148308,ENSG00000160271,ENSG00000148288,ENSG00000125482,ENSG00000160325,ENSG00000165643,ENSG00000148300,ENSG00000148296,ENSG00000235138,ENSG00000235572,ENSG00000197859,ENSG00000199161,ENSG00000236394,ENSG00000278756,ENSG00000122133,ENSG00000229257,ENSG00000125485,ENSG00000204007,ENSG00000160349,ENSG00000125484,ENSG00000198870,ENSG00000170835,ENSG00000123453,ENSG00000160323,ENSG00000178243,ENSG00000160293,ENSG00000235106,ENSG00000289220,ENSG00000196363,ENSG00000148290,ENSG00000224662,ENSG00000199411,ENSG00000224682,ENSG00000225756,ENSG00000175164,ENSG00000148297,ENSG00000265181,ENSG00000196990,ENSG00000288989,ENSG00000148291,ENSG00000196205,ENSG00000263403,ENSG00000148386,ENSG00000227958,ENSG00000160326,ENSG00000266507,ENSG00000165698,ENSG00000148303,ENSG00000148248,ENSG00000237339,ENSG00000123454,ENSG00000283769,ENSG00000273473,ENSG00000122136,ENSG00000236543",ENSG00000175164,Liver eQTLs,train
20017522000092196-92196000001267,chr11,"11-46744925-G-C,11-46722221-T-C,11-46723603-G-A,11-46723937-G-A,11-46730329-A-G,11-46730522-A-G,11-46750638-T-C,11-46734805-T-TA,11-46729872-T-C,11-46714279-T-C,11-46704106-G-T,11-46691737-A-G,11-46759571-A-G,11-46695414-T-C,11-46798631-A-G,11-46898771-T-C,11-46851459-C-T,11-46840119-TG-T,11-46842045-C-T,11-46897253-G-C","ENSG00000149091,ENSG00000165915,ENSG00000110497,ENSG00000121653,ENSG00000165923,ENSG00000134574,ENSG00000134575,ENSG00000175216,ENSG00000165916,ENSG00000123444,ENSG00000205106,ENSG00000180210,ENSG00000135365,ENSG00000165912,ENSG00000175224,ENSG00000172247,ENSG00000255197,ENSG00000175220,ENSG00000109919,ENSG00000270060,ENSG00000110492,ENSG00000121671,ENSG00000213619,ENSG00000165917,ENSG00000157613,ENSG00000256897,ENSG00000149187,ENSG00000121680,ENSG00000025434,ENSG00000181830,ENSG00000149182,ENSG00000165905,ENSG00000180423,ENSG00000244313,ENSG00000134571,ENSG00000110536,ENSG00000110514,ENSG00000066336","ENSG00000286450,ENSG00000110497,ENSG00000121671,ENSG00000285658,ENSG00000110492,ENSG00000181830,ENSG00000212135,ENSG00000270072,ENSG00000123444,ENSG00000255314,ENSG00000175224,ENSG00000263540,ENSG00000255269,ENSG00000025434,ENSG00000252427,ENSG00000165915,ENSG00000265559,ENSG00000255007,ENSG00000264102,ENSG00000244313,ENSG00000157613,ENSG00000134575,ENSG00000255197,ENSG00000165912,ENSG00000205106,ENSG00000109919,ENSG00000175220,ENSG00000134574,ENSG00000256746,ENSG00000165916,ENSG00000149187,ENSG00000180210,ENSG00000254871,ENSG00000283338,ENSG00000175216,ENSG00000254639,ENSG00000180423,ENSG00000121653,ENSG00000110514,ENSG00000264583,ENSG00000200376,ENSG00000265014,ENSG00000149091,ENSG00000066336,ENSG00000255520,ENSG00000165905,ENSG00000271350,ENSG00000172247,ENSG00000149182,ENSG00000254653,ENSG00000165917,ENSG00000165923,ENSG00000255447,ENSG00000135365,ENSG00000121680,ENSG00000110536,ENSG00000213619,ENSG00000134571,ENSG00000270060,ENSG00000256897",ENSG00000175220,Liver eQTLs,train
20017551800092196-92196000001280,chr11,"11-5641917-G-A,11-5642026-A-T,11-5641710-A-C,11-5641756-G-A,11-5641911-C-A,11-5642001-T-C","ENSG00000121236,ENSG00000179532,ENSG00000132256,ENSG00000213931,ENSG00000170955,ENSG00000132286,ENSG00000166340,ENSG00000051009,ENSG00000110171,ENSG00000244734,ENSG00000267940,ENSG00000166333,ENSG00000180878,ENSG00000132274,ENSG00000213934,ENSG00000132254,ENSG00000166337,ENSG00000254595,ENSG00000175518,ENSG00000110169,ENSG00000181074,ENSG00000223609,ENSG00000196565,ENSG00000132259,ENSG00000166311,ENSG00000132275,ENSG00000258659,ENSG00000166313","ENSG00000166311,ENSG00000225003,ENSG00000196565,ENSG00000176787,ENSG00000254831,ENSG00000132275,ENSG00000166333,ENSG00000202147,ENSG00000110169,ENSG00000184478,ENSG00000230484,ENSG00000289150,ENSG00000213934,ENSG00000183313,ENSG00000270435,ENSG00000167346,ENSG00000180919,ENSG00000249633,ENSG00000181017,ENSG00000197023,ENSG00000180723,ENSG00000205495,ENSG00000176951,ENSG00000205497,ENSG00000229093,ENSG00000258659,ENSG00000233646,ENSG00000167332,ENSG00000175518,ENSG00000272634,ENSG00000273085,ENSG00000223609,ENSG00000121236,ENSG00000176925,ENSG00000184698,ENSG00000051009,ENSG00000181109,ENSG00000272559,ENSG00000280021,ENSG00000254595,ENSG00000175485,ENSG00000248424,ENSG00000224091,ENSG00000197674,ENSG00000278870,ENSG00000132274,ENSG00000254444,ENSG00000236359,ENSG00000176752,ENSG00000231070,ENSG00000213931,ENSG00000166313,ENSG00000132286,ENSG00000201980,ENSG00000205494,ENSG00000183269,ENSG00000183389,ENSG00000233563,ENSG00000181074,ENSG00000262980,ENSG00000170955,ENSG00000205409,ENSG00000179532,ENSG00000279012,ENSG00000230087,ENSG00000187918,ENSG00000176748,ENSG00000110171,ENSG00000181609,ENSG00000176798,ENSG00000234895,ENSG00000180909,ENSG00000176895,ENSG00000183251,ENSG00000176922,ENSG00000236248,ENSG00000229988,ENSG00000273051,ENSG00000203560,ENSG00000176904,ENSG00000187747,ENSG00000255680,ENSG00000198217,ENSG00000285498,ENSG00000248553,ENSG00000279270,ENSG00000197984,ENSG00000254443,ENSG00000277514,ENSG00000232381,ENSG00000271602,ENSG00000223735,ENSG00000181023,ENSG00000277932,ENSG00000180974,ENSG00000132254,ENSG00000255307,ENSG00000254400,ENSG00000167360,ENSG00000176893,ENSG00000188691,ENSG00000255481,ENSG00000171944,ENSG00000236897,ENSG00000182070,ENSG00000181001,ENSG00000180878,ENSG00000176742,ENSG00000224300,ENSG00000180988,ENSG00000132256,ENSG00000166340,ENSG00000167359,ENSG00000272664,ENSG00000132259,ENSG00000237354,ENSG00000267940,ENSG00000180934,ENSG00000260629,ENSG00000205496,ENSG00000236965,ENSG00000230261,ENSG00000181616,ENSG00000180913,ENSG00000184321,ENSG00000176239,ENSG00000176900,ENSG00000226157,ENSG00000244734,ENSG00000166337,ENSG00000227023,ENSG00000181009",ENSG00000175518,Liver eQTLs,train
20017557500092196-92196000001402,chr11,"11-73611349-G-C,11-73615599-G-A,11-73633779-G-A,11-73637156-CTT-C,11-73636213-A-C,11-73664450-G-A,11-73647525-G-A","ENSG00000021300,ENSG00000077514,ENSG00000149380,ENSG00000165434,ENSG00000175536,ENSG00000054938,ENSG00000175575,ENSG00000256148,ENSG00000215841,ENSG00000175538,ENSG00000168014,ENSG00000175564,ENSG00000054965,ENSG00000175567,ENSG00000279353,ENSG00000137478,ENSG00000278879,ENSG00000181924,ENSG00000254837,ENSG00000110237,ENSG00000227615,ENSG00000166439,ENSG00000241170,ENSG00000256898,ENSG00000175582,ENSG00000171631,ENSG00000175581,ENSG00000280269,ENSG00000054967,ENSG00000214517,ENSG00000257038,ENSG00000175591","ENSG00000279353,ENSG00000256568,ENSG00000256898,ENSG00000256189,ENSG00000241170,ENSG00000175564,ENSG00000256148,ENSG00000077514,ENSG00000254837,ENSG00000272036,ENSG00000175536,ENSG00000175575,ENSG00000231726,ENSG00000256681,ENSG00000054965,ENSG00000284736,ENSG00000255847,ENSG00000214517,ENSG00000256347,ENSG00000054938,ENSG00000168014,ENSG00000257038,ENSG00000255444,ENSG00000054967,ENSG00000166439,ENSG00000265064,ENSG00000110237,ENSG00000255440,ENSG00000270323,ENSG00000175538,ENSG00000246211,ENSG00000199975,ENSG00000255786,ENSG00000234751,ENSG00000175591,ENSG00000254631,ENSG00000175581,ENSG00000256723,ENSG00000289625,ENSG00000165434,ENSG00000212961,ENSG00000181924,ENSG00000287425,ENSG00000175582,ENSG00000256034,ENSG00000278879,ENSG00000227615,ENSG00000215841,ENSG00000251919,ENSG00000206638,ENSG00000256007,ENSG00000137478,ENSG00000264402,ENSG00000255808,ENSG00000256098,ENSG00000280269,ENSG00000149380,ENSG00000255928,ENSG00000171631,ENSG00000175567,ENSG00000021300",ENSG00000175575,Liver eQTLs,train
20017558100092196-92196000001401,chr11,"11-73480930-T-C,11-73500926-G-T,11-73488246-C-T","ENSG00000280269,ENSG00000110237,ENSG00000166439,ENSG00000175582,ENSG00000257038,ENSG00000285693,ENSG00000054967,ENSG00000181924,ENSG00000256148,ENSG00000175564,ENSG00000215841,ENSG00000227615,ENSG00000054965,ENSG00000175538,ENSG00000149380,ENSG00000254837,ENSG00000214530,ENSG00000279353,ENSG00000171631,ENSG00000175567,ENSG00000137478,ENSG00000165434,ENSG00000256898,ENSG00000175536,ENSG00000168014,ENSG00000168010,ENSG00000175575,ENSG00000175581,ENSG00000214517,ENSG00000175591,ENSG00000077514,ENSG00000021300,ENSG00000054938","ENSG00000289625,ENSG00000199975,ENSG00000054967,ENSG00000054965,ENSG00000175564,ENSG00000175536,ENSG00000165434,ENSG00000284736,ENSG00000274664,ENSG00000234751,ENSG00000227615,ENSG00000287425,ENSG00000255808,ENSG00000255928,ENSG00000149380,ENSG00000110237,ENSG00000254837,ENSG00000166439,ENSG00000256898,ENSG00000175582,ENSG00000280269,ENSG00000137478,ENSG00000175581,ENSG00000054938,ENSG00000238048,ENSG00000256568,ENSG00000272036,ENSG00000181924,ENSG00000246211,ENSG00000231726,ENSG00000256034,ENSG00000285693,ENSG00000279353,ENSG00000256007,ENSG00000171631,ENSG00000175575,ENSG00000276109,ENSG00000256723,ENSG00000264402,ENSG00000257038,ENSG00000212961,ENSG00000175538,ENSG00000255440,ENSG00000206638,ENSG00000265064,ENSG00000255786,ENSG00000168014,ENSG00000256347,ENSG00000256681,ENSG00000256098,ENSG00000175567,ENSG00000214517,ENSG00000077514,ENSG00000214530,ENSG00000175591,ENSG00000256189,ENSG00000021300,ENSG00000255847,ENSG00000256148,ENSG00000270323,ENSG00000215841,ENSG00000254631,ENSG00000168010,ENSG00000251919",ENSG00000175581,Liver eQTLs,train
20017561100092196-92196000007496,chr9,"9-98650046-A-G,9-98557460-T-C,9-98550264-C-T,9-98553263-C-T,9-98556894-A-G,9-98552763-C-T,9-98640671-T-C,9-98641166-A-G,9-98553143-G-A","ENSG00000081377,ENSG00000223849,ENSG00000225194,ENSG00000081386,ENSG00000224546,ENSG00000285269,ENSG00000224848,ENSG00000182150,ENSG00000130958,ENSG00000233820,ENSG00000271384,ENSG00000165244,ENSG00000271659,ENSG00000175611,ENSG00000185920,ENSG00000158122,ENSG00000196597,ENSG00000158169,ENSG00000275465,ENSG00000286835,ENSG00000236095,ENSG00000130956","ENSG00000182150,ENSG00000236896,ENSG00000165244,ENSG00000196597,ENSG00000225194,ENSG00000223849,ENSG00000277828,ENSG00000287070,ENSG00000233820,ENSG00000227269,ENSG00000275465,ENSG00000277465,ENSG00000229338,ENSG00000224546,ENSG00000175611,ENSG00000270412,ENSG00000081377,ENSG00000271384,ENSG00000252942,ENSG00000222337,ENSG00000201830,ENSG00000130956,ENSG00000236130,ENSG00000286835,ENSG00000267026,ENSG00000214417,ENSG00000287955,ENSG00000271659,ENSG00000081386,ENSG00000229897,ENSG00000240235,ENSG00000224848,ENSG00000285706,ENSG00000236095,ENSG00000130958,ENSG00000158169,ENSG00000260677,ENSG00000185920,ENSG00000234860,ENSG00000212521,ENSG00000158122,ENSG00000278412,ENSG00000224001,ENSG00000285269",ENSG00000175611,Liver eQTLs,train
20017563400092196-92196000001363,chr11,"11-67197757-A-G,11-67229648-CA-C,11-67200819-C-T,11-67202826-G-A,11-67207426-G-A,11-67230184-A-T,11-67205978-G-A,11-67221854-T-C,11-67201008-C-T,11-67202044-G-A,11-67202156-C-T,11-67213284-G-A,11-67213748-G-T,11-67223920-C-G,11-67223921-A-C,11-67253564-T-C,11-67194593-C-T,11-67205462-C-A,11-67199706-C-A,11-67204342-A-G,11-67213518-T-C,11-67235351-A-G,11-67238632-C-T,11-67213956-C-T,11-67196237-T-C,11-67245831-A-G,11-67253673-C-A,11-67248677-A-T,11-67211569-T-C,11-67217518-G-A,11-67224594-T-C,11-67227006-G-A,11-67244644-C-T,11-67252989-T-A,11-67255877-C-T,11-67262286-T-A,11-67257037-C-T,11-67251107-CTT-C,11-67215988-C-G,11-67246630-C-T","ENSG00000251637,ENSG00000286369,ENSG00000172830,ENSG00000275484,ENSG00000173621,ENSG00000175463,ENSG00000173992,ENSG00000006534,ENSG00000110711,ENSG00000162337,ENSG00000084207,ENSG00000179038,ENSG00000231793,ENSG00000173653,ENSG00000255517,ENSG00000172663,ENSG00000239559,ENSG00000255031,ENSG00000173914,ENSG00000160172,ENSG00000173237,ENSG00000174547,ENSG00000175634,ENSG00000110057,ENSG00000173898,ENSG00000173715,ENSG00000167792,ENSG00000110719,ENSG00000110717,ENSG00000172725,ENSG00000239306,ENSG00000174165,ENSG00000132744,ENSG00000174516,ENSG00000287934,ENSG00000172613,ENSG00000175505,ENSG00000167800,ENSG00000110697,ENSG00000172508,ENSG00000110721,ENSG00000173599,ENSG00000275022,ENSG00000182791,ENSG00000110066,ENSG00000255306,ENSG00000175482,ENSG00000254986,ENSG00000173120,ENSG00000173156,ENSG00000172531,ENSG00000175544,ENSG00000173933,ENSG00000173020,ENSG00000173227,ENSG00000171067,ENSG00000255236,ENSG00000174483,ENSG00000174080","ENSG00000284293,ENSG00000110697,ENSG00000202317,ENSG00000213409,ENSG00000255031,ENSG00000239099,ENSG00000173933,ENSG00000251637,ENSG00000179038,ENSG00000254850,ENSG00000266423,ENSG00000175514,ENSG00000206587,ENSG00000285537,ENSG00000173156,ENSG00000167791,ENSG00000110717,ENSG00000160172,ENSG00000283326,ENSG00000110057,ENSG00000167800,ENSG00000173621,ENSG00000132744,ENSG00000174516,ENSG00000227834,ENSG00000239306,ENSG00000254762,ENSG00000287934,ENSG00000173898,ENSG00000175482,ENSG00000175505,ENSG00000110721,ENSG00000201684,ENSG00000254756,ENSG00000162337,ENSG00000173599,ENSG00000254986,ENSG00000173992,ENSG00000172613,ENSG00000172508,ENSG00000276918,ENSG00000171067,ENSG00000255306,ENSG00000184795,ENSG00000173715,ENSG00000254458,ENSG00000110066,ENSG00000231793,ENSG00000254610,ENSG00000255119,ENSG00000172663,ENSG00000173120,ENSG00000255554,ENSG00000275022,ENSG00000254883,ENSG00000167792,ENSG00000174547,ENSG00000254596,ENSG00000235855,ENSG00000255147,ENSG00000110711,ENSG00000173227,ENSG00000199325,ENSG00000253024,ENSG00000172531,ENSG00000173914,ENSG00000173237,ENSG00000255230,ENSG00000173653,ENSG00000275484,ENSG00000174483,ENSG00000254984,ENSG00000239559,ENSG00000182791,ENSG00000239553,ENSG00000254736,ENSG00000172725,ENSG00000243672,ENSG00000084207,ENSG00000255236,ENSG00000172830,ENSG00000273819,ENSG00000175634,ENSG00000254792,ENSG00000227620,ENSG00000173020,ENSG00000110719,ENSG00000174080,ENSG00000175544,ENSG00000174165,ENSG00000250105,ENSG00000286369,ENSG00000276769,ENSG00000201733,ENSG00000255517,ENSG00000283257,ENSG00000006534,ENSG00000175463",ENSG00000175634,Liver eQTLs,train
20017569100092196-92196000003559,chr19,19-2936535-G-A,"ENSG00000104969,ENSG00000065717,ENSG00000099860,ENSG00000105325,ENSG00000141873,ENSG00000011132,ENSG00000183397,ENSG00000065000,ENSG00000186111,ENSG00000161091,ENSG00000099875,ENSG00000095932,ENSG00000172081,ENSG00000007264,ENSG00000125910,ENSG00000167476,ENSG00000267138,ENSG00000060558,ENSG00000172009,ENSG00000175691,ENSG00000064961,ENSG00000141905,ENSG00000105289,ENSG00000088256,ENSG00000188305,ENSG00000267283,ENSG00000179855,ENSG00000104899,ENSG00000099840,ENSG00000178297,ENSG00000267205,ENSG00000129932,ENSG00000104897,ENSG00000279452,ENSG00000183617,ENSG00000105298,ENSG00000176490,ENSG00000287766,ENSG00000171970,ENSG00000125912,ENSG00000288156,ENSG00000104904,ENSG00000005206,ENSG00000130332,ENSG00000172006,ENSG00000186300,ENSG00000161082,ENSG00000099800,ENSG00000104964,ENSG00000267412,ENSG00000104885,ENSG00000006638,ENSG00000104886,ENSG00000280103,ENSG00000104953,ENSG00000176533,ENSG00000176619,ENSG00000226800,ENSG00000077009,ENSG00000261342,ENSG00000133275,ENSG00000220008","ENSG00000105289,ENSG00000266944,ENSG00000125912,ENSG00000099875,ENSG00000172081,ENSG00000005206,ENSG00000226800,ENSG00000178297,ENSG00000173976,ENSG00000104886,ENSG00000088256,ENSG00000252408,ENSG00000266989,ENSG00000064961,ENSG00000267205,ENSG00000267180,ENSG00000065717,ENSG00000261342,ENSG00000172009,ENSG00000267749,ENSG00000287766,ENSG00000104899,ENSG00000286880,ENSG00000266627,ENSG00000060558,ENSG00000288156,ENSG00000130332,ENSG00000099860,ENSG00000161091,ENSG00000105325,ENSG00000007264,ENSG00000266938,ENSG00000176533,ENSG00000161082,ENSG00000276097,ENSG00000104897,ENSG00000006638,ENSG00000221411,ENSG00000186111,ENSG00000104964,ENSG00000179855,ENSG00000183617,ENSG00000176619,ENSG00000288906,ENSG00000129932,ENSG00000267231,ENSG00000011132,ENSG00000065000,ENSG00000267201,ENSG00000186300,ENSG00000267283,ENSG00000077009,ENSG00000267448,ENSG00000267304,ENSG00000283728,ENSG00000104953,ENSG00000220008,ENSG00000167476,ENSG00000133275,ENSG00000263974,ENSG00000267148,ENSG00000095932,ENSG00000104904,ENSG00000104969,ENSG00000267398,ENSG00000266959,ENSG00000267063,ENSG00000183397,ENSG00000125910,ENSG00000188305,ENSG00000279599,ENSG00000289471,ENSG00000267412,ENSG00000105694,ENSG00000104885,ENSG00000277904,ENSG00000267138,ENSG00000176490,ENSG00000141873,ENSG00000172006,ENSG00000284272,ENSG00000279452,ENSG00000175691,ENSG00000286460,ENSG00000105298,ENSG00000279590,ENSG00000099800,ENSG00000280103,ENSG00000284638,ENSG00000141905,ENSG00000171970,ENSG00000099840,ENSG00000252962",ENSG00000175691,Liver eQTLs,train
20017576400092196-92196000007250,chr9,"9-124848034-C-T,9-124840061-T-C,9-124808525-C-T,9-124835368-T-C,9-124848181-C-T,9-124851383-C-G,9-124837217-G-A,9-124811076-C-A,9-124811152-C-G,9-124815456-G-C,9-124816069-C-T,9-124821226-G-A,9-124844807-G-A,9-124799240-A-C,9-124799256-T-C,9-124806599-C-T,9-124808964-T-C,9-124801209-T-C,9-124818049-T-C,9-124832795-CAG-C,9-124776917-TA-T,9-124810129-T-C,9-124759431-C-T,9-124763271-C-T,9-124767989-A-G,9-124786756-A-T,9-124769857-A-G,9-124782989-G-A,9-124784690-A-G,9-124785983-C-T","ENSG00000136848,ENSG00000106852,ENSG00000119421,ENSG00000227355,ENSG00000148187,ENSG00000186130,ENSG00000011454,ENSG00000175764,ENSG00000148175,ENSG00000171448,ENSG00000204136,ENSG00000136940,ENSG00000119446,ENSG00000095303,ENSG00000261094,ENSG00000056586,ENSG00000148180,ENSG00000119396,ENSG00000235865","ENSG00000011454,ENSG00000241246,ENSG00000227068,ENSG00000148175,ENSG00000231744,ENSG00000186130,ENSG00000227200,ENSG00000207595,ENSG00000119396,ENSG00000227845,ENSG00000274510,ENSG00000227355,ENSG00000236668,ENSG00000200554,ENSG00000235332,ENSG00000148180,ENSG00000175764,ENSG00000148187,ENSG00000119446,ENSG00000207737,ENSG00000287782,ENSG00000199313,ENSG00000056586,ENSG00000204136,ENSG00000180264,ENSG00000214761,ENSG00000231149,ENSG00000243845,ENSG00000229582,ENSG00000261094,ENSG00000171448,ENSG00000119421,ENSG00000235865,ENSG00000177736,ENSG00000095303,ENSG00000214593,ENSG00000136848,ENSG00000231227,ENSG00000136918,ENSG00000136940,ENSG00000106852",ENSG00000175764,Liver eQTLs,train
20017577200092196-92196000003966,chr2,"2-110785634-A-G,2-110784523-A-G","ENSG00000186148,ENSG00000237916,ENSG00000169679,ENSG00000259863,ENSG00000144061,ENSG00000144063,ENSG00000184115,ENSG00000175701,ENSG00000198142,ENSG00000175772,ENSG00000240069,ENSG00000153093,ENSG00000204588,ENSG00000186522,ENSG00000172985","ENSG00000240350,ENSG00000169679,ENSG00000229118,ENSG00000227842,ENSG00000230499,ENSG00000227574,ENSG00000280878,ENSG00000233370,ENSG00000198142,ENSG00000266063,ENSG00000265682,ENSG00000231536,ENSG00000144061,ENSG00000225744,ENSG00000144063,ENSG00000264979,ENSG00000259863,ENSG00000175772,ENSG00000226065,ENSG00000285016,ENSG00000261760,ENSG00000228615,ENSG00000186148,ENSG00000225108,ENSG00000271635,ENSG00000270190,ENSG00000186522,ENSG00000237583,ENSG00000223973,ENSG00000235721,ENSG00000184115,ENSG00000172985,ENSG00000240069,ENSG00000229730,ENSG00000226991,ENSG00000204588,ENSG00000237916,ENSG00000235881,ENSG00000231583,ENSG00000175701,ENSG00000283167,ENSG00000289202,ENSG00000153093,ENSG00000263881,ENSG00000256977,ENSG00000283283,ENSG00000216867,ENSG00000226928",ENSG00000175772,Liver eQTLs,train
20017577300092196-92196000001169,chr11,"11-130271678-T-G,11-130264515-G-A,11-130276279-G-C,11-130277379-G-C,11-130278924-T-G","ENSG00000289223,ENSG00000166106,ENSG00000175773,ENSG00000120451,ENSG00000170325,ENSG00000196323,ENSG00000149418,ENSG00000134917,ENSG00000084234,ENSG00000182667,ENSG00000151715,ENSG00000170322","ENSG00000151715,ENSG00000255262,ENSG00000255259,ENSG00000272412,ENSG00000084234,ENSG00000287426,ENSG00000227125,ENSG00000255188,ENSG00000281097,ENSG00000182667,ENSG00000237612,ENSG00000231698,ENSG00000255352,ENSG00000166106,ENSG00000255220,ENSG00000236616,ENSG00000255057,ENSG00000170325,ENSG00000175773,ENSG00000255155,ENSG00000149418,ENSG00000244451,ENSG00000240121,ENSG00000255358,ENSG00000175728,ENSG00000242673,ENSG00000281386,ENSG00000274197,ENSG00000289223,ENSG00000134917,ENSG00000170322,ENSG00000255535,ENSG00000236129,ENSG00000274999,ENSG00000288013,ENSG00000120451,ENSG00000196323",ENSG00000175773,Liver eQTLs,train
20017589300092196-92196000007346,chr9,"9-14693270-G-A,9-14694059-C-G","ENSG00000164946,ENSG00000234982,ENSG00000273399,ENSG00000147862,ENSG00000155158,ENSG00000164985,ENSG00000213362,ENSG00000164975,ENSG00000164989,ENSG00000225472,ENSG00000175893,ENSG00000214110","ENSG00000289185,ENSG00000286500,ENSG00000225472,ENSG00000283647,ENSG00000288556,ENSG00000215237,ENSG00000205636,ENSG00000147862,ENSG00000147869,ENSG00000278754,ENSG00000240613,ENSG00000164985,ENSG00000231376,ENSG00000155158,ENSG00000214110,ENSG00000207433,ENSG00000213954,ENSG00000223568,ENSG00000234982,ENSG00000164989,ENSG00000273399,ENSG00000287708,ENSG00000175893,ENSG00000251834,ENSG00000234297,ENSG00000199814,ENSG00000164946,ENSG00000164975,ENSG00000288876,ENSG00000213362,ENSG00000237137,ENSG00000229268,ENSG00000251960,ENSG00000235533,ENSG00000215236",ENSG00000175893,Liver eQTLs,train
20017596700092196-92196000005994,chr6,6-114225811-A-G,"ENSG00000196591,ENSG00000230943,ENSG00000218208,ENSG00000175967,ENSG00000227502,ENSG00000277443","ENSG00000223811,ENSG00000227502,ENSG00000251882,ENSG00000236347,ENSG00000277443,ENSG00000226079,ENSG00000218089,ENSG00000231912,ENSG00000287097,ENSG00000216471,ENSG00000212333,ENSG00000175967,ENSG00000219758,ENSG00000196591,ENSG00000249853,ENSG00000232395,ENSG00000230943,ENSG00000216723,ENSG00000288916,ENSG00000289198,ENSG00000218208",ENSG00000175967,Liver eQTLs,train
20017620900092196-92196000007113,chr8,"8-42433985-TC-T,8-42428852-A-G,8-42383452-A-G,8-42383493-T-G,8-42428862-A-T,8-42416708-G-A,8-42385748-A-C,8-42400679-G-A,8-42404737-G-A,8-42406008-G-A,8-42401205-T-C,8-42404177-G-A,8-42405155-C-T,8-42407047-A-T,8-42414226-T-A,8-42415836-A-G,8-42423300-A-G,8-42423776-C-T,8-42424727-A-G,8-42434633-C-T,8-42436219-A-C,8-42415942-G-A,8-42416104-G-A,8-42417272-C-T,8-42418172-C-G,8-42418460-C-T,8-42421464-C-T,8-42423326-T-C,8-42423837-G-A,8-42424724-T-C,8-42425399-A-C,8-42426961-G-A,8-42435493-T-C,8-42434057-A-G,8-42399667-C-T,8-42434174-G-GA,8-42413943-A-G,8-42423190-A-G,8-42447748-G-T,8-42418723-T-C,8-42420454-A-G,8-42422218-C-T,8-42424746-C-T,8-42425079-T-C,8-42425298-G-A,8-42425487-T-C,8-42429937-T-G,8-42430502-G-A,8-42431194-G-C,8-42434403-T-C,8-42438616-A-G,8-42438065-C-T,8-42384059-G-A,8-42384331-C-T,8-42388301-T-C,8-42389743-A-G,8-42391945-A-G,8-42392942-C-G,8-42397004-C-T,8-42397529-T-C,8-42397731-T-C,8-42398302-T-A,8-42402461-T-C,8-42404040-C-T,8-42408439-A-AT,8-42412076-A-G,8-42414117-C-T,8-42389100-T-TTCTCCCTC,8-42455308-A-G,8-42416275-T-G,8-42418445-T-C,8-42421443-C-T,8-42422307-A-G,8-42424749-C-T,8-42429122-A-G,8-42429484-A-G,8-42429603-T-C,8-42431768-C-A,8-42434194-T-C,8-42436651-T-G,8-42437785-G-C,8-42415087-T-G,8-42431858-T-C,8-42452610-C-T,8-42454011-C-T,8-42455079-A-G,8-42457043-C-T,8-42452999-T-C,8-42455206-T-C,8-42455353-T-C,8-42425673-A-G,8-42406454-CA-C,8-42445400-G-A,8-42439509-G-A,8-42439848-G-T,8-42440532-C-T,8-42448126-T-G,8-42383870-A-G,8-42384671-A-AT,8-42384671-A-AT,8-42391195-T-C,8-42400732-T-G,8-42400743-C-A,8-42408483-C-T,8-42409165-A-C,8-42410936-G-A,8-42446238-T-G,8-42387128-AT-A,8-42442208-T-C,8-42452570-T-C,8-42452622-G-C,8-42453023-A-G,8-42454606-T-C,8-42455577-A-G,8-42456142-T-C,8-42456435-T-TTAAC,8-42457038-A-G,8-42457450-T-C,8-42367068-T-C,8-42382222-A-G,8-42401987-A-G,8-42367290-A-G,8-42383084-G-A,8-42354257-C-T,8-42359484-G-A,8-42395632-G-C,8-42394425-G-C","ENSG00000168172,ENSG00000254165,ENSG00000185900,ENSG00000168575,ENSG00000078668,ENSG00000083168,ENSG00000104365,ENSG00000168522,ENSG00000260588,ENSG00000131931,ENSG00000240395,ENSG00000176209,ENSG00000070718,ENSG00000104368,ENSG00000120925,ENSG00000104371,ENSG00000070501,ENSG00000165102,ENSG00000029534","ENSG00000253884,ENSG00000168522,ENSG00000255497,ENSG00000185900,ENSG00000284062,ENSG00000254342,ENSG00000253707,ENSG00000165102,ENSG00000253408,ENSG00000253312,ENSG00000260588,ENSG00000188877,ENSG00000147434,ENSG00000070501,ENSG00000238966,ENSG00000029534,ENSG00000271938,ENSG00000168575,ENSG00000253396,ENSG00000255361,ENSG00000104365,ENSG00000253606,ENSG00000242719,ENSG00000254165,ENSG00000289603,ENSG00000274705,ENSG00000207101,ENSG00000165066,ENSG00000070718,ENSG00000253174,ENSG00000253389,ENSG00000168172,ENSG00000255101,ENSG00000201329,ENSG00000120925,ENSG00000255166,ENSG00000147432,ENSG00000238509,ENSG00000234713,ENSG00000078668,ENSG00000200731,ENSG00000104368,ENSG00000083168,ENSG00000176209,ENSG00000261449,ENSG00000241834,ENSG00000253186,ENSG00000104371,ENSG00000240395,ENSG00000131931,ENSG00000202514,ENSG00000244235,ENSG00000253135,ENSG00000253611,ENSG00000289514",ENSG00000176209,Liver eQTLs,train
20017624400092196-92196000000818,chr10,"10-15137906-C-T,10-15142293-CCT-C,10-15143823-A-G,10-15141289-G-C,10-15153655-G-A,10-15139465-G-A,10-15159705-AAC-A,10-15143896-C-CA,10-15156574-C-T,10-15144059-C-T,10-15144687-G-C,10-15156569-A-G,10-15158087-T-C,10-15147748-A-G,10-15142450-G-A,10-15144707-T-TA,10-15132884-C-T,10-15133028-G-C,10-15133423-A-G,10-15130675-C-T,10-15135217-T-C,10-15145361-G-A","ENSG00000152457,ENSG00000152455,ENSG00000272853,ENSG00000148468,ENSG00000197889,ENSG00000148481,ENSG00000065809,ENSG00000284024,ENSG00000176236,ENSG00000152464,ENSG00000151474,ENSG00000176244,ENSG00000152463,ENSG00000232739,ENSG00000187522,ENSG00000185267,ENSG00000237032,ENSG00000077943","ENSG00000152464,ENSG00000187522,ENSG00000148468,ENSG00000152455,ENSG00000228181,ENSG00000185267,ENSG00000152463,ENSG00000176236,ENSG00000152457,ENSG00000272853,ENSG00000228312,ENSG00000197889,ENSG00000252537,ENSG00000235623,ENSG00000065809,ENSG00000228547,ENSG00000237470,ENSG00000237913,ENSG00000148481,ENSG00000206448,ENSG00000232739,ENSG00000151474,ENSG00000278100,ENSG00000285671,ENSG00000201766,ENSG00000182531,ENSG00000236495,ENSG00000221371,ENSG00000176244,ENSG00000077943,ENSG00000284024,ENSG00000237032,ENSG00000266321",ENSG00000176244,Liver eQTLs,train
20017638600092196-92196000007227,chr9,"9-116046126-G-C,9-116040440-T-G,9-116048874-A-G,9-116052438-T-C,9-116056111-T-C,9-116057682-ATATTG-A,9-116057714-ATGAAT-A,9-116059054-A-G,9-116048755-G-C,9-116049498-T-C,9-116052324-G-A,9-116042492-T-G,9-116044998-A-G,9-116060124-T-C,9-116064410-CTCCA-C,9-116057781-G-A,9-116041581-C-T","ENSG00000227482,ENSG00000119471,ENSG00000119411,ENSG00000226609,ENSG00000148153,ENSG00000157653,ENSG00000230185,ENSG00000148218,ENSG00000228623,ENSG00000233817,ENSG00000106927,ENSG00000119314,ENSG00000196739,ENSG00000157657,ENSG00000148158,ENSG00000148229,ENSG00000119431,ENSG00000136883,ENSG00000136867,ENSG00000165185,ENSG00000176386,ENSG00000136866,ENSG00000165188,ENSG00000138835,ENSG00000119321,ENSG00000271631,ENSG00000136868,ENSG00000148225","ENSG00000226604,ENSG00000136866,ENSG00000148158,ENSG00000233817,ENSG00000138835,ENSG00000119431,ENSG00000274755,ENSG00000244757,ENSG00000226609,ENSG00000271631,ENSG00000227482,ENSG00000148153,ENSG00000148229,ENSG00000228714,ENSG00000196739,ENSG00000230185,ENSG00000236461,ENSG00000157653,ENSG00000136883,ENSG00000165188,ENSG00000136867,ENSG00000119314,ENSG00000136868,ENSG00000228623,ENSG00000228707,ENSG00000176386,ENSG00000157657,ENSG00000119411,ENSG00000148225,ENSG00000148218,ENSG00000119471,ENSG00000285820,ENSG00000234692,ENSG00000106927,ENSG00000229105,ENSG00000119321,ENSG00000165185,ENSG00000204148",ENSG00000176386,Liver eQTLs,train
20017648500092196-92196000001321,chr11,11-63377319-G-C,"ENSG00000133318,ENSG00000204922,ENSG00000173511,ENSG00000133321,ENSG00000167770,ENSG00000162302,ENSG00000270269,ENSG00000126432,ENSG00000168005,ENSG00000149781,ENSG00000133315,ENSG00000176485,ENSG00000168439,ENSG00000162236,ENSG00000184999,ENSG00000089597,ENSG00000149489,ENSG00000256940,ENSG00000149742,ENSG00000002330,ENSG00000173153,ENSG00000256116,ENSG00000149782,ENSG00000185085,ENSG00000219435,ENSG00000167771,ENSG00000168569,ENSG00000173457,ENSG00000149743,ENSG00000110583,ENSG00000162227,ENSG00000288852,ENSG00000168003,ENSG00000126500,ENSG00000110011,ENSG00000214753,ENSG00000256690,ENSG00000149499,ENSG00000162231,ENSG00000168000,ENSG00000168071,ENSG00000286264,ENSG00000162222,ENSG00000149541,ENSG00000168065,ENSG00000149761,ENSG00000188070,ENSG00000214756,ENSG00000072518,ENSG00000162191,ENSG00000173264,ENSG00000133317,ENSG00000185475,ENSG00000255717,ENSG00000176340,ENSG00000181908,ENSG00000168002,ENSG00000133328,ENSG00000173113,ENSG00000256847,ENSG00000162188,ENSG00000133316,ENSG00000185670,ENSG00000269176,ENSG00000162194,ENSG00000269463,ENSG00000257086,ENSG00000289486,ENSG00000196600,ENSG00000177363,ENSG00000184743,ENSG00000197891,ENSG00000197658","ENSG00000110011,ENSG00000270269,ENSG00000257058,ENSG00000188070,ENSG00000133328,ENSG00000168065,ENSG00000173511,ENSG00000202089,ENSG00000207024,ENSG00000278359,ENSG00000176485,ENSG00000184743,ENSG00000149742,ENSG00000162236,ENSG00000214753,ENSG00000002330,ENSG00000173264,ENSG00000255446,ENSG00000185475,ENSG00000257002,ENSG00000241082,ENSG00000278615,ENSG00000149541,ENSG00000072518,ENSG00000173153,ENSG00000168005,ENSG00000207200,ENSG00000168569,ENSG00000239924,ENSG00000256940,ENSG00000162227,ENSG00000162191,ENSG00000271100,ENSG00000256341,ENSG00000162222,ENSG00000126432,ENSG00000274066,ENSG00000256181,ENSG00000126500,ENSG00000149743,ENSG00000182450,ENSG00000168003,ENSG00000133321,ENSG00000176340,ENSG00000203520,ENSG00000168071,ENSG00000253547,ENSG00000256116,ENSG00000133317,ENSG00000257086,ENSG00000089597,ENSG00000167770,ENSG00000162302,ENSG00000221273,ENSG00000219435,ENSG00000196600,ENSG00000149782,ENSG00000269176,ENSG00000149761,ENSG00000149499,ENSG00000173457,ENSG00000288852,ENSG00000149781,ENSG00000149021,ENSG00000162188,ENSG00000255126,ENSG00000133316,ENSG00000162231,ENSG00000133318,ENSG00000275598,ENSG00000284535,ENSG00000256847,ENSG00000185670,ENSG00000256481,ENSG00000149489,ENSG00000255717,ENSG00000254964,ENSG00000181908,ENSG00000197891,ENSG00000269463,ENSG00000250659,ENSG00000168000,ENSG00000177363,ENSG00000256041,ENSG00000173113,ENSG00000133315,ENSG00000256789,ENSG00000264519,ENSG00000214756,ENSG00000276102,ENSG00000197658,ENSG00000162194,ENSG00000286264,ENSG00000204922,ENSG00000184999,ENSG00000168439,ENSG00000256690,ENSG00000110583,ENSG00000197901,ENSG00000167771,ENSG00000287412,ENSG00000185085,ENSG00000285388,ENSG00000289486,ENSG00000252361,ENSG00000149452,ENSG00000168002",ENSG00000176485,Liver eQTLs,train
20017653200092196-92196000006685,chr7,"7-29605975-C-G,7-29606976-G-T,7-29606597-AT-A,7-29626245-C-G,7-29617827-A-G,7-29619325-G-T,7-29628434-T-C,7-29605481-T-C,7-29595454-A-C,7-29585953-G-A,7-29577564-T-G,7-29579627-A-G,7-29590991-G-A,7-29591676-A-G,7-29591937-T-C,7-29592742-A-T,7-29593125-A-G,7-29596223-T-C,7-29579120-A-G,7-29550348-G-A","ENSG00000235669,ENSG00000255690,ENSG00000225264,ENSG00000235859,ENSG00000136193,ENSG00000263683,ENSG00000180233,ENSG00000226874,ENSG00000227855,ENSG00000106100,ENSG00000180354,ENSG00000281404,ENSG00000237065,ENSG00000106080,ENSG00000106086,ENSG00000122574,ENSG00000176532,ENSG00000285081,ENSG00000272568,ENSG00000288973,ENSG00000106066,ENSG00000244480,ENSG00000006625,ENSG00000106069","ENSG00000225286,ENSG00000227017,ENSG00000270196,ENSG00000286847,ENSG00000238906,ENSG00000106066,ENSG00000225264,ENSG00000255690,ENSG00000288973,ENSG00000272568,ENSG00000006625,ENSG00000285412,ENSG00000226874,ENSG00000106086,ENSG00000283618,ENSG00000229452,ENSG00000263683,ENSG00000180354,ENSG00000122574,ENSG00000237065,ENSG00000106080,ENSG00000225907,ENSG00000235859,ENSG00000230751,ENSG00000136193,ENSG00000285081,ENSG00000106100,ENSG00000231519,ENSG00000233517,ENSG00000223437,ENSG00000106069,ENSG00000228421,ENSG00000244480,ENSG00000176532,ENSG00000227855,ENSG00000281404,ENSG00000285162,ENSG00000212024,ENSG00000180233,ENSG00000235669",ENSG00000176532,Liver eQTLs,train
20017659300092196-92196000003873,chr19,"19-58528303-A-G,19-58528621-A-G","ENSG00000121417,ENSG00000268205,ENSG00000283103,ENSG00000256060,ENSG00000152443,ENSG00000268543,ENSG00000166704,ENSG00000083844,ENSG00000279611,ENSG00000105146,ENSG00000083838,ENSG00000269343,ENSG00000171606,ENSG00000083807,ENSG00000083814,ENSG00000174586,ENSG00000198466,ENSG00000186230,ENSG00000178229,ENSG00000279541,ENSG00000121410,ENSG00000083828,ENSG00000267858,ENSG00000121406,ENSG00000267871,ENSG00000131849,ENSG00000179909,ENSG00000152475,ENSG00000176293,ENSG00000288899,ENSG00000232098,ENSG00000130725,ENSG00000268895,ENSG00000268516,ENSG00000152454,ENSG00000182318,ENSG00000196724,ENSG00000105136,ENSG00000213762,ENSG00000268201,ENSG00000251369,ENSG00000204524,ENSG00000171574,ENSG00000186272,ENSG00000273901,ENSG00000269867,ENSG00000183647,ENSG00000130724,ENSG00000188785,ENSG00000204514,ENSG00000197128,ENSG00000178935,ENSG00000130726,ENSG00000099326,ENSG00000083812,ENSG00000197714,ENSG00000278129,ENSG00000121413,ENSG00000198131,ENSG00000249471,ENSG00000270804,ENSG00000177025,ENSG00000119574,ENSG00000181894,ENSG00000131845,ENSG00000269054,ENSG00000204519,ENSG00000152433,ENSG00000178201,ENSG00000171649,ENSG00000269794,ENSG00000152439,ENSG00000083817,ENSG00000276449,ENSG00000173480,ENSG00000213753,ENSG00000268049,ENSG00000268912,ENSG00000083845,ENSG00000213013,ENSG00000176593,ENSG00000142396,ENSG00000269032","ENSG00000130724,ENSG00000269794,ENSG00000235974,ENSG00000152433,ENSG00000204514,ENSG00000152439,ENSG00000268293,ENSG00000179909,ENSG00000264910,ENSG00000186230,ENSG00000269867,ENSG00000182318,ENSG00000204524,ENSG00000213013,ENSG00000288899,ENSG00000178229,ENSG00000256060,ENSG00000186272,ENSG00000268866,ENSG00000121406,ENSG00000283103,ENSG00000213753,ENSG00000131845,ENSG00000213762,ENSG00000099326,ENSG00000286949,ENSG00000252211,ENSG00000269855,ENSG00000121410,ENSG00000174586,ENSG00000269236,ENSG00000269343,ENSG00000083838,ENSG00000171574,ENSG00000277588,ENSG00000268516,ENSG00000188785,ENSG00000268205,ENSG00000288830,ENSG00000181894,ENSG00000268307,ENSG00000130726,ENSG00000152454,ENSG00000083844,ENSG00000083845,ENSG00000269054,ENSG00000178935,ENSG00000267871,ENSG00000196724,ENSG00000083828,ENSG00000268201,ENSG00000176293,ENSG00000171606,ENSG00000173480,ENSG00000105146,ENSG00000083814,ENSG00000198131,ENSG00000121413,ENSG00000243234,ENSG00000183647,ENSG00000166704,ENSG00000083812,ENSG00000269097,ENSG00000268912,ENSG00000171649,ENSG00000268392,ENSG00000197128,ENSG00000279611,ENSG00000252334,ENSG00000265272,ENSG00000152475,ENSG00000286632,ENSG00000249471,ENSG00000119574,ENSG00000268543,ENSG00000177025,ENSG00000268895,ENSG00000273901,ENSG00000152443,ENSG00000083807,ENSG00000270837,ENSG00000276449,ENSG00000121417,ENSG00000269032,ENSG00000178201,ENSG00000232098,ENSG00000197714,ENSG00000198466,ENSG00000270804,ENSG00000278129,ENSG00000105136,ENSG00000130725,ENSG00000268049,ENSG00000251369,ENSG00000142396,ENSG00000083817,ENSG00000267858,ENSG00000269304,ENSG00000131849,ENSG00000279541,ENSG00000266640,ENSG00000176593,ENSG00000243642,ENSG00000204519",ENSG00000176593,Liver eQTLs,train
20017668100092196-92196000003097,chr17,"17-44569237-T-C,17-44572073-G-A,17-44572068-A-G,17-44574542-GAGCCACC-G,17-44612339-C-T,17-44609498-C-G,17-44580533-A-G,17-44573874-C-G,17-44619118-G-A,17-44616912-T-A,17-44628864-T-C","ENSG00000176681,ENSG00000263293,ENSG00000108433,ENSG00000262372,ENSG00000198336,ENSG00000239291,ENSG00000178852,ENSG00000073969,ENSG00000253347,ENSG00000186868,ENSG00000262879,ENSG00000259207,ENSG00000213326,ENSG00000261575,ENSG00000158955,ENSG00000266918,ENSG00000204650,ENSG00000004897","ENSG00000239702,ENSG00000266918,ENSG00000108849,ENSG00000277249,ENSG00000285486,ENSG00000262879,ENSG00000186868,ENSG00000240305,ENSG00000263293,ENSG00000267334,ENSG00000267384,ENSG00000213326,ENSG00000167941,ENSG00000253347,ENSG00000275107,ENSG00000261575,ENSG00000108433,ENSG00000262372,ENSG00000267253,ENSG00000266504,ENSG00000178852,ENSG00000240589,ENSG00000267638,ENSG00000271222,ENSG00000264251,ENSG00000239291,ENSG00000267440,ENSG00000252628,ENSG00000176681,ENSG00000200888,ENSG00000004897,ENSG00000199953,ENSG00000267634,ENSG00000259207,ENSG00000204650,ENSG00000267496,ENSG00000278223,ENSG00000282199,ENSG00000267788,ENSG00000278109,ENSG00000158955,ENSG00000198336,ENSG00000267691,ENSG00000267166,ENSG00000267604,ENSG00000212446,ENSG00000261514,ENSG00000278770,ENSG00000266979,ENSG00000221044,ENSG00000167131,ENSG00000073969,ENSG00000289024,ENSG00000267211,ENSG00000267420",ENSG00000176681,Liver eQTLs,train
20017694500092196-92196000005200,chr3,"3-195727369-C-G,3-195734615-G-A,3-195725891-C-T,3-195723937-A-G,3-195734093-T-C,3-195733909-C-A","ENSG00000215837,ENSG00000224652,ENSG00000163961,ENSG00000161217,ENSG00000180370,ENSG00000145113,ENSG00000174004,ENSG00000230732,ENSG00000185485,ENSG00000072274,ENSG00000185798,ENSG00000189058,ENSG00000229325,ENSG00000230266,ENSG00000174007,ENSG00000213123,ENSG00000176945,ENSG00000228109,ENSG00000286004,ENSG00000235897,ENSG00000225578,ENSG00000163959,ENSG00000287005,ENSG00000119227,ENSG00000163964,ENSG00000231464,ENSG00000229178,ENSG00000173950,ENSG00000224614,ENSG00000114503,ENSG00000270170,ENSG00000061938,ENSG00000163960,ENSG00000286017,ENSG00000271662,ENSG00000224769,ENSG00000184203,ENSG00000231443,ENSG00000119231,ENSG00000114331,ENSG00000260261,ENSG00000174013,ENSG00000163958","ENSG00000286661,ENSG00000260261,ENSG00000265882,ENSG00000163964,ENSG00000228109,ENSG00000252620,ENSG00000184203,ENSG00000145113,ENSG00000114331,ENSG00000213358,ENSG00000265333,ENSG00000224652,ENSG00000241868,ENSG00000189058,ENSG00000206600,ENSG00000244314,ENSG00000180370,ENSG00000176945,ENSG00000252174,ENSG00000163958,ENSG00000231464,ENSG00000206644,ENSG00000225770,ENSG00000119227,ENSG00000230732,ENSG00000226345,ENSG00000072274,ENSG00000114503,ENSG00000224614,ENSG00000286168,ENSG00000223783,ENSG00000286017,ENSG00000212146,ENSG00000230401,ENSG00000173950,ENSG00000213123,ENSG00000163960,ENSG00000287005,ENSG00000061938,ENSG00000289219,ENSG00000282206,ENSG00000286004,ENSG00000238031,ENSG00000224769,ENSG00000185485,ENSG00000270170,ENSG00000229178,ENSG00000271662,ENSG00000225578,ENSG00000230266,ENSG00000234805,ENSG00000163961,ENSG00000227433,ENSG00000174007,ENSG00000207368,ENSG00000231443,ENSG00000276489,ENSG00000229325,ENSG00000215837,ENSG00000174013,ENSG00000233303,ENSG00000119231,ENSG00000236844,ENSG00000225240,ENSG00000163959,ENSG00000236425,ENSG00000201441,ENSG00000235836,ENSG00000235897,ENSG00000161217,ENSG00000237418,ENSG00000185798,ENSG00000225822,ENSG00000174004",ENSG00000176945,Liver eQTLs,train
20017699400092196-92196000002954,chr17,"17-18233810-T-C,17-18189625-G-T,17-18192954-A-G,17-18193941-G-A,17-18202032-C-A,17-18202678-G-A,17-18220674-C-T,17-18221134-C-T,17-18224846-C-A,17-18225568-G-A,17-18230660-A-G,17-18232017-G-C,17-18260753-C-G,17-18192652-GTTGT-G,17-18265264-G-A,17-18265467-C-T,17-18266567-G-A,17-18266610-A-AC,17-18163216-GTT-G,17-18233631-G-A,17-18164148-G-T,17-18164404-C-T,17-18178012-C-CG,17-18267039-G-T,17-18222547-A-G,17-18171926-C-G,17-18173934-G-A,17-18173980-A-G,17-18180291-A-G,17-18184011-G-T,17-18187556-G-A,17-18189957-T-C,17-18192871-C-A,17-18197888-C-T,17-18199062-C-T,17-18205750-TGGAGAGTGAA-T,17-18215080-G-T,17-18215858-G-A,17-18216013-C-A,17-18218900-T-A,17-18223928-G-A,17-18224482-C-T,17-18225357-G-A,17-18226177-G-T,17-18231797-T-C,17-18232096-G-A,17-18239896-G-A,17-18240394-CATCT-C,17-18260488-G-A,17-18174681-G-A,17-18200758-C-G,17-18247280-C-T,17-18253274-C-T,17-18253325-ACT-A,17-18254110-G-A,17-18201517-G-T,17-18240855-G-GCCCTCT,17-18191183-G-A,17-18192393-C-G,17-18199388-A-C,17-18208969-G-A,17-18209008-C-T,17-18215586-G-C,17-18217186-A-G,17-18222341-G-A,17-18224195-G-A,17-18239012-G-A,17-18241638-A-G,17-18201680-A-G,17-18181794-A-G,17-18186475-T-G,17-18195268-T-C,17-18216745-C-A,17-18224778-C-T,17-18228605-C-A,17-18185599-A-G,17-18192195-C-T,17-18195287-C-A,17-18208544-G-A,17-18218164-A-C,17-18227081-C-T,17-18231998-G-A,17-18211205-C-T,17-18242897-C-T,17-18247362-C-T,17-18191445-TTATA-T,17-18202409-A-G,17-18241345-T-C,17-18241354-G-C","ENSG00000108448,ENSG00000260647,ENSG00000205266,ENSG00000174977,ENSG00000177427,ENSG00000188522,ENSG00000171931,ENSG00000214856,ENSG00000091536,ENSG00000171962,ENSG00000141127,ENSG00000197815,ENSG00000286430,ENSG00000177731,ENSG00000177302,ENSG00000133027,ENSG00000154874,ENSG00000154016,ENSG00000279200,ENSG00000235672,ENSG00000072134,ENSG00000214860,ENSG00000264666,ENSG00000263934,ENSG00000240445,ENSG00000175662,ENSG00000279428,ENSG00000091542,ENSG00000141034,ENSG00000072310,ENSG00000215030,ENSG00000108591,ENSG00000154025,ENSG00000108551,ENSG00000265478,ENSG00000176994,ENSG00000141026,ENSG00000108557,ENSG00000171928,ENSG00000280198,ENSG00000266677,ENSG00000249459,ENSG00000233327,ENSG00000171953,ENSG00000176974,ENSG00000265511,ENSG00000232344","ENSG00000250111,ENSG00000197665,ENSG00000214860,ENSG00000197815,ENSG00000226746,ENSG00000072134,ENSG00000267492,ENSG00000276532,ENSG00000141127,ENSG00000266311,ENSG00000275206,ENSG00000177302,ENSG00000072310,ENSG00000176974,ENSG00000274747,ENSG00000206730,ENSG00000264666,ENSG00000236022,ENSG00000171953,ENSG00000264273,ENSG00000177731,ENSG00000167494,ENSG00000237382,ENSG00000230197,ENSG00000228157,ENSG00000265693,ENSG00000227919,ENSG00000263206,ENSG00000233327,ENSG00000186831,ENSG00000227689,ENSG00000091542,ENSG00000108557,ENSG00000171931,ENSG00000230273,ENSG00000196893,ENSG00000263934,ENSG00000263045,ENSG00000265478,ENSG00000266664,ENSG00000229526,ENSG00000240445,ENSG00000141026,ENSG00000262202,ENSG00000265746,ENSG00000235672,ENSG00000274111,ENSG00000262262,ENSG00000215030,ENSG00000228000,ENSG00000133027,ENSG00000232344,ENSG00000249459,ENSG00000188522,ENSG00000286430,ENSG00000205266,ENSG00000261987,ENSG00000091536,ENSG00000177427,ENSG00000171928,ENSG00000264940,ENSG00000279428,ENSG00000189375,ENSG00000281856,ENSG00000154025,ENSG00000171962,ENSG00000108448,ENSG00000176994,ENSG00000266162,ENSG00000263394,ENSG00000279200,ENSG00000260647,ENSG00000201741,ENSG00000265511,ENSG00000230865,ENSG00000141034,ENSG00000108591,ENSG00000266677,ENSG00000224126,ENSG00000154874,ENSG00000108551,ENSG00000262292,ENSG00000223979,ENSG00000265185,ENSG00000154016,ENSG00000175662,ENSG00000237328,ENSG00000230662,ENSG00000283772,ENSG00000214856,ENSG00000207839,ENSG00000204471,ENSG00000189152,ENSG00000174977,ENSG00000212618,ENSG00000280198",ENSG00000176994,Liver eQTLs,train
20017704200092196-92196000001349,chr11,"11-656845-G-A,11-663340-C-T,11-684489-C-T,11-688091-C-T,11-670493-T-A,11-671804-AAC-A,11-679915-G-A,11-680647-A-C,11-681502-C-G,11-658050-G-A,11-665182-A-G,11-677200-G-A,11-655828-TTTATTA-T,11-649428-AAAAC-A,11-659266-C-T,11-654091-G-A,11-663174-T-C,11-691636-G-A,11-686714-G-A,11-651768-C-G","ENSG00000184363,ENSG00000177600,ENSG00000174885,ENSG00000230724,ENSG00000255026,ENSG00000199785,ENSG00000288033,ENSG00000182272,ENSG00000184524,ENSG00000142102,ENSG00000247095,ENSG00000185885,ENSG00000117983,ENSG00000277290,ENSG00000177963,ENSG00000185101,ENSG00000254872,ENSG00000288675,ENSG00000206013,ENSG00000174672,ENSG00000078902,ENSG00000255328,ENSG00000161328,ENSG00000142082,ENSG00000185201,ENSG00000177700,ENSG00000177951,ENSG00000214063,ENSG00000177697,ENSG00000255284,ENSG00000177542,ENSG00000177042,ENSG00000174915,ENSG00000269915,ENSG00000185627,ENSG00000142089,ENSG00000270972,ENSG00000023191,ENSG00000070047,ENSG00000185187,ENSG00000182208,ENSG00000185507,ENSG00000177685,ENSG00000254815,ENSG00000251661,ENSG00000185522,ENSG00000255237,ENSG00000184956,ENSG00000177225,ENSG00000177666,ENSG00000177030,ENSG00000255158,ENSG00000183020,ENSG00000070031,ENSG00000069696,ENSG00000174775,ENSG00000177830,ENSG00000250397,ENSG00000184545,ENSG00000255153,ENSG00000233930,ENSG00000279672,ENSG00000177156,ENSG00000099834,ENSG00000255142,ENSG00000099849,ENSG00000205869,ENSG00000177595","ENSG00000177830,ENSG00000184524,ENSG00000185187,ENSG00000174775,ENSG00000255142,ENSG00000230724,ENSG00000255153,ENSG00000161328,ENSG00000185507,ENSG00000177225,ENSG00000177030,ENSG00000241598,ENSG00000250397,ENSG00000177156,ENSG00000255089,ENSG00000255284,ENSG00000177595,ENSG00000174885,ENSG00000117983,ENSG00000177947,ENSG00000177666,ENSG00000255026,ENSG00000099849,ENSG00000224777,ENSG00000255533,ENSG00000182208,ENSG00000286275,ENSG00000254872,ENSG00000185627,ENSG00000185522,ENSG00000247095,ENSG00000142102,ENSG00000205869,ENSG00000177685,ENSG00000184363,ENSG00000188076,ENSG00000288675,ENSG00000185201,ENSG00000070031,ENSG00000254815,ENSG00000185885,ENSG00000270972,ENSG00000206013,ENSG00000177697,ENSG00000222225,ENSG00000185940,ENSG00000255237,ENSG00000177042,ENSG00000069696,ENSG00000196224,ENSG00000222561,ENSG00000182272,ENSG00000233930,ENSG00000254468,ENSG00000285985,ENSG00000177600,ENSG00000142089,ENSG00000279672,ENSG00000214063,ENSG00000142082,ENSG00000099834,ENSG00000174672,ENSG00000277290,ENSG00000070047,ENSG00000185101,ENSG00000184545,ENSG00000183020,ENSG00000275669,ENSG00000078902,ENSG00000255158,ENSG00000251661,ENSG00000177542,ENSG00000255328,ENSG00000177700,ENSG00000255229,ENSG00000199785,ENSG00000205867,ENSG00000184956,ENSG00000253826,ENSG00000023191,ENSG00000177951,ENSG00000270921,ENSG00000269915,ENSG00000288033,ENSG00000177963,ENSG00000174915",ENSG00000177042,Liver eQTLs,train
20017710600092196-92196000001386,chr11,"11-707424-C-T,11-707297-A-C,11-709680-T-C,11-704604-GA-G,11-704583-A-G,11-705297-G-C,11-702923-T-TC,11-704864-G-A,11-702250-T-C","ENSG00000177666,ENSG00000255142,ENSG00000142082,ENSG00000177595,ENSG00000205864,ENSG00000070031,ENSG00000250397,ENSG00000177700,ENSG00000205866,ENSG00000174885,ENSG00000185101,ENSG00000185507,ENSG00000177600,ENSG00000230724,ENSG00000184545,ENSG00000177697,ENSG00000206013,ENSG00000227306,ENSG00000177106,ENSG00000117983,ENSG00000270972,ENSG00000255328,ENSG00000231487,ENSG00000233930,ENSG00000174775,ENSG00000269915,ENSG00000069696,ENSG00000288675,ENSG00000177030,ENSG00000288033,ENSG00000184956,ENSG00000185627,ENSG00000183020,ENSG00000177542,ENSG00000142089,ENSG00000099834,ENSG00000177963,ENSG00000078902,ENSG00000255158,ENSG00000023191,ENSG00000255237,ENSG00000099849,ENSG00000177225,ENSG00000255153,ENSG00000185522,ENSG00000184524,ENSG00000254815,ENSG00000277290,ENSG00000214063,ENSG00000251661,ENSG00000177156,ENSG00000161328,ENSG00000279672,ENSG00000182208,ENSG00000185187,ENSG00000182272,ENSG00000070047,ENSG00000142102,ENSG00000174915,ENSG00000255026,ENSG00000254872,ENSG00000247095,ENSG00000205865,ENSG00000177685,ENSG00000199785,ENSG00000177830,ENSG00000185885,ENSG00000185201,ENSG00000255284,ENSG00000184363,ENSG00000177951,ENSG00000205869,ENSG00000174672","ENSG00000270921,ENSG00000255089,ENSG00000185187,ENSG00000070047,ENSG00000254815,ENSG00000224777,ENSG00000269915,ENSG00000182208,ENSG00000205864,ENSG00000184363,ENSG00000177600,ENSG00000222225,ENSG00000177697,ENSG00000099834,ENSG00000069696,ENSG00000241598,ENSG00000185201,ENSG00000177963,ENSG00000161328,ENSG00000177106,ENSG00000177830,ENSG00000255284,ENSG00000142082,ENSG00000184545,ENSG00000185522,ENSG00000205869,ENSG00000177156,ENSG00000188076,ENSG00000251661,ENSG00000182272,ENSG00000099849,ENSG00000230724,ENSG00000233930,ENSG00000199785,ENSG00000279672,ENSG00000288033,ENSG00000277290,ENSG00000185885,ENSG00000205866,ENSG00000253826,ENSG00000185507,ENSG00000177595,ENSG00000117983,ENSG00000142089,ENSG00000184524,ENSG00000285985,ENSG00000288675,ENSG00000222561,ENSG00000177685,ENSG00000255026,ENSG00000286275,ENSG00000255237,ENSG00000078902,ENSG00000255533,ENSG00000177666,ENSG00000177700,ENSG00000255153,ENSG00000184956,ENSG00000196224,ENSG00000174775,ENSG00000205865,ENSG00000254468,ENSG00000174915,ENSG00000174672,ENSG00000023191,ENSG00000254872,ENSG00000255142,ENSG00000255229,ENSG00000183020,ENSG00000177030,ENSG00000255328,ENSG00000070031,ENSG00000231487,ENSG00000206013,ENSG00000247095,ENSG00000185627,ENSG00000270972,ENSG00000174885,ENSG00000177947,ENSG00000185101,ENSG00000177951,ENSG00000205867,ENSG00000177225,ENSG00000142102,ENSG00000214063,ENSG00000177542,ENSG00000250397,ENSG00000227306,ENSG00000275669,ENSG00000185940,ENSG00000255158",ENSG00000177106,Liver eQTLs,train
20017740600092196-92196000001801,chr12,"12-752360-G-A,12-715368-A-G,12-750992-C-T,12-713712-G-A,12-717138-G-A,12-719681-G-A,12-726187-C-A,12-726849-G-A,12-727168-G-T,12-727335-G-A,12-727620-G-A,12-729523-AG-A,12-730225-T-A,12-730959-G-A,12-735046-G-A,12-736116-T-C,12-737095-C-T,12-740841-A-T,12-743927-A-G,12-756092-TGGA-T","ENSG00000256020,ENSG00000002016,ENSG00000082805,ENSG00000111181,ENSG00000060237,ENSG00000111186,ENSG00000255746,ENSG00000010379,ENSG00000256577,ENSG00000177406,ENSG00000139044,ENSG00000073614,ENSG00000171840,ENSG00000171823,ENSG00000255671,ENSG00000250132,ENSG00000256694,ENSG00000120645,ENSG00000285704,ENSG00000256948,ENSG00000256540,ENSG00000226210,ENSG00000261799,ENSG00000120647","ENSG00000256672,ENSG00000261799,ENSG00000171840,ENSG00000111181,ENSG00000177406,ENSG00000256540,ENSG00000139044,ENSG00000120647,ENSG00000249028,ENSG00000238370,ENSG00000256263,ENSG00000120645,ENSG00000060237,ENSG00000249054,ENSG00000255746,ENSG00000256577,ENSG00000256694,ENSG00000221439,ENSG00000250132,ENSG00000111186,ENSG00000256948,ENSG00000255671,ENSG00000285704,ENSG00000266043,ENSG00000171823,ENSG00000082805,ENSG00000256020,ENSG00000226210,ENSG00000267285,ENSG00000255825,ENSG00000010379,ENSG00000275811,ENSG00000002016,ENSG00000073614",ENSG00000177406,Liver eQTLs,train
20017746500092196-92196000002190,chr14,"14-74068430-C-A,14-74058245-C-A,14-74053104-GA-G,14-74079209-G-C,14-74059450-G-A,14-74060508-C-A,14-74077186-G-T,14-74093365-TA-T,14-74048687-A-C,14-74056148-C-T,14-74063592-C-T,14-74064853-G-A,14-74065492-A-G,14-74066270-G-A,14-74067702-A-G,14-74076621-G-A,14-74085786-A-T,14-74089254-A-G,14-74092985-CA-C,14-74092985-CA-C,14-74093578-C-T,14-74093991-G-A,14-74094274-C-T,14-74094608-A-G,14-74083403-AT-A,14-74083403-AT-A,14-74039304-T-C,14-74033495-C-T,14-74036613-G-T,14-74039085-A-T,14-74039116-A-AAC,14-74039653-A-C,14-74040461-T-C,14-74043748-C-T,14-74095858-A-C,14-74026568-C-A,14-74096048-T-C,14-74026163-G-A,14-74092088-A-G","ENSG00000184227,ENSG00000205669,ENSG00000170468,ENSG00000284930,ENSG00000080815,ENSG00000176903,ENSG00000119655,ENSG00000258443,ENSG00000251393,ENSG00000205659,ENSG00000119636,ENSG00000156050,ENSG00000258376,ENSG00000270000,ENSG00000279026,ENSG00000156030,ENSG00000259015,ENSG00000119688,ENSG00000187097,ENSG00000119725,ENSG00000119661,ENSG00000258524,ENSG00000177465,ENSG00000165861,ENSG00000165898,ENSG00000140043,ENSG00000258603,ENSG00000258944,ENSG00000119711,ENSG00000273711,ENSG00000259005,ENSG00000119707,ENSG00000258813,ENSG00000100767,ENSG00000258559,ENSG00000119723,ENSG00000119599,ENSG00000205683,ENSG00000133961,ENSG00000258586","ENSG00000259005,ENSG00000259015,ENSG00000258425,ENSG00000187097,ENSG00000119661,ENSG00000080815,ENSG00000258524,ENSG00000119599,ENSG00000258376,ENSG00000258976,ENSG00000205683,ENSG00000119725,ENSG00000170468,ENSG00000199472,ENSG00000205669,ENSG00000273711,ENSG00000251907,ENSG00000258587,ENSG00000279461,ENSG00000156050,ENSG00000177776,ENSG00000239910,ENSG00000205659,ENSG00000258737,ENSG00000184227,ENSG00000258944,ENSG00000284930,ENSG00000133980,ENSG00000119636,ENSG00000279026,ENSG00000222604,ENSG00000165861,ENSG00000223300,ENSG00000251393,ENSG00000259109,ENSG00000270140,ENSG00000258603,ENSG00000177465,ENSG00000176903,ENSG00000119707,ENSG00000206924,ENSG00000258559,ENSG00000119688,ENSG00000258813,ENSG00000133961,ENSG00000119711,ENSG00000156030,ENSG00000119723,ENSG00000264741,ENSG00000119614,ENSG00000165898,ENSG00000258443,ENSG00000270000,ENSG00000140043,ENSG00000258586,ENSG00000270576,ENSG00000252839,ENSG00000258513,ENSG00000119655,ENSG00000258972,ENSG00000258448,ENSG00000100767",ENSG00000177465,Liver eQTLs,train
20017748300092196-92196000004199,chr2,"2-238687216-T-A,2-238687893-G-A,2-238688275-C-T,2-238688305-C-T,2-238708137-A-C,2-238684601-G-T,2-238689087-T-TA,2-238700544-C-CA,2-238681902-C-T,2-238680058-G-A,2-238683370-A-G,2-238674791-T-C,2-238671328-A-G,2-238663503-C-T,2-238664343-G-A,2-238662154-A-G","ENSG00000178752,ENSG00000227107,ENSG00000132323,ENSG00000124831,ENSG00000132326,ENSG00000227252,ENSG00000289261,ENSG00000184182,ENSG00000163359,ENSG00000177483,ENSG00000132329,ENSG00000286864,ENSG00000198612,ENSG00000144488,ENSG00000115648,ENSG00000225057,ENSG00000283635,ENSG00000144485,ENSG00000234949,ENSG00000124839,ENSG00000186235,ENSG00000132330,ENSG00000065802,ENSG00000168427,ENSG00000204104","ENSG00000196758,ENSG00000234279,ENSG00000115648,ENSG00000286748,ENSG00000289261,ENSG00000202099,ENSG00000144488,ENSG00000264810,ENSG00000286864,ENSG00000286188,ENSG00000204104,ENSG00000227107,ENSG00000198612,ENSG00000065802,ENSG00000163359,ENSG00000132326,ENSG00000132323,ENSG00000226992,ENSG00000263723,ENSG00000124831,ENSG00000225493,ENSG00000184182,ENSG00000186235,ENSG00000266109,ENSG00000227459,ENSG00000168427,ENSG00000288082,ENSG00000227252,ENSG00000124839,ENSG00000225057,ENSG00000132330,ENSG00000178752,ENSG00000144485,ENSG00000264292,ENSG00000132329,ENSG00000265215,ENSG00000286525,ENSG00000234949,ENSG00000224252,ENSG00000274346,ENSG00000288857,ENSG00000251971,ENSG00000227744,ENSG00000177483,ENSG00000286160,ENSG00000283635",ENSG00000177483,Liver eQTLs,train
20017764600092196-92196000005052,chr3,"3-128571700-C-T,3-128571700-C-T,3-128571700-C-T,3-128571700-C-T,3-128571700-C-T,3-128571700-C-T,3-128571700-C-T,3-128571700-C-T,3-128571700-C-T,3-128606503-T-A,3-128606503-T-A,3-128606503-T-A,3-128606503-T-A,3-128606503-T-A,3-128606503-T-A,3-128606503-T-A,3-128606503-T-A,3-128606503-T-A,3-128635461-A-G,3-128635461-A-G,3-128635461-A-G,3-128635461-A-G,3-128635461-A-G,3-128635461-A-G,3-128635461-A-G,3-128635461-A-G,3-128635461-A-G,3-128650298-A-G,3-128650298-A-G,3-128650298-A-G,3-128650298-A-G,3-128650298-A-G,3-128650298-A-G,3-128650298-A-G,3-128650298-A-G,3-128650298-A-G,3-128650700-T-TA,3-128650700-T-TA,3-128650700-T-TA,3-128650700-T-TA,3-128650700-T-TA,3-128650700-T-TA,3-128650700-T-TA,3-128650700-T-TA,3-128650700-T-TA,3-128572729-C-T,3-128572729-C-T,3-128572729-C-T,3-128572729-C-T,3-128572729-C-T,3-128572729-C-T,3-128572729-C-T,3-128572729-C-T,3-128572729-C-T,3-128573513-G-A,3-128573513-G-A,3-128573513-G-A,3-128573513-G-A,3-128573513-G-A,3-128573513-G-A,3-128573513-G-A,3-128573513-G-A,3-128573513-G-A,3-128577953-T-C,3-128577953-T-C,3-128577953-T-C,3-128577953-T-C,3-128577953-T-C,3-128577953-T-C,3-128577953-T-C,3-128577953-T-C,3-128577953-T-C,3-128579046-T-C,3-128579046-T-C,3-128579046-T-C,3-128579046-T-C,3-128579046-T-C,3-128579046-T-C,3-128579046-T-C,3-128579046-T-C,3-128579046-T-C,3-128580767-T-TG,3-128580767-T-TG,3-128580767-T-TG,3-128580767-T-TG,3-128580767-T-TG,3-128580767-T-TG,3-128580767-T-TG,3-128580767-T-TG,3-128580767-T-TG,3-128583469-G-A,3-128583469-G-A,3-128583469-G-A,3-128583469-G-A,3-128583469-G-A,3-128583469-G-A,3-128583469-G-A,3-128583469-G-A,3-128583469-G-A,3-128588515-T-C,3-128588515-T-C,3-128588515-T-C,3-128588515-T-C,3-128588515-T-C,3-128588515-T-C,3-128588515-T-C,3-128588515-T-C,3-128588515-T-C,3-128590258-C-T,3-128590258-C-T,3-128590258-C-T,3-128590258-C-T,3-128590258-C-T,3-128590258-C-T,3-128590258-C-T,3-128590258-C-T,3-128590258-C-T,3-128591277-G-A,3-128591277-G-A,3-128591277-G-A,3-128591277-G-A,3-128591277-G-A,3-128591277-G-A,3-128591277-G-A,3-128591277-G-A,3-128591277-G-A,3-128594150-G-A,3-128594150-G-A,3-128594150-G-A,3-128594150-G-A,3-128594150-G-A,3-128594150-G-A,3-128594150-G-A,3-128594150-G-A,3-128594150-G-A,3-128595989-C-G,3-128595989-C-G,3-128595989-C-G,3-128595989-C-G,3-128595989-C-G,3-128595989-C-G,3-128595989-C-G,3-128595989-C-G,3-128595989-C-G,3-128597327-T-C,3-128597327-T-C,3-128597327-T-C,3-128597327-T-C,3-128597327-T-C,3-128597327-T-C,3-128597327-T-C,3-128597327-T-C,3-128597327-T-C,3-128597702-G-C,3-128597702-G-C,3-128597702-G-C,3-128597702-G-C,3-128597702-G-C,3-128597702-G-C,3-128597702-G-C,3-128597702-G-C,3-128597702-G-C,3-128597702-G-C,3-128597702-G-C,3-128597702-G-C,3-128597702-G-C,3-128597702-G-C,3-128597702-G-C,3-128597702-G-C,3-128597702-G-C,3-128597702-G-C,3-128599143-T-C,3-128599143-T-C,3-128599143-T-C,3-128599143-T-C,3-128599143-T-C,3-128599143-T-C,3-128599143-T-C,3-128599143-T-C,3-128599143-T-C,3-128599979-A-G,3-128599979-A-G,3-128599979-A-G,3-128599979-A-G,3-128599979-A-G,3-128599979-A-G,3-128599979-A-G,3-128599979-A-G,3-128599979-A-G,3-128607234-C-T,3-128607234-C-T,3-128607234-C-T,3-128607234-C-T,3-128607234-C-T,3-128607234-C-T,3-128607234-C-T,3-128607234-C-T,3-128607234-C-T,3-128607521-T-TA,3-128607521-T-TA,3-128607521-T-TA,3-128607521-T-TA,3-128607521-T-TA,3-128607521-T-TA,3-128607521-T-TA,3-128607521-T-TA,3-128607521-T-TA,3-128609523-C-T,3-128609523-C-T,3-128609523-C-T,3-128609523-C-T,3-128609523-C-T,3-128609523-C-T,3-128609523-C-T,3-128609523-C-T,3-128609523-C-T,3-128618283-T-C,3-128618283-T-C,3-128618283-T-C,3-128618283-T-C,3-128618283-T-C,3-128618283-T-C,3-128618283-T-C,3-128618283-T-C,3-128618283-T-C,3-128620267-TC-T,3-128620267-TC-T,3-128620267-TC-T,3-128620267-TC-T,3-128620267-TC-T,3-128620267-TC-T,3-128620267-TC-T,3-128620267-TC-T,3-128620267-TC-T,3-128621363-A-G,3-128621363-A-G,3-128621363-A-G,3-128621363-A-G,3-128621363-A-G,3-128621363-A-G,3-128621363-A-G,3-128621363-A-G,3-128621363-A-G,3-128623757-G-T,3-128623757-G-T,3-128623757-G-T,3-128623757-G-T,3-128623757-G-T,3-128623757-G-T,3-128623757-G-T,3-128623757-G-T,3-128623757-G-T,3-128628501-G-C,3-128628501-G-C,3-128628501-G-C,3-128628501-G-C,3-128628501-G-C,3-128628501-G-C,3-128628501-G-C,3-128628501-G-C,3-128628501-G-C,3-128634573-T-C,3-128634573-T-C,3-128634573-T-C,3-128634573-T-C,3-128634573-T-C,3-128634573-T-C,3-128634573-T-C,3-128634573-T-C,3-128634573-T-C,3-128634773-G-A,3-128634773-G-A,3-128634773-G-A,3-128634773-G-A,3-128634773-G-A,3-128634773-G-A,3-128634773-G-A,3-128634773-G-A,3-128634773-G-A,3-128638830-C-G,3-128638830-C-G,3-128638830-C-G,3-128638830-C-G,3-128638830-C-G,3-128638830-C-G,3-128638830-C-G,3-128638830-C-G,3-128638830-C-G,3-128639072-C-A,3-128639072-C-A,3-128639072-C-A,3-128639072-C-A,3-128639072-C-A,3-128639072-C-A,3-128639072-C-A,3-128639072-C-A,3-128639072-C-A,3-128642881-G-A,3-128642881-G-A,3-128642881-G-A,3-128642881-G-A,3-128642881-G-A,3-128642881-G-A,3-128642881-G-A,3-128642881-G-A,3-128642881-G-A,3-128645049-C-G,3-128645049-C-G,3-128645049-C-G,3-128645049-C-G,3-128645049-C-G,3-128645049-C-G,3-128645049-C-G,3-128645049-C-G,3-128645049-C-G,3-128647361-G-C,3-128647361-G-C,3-128647361-G-C,3-128647361-G-C,3-128647361-G-C,3-128647361-G-C,3-128647361-G-C,3-128647361-G-C,3-128647361-G-C,3-128651796-G-A,3-128651796-G-A,3-128651796-G-A,3-128651796-G-A,3-128651796-G-A,3-128651796-G-A,3-128651796-G-A,3-128651796-G-A,3-128651796-G-A,3-128651914-G-A,3-128651914-G-A,3-128651914-G-A,3-128651914-G-A,3-128651914-G-A,3-128651914-G-A,3-128651914-G-A,3-128651914-G-A,3-128651914-G-A,3-128652776-C-CTAG,3-128652776-C-CTAG,3-128652776-C-CTAG,3-128652776-C-CTAG,3-128652776-C-CTAG,3-128652776-C-CTAG,3-128652776-C-CTAG,3-128652776-C-CTAG,3-128652776-C-CTAG,3-128654527-C-A,3-128654527-C-A,3-128654527-C-A,3-128654527-C-A,3-128654527-C-A,3-128654527-C-A,3-128654527-C-A,3-128654527-C-A,3-128654527-C-A,3-128656093-CT-C,3-128656093-CT-C,3-128656093-CT-C,3-128656093-CT-C,3-128656093-CT-C,3-128656093-CT-C,3-128656093-CT-C,3-128656093-CT-C,3-128656093-CT-C,3-128656704-G-A,3-128656704-G-A,3-128656704-G-A,3-128656704-G-A,3-128656704-G-A,3-128656704-G-A,3-128656704-G-A,3-128656704-G-A,3-128656704-G-A,3-128657577-C-T,3-128657577-C-T,3-128657577-C-T,3-128657577-C-T,3-128657577-C-T,3-128657577-C-T,3-128657577-C-T,3-128657577-C-T,3-128657577-C-T,3-128658051-G-A,3-128658051-G-A,3-128658051-G-A,3-128658051-G-A,3-128658051-G-A,3-128658051-G-A,3-128658051-G-A,3-128658051-G-A,3-128658051-G-A,3-128658263-G-A,3-128658263-G-A,3-128658263-G-A,3-128658263-G-A,3-128658263-G-A,3-128658263-G-A,3-128658263-G-A,3-128658263-G-A,3-128658263-G-A,3-128659580-A-G,3-128659580-A-G,3-128659580-A-G,3-128659580-A-G,3-128659580-A-G,3-128659580-A-G,3-128659580-A-G,3-128659580-A-G,3-128659580-A-G,3-128661019-G-A,3-128661019-G-A,3-128661019-G-A,3-128661019-G-A,3-128661019-G-A,3-128661019-G-A,3-128661019-G-A,3-128661019-G-A,3-128661019-G-A,3-128662441-C-T,3-128662441-C-T,3-128662441-C-T,3-128662441-C-T,3-128662441-C-T,3-128662441-C-T,3-128662441-C-T,3-128662441-C-T,3-128662441-C-T,3-128658130-C-T,3-128658130-C-T,3-128658130-C-T,3-128658130-C-T,3-128658130-C-T,3-128658130-C-T,3-128658130-C-T,3-128658130-C-T,3-128658130-C-T,3-128606499-T-A,3-128606499-T-A,3-128606499-T-A,3-128606499-T-A,3-128606499-T-A,3-128606499-T-A,3-128606499-T-A,3-128606499-T-A,3-128606499-T-A,3-128462133-C-G,3-128462133-C-G,3-128462133-C-G,3-128462133-C-G,3-128462133-C-G,3-128462133-C-G,3-128462133-C-G,3-128462133-C-G,3-128462133-C-G,3-128533262-T-C,3-128533262-T-C,3-128533262-T-C,3-128533262-T-C,3-128533262-T-C,3-128533262-T-C,3-128533262-T-C,3-128533262-T-C,3-128533262-T-C,3-128458988-C-G,3-128458988-C-G,3-128458988-C-G,3-128458988-C-G,3-128458988-C-G,3-128458988-C-G,3-128458988-C-G,3-128458988-C-G,3-128458988-C-G,3-128458988-C-G,3-128458988-C-G,3-128458988-C-G,3-128458988-C-G,3-128458988-C-G,3-128458988-C-G,3-128458988-C-G,3-128458988-C-G,3-128458988-C-G,3-128479690-G-T,3-128479690-G-T,3-128479690-G-T,3-128479690-G-T,3-128479690-G-T,3-128479690-G-T,3-128479690-G-T,3-128479690-G-T,3-128479690-G-T,3-128495389-A-G,3-128495389-A-G,3-128495389-A-G,3-128495389-A-G,3-128495389-A-G,3-128495389-A-G,3-128495389-A-G,3-128495389-A-G,3-128495389-A-G,3-128649753-G-C,3-128649753-G-C,3-128649753-G-C,3-128649753-G-C,3-128649753-G-C,3-128649753-G-C,3-128649753-G-C,3-128649753-G-C,3-128649753-G-C,3-128570158-A-C,3-128570158-A-C,3-128570158-A-C,3-128570158-A-C,3-128570158-A-C,3-128570158-A-C,3-128570158-A-C,3-128570158-A-C,3-128570158-A-C,3-128578256-C-T,3-128578256-C-T,3-128578256-C-T,3-128578256-C-T,3-128578256-C-T,3-128578256-C-T,3-128578256-C-T,3-128578256-C-T,3-128578256-C-T,3-128581963-T-C,3-128581963-T-C,3-128581963-T-C,3-128581963-T-C,3-128581963-T-C,3-128581963-T-C,3-128581963-T-C,3-128581963-T-C,3-128581963-T-C,3-128591988-C-A,3-128591988-C-A,3-128591988-C-A,3-128591988-C-A,3-128591988-C-A,3-128591988-C-A,3-128591988-C-A,3-128591988-C-A,3-128591988-C-A,3-128598490-C-CTAAG,3-128598490-C-CTAAG,3-128598490-C-CTAAG,3-128598490-C-CTAAG,3-128598490-C-CTAAG,3-128598490-C-CTAAG,3-128598490-C-CTAAG,3-128598490-C-CTAAG,3-128598490-C-CTAAG,3-128603296-T-C,3-128603296-T-C,3-128603296-T-C,3-128603296-T-C,3-128603296-T-C,3-128603296-T-C,3-128603296-T-C,3-128603296-T-C,3-128603296-T-C,3-128604783-C-T,3-128604783-C-T,3-128604783-C-T,3-128604783-C-T,3-128604783-C-T,3-128604783-C-T,3-128604783-C-T,3-128604783-C-T,3-128604783-C-T,3-128604875-A-T,3-128604875-A-T,3-128604875-A-T,3-128604875-A-T,3-128604875-A-T,3-128604875-A-T,3-128604875-A-T,3-128604875-A-T,3-128604875-A-T,3-128605418-G-T,3-128605418-G-T,3-128605418-G-T,3-128605418-G-T,3-128605418-G-T,3-128605418-G-T,3-128605418-G-T,3-128605418-G-T,3-128605418-G-T,3-128605420-A-G,3-128605420-A-G,3-128605420-A-G,3-128605420-A-G,3-128605420-A-G,3-128605420-A-G,3-128605420-A-G,3-128605420-A-G,3-128605420-A-G,3-128605910-A-AG,3-128605910-A-AG,3-128605910-A-AG,3-128605910-A-AG,3-128605910-A-AG,3-128605910-A-AG,3-128605910-A-AG,3-128605910-A-AG,3-128605910-A-AG,3-128606293-T-G,3-128606293-T-G,3-128606293-T-G,3-128606293-T-G,3-128606293-T-G,3-128606293-T-G,3-128606293-T-G,3-128606293-T-G,3-128606293-T-G,3-128606294-T-C,3-128606294-T-C,3-128606294-T-C,3-128606294-T-C,3-128606294-T-C,3-128606294-T-C,3-128606294-T-C,3-128606294-T-C,3-128606294-T-C,3-128606763-G-C,3-128606763-G-C,3-128606763-G-C,3-128606763-G-C,3-128606763-G-C,3-128606763-G-C,3-128606763-G-C,3-128606763-G-C,3-128606763-G-C,3-128607152-T-C,3-128607152-T-C,3-128607152-T-C,3-128607152-T-C,3-128607152-T-C,3-128607152-T-C,3-128607152-T-C,3-128607152-T-C,3-128607152-T-C,3-128608300-G-A,3-128608300-G-A,3-128608300-G-A,3-128608300-G-A,3-128608300-G-A,3-128608300-G-A,3-128608300-G-A,3-128608300-G-A,3-128608300-G-A,3-128609327-T-C,3-128609327-T-C,3-128609327-T-C,3-128609327-T-C,3-128609327-T-C,3-128609327-T-C,3-128609327-T-C,3-128609327-T-C,3-128609327-T-C,3-128610015-A-G,3-128610015-A-G,3-128610015-A-G,3-128610015-A-G,3-128610015-A-G,3-128610015-A-G,3-128610015-A-G,3-128610015-A-G,3-128610015-A-G,3-128612562-A-G,3-128612562-A-G,3-128612562-A-G,3-128612562-A-G,3-128612562-A-G,3-128612562-A-G,3-128612562-A-G,3-128612562-A-G,3-128612562-A-G,3-128613143-A-G,3-128613143-A-G,3-128613143-A-G,3-128613143-A-G,3-128613143-A-G,3-128613143-A-G,3-128613143-A-G,3-128613143-A-G,3-128613143-A-G,3-128613766-C-G,3-128613766-C-G,3-128613766-C-G,3-128613766-C-G,3-128613766-C-G,3-128613766-C-G,3-128613766-C-G,3-128613766-C-G,3-128613766-C-G,3-128613844-T-C,3-128613844-T-C,3-128613844-T-C,3-128613844-T-C,3-128613844-T-C,3-128613844-T-C,3-128613844-T-C,3-128613844-T-C,3-128613844-T-C,3-128614540-C-T,3-128614540-C-T,3-128614540-C-T,3-128614540-C-T,3-128614540-C-T,3-128614540-C-T,3-128614540-C-T,3-128614540-C-T,3-128614540-C-T,3-128619324-G-A,3-128619324-G-A,3-128619324-G-A,3-128619324-G-A,3-128619324-G-A,3-128619324-G-A,3-128619324-G-A,3-128619324-G-A,3-128619324-G-A,3-128619358-G-A,3-128619358-G-A,3-128619358-G-A,3-128619358-G-A,3-128619358-G-A,3-128619358-G-A,3-128619358-G-A,3-128619358-G-A,3-128619358-G-A,3-128619505-T-C,3-128619505-T-C,3-128619505-T-C,3-128619505-T-C,3-128619505-T-C,3-128619505-T-C,3-128619505-T-C,3-128619505-T-C,3-128619505-T-C,3-128621040-C-T,3-128621040-C-T,3-128621040-C-T,3-128621040-C-T,3-128621040-C-T,3-128621040-C-T,3-128621040-C-T,3-128621040-C-T,3-128621040-C-T,3-128621738-T-C,3-128621738-T-C,3-128621738-T-C,3-128621738-T-C,3-128621738-T-C,3-128621738-T-C,3-128621738-T-C,3-128621738-T-C,3-128621738-T-C,3-128622278-T-C,3-128622278-T-C,3-128622278-T-C,3-128622278-T-C,3-128622278-T-C,3-128622278-T-C,3-128622278-T-C,3-128622278-T-C,3-128622278-T-C,3-128623966-A-G,3-128623966-A-G,3-128623966-A-G,3-128623966-A-G,3-128623966-A-G,3-128623966-A-G,3-128623966-A-G,3-128623966-A-G,3-128623966-A-G,3-128624810-C-T,3-128624810-C-T,3-128624810-C-T,3-128624810-C-T,3-128624810-C-T,3-128624810-C-T,3-128624810-C-T,3-128624810-C-T,3-128624810-C-T,3-128625199-G-A,3-128625199-G-A,3-128625199-G-A,3-128625199-G-A,3-128625199-G-A,3-128625199-G-A,3-128625199-G-A,3-128625199-G-A,3-128625199-G-A,3-128625245-C-T,3-128625245-C-T,3-128625245-C-T,3-128625245-C-T,3-128625245-C-T,3-128625245-C-T,3-128625245-C-T,3-128625245-C-T,3-128625245-C-T,3-128625493-C-T,3-128625493-C-T,3-128625493-C-T,3-128625493-C-T,3-128625493-C-T,3-128625493-C-T,3-128625493-C-T,3-128625493-C-T,3-128625493-C-T,3-128627305-G-A,3-128627305-G-A,3-128627305-G-A,3-128627305-G-A,3-128627305-G-A,3-128627305-G-A,3-128627305-G-A,3-128627305-G-A,3-128627305-G-A,3-128627311-G-C,3-128627311-G-C,3-128627311-G-C,3-128627311-G-C,3-128627311-G-C,3-128627311-G-C,3-128627311-G-C,3-128627311-G-C,3-128627311-G-C,3-128627620-T-C,3-128627620-T-C,3-128627620-T-C,3-128627620-T-C,3-128627620-T-C,3-128627620-T-C,3-128627620-T-C,3-128627620-T-C,3-128627620-T-C,3-128627999-T-C,3-128627999-T-C,3-128627999-T-C,3-128627999-T-C,3-128627999-T-C,3-128627999-T-C,3-128627999-T-C,3-128627999-T-C,3-128627999-T-C,3-128628809-A-G,3-128628809-A-G,3-128628809-A-G,3-128628809-A-G,3-128628809-A-G,3-128628809-A-G,3-128628809-A-G,3-128628809-A-G,3-128628809-A-G,3-128629137-G-C,3-128629137-G-C,3-128629137-G-C,3-128629137-G-C,3-128629137-G-C,3-128629137-G-C,3-128629137-G-C,3-128629137-G-C,3-128629137-G-C,3-128630121-C-G,3-128630121-C-G,3-128630121-C-G,3-128630121-C-G,3-128630121-C-G,3-128630121-C-G,3-128630121-C-G,3-128630121-C-G,3-128630121-C-G,3-128630185-G-A,3-128630185-G-A,3-128630185-G-A,3-128630185-G-A,3-128630185-G-A,3-128630185-G-A,3-128630185-G-A,3-128630185-G-A,3-128630185-G-A,3-128633074-A-G,3-128633074-A-G,3-128633074-A-G,3-128633074-A-G,3-128633074-A-G,3-128633074-A-G,3-128633074-A-G,3-128633074-A-G,3-128633074-A-G,3-128633507-C-T,3-128633507-C-T,3-128633507-C-T,3-128633507-C-T,3-128633507-C-T,3-128633507-C-T,3-128633507-C-T,3-128633507-C-T,3-128633507-C-T,3-128636287-G-A,3-128636287-G-A,3-128636287-G-A,3-128636287-G-A,3-128636287-G-A,3-128636287-G-A,3-128636287-G-A,3-128636287-G-A,3-128636287-G-A,3-128638626-A-G,3-128638626-A-G,3-128638626-A-G,3-128638626-A-G,3-128638626-A-G,3-128638626-A-G,3-128638626-A-G,3-128638626-A-G,3-128638626-A-G,3-128639331-A-G,3-128639331-A-G,3-128639331-A-G,3-128639331-A-G,3-128639331-A-G,3-128639331-A-G,3-128639331-A-G,3-128639331-A-G,3-128639331-A-G,3-128639827-T-C,3-128639827-T-C,3-128639827-T-C,3-128639827-T-C,3-128639827-T-C,3-128639827-T-C,3-128639827-T-C,3-128639827-T-C,3-128639827-T-C,3-128639911-G-A,3-128639911-G-A,3-128639911-G-A,3-128639911-G-A,3-128639911-G-A,3-128639911-G-A,3-128639911-G-A,3-128639911-G-A,3-128639911-G-A,3-128641509-C-T,3-128641509-C-T,3-128641509-C-T,3-128641509-C-T,3-128641509-C-T,3-128641509-C-T,3-128641509-C-T,3-128641509-C-T,3-128641509-C-T,3-128641951-G-A,3-128641951-G-A,3-128641951-G-A,3-128641951-G-A,3-128641951-G-A,3-128641951-G-A,3-128641951-G-A,3-128641951-G-A,3-128641951-G-A,3-128642076-G-C,3-128642076-G-C,3-128642076-G-C,3-128642076-G-C,3-128642076-G-C,3-128642076-G-C,3-128642076-G-C,3-128642076-G-C,3-128642076-G-C,3-128646292-G-A,3-128646292-G-A,3-128646292-G-A,3-128646292-G-A,3-128646292-G-A,3-128646292-G-A,3-128646292-G-A,3-128646292-G-A,3-128646292-G-A,3-128646358-A-G,3-128646358-A-G,3-128646358-A-G,3-128646358-A-G,3-128646358-A-G,3-128646358-A-G,3-128646358-A-G,3-128646358-A-G,3-128646358-A-G,3-128646965-G-A,3-128646965-G-A,3-128646965-G-A,3-128646965-G-A,3-128646965-G-A,3-128646965-G-A,3-128646965-G-A,3-128646965-G-A,3-128646965-G-A,3-128648192-G-A,3-128648192-G-A,3-128648192-G-A,3-128648192-G-A,3-128648192-G-A,3-128648192-G-A,3-128648192-G-A,3-128648192-G-A,3-128648192-G-A,3-128650940-T-C,3-128650940-T-C,3-128650940-T-C,3-128650940-T-C,3-128650940-T-C,3-128650940-T-C,3-128650940-T-C,3-128650940-T-C,3-128650940-T-C,3-128650999-A-C,3-128650999-A-C,3-128650999-A-C,3-128650999-A-C,3-128650999-A-C,3-128650999-A-C,3-128650999-A-C,3-128650999-A-C,3-128650999-A-C,3-128651578-T-G,3-128651578-T-G,3-128651578-T-G,3-128651578-T-G,3-128651578-T-G,3-128651578-T-G,3-128651578-T-G,3-128651578-T-G,3-128651578-T-G,3-128651579-A-C,3-128651579-A-C,3-128651579-A-C,3-128651579-A-C,3-128651579-A-C,3-128651579-A-C,3-128651579-A-C,3-128651579-A-C,3-128651579-A-C,3-128654314-G-C,3-128654314-G-C,3-128654314-G-C,3-128654314-G-C,3-128654314-G-C,3-128654314-G-C,3-128654314-G-C,3-128654314-G-C,3-128654314-G-C,3-128655341-CAG-C,3-128655341-CAG-C,3-128655341-CAG-C,3-128655341-CAG-C,3-128655341-CAG-C,3-128655341-CAG-C,3-128655341-CAG-C,3-128655341-CAG-C,3-128655341-CAG-C,3-128656681-G-C,3-128656681-G-C,3-128656681-G-C,3-128656681-G-C,3-128656681-G-C,3-128656681-G-C,3-128656681-G-C,3-128656681-G-C,3-128656681-G-C,3-128657376-T-G,3-128657376-T-G,3-128657376-T-G,3-128657376-T-G,3-128657376-T-G,3-128657376-T-G,3-128657376-T-G,3-128657376-T-G,3-128657376-T-G,3-128657552-G-T,3-128657552-G-T,3-128657552-G-T,3-128657552-G-T,3-128657552-G-T,3-128657552-G-T,3-128657552-G-T,3-128657552-G-T,3-128657552-G-T,3-128657977-T-C,3-128657977-T-C,3-128657977-T-C,3-128657977-T-C,3-128657977-T-C,3-128657977-T-C,3-128657977-T-C,3-128657977-T-C,3-128657977-T-C,3-128658107-G-A,3-128658107-G-A,3-128658107-G-A,3-128658107-G-A,3-128658107-G-A,3-128658107-G-A,3-128658107-G-A,3-128658107-G-A,3-128658107-G-A,3-128658197-G-T,3-128658197-G-T,3-128658197-G-T,3-128658197-G-T,3-128658197-G-T,3-128658197-G-T,3-128658197-G-T,3-128658197-G-T,3-128658197-G-T,3-128658692-C-T,3-128658692-C-T,3-128658692-C-T,3-128658692-C-T,3-128658692-C-T,3-128658692-C-T,3-128658692-C-T,3-128658692-C-T,3-128658692-C-T,3-128660982-A-G,3-128660982-A-G,3-128660982-A-G,3-128660982-A-G,3-128660982-A-G,3-128660982-A-G,3-128660982-A-G,3-128660982-A-G,3-128660982-A-G,3-128493440-G-A,3-128493440-G-A,3-128493440-G-A,3-128493440-G-A,3-128493440-G-A,3-128493440-G-A,3-128493440-G-A,3-128493440-G-A,3-128493440-G-A,3-128459736-G-A,3-128459736-G-A,3-128459736-G-A,3-128459736-G-A,3-128459736-G-A,3-128459736-G-A,3-128459736-G-A,3-128459736-G-A,3-128459736-G-A,3-128617311-C-CGATCTTGGCTCACTGCAGCCAGTGGCAA,3-128617311-C-CGATCTTGGCTCACTGCAGCCAGTGGCAA,3-128617311-C-CGATCTTGGCTCACTGCAGCCAGTGGCAA,3-128617311-C-CGATCTTGGCTCACTGCAGCCAGTGGCAA,3-128617311-C-CGATCTTGGCTCACTGCAGCCAGTGGCAA,3-128617311-C-CGATCTTGGCTCACTGCAGCCAGTGGCAA,3-128617311-C-CGATCTTGGCTCACTGCAGCCAGTGGCAA,3-128617311-C-CGATCTTGGCTCACTGCAGCCAGTGGCAA,3-128617311-C-CGATCTTGGCTCACTGCAGCCAGTGGCAA,3-128626448-A-G,3-128626448-A-G,3-128626448-A-G,3-128626448-A-G,3-128626448-A-G,3-128626448-A-G,3-128626448-A-G,3-128626448-A-G,3-128626448-A-G,3-128655307-T-C,3-128655307-T-C,3-128655307-T-C,3-128655307-T-C,3-128655307-T-C,3-128655307-T-C,3-128655307-T-C,3-128655307-T-C,3-128655307-T-C,3-128587264-T-C,3-128587264-T-C,3-128587264-T-C,3-128587264-T-C,3-128587264-T-C,3-128587264-T-C,3-128587264-T-C,3-128587264-T-C,3-128587264-T-C,3-128452432-C-T,3-128452432-C-T,3-128452432-C-T,3-128452432-C-T,3-128452432-C-T,3-128452432-C-T,3-128452432-C-T,3-128452432-C-T,3-128452432-C-T,3-128466685-A-G,3-128466685-A-G,3-128466685-A-G,3-128466685-A-G,3-128466685-A-G,3-128466685-A-G,3-128466685-A-G,3-128466685-A-G,3-128466685-A-G,3-128467301-T-C,3-128467301-T-C,3-128467301-T-C,3-128467301-T-C,3-128467301-T-C,3-128467301-T-C,3-128467301-T-C,3-128467301-T-C,3-128467301-T-C,3-128470056-A-G,3-128470056-A-G,3-128470056-A-G,3-128470056-A-G,3-128470056-A-G,3-128470056-A-G,3-128470056-A-G,3-128470056-A-G,3-128470056-A-G,3-128474805-C-CA,3-128474805-C-CA,3-128474805-C-CA,3-128474805-C-CA,3-128474805-C-CA,3-128474805-C-CA,3-128474805-C-CA,3-128474805-C-CA,3-128474805-C-CA,3-128477416-C-A,3-128477416-C-A,3-128477416-C-A,3-128477416-C-A,3-128477416-C-A,3-128477416-C-A,3-128477416-C-A,3-128477416-C-A,3-128477416-C-A,3-128480237-A-G,3-128480237-A-G,3-128480237-A-G,3-128480237-A-G,3-128480237-A-G,3-128480237-A-G,3-128480237-A-G,3-128480237-A-G,3-128480237-A-G,3-128490540-G-T,3-128490540-G-T,3-128490540-G-T,3-128490540-G-T,3-128490540-G-T,3-128490540-G-T,3-128490540-G-T,3-128490540-G-T,3-128490540-G-T,3-128491858-G-A,3-128491858-G-A,3-128491858-G-A,3-128491858-G-A,3-128491858-G-A,3-128491858-G-A,3-128491858-G-A,3-128491858-G-A,3-128491858-G-A,3-128506907-A-G,3-128506907-A-G,3-128506907-A-G,3-128506907-A-G,3-128506907-A-G,3-128506907-A-G,3-128506907-A-G,3-128506907-A-G,3-128506907-A-G,3-128516165-T-TA,3-128516165-T-TA,3-128516165-T-TA,3-128516165-T-TA,3-128516165-T-TA,3-128516165-T-TA,3-128516165-T-TA,3-128516165-T-TA,3-128516165-T-TA,3-128573706-C-T,3-128573706-C-T,3-128573706-C-T,3-128573706-C-T,3-128573706-C-T,3-128573706-C-T,3-128573706-C-T,3-128573706-C-T,3-128573706-C-T,3-128641026-CA-C,3-128641026-CA-C,3-128641026-CA-C,3-128641026-CA-C,3-128641026-CA-C,3-128641026-CA-C,3-128641026-CA-C,3-128641026-CA-C,3-128641026-CA-C,3-128641026-CA-C,3-128641026-CA-C,3-128641026-CA-C,3-128641026-CA-C,3-128641026-CA-C,3-128641026-CA-C,3-128641026-CA-C,3-128641026-CA-C,3-128641026-CA-C,3-128648446-C-T,3-128648446-C-T,3-128648446-C-T,3-128648446-C-T,3-128648446-C-T,3-128648446-C-T,3-128648446-C-T,3-128648446-C-T,3-128648446-C-T,3-128443788-C-T,3-128443788-C-T,3-128443788-C-T,3-128443788-C-T,3-128443788-C-T,3-128443788-C-T,3-128443788-C-T,3-128443788-C-T,3-128443788-C-T,3-128625923-G-T,3-128625923-G-T,3-128625923-G-T,3-128625923-G-T,3-128625923-G-T,3-128625923-G-T,3-128625923-G-T,3-128625923-G-T,3-128625923-G-T","ENSG00000004399,ENSG00000175792,ENSG00000242992,ENSG00000114654,ENSG00000289469,ENSG00000261159,ENSG00000172780,ENSG00000132394,ENSG00000177646,ENSG00000129071,ENSG00000169704,ENSG00000172771,ENSG00000074416,ENSG00000244300,ENSG00000273437,ENSG00000163902,ENSG00000163913,ENSG00000288996,ENSG00000183624,ENSG00000206417,ENSG00000203644,ENSG00000231305,ENSG00000289351,ENSG00000244932,ENSG00000286729,ENSG00000058262,ENSG00000287110,ENSG00000169714,ENSG00000273174,ENSG00000114656,ENSG00000181789,ENSG00000179348,ENSG00000184897,ENSG00000251474,ENSG00000075785,ENSG00000240682","ENSG00000270773,ENSG00000114656,ENSG00000175792,ENSG00000178804,ENSG00000242062,ENSG00000163913,ENSG00000288996,ENSG00000277250,ENSG00000273174,ENSG00000275067,ENSG00000242049,ENSG00000075785,ENSG00000172780,ENSG00000169714,ENSG00000270492,ENSG00000287110,ENSG00000231305,ENSG00000184897,ENSG00000212344,ENSG00000241673,ENSG00000261159,ENSG00000163914,ENSG00000222627,ENSG00000276083,ENSG00000244300,ENSG00000244232,ENSG00000114654,ENSG00000198685,ENSG00000179348,ENSG00000249505,ENSG00000179407,ENSG00000058262,ENSG00000129071,ENSG00000242551,ENSG00000286806,ENSG00000242992,ENSG00000201210,ENSG00000273437,ENSG00000250796,ENSG00000286729,ENSG00000181789,ENSG00000169704,ENSG00000251474,ENSG00000207130,ENSG00000074416,ENSG00000172771,ENSG00000287143,ENSG00000289351,ENSG00000203644,ENSG00000278658,ENSG00000206417,ENSG00000244065,ENSG00000244932,ENSG00000183624,ENSG00000004399,ENSG00000132394,ENSG00000289469,ENSG00000285619,ENSG00000163902,ENSG00000243022,ENSG00000240682,ENSG00000239608,ENSG00000177646,ENSG00000239405",ENSG00000177646,Liver eQTLs,train
20017769700092196-92196000001446,chr11,"11-833975-G-T,11-833668-C-T,11-833728-A-G,11-834098-C-T,11-838424-C-T,11-838419-A-G,11-833898-T-C,11-833872-C-A,11-830487-C-T,11-831122-C-T,11-833828-G-A,11-839767-C-CCT,11-838634-C-G,11-836971-G-C,11-837121-G-C,11-837582-G-A,11-838110-C-T,11-839078-G-A,11-839093-G-C,11-839127-G-A,11-839155-G-A,11-839186-G-C,11-839629-A-G,11-839675-T-C,11-840319-C-T,11-840477-A-G,11-840604-C-G,11-840639-T-A,11-840740-G-A,11-842543-C-G,11-842627-T-C,11-842630-C-T,11-842682-A-G,11-838542-C-T,11-833589-T-G,11-830670-G-T,11-835622-A-G,11-838760-T-A,11-842099-G-GAA,11-841763-G-C,11-836008-T-C,11-829539-A-G,11-834802-A-G,11-834681-AGCT-A,11-835877-C-T,11-834108-G-A","ENSG00000205865,ENSG00000142102,ENSG00000205866,ENSG00000177685,ENSG00000177830,ENSG00000269915,ENSG00000174775,ENSG00000247095,ENSG00000288675,ENSG00000070031,ENSG00000185522,ENSG00000142089,ENSG00000255158,ENSG00000177600,ENSG00000184363,ENSG00000185885,ENSG00000117984,ENSG00000177106,ENSG00000177951,ENSG00000177042,ENSG00000023191,ENSG00000099849,ENSG00000177666,ENSG00000255284,ENSG00000250397,ENSG00000185507,ENSG00000069696,ENSG00000177697,ENSG00000255328,ENSG00000254872,ENSG00000231487,ENSG00000174672,ENSG00000183020,ENSG00000182272,ENSG00000255237,ENSG00000177963,ENSG00000235027,ENSG00000184524,ENSG00000182208,ENSG00000174885,ENSG00000185201,ENSG00000177225,ENSG00000184956,ENSG00000270972,ENSG00000199785,ENSG00000149043,ENSG00000185187,ENSG00000205864,ENSG00000142082,ENSG00000255153,ENSG00000254815,ENSG00000099834,ENSG00000078902,ENSG00000177156,ENSG00000185627,ENSG00000255026,ENSG00000177030,ENSG00000277290,ENSG00000279672,ENSG00000288033,ENSG00000177700,ENSG00000161328,ENSG00000233930,ENSG00000184545,ENSG00000227306,ENSG00000117983,ENSG00000205869,ENSG00000177542,ENSG00000206013,ENSG00000230724,ENSG00000229512,ENSG00000185101,ENSG00000070047,ENSG00000255142,ENSG00000174915,ENSG00000251661,ENSG00000244242","ENSG00000161328,ENSG00000285985,ENSG00000185201,ENSG00000177106,ENSG00000177947,ENSG00000255089,ENSG00000227306,ENSG00000117983,ENSG00000177042,ENSG00000023191,ENSG00000142082,ENSG00000270972,ENSG00000196224,ENSG00000205866,ENSG00000142102,ENSG00000149043,ENSG00000177697,ENSG00000253826,ENSG00000069696,ENSG00000270921,ENSG00000255026,ENSG00000255158,ENSG00000188076,ENSG00000288033,ENSG00000117984,ENSG00000222561,ENSG00000235027,ENSG00000185187,ENSG00000185522,ENSG00000142089,ENSG00000286275,ENSG00000070031,ENSG00000205865,ENSG00000174915,ENSG00000255142,ENSG00000174672,ENSG00000177156,ENSG00000255237,ENSG00000251661,ENSG00000206013,ENSG00000241598,ENSG00000250397,ENSG00000099834,ENSG00000174775,ENSG00000099849,ENSG00000185940,ENSG00000279672,ENSG00000230080,ENSG00000288675,ENSG00000277290,ENSG00000185885,ENSG00000275669,ENSG00000185627,ENSG00000177542,ENSG00000254468,ENSG00000269915,ENSG00000254872,ENSG00000199785,ENSG00000287484,ENSG00000177830,ENSG00000184524,ENSG00000255229,ENSG00000247095,ENSG00000185507,ENSG00000254815,ENSG00000185101,ENSG00000222225,ENSG00000255533,ENSG00000177666,ENSG00000070047,ENSG00000184956,ENSG00000184545,ENSG00000182208,ENSG00000174885,ENSG00000230834,ENSG00000255153,ENSG00000177600,ENSG00000205869,ENSG00000231487,ENSG00000184363,ENSG00000255328,ENSG00000229512,ENSG00000230980,ENSG00000078902,ENSG00000177700,ENSG00000177030,ENSG00000205867,ENSG00000205864,ENSG00000182272,ENSG00000177685,ENSG00000177951,ENSG00000244242,ENSG00000230724,ENSG00000177225,ENSG00000233930,ENSG00000224777,ENSG00000177963,ENSG00000183020,ENSG00000255284",ENSG00000177697,Liver eQTLs,train
20017820100092196-92196000003862,chr19,"19-58041703-C-T,19-58038624-C-T,19-58041415-C-G,19-58022503-T-C,19-58023995-A-G,19-58015094-T-C,19-58026603-A-G,19-58037308-C-T,19-58040959-C-G,19-58038252-T-C,19-57993074-G-GA,19-58060538-G-T","ENSG00000181894,ENSG00000232098,ENSG00000083828,ENSG00000267871,ENSG00000186272,ENSG00000198131,ENSG00000083844,ENSG00000268516,ENSG00000178201,ENSG00000278129,ENSG00000083807,ENSG00000083812,ENSG00000279611,ENSG00000288899,ENSG00000083817,ENSG00000197714,ENSG00000268895,ENSG00000273901,ENSG00000105136,ENSG00000142396,ENSG00000177025,ENSG00000176293,ENSG00000204514,ENSG00000269054,ENSG00000166704,ENSG00000268543,ENSG00000178229,ENSG00000178935,ENSG00000131845,ENSG00000213013,ENSG00000279541,ENSG00000268201,ENSG00000183647,ENSG00000179909,ENSG00000269696,ENSG00000152433,ENSG00000174586,ENSG00000121406,ENSG00000186230,ENSG00000197016,ENSG00000188785,ENSG00000204519,ENSG00000173480,ENSG00000256060,ENSG00000268205,ENSG00000196867,ENSG00000171574,ENSG00000268049,ENSG00000083814,ENSG00000121413,ENSG00000269343,ENSG00000213762,ENSG00000204524,ENSG00000083845,ENSG00000268182,ENSG00000127903,ENSG00000269867,ENSG00000176593,ENSG00000171606,ENSG00000121410,ENSG00000196724,ENSG00000269794,ENSG00000276449,ENSG00000268912,ENSG00000105146,ENSG00000270804,ENSG00000197951,ENSG00000152475,ENSG00000198466,ENSG00000283103,ENSG00000152443,ENSG00000182318,ENSG00000171649,ENSG00000083838,ENSG00000121417,ENSG00000198300,ENSG00000197128,ENSG00000249471,ENSG00000131849,ENSG00000152454","ENSG00000182318,ENSG00000268392,ENSG00000268205,ENSG00000176593,ENSG00000083814,ENSG00000268545,ENSG00000152443,ENSG00000171606,ENSG00000213013,ENSG00000268201,ENSG00000131845,ENSG00000269867,ENSG00000121417,ENSG00000268713,ENSG00000268912,ENSG00000249471,ENSG00000270837,ENSG00000204514,ENSG00000142396,ENSG00000232098,ENSG00000268895,ENSG00000269097,ENSG00000083828,ENSG00000264910,ENSG00000152454,ENSG00000171574,ENSG00000083812,ENSG00000183647,ENSG00000288830,ENSG00000276449,ENSG00000269343,ENSG00000252334,ENSG00000277588,ENSG00000121410,ENSG00000269304,ENSG00000268723,ENSG00000186230,ENSG00000121413,ENSG00000268049,ENSG00000268266,ENSG00000186272,ENSG00000188785,ENSG00000171649,ENSG00000256060,ENSG00000235974,ENSG00000198300,ENSG00000283103,ENSG00000197016,ENSG00000213762,ENSG00000196867,ENSG00000105136,ENSG00000152433,ENSG00000131849,ENSG00000279541,ENSG00000204519,ENSG00000152475,ENSG00000270790,ENSG00000197714,ENSG00000196724,ENSG00000265272,ENSG00000179909,ENSG00000273901,ENSG00000286949,ENSG00000243642,ENSG00000105146,ENSG00000127903,ENSG00000269855,ENSG00000177025,ENSG00000141946,ENSG00000174586,ENSG00000131864,ENSG00000288899,ENSG00000197951,ENSG00000197128,ENSG00000083838,ENSG00000198466,ENSG00000267871,ENSG00000278129,ENSG00000268543,ENSG00000173480,ENSG00000268483,ENSG00000121406,ENSG00000269236,ENSG00000083844,ENSG00000270293,ENSG00000176293,ENSG00000204524,ENSG00000083817,ENSG00000268307,ENSG00000269794,ENSG00000258873,ENSG00000269696,ENSG00000286632,ENSG00000252211,ENSG00000266640,ENSG00000270804,ENSG00000269054,ENSG00000181894,ENSG00000279611,ENSG00000268866,ENSG00000166704,ENSG00000083807,ENSG00000198131,ENSG00000268182,ENSG00000268516,ENSG00000274219,ENSG00000243234,ENSG00000268293,ENSG00000178201,ENSG00000083845,ENSG00000178935,ENSG00000178229",ENSG00000178201,Liver eQTLs,train
20017820900092196-92196000007020,chr8,"8-145041333-T-C,8-145047187-A-G,8-145044749-A-G,8-145028505-C-CG,8-145022657-G-T,8-145026450-T-C,8-145028587-T-C,8-145032302-A-G,8-145040108-T-C,8-145008931-G-C,8-145008931-G-C,8-145009593-A-C,8-145010514-T-C,8-145027210-A-G,8-145044104-C-T,8-145040567-C-G,8-145039400-T-C,8-145032332-C-CTG,8-145031265-G-A,8-145037573-T-A,8-145034499-A-T,8-145040856-G-T,8-145007534-C-T,8-145034852-G-A,8-145046662-C-T,8-145023739-A-G,8-145027162-C-CG,8-145004944-T-C,8-145036615-T-C,8-145020477-T-C,8-145005688-A-AC,8-145026582-G-A,8-145035342-A-G,8-145013893-C-G,8-145010305-A-G,8-145013315-G-T,8-145007989-A-G,8-145008443-A-T,8-145008560-A-G,8-145008706-C-T,8-145009610-A-G,8-145010752-C-T,8-145011204-A-G,8-145012466-A-G,8-145013987-C-CAG,8-145014424-C-G,8-145014732-C-T,8-145020636-G-A,8-145043543-A-G,8-145054271-T-C,8-145008342-C-A,8-145020025-G-A,8-145005450-T-C,8-145035398-C-CT,8-145020857-C-T,8-145050345-G-A,8-145021167-C-G,8-145006790-T-C,8-145012206-G-A,8-145007947-G-A,8-145051478-G-A,8-145050336-A-C,8-145021428-G-C,8-145013345-C-T,8-145013949-C-T,8-144996029-A-G,8-145001031-T-C,8-145002283-A-G,8-145066004-C-G,8-145061829-G-A,8-145058037-A-G,8-145059425-T-C,8-145061624-C-T,8-145030900-TC-T,8-144993377-A-G,8-144992862-A-G,8-145056470-C-T,8-145060112-G-A,8-145056253-G-A,8-145007187-G-A,8-144990528-A-G,8-144991176-T-C,8-145031968-C-T,8-144989462-A-G,8-145000321-C-T,8-144995494-C-T,8-144995736-G-A,8-144996408-T-G,8-144996598-G-A,8-144996635-G-A,8-144997656-C-T,8-144997927-G-A,8-144998169-C-T,8-144998190-A-G,8-144999417-C-T,8-145000056-T-C,8-145000221-G-A,8-145000602-T-C,8-145000740-G-A,8-145000809-G-A,8-145000898-A-G,8-145001300-T-A,8-145001311-T-C,8-145001372-T-C,8-145001509-T-C,8-145001588-C-T,8-145001784-A-G,8-145002431-C-G,8-145002536-G-A,8-144999621-C-T,8-144999642-A-C,8-144999684-A-G,8-144993324-C-T","ENSG00000161016,ENSG00000160932,ENSG00000181085,ENSG00000104518,ENSG00000179632,ENSG00000179950,ENSG00000178814,ENSG00000160973,ENSG00000285599,ENSG00000167702,ENSG00000179526,ENSG00000255085,ENSG00000277494,ENSG00000178719,ENSG00000204791,ENSG00000185189,ENSG00000254812,ENSG00000203499,ENSG00000167701,ENSG00000173137,ENSG00000260428,ENSG00000261587,ENSG00000184428,ENSG00000187954,ENSG00000147799,ENSG00000255343,ENSG00000147789,ENSG00000185803,ENSG00000178209,ENSG00000104524,ENSG00000160957,ENSG00000279605,ENSG00000170619,ENSG00000185000,ENSG00000196378,ENSG00000197363,ENSG00000286681,ENSG00000180900,ENSG00000147804,ENSG00000213563,ENSG00000181638,ENSG00000261150,ENSG00000272172,ENSG00000160949,ENSG00000147813,ENSG00000104522,ENSG00000178896,ENSG00000288096,ENSG00000255182,ENSG00000160972,ENSG00000185122,ENSG00000197858,ENSG00000182325,ENSG00000160959,ENSG00000180921,ENSG00000289161,ENSG00000247317,ENSG00000179886,ENSG00000196150,ENSG00000071894,ENSG00000181135,ENSG00000183309,ENSG00000104529,ENSG00000287222,ENSG00000261236,ENSG00000160948,ENSG00000185730,ENSG00000232600,ENSG00000250571,ENSG00000179832,ENSG00000167700,ENSG00000181097,ENSG00000255050,ENSG00000170631,ENSG00000253716,ENSG00000204839,ENSG00000179091,ENSG00000235173,ENSG00000158106,ENSG00000255224,ENSG00000254389,ENSG00000198169,ENSG00000014164,ENSG00000287576,ENSG00000186583,ENSG00000177335","ENSG00000167702,ENSG00000167701,ENSG00000179832,ENSG00000185000,ENSG00000179091,ENSG00000284310,ENSG00000181097,ENSG00000104529,ENSG00000254812,ENSG00000255085,ENSG00000254389,ENSG00000161016,ENSG00000197363,ENSG00000147799,ENSG00000288096,ENSG00000180921,ENSG00000179886,ENSG00000283770,ENSG00000250571,ENSG00000147789,ENSG00000261150,ENSG00000160949,ENSG00000178896,ENSG00000147804,ENSG00000179632,ENSG00000178814,ENSG00000279605,ENSG00000261587,ENSG00000184428,ENSG00000284054,ENSG00000160972,ENSG00000289161,ENSG00000181135,ENSG00000179526,ENSG00000160959,ENSG00000286681,ENSG00000160957,ENSG00000167700,ENSG00000261236,ENSG00000104522,ENSG00000255456,ENSG00000253716,ENSG00000104524,ENSG00000204839,ENSG00000160932,ENSG00000160948,ENSG00000198169,ENSG00000235173,ENSG00000197858,ENSG00000186583,ENSG00000185803,ENSG00000213563,ENSG00000284229,ENSG00000255164,ENSG00000247317,ENSG00000170631,ENSG00000287576,ENSG00000071894,ENSG00000170619,ENSG00000178719,ENSG00000147813,ENSG00000014164,ENSG00000284139,ENSG00000285599,ENSG00000196378,ENSG00000260428,ENSG00000255343,ENSG00000185189,ENSG00000277888,ENSG00000182325,ENSG00000178209,ENSG00000272172,ENSG00000158106,ENSG00000203499,ENSG00000287222,ENSG00000196150,ENSG00000255000,ENSG00000177335,ENSG00000104518,ENSG00000263612,ENSG00000160973,ENSG00000283764,ENSG00000204791,ENSG00000255182,ENSG00000274772,ENSG00000232600,ENSG00000187954,ENSG00000255224,ENSG00000185122,ENSG00000244307,ENSG00000173137,ENSG00000183309,ENSG00000255050,ENSG00000181638,ENSG00000185730,ENSG00000180900,ENSG00000179950,ENSG00000265393,ENSG00000181085,ENSG00000276598,ENSG00000277494",ENSG00000178209,Liver eQTLs,train
20017825200092196-92196000005299,chr3,"3-49085563-CT-C,3-49114544-C-T,3-48992582-C-T,3-48992855-T-G,3-49013383-G-A,3-49016056-A-G,3-49090696-T-C,3-48977398-T-G,3-48943496-A-C,3-48956862-G-C,3-48957147-A-G,3-48960938-A-T,3-48972892-G-A,3-48986546-CATTTATTT-C,3-49044767-C-T,3-49097582-C-T,3-49109593-A-T,3-49133310-A-G,3-48844077-A-G,3-48845251-C-T,3-48850443-T-A,3-48863835-T-C,3-48888121-A-C,3-48890119-C-T,3-48890681-C-T,3-48891275-T-C,3-48900347-G-A,3-48924900-G-A,3-48937790-T-C,3-49032205-G-C,3-48947183-G-A,3-48995487-C-T,3-49035885-C-T,3-49035211-G-A,3-48962128-T-G,3-49189030-GA-G,3-49073355-A-AC,3-48878407-T-G,3-48952284-C-T,3-48951259-C-T,3-48996137-A-G,3-49009872-TC-T,3-49025101-A-C,3-48836392-C-G,3-48801840-C-T,3-48884147-T-C,3-48914238-G-A,3-48935583-G-A,3-48937761-G-T,3-49075988-C-G,3-49088112-T-C,3-49096848-C-A,3-49097783-C-T,3-49174006-G-C,3-49182932-G-A,3-49184795-A-T,3-49189195-C-T,3-48833347-G-A,3-48833348-G-T,3-48869072-CAG-C,3-48877158-TAC-T,3-48897595-G-A,3-48905161-G-A,3-48911443-C-T,3-49128061-C-CA,3-49135961-C-G,3-48817289-T-C,3-48860215-TG-T,3-48819668-A-C,3-48838267-A-G,3-48844059-G-A,3-48852639-A-G,3-48871664-A-C,3-48872998-A-G,3-48906469-T-G,3-48911125-C-T,3-48919232-A-G,3-48926816-A-G,3-48928232-T-C,3-48934102-T-C,3-48857805-T-C,3-48893780-T-C,3-48912829-A-G,3-48996606-C-T,3-49007638-T-A,3-48939080-G-A,3-48952385-A-G,3-48979231-A-G,3-49081247-T-C,3-49105136-A-G,3-48986399-A-T,3-48876040-TA-T,3-49030828-A-C,3-49157771-G-A,3-49003396-G-GA,3-48999323-G-A,3-49139966-G-A,3-48845480-TC-T,3-48920127-C-T,3-48902567-A-AT,3-49181218-A-G,3-49183955-C-A,3-49184664-G-A,3-48838111-CT-C,3-48962851-CT-C,3-49137904-G-T,3-49145741-T-C,3-48811388-G-GCCCCCT,3-49004723-A-G,3-48780081-A-G,3-49134914-T-G,3-48778027-A-G,3-49178846-T-C,3-49181885-A-G,3-49182237-A-G,3-49185392-A-G,3-48787219-A-G,3-48984508-TGG-T,3-48988760-T-C,3-48779715-C-T,3-48954074-A-G,3-49156676-A-G,3-49106542-T-TA,3-49151001-A-G,3-49052785-T-A,3-48743496-CGTGCATG-C,3-48749543-T-C,3-48724811-C-T,3-48727112-G-A,3-48735558-C-T,3-48748989-G-T,3-48757291-A-G,3-48744484-A-G,3-48723302-G-C,3-48730116-T-C,3-48743342-T-TA,3-48739883-T-C","ENSG00000164051,ENSG00000244380,ENSG00000289043,ENSG00000183763,ENSG00000145029,ENSG00000173402,ENSG00000224424,ENSG00000226913,ENSG00000164053,ENSG00000164045,ENSG00000164049,ENSG00000008300,ENSG00000164068,ENSG00000221883,ENSG00000164054,ENSG00000172053,ENSG00000182179,ENSG00000114268,ENSG00000067560,ENSG00000164062,ENSG00000178035,ENSG00000114302,ENSG00000114270,ENSG00000047849,ENSG00000164061,ENSG00000172046,ENSG00000164047,ENSG00000164050,ENSG00000185909,ENSG00000188315,ENSG00000164048,ENSG00000172113,ENSG00000178467,ENSG00000178252,ENSG00000176095,ENSG00000225399,ENSG00000235236,ENSG00000164077,ENSG00000114316,ENSG00000164078,ENSG00000145020,ENSG00000173531,ENSG00000270441,ENSG00000172037,ENSG00000004534,ENSG00000272434,ENSG00000010256,ENSG00000145022,ENSG00000173540,ENSG00000285416,ENSG00000068745,ENSG00000185614,ENSG00000232112,ENSG00000233276,ENSG00000177352,ENSG00000235908,ENSG00000178537,ENSG00000225697","ENSG00000270441,ENSG00000047849,ENSG00000183763,ENSG00000230698,ENSG00000164053,ENSG00000234667,ENSG00000067560,ENSG00000164068,ENSG00000236980,ENSG00000207605,ENSG00000178035,ENSG00000164054,ENSG00000164045,ENSG00000241461,ENSG00000264706,ENSG00000068745,ENSG00000164078,ENSG00000164049,ENSG00000199032,ENSG00000224424,ENSG00000221883,ENSG00000145022,ENSG00000114316,ENSG00000172053,ENSG00000164061,ENSG00000228350,ENSG00000244380,ENSG00000277483,ENSG00000114302,ENSG00000172046,ENSG00000008300,ENSG00000173531,ENSG00000145029,ENSG00000185614,ENSG00000173540,ENSG00000176020,ENSG00000164077,ENSG00000178467,ENSG00000239576,ENSG00000236768,ENSG00000272434,ENSG00000172113,ENSG00000178537,ENSG00000232112,ENSG00000164048,ENSG00000235908,ENSG00000265078,ENSG00000226913,ENSG00000289043,ENSG00000164051,ENSG00000253056,ENSG00000265483,ENSG00000244730,ENSG00000199476,ENSG00000188315,ENSG00000182179,ENSG00000164050,ENSG00000145020,ENSG00000164047,ENSG00000252466,ENSG00000284251,ENSG00000201301,ENSG00000114268,ENSG00000284488,ENSG00000183396,ENSG00000235236,ENSG00000164062,ENSG00000004534,ENSG00000114270,ENSG00000177352,ENSG00000010256,ENSG00000172037,ENSG00000283726,ENSG00000176095,ENSG00000284575,ENSG00000235627,ENSG00000231884,ENSG00000225697,ENSG00000264633,ENSG00000235120,ENSG00000285416,ENSG00000185909,ENSG00000178252,ENSG00000229453,ENSG00000233276,ENSG00000278799,ENSG00000225399,ENSG00000173402,ENSG00000270538",ENSG00000178252,Liver eQTLs,train
20017829500092196-92196000004087,chr2,"2-17920545-A-G,2-17927275-C-T,2-17932873-G-A,2-17933275-T-C,2-17935780-T-C,2-17937283-A-G,2-17938501-A-G,2-17959099-T-G,2-17960410-G-T,2-17962450-A-G,2-17965931-G-A,2-17967281-T-G,2-17932833-G-T,2-17932113-CA-C,2-17970731-A-G,2-17989500-G-A,2-17989466-T-G,2-17895937-C-T,2-17883529-G-C,2-17884174-C-T,2-17887049-C-T,2-17888457-G-A,2-17898326-C-T,2-17981589-G-A,2-17981258-C-T,2-17914056-G-T,2-17873391-C-T,2-17855377-A-G,2-17872726-CA-C,2-17898953-A-T,2-17899584-T-G,2-17981684-G-T,2-17860983-C-T,2-17864680-A-G,2-17865916-T-C,2-17873722-G-A,2-17874459-C-T,2-17874706-A-G,2-17885738-C-G,2-17886653-T-G,2-17889705-A-G,2-17913965-CA-C,2-17828683-C-T,2-17838601-C-T,2-17910351-C-T,2-17883451-T-C,2-17904290-G-A,2-17866653-CTCA-C,2-17879411-T-C,2-17866395-G-GAA,2-17959543-GTA-G,2-17874177-C-G,2-17841243-A-C,2-17889266-C-T","ENSG00000185013,ENSG00000240857,ENSG00000214842,ENSG00000260331,ENSG00000178295","ENSG00000151379,ENSG00000236348,ENSG00000214842,ENSG00000224626,ENSG00000260331,ENSG00000178295,ENSG00000222842,ENSG00000185013,ENSG00000214843,ENSG00000287881,ENSG00000287849,ENSG00000237670,ENSG00000212455,ENSG00000207170,ENSG00000240857",ENSG00000178295,Liver eQTLs,train
20017829700092196-92196000003543,chr19,"19-2398224-A-G,19-2398849-A-G,19-2399325-C-T,19-2395960-T-C","ENSG00000133243,ENSG00000267283,ENSG00000261342,ENSG00000220008,ENSG00000099840,ENSG00000104964,ENSG00000129911,ENSG00000253392,ENSG00000119559,ENSG00000071626,ENSG00000130005,ENSG00000129968,ENSG00000176533,ENSG00000060558,ENSG00000088256,ENSG00000267412,ENSG00000172006,ENSG00000104904,ENSG00000115255,ENSG00000161082,ENSG00000005206,ENSG00000213638,ENSG00000178297,ENSG00000127540,ENSG00000130270,ENSG00000065000,ENSG00000267317,ENSG00000181588,ENSG00000172081,ENSG00000065717,ENSG00000171970,ENSG00000279452,ENSG00000175691,ENSG00000130332,ENSG00000115268,ENSG00000071564,ENSG00000227500,ENSG00000188305,ENSG00000104899,ENSG00000133275,ENSG00000104886,ENSG00000141873,ENSG00000176490,ENSG00000104897,ENSG00000185761,ENSG00000288156,ENSG00000071655,ENSG00000115266,ENSG00000141905,ENSG00000167476,ENSG00000176619,ENSG00000248015,ENSG00000280103,ENSG00000268798,ENSG00000079313,ENSG00000104885,ENSG00000186300,ENSG00000115257,ENSG00000172009,ENSG00000125910,ENSG00000287766,ENSG00000185988,ENSG00000261526,ENSG00000125912,ENSG00000267244,ENSG00000104953,ENSG00000099875,ENSG00000104969,ENSG00000099860","ENSG00000071626,ENSG00000263974,ENSG00000125912,ENSG00000185761,ENSG00000227500,ENSG00000071564,ENSG00000289471,ENSG00000104886,ENSG00000221411,ENSG00000088256,ENSG00000115268,ENSG00000276097,ENSG00000125910,ENSG00000280103,ENSG00000267073,ENSG00000279599,ENSG00000267448,ENSG00000141905,ENSG00000104964,ENSG00000288156,ENSG00000104897,ENSG00000239367,ENSG00000099840,ENSG00000130270,ENSG00000104953,ENSG00000248015,ENSG00000130332,ENSG00000267244,ENSG00000267063,ENSG00000178297,ENSG00000252962,ENSG00000133243,ENSG00000071655,ENSG00000115255,ENSG00000176490,ENSG00000284272,ENSG00000267412,ENSG00000060558,ENSG00000286880,ENSG00000287766,ENSG00000279452,ENSG00000267749,ENSG00000115257,ENSG00000286460,ENSG00000277904,ENSG00000266938,ENSG00000129968,ENSG00000172081,ENSG00000104899,ENSG00000129911,ENSG00000099875,ENSG00000275642,ENSG00000261526,ENSG00000079313,ENSG00000119559,ENSG00000261342,ENSG00000127540,ENSG00000267317,ENSG00000115266,ENSG00000267180,ENSG00000268798,ENSG00000065000,ENSG00000005206,ENSG00000267201,ENSG00000161082,ENSG00000172009,ENSG00000185988,ENSG00000186300,ENSG00000172006,ENSG00000130005,ENSG00000283728,ENSG00000188305,ENSG00000104969,ENSG00000171970,ENSG00000065717,ENSG00000167476,ENSG00000104904,ENSG00000288906,ENSG00000181588,ENSG00000284216,ENSG00000176619,ENSG00000175691,ENSG00000099860,ENSG00000105694,ENSG00000104885,ENSG00000267398,ENSG00000133275,ENSG00000176533,ENSG00000266944,ENSG00000267125,ENSG00000267283,ENSG00000253392,ENSG00000220008,ENSG00000141873,ENSG00000252933,ENSG00000213638",ENSG00000178297,Liver eQTLs,train
20017870000092196-92196000005360,chr3,"3-93725297-C-T,3-93750941-C-T,3-93809151-T-C,3-93762379-C-A,3-93813171-C-G,3-93820698-T-G,3-93710472-C-T,3-93812793-G-T,3-93671183-C-A,3-93672516-CG-C,3-93800273-G-A,3-93653992-G-A,3-93657356-G-A,3-93681489-C-T,3-93705034-G-A,3-93708683-T-C,3-93605126-A-G,3-93769932-A-G,3-93780109-G-C,3-93527449-G-A,3-93534766-C-CA,3-93561499-C-T,3-93762544-G-A,3-93543006-A-T,3-93554116-C-T,3-93559148-C-G,3-93562572-G-T,3-93578271-A-G,3-93530098-T-C,3-93566171-G-A,3-93569972-G-A,3-93601558-C-A,3-93609459-C-T,3-93610195-T-G,3-93522841-G-A,3-93522442-C-T,3-93522675-T-A,3-93591581-G-T,3-93576812-C-T,3-93505756-T-A","ENSG00000169379,ENSG00000184500,ENSG00000178700,ENSG00000178694","ENSG00000201339,ENSG00000169379,ENSG00000178700,ENSG00000239614,ENSG00000184500,ENSG00000178660,ENSG00000200366,ENSG00000178694,ENSG00000251727",ENSG00000178700,Liver eQTLs,train
20017882600092196-92196000006585,chr7,"7-142981716-C-CAAGGTAAATTACCCAAATAG,7-142958183-T-C,7-142874726-A-G,7-142872258-A-T,7-143014244-T-C","ENSG00000211772,ENSG00000204983,ENSG00000106144,ENSG00000244198,ENSG00000170379,ENSG00000253882,ENSG00000146904,ENSG00000211753,ENSG00000197448,ENSG00000271079,ENSG00000170356,ENSG00000232533,ENSG00000243896,ENSG00000159840,ENSG00000289604,ENSG00000178826,ENSG00000278030,ENSG00000211747,ENSG00000213214,ENSG00000165125,ENSG00000275896,ENSG00000288784,ENSG00000223459,ENSG00000270672,ENSG00000282939,ENSG00000159784,ENSG00000232869,ENSG00000198420,ENSG00000211746,ENSG00000197993,ENSG00000106123,ENSG00000211751,ENSG00000159763","ENSG00000251578,ENSG00000230099,ENSG00000211765,ENSG00000252523,ENSG00000165125,ENSG00000240578,ENSG00000221937,ENSG00000274752,ENSG00000253188,ENSG00000227550,ENSG00000243896,ENSG00000211753,ENSG00000273377,ENSG00000277880,ENSG00000244273,ENSG00000225781,ENSG00000239944,ENSG00000275896,ENSG00000275791,ENSG00000268170,ENSG00000243889,ENSG00000211746,ENSG00000282133,ENSG00000232533,ENSG00000170356,ENSG00000211764,ENSG00000283537,ENSG00000211720,ENSG00000270672,ENSG00000271079,ENSG00000178826,ENSG00000232869,ENSG00000239293,ENSG00000236853,ENSG00000253882,ENSG00000211750,ENSG00000211771,ENSG00000179420,ENSG00000198420,ENSG00000276953,ENSG00000281958,ENSG00000211717,ENSG00000197993,ENSG00000159763,ENSG00000258223,ENSG00000242771,ENSG00000253409,ENSG00000211770,ENSG00000229877,ENSG00000185899,ENSG00000276819,ENSG00000186163,ENSG00000224970,ENSG00000282173,ENSG00000275243,ENSG00000213214,ENSG00000243661,ENSG00000211713,ENSG00000221910,ENSG00000282320,ENSG00000221855,ENSG00000211706,ENSG00000241881,ENSG00000275743,ENSG00000241136,ENSG00000211714,ENSG00000232145,ENSG00000211724,ENSG00000288784,ENSG00000289416,ENSG00000276597,ENSG00000282939,ENSG00000211725,ENSG00000211747,ENSG00000277083,ENSG00000249912,ENSG00000146904,ENSG00000234066,ENSG00000241657,ENSG00000244661,ENSG00000211766,ENSG00000270729,ENSG00000272619,ENSG00000275158,ENSG00000282780,ENSG00000276405,ENSG00000159784,ENSG00000159840,ENSG00000282420,ENSG00000170379,ENSG00000253291,ENSG00000229769,ENSG00000237254,ENSG00000211731,ENSG00000211767,ENSG00000223459,ENSG00000211728,ENSG00000231531,ENSG00000289604,ENSG00000282499,ENSG00000230556,ENSG00000278030,ENSG00000204983,ENSG00000106123,ENSG00000211727,ENSG00000106144,ENSG00000239992,ENSG00000236398,ENSG00000211751,ENSG00000242736,ENSG00000279223,ENSG00000283528,ENSG00000211715,ENSG00000276557,ENSG00000211707,ENSG00000179468,ENSG00000253534,ENSG00000211768,ENSG00000197448,ENSG00000278449,ENSG00000127412,ENSG00000211769,ENSG00000250591,ENSG00000252037,ENSG00000244198,ENSG00000241911,ENSG00000211739,ENSG00000237702,ENSG00000176510,ENSG00000211772,ENSG00000229977,ENSG00000286569,ENSG00000282431,ENSG00000211710,ENSG00000240268",ENSG00000178826,Liver eQTLs,train
20017885200092196-92196000003104,chr17,"17-45440269-C-T,17-45440385-C-T,17-45425115-G-A,17-45438952-C-T,17-45562744-C-CAAGT,17-45570623-G-C,17-45570624-C-T,17-45479446-A-C,17-45485982-C-T,17-45457136-A-AT,17-45475835-G-C,17-45584962-GT-G,17-45474997-C-A,17-45571676-C-T,17-45572817-TTTG-T,17-45575354-C-T,17-45582136-C-G,17-45588112-G-A,17-45592266-A-G,17-45594590-A-G,17-45575932-GA-G,17-45575934-A-G,17-45498386-T-TG,17-45592169-T-C,17-45509496-G-A,17-45512483-A-G,17-45516667-C-T,17-45580786-T-G,17-45669428-T-TA,17-45712218-C-T,17-45627693-G-C,17-45599591-T-C,17-45600013-T-A,17-45613995-T-C,17-45633485-T-C,17-45577914-A-G,17-45627760-G-A,17-45608326-A-C,17-45539117-C-T,17-45545378-T-G,17-45582395-G-A,17-45578435-T-A,17-45579555-T-G,17-45582952-T-C,17-45583375-A-C,17-45590722-G-A,17-45591166-G-A,17-45576936-C-G,17-45577469-G-A,17-45640405-G-T,17-45498226-G-T,17-45607572-T-G,17-45558090-C-T,17-45611704-T-C,17-45614763-T-A,17-45626002-A-C,17-45634034-T-C,17-45641528-C-T,17-45650196-T-C,17-45653291-T-G,17-45653921-T-A,17-45668509-A-G,17-45703433-C-T,17-45498937-G-T,17-45629406-G-A,17-45737275-A-T,17-45709349-T-G,17-45632713-CT-C,17-45578019-CA-C,17-45720627-A-AC,17-45720849-T-C,17-45732774-C-A,17-45737701-A-G,17-45740805-A-G,17-45744993-G-A,17-45749172-C-G,17-45721653-C-T,17-45730899-C-T,17-45738861-G-A,17-45741016-C-T,17-45717091-G-A,17-45732605-G-A,17-45664861-A-G,17-45667822-CA-C,17-45695242-AT-A,17-45612906-G-A,17-45748897-TATTA-T,17-45725931-T-A,17-45597098-C-T,17-45641743-G-A,17-45755810-G-A,17-45755954-C-T,17-45715430-AT-A,17-45653569-C-T,17-45601493-GA-G,17-45624913-G-C,17-45626961-C-T,17-45630497-C-T,17-45634013-G-A,17-45638267-G-C,17-45638760-C-T,17-45640770-C-T,17-45647067-T-C,17-45648446-A-C,17-45649694-C-A,17-45653364-A-T,17-45655887-A-T,17-45657843-C-T,17-45660887-T-G,17-45665177-A-T,17-45667550-G-A,17-45668760-A-T,17-45669524-A-C,17-45671506-G-A,17-45674533-TTATAA-T,17-45676526-G-C,17-45676760-C-T,17-45678579-C-T,17-45690351-A-T,17-45694980-G-GTAAT,17-45695832-C-T,17-45697549-C-G,17-45698175-G-A,17-45701027-AT-A,17-45701731-T-C,17-45702280-T-C,17-45707211-C-T,17-45671869-C-T,17-45632955-T-C,17-45678408-G-A,17-45757598-G-A,17-45714655-C-T,17-45716124-C-T,17-45719816-G-A,17-45580138-C-T,17-45626395-G-A,17-45662383-T-C,17-45674687-A-T,17-45700384-C-CCTA,17-45687767-G-A,17-45621261-A-G,17-45750596-G-A,17-45721795-G-A,17-45724996-G-A,17-45604028-C-A,17-45601675-C-CA,17-45735706-T-C,17-45763073-A-C,17-45615568-C-CTTTTTTTTTTTTTTTTTTTTTTTT,17-45574410-G-C,17-45574931-G-T,17-45575206-G-A,17-45574361-A-G,17-45671778-CT-C,17-45766771-G-A,17-45425604-C-T,17-45443494-A-G,17-45445229-C-T,17-45425780-T-G,17-45438886-CAGTG-C","ENSG00000159111,ENSG00000141279,ENSG00000198336,ENSG00000253347,ENSG00000004897,ENSG00000264920,ENSG00000278765,ENSG00000108379,ENSG00000178852,ENSG00000263412,ENSG00000234494,ENSG00000167182,ENSG00000073861,ENSG00000213326,ENSG00000167183,ENSG00000141294,ENSG00000264701,ENSG00000158955,ENSG00000259207,ENSG00000073969,ENSG00000262879,ENSG00000239291,ENSG00000108465,ENSG00000238083,ENSG00000263293,ENSG00000108433,ENSG00000082641,ENSG00000141295,ENSG00000002919,ENSG00000108468,ENSG00000005243,ENSG00000263766,ENSG00000108439,ENSG00000006025,ENSG00000185829,ENSG00000260075,ENSG00000266601","ENSG00000185829,ENSG00000234494,ENSG00000002919,ENSG00000264701,ENSG00000159111,ENSG00000266504,ENSG00000267788,ENSG00000264920,ENSG00000141294,ENSG00000260075,ENSG00000285668,ENSG00000073969,ENSG00000278770,ENSG00000108465,ENSG00000267334,ENSG00000239291,ENSG00000262500,ENSG00000073861,ENSG00000141295,ENSG00000259207,ENSG00000199953,ENSG00000108439,ENSG00000005243,ENSG00000265964,ENSG00000262539,ENSG00000263412,ENSG00000263766,ENSG00000167131,ENSG00000108379,ENSG00000120088,ENSG00000082641,ENSG00000158955,ENSG00000185294,ENSG00000238083,ENSG00000213326,ENSG00000141279,ENSG00000277249,ENSG00000262879,ENSG00000271222,ENSG00000253347,ENSG00000006025,ENSG00000266979,ENSG00000263293,ENSG00000267384,ENSG00000200888,ENSG00000265411,ENSG00000108468,ENSG00000004897,ENSG00000278223,ENSG00000198336,ENSG00000256762,ENSG00000167183,ENSG00000266601,ENSG00000278765,ENSG00000265547,ENSG00000289024,ENSG00000264251,ENSG00000108433,ENSG00000167182,ENSG00000263503,ENSG00000238723,ENSG00000240305,ENSG00000178852",ENSG00000178852,Liver eQTLs,train
20017910400092196-92196000001811,chr12,"12-82941163-G-A,12-82952424-GT-G,12-83012574-C-T,12-82919049-G-GA,12-82971185-G-T,12-82974615-TACAC-T,12-82974871-C-A,12-82976983-AC-A,12-82976985-A-T,12-82979976-G-A,12-82980104-G-A,12-82982794-G-C,12-82982967-G-C,12-82986480-A-G,12-82989148-C-T,12-82995656-T-C,12-83000459-T-C,12-83004395-A-C,12-83006481-A-T,12-83009827-T-C,12-82928329-T-C,12-82980418-T-C,12-82959244-T-C,12-82962685-G-T,12-82964278-C-T,12-82966466-A-G,12-82932020-T-C,12-82949262-T-C,12-82974229-A-C,12-82979178-A-G,12-83007705-G-C,12-82991516-A-T,12-82994603-T-G,12-82962614-TA-T,12-82973595-T-TA,12-82994302-T-C,12-82946947-G-C,12-82925260-A-G,12-82967668-A-G,12-82989591-G-C,12-82969329-C-T,12-82970004-A-G,12-82970892-G-A,12-82973091-T-C,12-82973839-TTTGA-T,12-82974661-G-A,12-82975730-G-A,12-82977121-T-C,12-82978977-A-G,12-82979481-A-T,12-82981609-C-T,12-82983454-G-C,12-82984497-G-A,12-82985981-T-C,12-82987137-G-A,12-82989200-G-A,12-82992798-T-G,12-82992887-G-C,12-82993016-A-G,12-82994066-C-G,12-82994221-T-A,12-82998753-A-T,12-82998818-A-C,12-82999339-C-T,12-82999480-C-T,12-83000283-T-G,12-83005332-A-G,12-83007751-A-T,12-83009650-A-T,12-83009914-C-T,12-82970131-T-A,12-82971206-T-A,12-82973418-A-G,12-82977553-A-G,12-82981183-C-G,12-82981623-C-T,12-82981893-C-G,12-82983434-C-G,12-82983475-C-T,12-82985856-A-G,12-82990209-T-C,12-82991911-A-G,12-82992886-A-C,12-82992923-A-G,12-82993024-G-C,12-82993963-T-G,12-82994052-C-T,12-82996784-G-A,12-82997405-T-C,12-82998786-T-C,12-82998936-T-C,12-82999126-C-CT,12-82999145-A-G,12-82999445-A-G,12-82999536-A-G,12-83004248-T-C,12-83004647-C-CA,12-83004906-G-A,12-83005865-T-G,12-83008306-G-A,12-83008635-C-A,12-82963276-C-T,12-82965063-T-C,12-82967785-G-A,12-83004340-G-A","ENSG00000127720,ENSG00000133773,ENSG00000179104","ENSG00000258193,ENSG00000133773,ENSG00000258338,ENSG00000257875,ENSG00000257837,ENSG00000213270,ENSG00000127720,ENSG00000288941,ENSG00000252220,ENSG00000179104,ENSG00000257124,ENSG00000257747,ENSG00000258170",ENSG00000179104,Liver eQTLs,train
20017911900092196-92196000001207,chr11,"11-18639167-C-T,11-18640477-C-T,11-18645020-C-CA,11-18632984-T-C,11-18638712-A-T,11-18645668-T-C,11-18645843-C-A,11-18654689-C-CT,11-18656062-G-C,11-18656271-C-T,11-18656932-C-T,11-18643559-G-A,11-18664241-T-G,11-18635815-A-G,11-18653712-A-G,11-18653957-C-G,11-18639363-T-C","ENSG00000177054,ENSG00000110768,ENSG00000134339,ENSG00000173432,ENSG00000148965,ENSG00000151116,ENSG00000074319,ENSG00000254966,ENSG00000256006,ENSG00000134333,ENSG00000212789,ENSG00000179119,ENSG00000279837,ENSG00000166787,ENSG00000110756,ENSG00000247595,ENSG00000179057,ENSG00000129170,ENSG00000166833,ENSG00000166796,ENSG00000129167,ENSG00000151117,ENSG00000129173,ENSG00000254622,ENSG00000129158,ENSG00000289499,ENSG00000256282,ENSG00000166788","ENSG00000247595,ENSG00000166787,ENSG00000255335,ENSG00000254546,ENSG00000179817,ENSG00000170255,ENSG00000207407,ENSG00000256006,ENSG00000254738,ENSG00000254544,ENSG00000256734,ENSG00000255254,ENSG00000255160,ENSG00000110768,ENSG00000110756,ENSG00000255470,ENSG00000166796,ENSG00000129173,ENSG00000255270,ENSG00000129170,ENSG00000134333,ENSG00000179057,ENSG00000254966,ENSG00000201695,ENSG00000289499,ENSG00000255244,ENSG00000254720,ENSG00000151117,ENSG00000274589,ENSG00000134339,ENSG00000254541,ENSG00000255424,ENSG00000254622,ENSG00000254529,ENSG00000074319,ENSG00000200336,ENSG00000179826,ENSG00000148965,ENSG00000255308,ENSG00000183695,ENSG00000173432,ENSG00000212789,ENSG00000200687,ENSG00000177054,ENSG00000256282,ENSG00000254857,ENSG00000166788,ENSG00000264603,ENSG00000129158,ENSG00000255536,ENSG00000285562,ENSG00000166833,ENSG00000255138,ENSG00000179119,ENSG00000129167,ENSG00000286998,ENSG00000279837,ENSG00000255511,ENSG00000265210,ENSG00000276789,ENSG00000254586,ENSG00000151116",ENSG00000179119,Liver eQTLs,train
20017934400092196-92196000006309,chr6,"6-32627109-A-G,6-32627115-G-T,6-32627105-T-A,6-32627117-C-A","ENSG00000240065,ENSG00000204314,ENSG00000224389,ENSG00000204231,ENSG00000250535,ENSG00000204351,ENSG00000204389,ENSG00000213722,ENSG00000213719,ENSG00000204396,ENSG00000289047,ENSG00000204371,ENSG00000096433,ENSG00000204390,ENSG00000235863,ENSG00000284446,ENSG00000248290,ENSG00000166278,ENSG00000286974,ENSG00000228727,ENSG00000204420,ENSG00000240053,ENSG00000204348,ENSG00000289559,ENSG00000204227,ENSG00000204438,ENSG00000204388,ENSG00000272217,ENSG00000231925,ENSG00000232940,ENSG00000289100,ENSG00000168394,ENSG00000204261,ENSG00000227057,ENSG00000204386,ENSG00000204392,ENSG00000204394,ENSG00000204308,ENSG00000204228,ENSG00000179344,ENSG00000204267,ENSG00000204252,ENSG00000241106,ENSG00000112473,ENSG00000281756,ENSG00000204287,ENSG00000204304,ENSG00000168477,ENSG00000204220,ENSG00000204256,ENSG00000241404,ENSG00000213588,ENSG00000204387,ENSG00000204264,ENSG00000213654,ENSG00000197283,ENSG00000242574,ENSG00000204385,ENSG00000204257,ENSG00000243649,ENSG00000112511,ENSG00000204248,ENSG00000229776,ENSG00000237080,ENSG00000204209,ENSG00000204315,ENSG00000204305,ENSG00000204427,ENSG00000204421,ENSG00000204356,ENSG00000223501,ENSG00000204338,ENSG00000204366,ENSG00000288751,ENSG00000233627,ENSG00000030110,ENSG00000204301,ENSG00000204435,ENSG00000236104,ENSG00000204410,ENSG00000237649,ENSG00000237441,ENSG00000284954,ENSG00000221988,ENSG00000204344,ENSG00000112514,ENSG00000204439,ENSG00000231852,ENSG00000231389,ENSG00000204428,ENSG00000213676,ENSG00000223865,ENSG00000231500","ENSG00000204231,ENSG00000252512,ENSG00000263649,ENSG00000213722,ENSG00000204410,ENSG00000284517,ENSG00000030110,ENSG00000240053,ENSG00000204348,ENSG00000204356,ENSG00000204301,ENSG00000223457,ENSG00000242014,ENSG00000204227,ENSG00000288751,ENSG00000226030,ENSG00000204290,ENSG00000230313,ENSG00000204421,ENSG00000284064,ENSG00000166278,ENSG00000204385,ENSG00000237285,ENSG00000289559,ENSG00000241106,ENSG00000204394,ENSG00000284446,ENSG00000225644,ENSG00000204427,ENSG00000284469,ENSG00000237080,ENSG00000204435,ENSG00000235301,ENSG00000201823,ENSG00000237398,ENSG00000236104,ENSG00000232940,ENSG00000221988,ENSG00000213719,ENSG00000204188,ENSG00000204420,ENSG00000233627,ENSG00000248290,ENSG00000223335,ENSG00000213654,ENSG00000213676,ENSG00000096433,ENSG00000237441,ENSG00000204287,ENSG00000235040,ENSG00000204256,ENSG00000204220,ENSG00000284256,ENSG00000231461,ENSG00000277264,ENSG00000286974,ENSG00000196301,ENSG00000179344,ENSG00000231389,ENSG00000274494,ENSG00000204428,ENSG00000168477,ENSG00000229776,ENSG00000204304,ENSG00000244355,ENSG00000204392,ENSG00000224389,ENSG00000204257,ENSG00000204252,ENSG00000229596,ENSG00000266776,ENSG00000204315,ENSG00000197251,ENSG00000204438,ENSG00000231925,ENSG00000235863,ENSG00000204386,ENSG00000251916,ENSG00000204396,ENSG00000213588,ENSG00000281756,ENSG00000204366,ENSG00000204351,ENSG00000243649,ENSG00000112514,ENSG00000204305,ENSG00000286920,ENSG00000234515,ENSG00000237649,ENSG00000231852,ENSG00000225463,ENSG00000223501,ENSG00000204314,ENSG00000272217,ENSG00000204388,ENSG00000112511,ENSG00000204228,ENSG00000204439,ENSG00000204371,ENSG00000289047,ENSG00000223837,ENSG00000228688,ENSG00000231500,ENSG00000289100,ENSG00000223865,ENSG00000204267,ENSG00000250535,ENSG00000204338,ENSG00000204390,ENSG00000204261,ENSG00000112473,ENSG00000197283,ENSG00000240065,ENSG00000284954,ENSG00000232080,ENSG00000228727,ENSG00000204248,ENSG00000204296,ENSG00000255552,ENSG00000242574,ENSG00000204209,ENSG00000168394,ENSG00000204308,ENSG00000276746,ENSG00000227057,ENSG00000204264,ENSG00000204387,ENSG00000204389,ENSG00000241404,ENSG00000204344",ENSG00000179344,Liver eQTLs,train
20017956200092196-92196000006537,chr7,"7-127220917-G-T,7-127115746-C-T,7-127100039-T-C,7-127127333-A-G,7-127129561-G-A,7-127138252-C-T,7-127142769-AAACT-A,7-127129607-C-T,7-127137165-T-C,7-127138695-TAATTTA-T,7-127142915-C-CA,7-127195197-G-C,7-127215059-C-A,7-127328414-C-T,7-127341003-C-G,7-127117209-A-G,7-127118788-C-G,7-127122272-G-A,7-127123376-A-G,7-127125748-C-T,7-127090007-G-A,7-127095040-C-G,7-127103405-G-C,7-127105058-A-C,7-127106673-TCTC-T,7-127108868-T-C,7-127113591-C-G,7-127114277-T-C,7-127115943-A-G,7-127115955-G-A,7-127142119-G-T,7-127152150-A-AT,7-127152150-A-AT,7-127362819-A-T,7-127382169-A-G,7-127066432-T-C,7-127066906-C-T,7-127081733-A-C","ENSG00000179562,ENSG00000048405,ENSG00000179603,ENSG00000106344,ENSG00000128594,ENSG00000224138,ENSG00000280347,ENSG00000165055,ENSG00000135245,ENSG00000213280,ENSG00000224940,ENSG00000272601,ENSG00000279265,ENSG00000280828,ENSG00000197157,ENSG00000106348,ENSG00000273270,ENSG00000106328","ENSG00000165055,ENSG00000224981,ENSG00000179603,ENSG00000240579,ENSG00000227249,ENSG00000272601,ENSG00000287568,ENSG00000128594,ENSG00000236340,ENSG00000280347,ENSG00000230820,ENSG00000240790,ENSG00000236105,ENSG00000207588,ENSG00000213280,ENSG00000048405,ENSG00000106328,ENSG00000207705,ENSG00000197157,ENSG00000224138,ENSG00000273270,ENSG00000207692,ENSG00000106331,ENSG00000135245,ENSG00000280828,ENSG00000279265,ENSG00000106348,ENSG00000226770,ENSG00000179562,ENSG00000241921,ENSG00000224940,ENSG00000106344,ENSG00000287702",ENSG00000179562,Liver eQTLs,train
20017960300092196-92196000006534,chr7,"7-126713914-T-C,7-126650844-G-T,7-126673296-T-C,7-126684108-A-G,7-126684177-G-A,7-126664119-T-C,7-126675386-A-C,7-126655124-A-G,7-126648289-A-G,7-126649677-A-G,7-126686441-T-TA,7-126686441-T-TA,7-126677398-G-T,7-126683977-AG-A,7-126654746-A-T,7-126656213-G-A,7-126684276-A-T,7-126646480-C-T","ENSG00000048405,ENSG00000128594,ENSG00000179603,ENSG00000106328,ENSG00000279265,ENSG00000280347,ENSG00000004059,ENSG00000179562,ENSG00000224138,ENSG00000197157","ENSG00000004059,ENSG00000106331,ENSG00000236340,ENSG00000224981,ENSG00000240790,ENSG00000179562,ENSG00000106328,ENSG00000207692,ENSG00000048405,ENSG00000226770,ENSG00000241921,ENSG00000227249,ENSG00000197462,ENSG00000236105,ENSG00000280347,ENSG00000287568,ENSG00000128594,ENSG00000179603,ENSG00000287702,ENSG00000197157,ENSG00000279265,ENSG00000224138,ENSG00000230820",ENSG00000179603,Liver eQTLs,train
20017969800092196-92196000007022,chr8,"8-145142872-C-T,8-145173876-A-C,8-145173959-C-T,8-145159304-G-A,8-145162372-C-T,8-145182232-CA-C,8-145132389-A-G,8-145115465-C-T,8-145146430-C-T,8-145153195-G-A,8-145118519-G-C,8-145121514-T-C,8-145182727-A-G,8-145176220-G-A,8-145180546-C-T,8-145170440-A-C,8-145181006-A-G,8-145173957-G-A,8-145170028-TG-T,8-145171489-A-C,8-145171859-T-C,8-145136553-CA-C,8-145136553-CA-C,8-145175013-C-T,8-145176617-T-C,8-145178033-T-C,8-145178875-G-A,8-145179003-A-T,8-145179139-T-G,8-145183551-T-C,8-145181859-CAGG-C,8-145181017-G-T,8-145112983-C-T,8-145183257-C-A,8-145183446-T-C,8-145183462-T-C,8-145183465-C-T,8-145182519-T-C,8-145180341-G-A,8-145173527-A-C,8-145144623-CTT-C,8-145179254-G-A,8-145130813-A-T,8-145132633-T-C,8-145133006-CA-C,8-145136219-C-T,8-145180455-CT-C,8-145159099-G-A,8-145168086-G-C,8-145171677-C-A,8-145172807-T-C,8-145173194-C-G,8-145174008-CG-C,8-145175173-T-C,8-145176423-T-C,8-145179402-A-G,8-145176953-A-C,8-145179162-C-T,8-145114844-C-T,8-145115901-G-A,8-145117901-C-T,8-145122124-C-T,8-145144281-T-C,8-145145312-G-C,8-145128890-A-G,8-145149304-C-A,8-145187136-G-A,8-145144468-C-T,8-145118501-A-G,8-145118648-A-G,8-145125263-A-C,8-145149590-G-A,8-145216008-G-A,8-145181941-A-G,8-145152452-A-G,8-145152460-C-G,8-145155408-C-T,8-145158446-C-T,8-145158503-G-T,8-145161823-G-A,8-145161896-T-C,8-145162598-G-C,8-145163647-T-C,8-145164847-A-G,8-145167922-G-C,8-145168824-T-C,8-145218266-G-C,8-145217729-G-GA,8-145149860-A-G,8-145114643-G-A,8-145156013-T-C,8-145145123-C-CTTG,8-145163414-C-G,8-145143802-G-A,8-145143934-C-T,8-145144912-T-G,8-145145687-A-C,8-145147169-G-A,8-145149823-G-T,8-145139522-C-G,8-145139727-C-T,8-145140472-A-G,8-145141103-GTC-G,8-145142206-G-A,8-145170353-T-A,8-145134153-G-C,8-145150101-T-G,8-145134151-T-TG,8-145134151-T-TG,8-145116697-G-A,8-145117655-AC-A,8-145135727-A-G,8-145153138-A-G,8-145141143-G-A,8-145128458-A-C,8-145119168-T-C,8-145125609-C-A","ENSG00000179832,ENSG00000181085,ENSG00000182325,ENSG00000184428,ENSG00000198169,ENSG00000254389,ENSG00000179698,ENSG00000104522,ENSG00000255085,ENSG00000170619,ENSG00000179886,ENSG00000182307,ENSG00000279605,ENSG00000261150,ENSG00000179526,ENSG00000180921,ENSG00000260428,ENSG00000255224,ENSG00000071894,ENSG00000160948,ENSG00000185730,ENSG00000272172,ENSG00000014164,ENSG00000183309,ENSG00000288096,ENSG00000178896,ENSG00000185803,ENSG00000167702,ENSG00000178209,ENSG00000196378,ENSG00000253716,ENSG00000167700,ENSG00000104518,ENSG00000160973,ENSG00000235173,ENSG00000147799,ENSG00000161016,ENSG00000179950,ENSG00000196922,ENSG00000250571,ENSG00000160972,ENSG00000179632,ENSG00000178814,ENSG00000197363,ENSG00000255343,ENSG00000277494,ENSG00000286681,ENSG00000179091,ENSG00000261236,ENSG00000204839,ENSG00000287222,ENSG00000185122,ENSG00000254812,ENSG00000160957,ENSG00000170631,ENSG00000181097,ENSG00000158106,ENSG00000261587,ENSG00000204791,ENSG00000255050,ENSG00000147813,ENSG00000178719,ENSG00000197858,ENSG00000255182,ENSG00000104529,ENSG00000104524,ENSG00000178685,ENSG00000185000,ENSG00000173137,ENSG00000232600,ENSG00000147789,ENSG00000180900,ENSG00000287576,ENSG00000213563,ENSG00000181638,ENSG00000187954,ENSG00000289161,ENSG00000167701,ENSG00000255559,ENSG00000196150,ENSG00000186583,ENSG00000181135,ENSG00000203499,ENSG00000285599,ENSG00000160949,ENSG00000160959,ENSG00000185189","ENSG00000147799,ENSG00000232600,ENSG00000158106,ENSG00000287222,ENSG00000179886,ENSG00000277494,ENSG00000244307,ENSG00000184428,ENSG00000203499,ENSG00000180900,ENSG00000288096,ENSG00000160957,ENSG00000160949,ENSG00000071894,ENSG00000255559,ENSG00000183309,ENSG00000182325,ENSG00000261587,ENSG00000198169,ENSG00000255182,ENSG00000104529,ENSG00000160959,ENSG00000185000,ENSG00000167700,ENSG00000147813,ENSG00000276598,ENSG00000170631,ENSG00000179950,ENSG00000255000,ENSG00000284229,ENSG00000181097,ENSG00000167702,ENSG00000261150,ENSG00000147789,ENSG00000284310,ENSG00000178814,ENSG00000160972,ENSG00000178719,ENSG00000263612,ENSG00000260428,ENSG00000185803,ENSG00000272172,ENSG00000178685,ENSG00000283764,ENSG00000185189,ENSG00000261236,ENSG00000170619,ENSG00000181135,ENSG00000179832,ENSG00000213563,ENSG00000286681,ENSG00000185122,ENSG00000204839,ENSG00000255224,ENSG00000179698,ENSG00000284054,ENSG00000204791,ENSG00000180921,ENSG00000197858,ENSG00000182307,ENSG00000160973,ENSG00000185730,ENSG00000187954,ENSG00000179632,ENSG00000173137,ENSG00000285599,ENSG00000274772,ENSG00000104522,ENSG00000104518,ENSG00000255085,ENSG00000287576,ENSG00000265393,ENSG00000181085,ENSG00000178209,ENSG00000160948,ENSG00000161016,ENSG00000255164,ENSG00000254389,ENSG00000255456,ENSG00000284139,ENSG00000104524,ENSG00000235173,ENSG00000279605,ENSG00000167701,ENSG00000289161,ENSG00000255050,ENSG00000178896,ENSG00000253716,ENSG00000255343,ENSG00000254812,ENSG00000196922,ENSG00000196150,ENSG00000283770,ENSG00000197363,ENSG00000181638,ENSG00000179526,ENSG00000250571,ENSG00000186583,ENSG00000179091,ENSG00000196378,ENSG00000014164",ENSG00000179698,Liver eQTLs,train
20017977400092196-92196000000969,chr10,"10-70044031-T-C,10-70044452-C-A,10-70044792-C-G,10-70035837-C-T,10-70036456-C-T,10-70037327-C-G,10-70037456-C-T,10-70037854-C-T,10-70038498-T-C,10-70039119-T-C,10-70042115-A-G,10-70043190-C-T,10-70043721-G-A,10-70043916-G-A,10-70044937-C-A,10-70042371-T-G,10-70038771-G-A,10-70043500-TTG-T,10-70042807-CT-C,10-70033963-A-G,10-70045264-A-C,10-70045658-G-A,10-70045660-ACTC-A,10-70045727-G-T,10-70046441-A-G,10-70046578-G-A,10-70046630-G-GTGGTGGCTCCACGCCCATAA,10-70046810-T-C,10-70047133-C-CA,10-70047308-G-C,10-70047439-C-T,10-70047877-C-T,10-70053640-GA-G,10-70045943-A-G,10-70061075-A-G,10-70064546-G-A,10-70065469-G-A,10-70071275-G-A,10-70072620-G-A","ENSG00000122912,ENSG00000156502,ENSG00000107625,ENSG00000060339,ENSG00000138336,ENSG00000198954,ENSG00000096746,ENSG00000148634,ENSG00000226318,ENSG00000096717,ENSG00000213025,ENSG00000165732,ENSG00000272892,ENSG00000260400,ENSG00000156510,ENSG00000183230,ENSG00000122862,ENSG00000179774,ENSG00000156515,ENSG00000108176,ENSG00000122958,ENSG00000165730","ENSG00000060339,ENSG00000156510,ENSG00000108176,ENSG00000289193,ENSG00000156502,ENSG00000183230,ENSG00000271409,ENSG00000236154,ENSG00000229261,ENSG00000232734,ENSG00000231366,ENSG00000096717,ENSG00000226318,ENSG00000165730,ENSG00000231748,ENSG00000230661,ENSG00000179774,ENSG00000233197,ENSG00000285300,ENSG00000148634,ENSG00000229197,ENSG00000272892,ENSG00000235803,ENSG00000165732,ENSG00000107625,ENSG00000232142,ENSG00000122958,ENSG00000122912,ENSG00000224725,ENSG00000156515,ENSG00000122862,ENSG00000235524,ENSG00000230755,ENSG00000096746,ENSG00000230469,ENSG00000233163,ENSG00000213025,ENSG00000260400,ENSG00000226794,ENSG00000259267,ENSG00000122859,ENSG00000138336,ENSG00000198954,ENSG00000166220,ENSG00000231152",ENSG00000179774,Liver eQTLs,train
20017995400092196-92196000003834,chr19,19-56004744-A-AG,"ENSG00000125498,ENSG00000198440,ENSG00000285996,ENSG00000022556,ENSG00000167685,ENSG00000108107,ENSG00000223638,ENSG00000189013,ENSG00000173581,ENSG00000179943,ENSG00000104972,ENSG00000213015,ENSG00000267117,ENSG00000233493,ENSG00000018869,ENSG00000267454,ENSG00000129991,ENSG00000267781,ENSG00000179922,ENSG00000160439,ENSG00000108106,ENSG00000240225,ENSG00000267265,ENSG00000197487,ENSG00000240403,ENSG00000276488,ENSG00000063241,ENSG00000105048,ENSG00000142409,ENSG00000133247,ENSG00000160469,ENSG00000167633,ENSG00000179954,ENSG00000267096,ENSG00000104974,ENSG00000189430,ENSG00000229292,ENSG00000171443,ENSG00000287170,ENSG00000180089,ENSG00000063245,ENSG00000160471,ENSG00000218891,ENSG00000095752,ENSG00000063244,ENSG00000243772,ENSG00000239998,ENSG00000105063,ENSG00000197483,ENSG00000171425,ENSG00000261221,ENSG00000131037,ENSG00000125503,ENSG00000090971,ENSG00000180061,ENSG00000179873,ENSG00000267523,ENSG00000198046,ENSG00000088053,ENSG00000221957,ENSG00000133265,ENSG00000166770,ENSG00000080031,ENSG00000267649,ENSG00000279794,ENSG00000286230,ENSG00000186818,ENSG00000167646,ENSG00000131848,ENSG00000186431","ENSG00000267429,ENSG00000276488,ENSG00000269275,ENSG00000198440,ENSG00000179943,ENSG00000131848,ENSG00000218891,ENSG00000267606,ENSG00000269859,ENSG00000173572,ENSG00000125498,ENSG00000275863,ENSG00000222524,ENSG00000267117,ENSG00000267522,ENSG00000088053,ENSG00000104972,ENSG00000186431,ENSG00000171425,ENSG00000261221,ENSG00000063241,ENSG00000171443,ENSG00000171487,ENSG00000063245,ENSG00000108106,ENSG00000160439,ENSG00000173581,ENSG00000223060,ENSG00000242411,ENSG00000197483,ENSG00000223638,ENSG00000267523,ENSG00000105048,ENSG00000268067,ENSG00000180089,ENSG00000275519,ENSG00000267507,ENSG00000179709,ENSG00000267265,ENSG00000285996,ENSG00000166770,ENSG00000240403,ENSG00000125503,ENSG00000279063,ENSG00000276578,ENSG00000267781,ENSG00000095752,ENSG00000239137,ENSG00000167633,ENSG00000131037,ENSG00000213015,ENSG00000268847,ENSG00000133265,ENSG00000129991,ENSG00000133247,ENSG00000255238,ENSG00000063244,ENSG00000266932,ENSG00000267298,ENSG00000279794,ENSG00000090971,ENSG00000240225,ENSG00000267454,ENSG00000279959,ENSG00000221957,ENSG00000142409,ENSG00000197487,ENSG00000267649,ENSG00000268407,ENSG00000108107,ENSG00000160505,ENSG00000104974,ENSG00000278328,ENSG00000105063,ENSG00000276831,ENSG00000279405,ENSG00000267577,ENSG00000267224,ENSG00000267421,ENSG00000267145,ENSG00000080031,ENSG00000160472,ENSG00000229292,ENSG00000283567,ENSG00000022556,ENSG00000160469,ENSG00000243772,ENSG00000018869,ENSG00000179954,ENSG00000167646,ENSG00000239998,ENSG00000233493,ENSG00000204532,ENSG00000180061,ENSG00000167685,ENSG00000179922,ENSG00000198046,ENSG00000160471,ENSG00000278264,ENSG00000189013,ENSG00000179873,ENSG00000287170,ENSG00000286230,ENSG00000267096,ENSG00000189430,ENSG00000186818,ENSG00000269786",ENSG00000179954,Liver eQTLs,train
20018010400092196-92196000005840,chr5,"5-424653-G-A,5-433807-T-TG,5-434722-G-C,5-442571-A-C,5-475408-T-G,5-423169-C-T,5-423595-C-T,5-423671-C-T,5-423906-G-A,5-428166-GC-G,5-428231-T-C,5-428236-C-A,5-429818-C-G,5-430059-G-A,5-437542-T-C,5-437586-G-A,5-437667-G-A,5-437862-G-C,5-441695-T-C,5-442069-CTTTGGCAAT-C,5-442438-T-A,5-443059-G-T,5-443236-C-G,5-443676-G-A,5-444502-T-C,5-444810-G-A,5-446951-AAC-A,5-448202-G-A,5-448291-C-A,5-448663-C-T,5-449701-A-T,5-450102-C-T,5-450710-C-T,5-450777-T-C,5-451425-C-T,5-475621-T-TG,5-475626-C-G,5-429124-C-G,5-446923-G-A,5-437331-TC-T,5-443371-C-A,5-428785-A-T,5-475463-C-T,5-422178-G-A,5-429381-C-T,5-477634-G-A,5-436981-A-G,5-476353-C-T,5-438809-C-T,5-421403-G-A,5-421057-A-C,5-421455-G-T,5-416118-G-A,5-416672-G-A,5-418494-A-G,5-420517-C-T","ENSG00000171368,ENSG00000145506,ENSG00000066230,ENSG00000113504,ENSG00000049656,ENSG00000286388,ENSG00000028310,ENSG00000180104,ENSG00000188818,ENSG00000206077,ENSG00000289088,ENSG00000073578,ENSG00000174358,ENSG00000215246,ENSG00000250848,ENSG00000249201,ENSG00000288930,ENSG00000164366,ENSG00000271781,ENSG00000063438,ENSG00000225138,ENSG00000071539,ENSG00000188242,ENSG00000272347,ENSG00000112877","ENSG00000287486,ENSG00000261434,ENSG00000263670,ENSG00000250848,ENSG00000247872,ENSG00000180104,ENSG00000288930,ENSG00000214278,ENSG00000288763,ENSG00000206077,ENSG00000249201,ENSG00000225138,ENSG00000263834,ENSG00000171368,ENSG00000063438,ENSG00000264233,ENSG00000174358,ENSG00000272347,ENSG00000164366,ENSG00000248949,ENSG00000066230,ENSG00000287600,ENSG00000164363,ENSG00000164362,ENSG00000049656,ENSG00000289088,ENSG00000028310,ENSG00000071539,ENSG00000188818,ENSG00000249650,ENSG00000271781,ENSG00000250173,ENSG00000185028,ENSG00000073578,ENSG00000145506,ENSG00000113504,ENSG00000248951,ENSG00000249908,ENSG00000250385,ENSG00000188242,ENSG00000112877,ENSG00000250020,ENSG00000215246,ENSG00000286388,ENSG00000250645,ENSG00000199540",ENSG00000180104,Liver eQTLs,train
20018011300092196-92196000006396,chr6,"6-46644875-C-T,6-46648129-A-G,6-46624656-A-T,6-46681900-T-G,6-46684222-C-T","ENSG00000231769,ENSG00000270761,ENSG00000069122,ENSG00000180113,ENSG00000172348,ENSG00000198087,ENSG00000112782,ENSG00000146070,ENSG00000146072,ENSG00000001561,ENSG00000112796","ENSG00000112796,ENSG00000229349,ENSG00000231769,ENSG00000226541,ENSG00000180113,ENSG00000236164,ENSG00000212468,ENSG00000146070,ENSG00000001561,ENSG00000270761,ENSG00000199762,ENSG00000069122,ENSG00000146072,ENSG00000230062,ENSG00000287485,ENSG00000112782,ENSG00000216813,ENSG00000172348,ENSG00000225730,ENSG00000242973,ENSG00000271328,ENSG00000198087",ENSG00000180113,Liver eQTLs,train
20018015500092196-92196000006995,chr8,"8-143845023-C-T,8-143845269-G-A,8-143844661-C-T,8-143849203-C-T,8-143844458-G-A,8-143845714-T-C,8-143844819-C-T,8-143844650-A-G,8-143844210-T-C,8-143842689-A-G,8-143841249-C-T,8-143842901-T-C,8-143843302-G-T,8-143843302-G-T,8-143845459-G-A,8-143839324-CTG-C,8-143839166-T-C,8-143836118-G-A,8-143838062-G-A,8-143838519-T-C,8-143843834-C-T,8-143844051-C-T,8-143837219-A-G,8-143845449-T-C,8-143837749-G-A,8-143838669-G-A","ENSG00000253716,ENSG00000255050,ENSG00000104529,ENSG00000171045,ENSG00000104522,ENSG00000289161,ENSG00000277494,ENSG00000283992,ENSG00000158106,ENSG00000104518,ENSG00000250571,ENSG00000160932,ENSG00000167653,ENSG00000104524,ENSG00000272172,ENSG00000181638,ENSG00000185730,ENSG00000287576,ENSG00000177335,ENSG00000179886,ENSG00000183309,ENSG00000197353,ENSG00000181135,ENSG00000181085,ENSG00000184428,ENSG00000247317,ENSG00000254812,ENSG00000180155,ENSG00000181097,ENSG00000234616,ENSG00000203499,ENSG00000167656,ENSG00000198576,ENSG00000254389,ENSG00000014164,ENSG00000180921,ENSG00000204839,ENSG00000160882,ENSG00000279605,ENSG00000147813,ENSG00000253741","ENSG00000250571,ENSG00000185730,ENSG00000181085,ENSG00000181097,ENSG00000104518,ENSG00000263612,ENSG00000272172,ENSG00000167653,ENSG00000203499,ENSG00000261667,ENSG00000284224,ENSG00000197353,ENSG00000253931,ENSG00000253716,ENSG00000276598,ENSG00000254574,ENSG00000284142,ENSG00000204839,ENSG00000180921,ENSG00000158106,ENSG00000277888,ENSG00000180155,ENSG00000255456,ENSG00000265393,ENSG00000177335,ENSG00000287576,ENSG00000183309,ENSG00000104529,ENSG00000277494,ENSG00000255181,ENSG00000207574,ENSG00000254812,ENSG00000104522,ENSG00000212221,ENSG00000274772,ENSG00000265660,ENSG00000254548,ENSG00000284054,ENSG00000181135,ENSG00000167656,ENSG00000184428,ENSG00000253421,ENSG00000284139,ENSG00000244307,ENSG00000250115,ENSG00000160932,ENSG00000289161,ENSG00000279605,ENSG00000284310,ENSG00000283992,ENSG00000283764,ENSG00000254859,ENSG00000171045,ENSG00000147813,ENSG00000181638,ENSG00000160882,ENSG00000254338,ENSG00000179886,ENSG00000243328,ENSG00000283770,ENSG00000014164,ENSG00000234616,ENSG00000247317,ENSG00000104524,ENSG00000253741,ENSG00000284229,ENSG00000255050,ENSG00000254389,ENSG00000198576",ENSG00000180155,Liver eQTLs,train
20018025700092196-92196000003794,chr19,"19-53451291-T-C,19-53457223-A-G,19-53457246-G-A,19-53457255-T-C,19-53452475-A-ACCTG,19-53452769-A-G,19-53452944-T-G,19-53454963-T-A,19-53455088-T-A,19-53454789-A-T,19-53455221-A-G,19-53451228-T-C,19-53455877-C-T,19-53462957-G-T,19-53460861-G-A","ENSG00000288953,ENSG00000256087,ENSG00000204611,ENSG00000105568,ENSG00000198464,ENSG00000269001,ENSG00000167554,ENSG00000167555,ENSG00000189190,ENSG00000197619,ENSG00000142556,ENSG00000196214,ENSG00000180257,ENSG00000260160,ENSG00000268970,ENSG00000197497,ENSG00000213799,ENSG00000142405,ENSG00000197608,ENSG00000256683,ENSG00000289102,ENSG00000241015,ENSG00000198482,ENSG00000130844,ENSG00000170949,ENSG00000197937,ENSG00000198346,ENSG00000213777,ENSG00000275055,ENSG00000203326,ENSG00000287608,ENSG00000250731,ENSG00000179820,ENSG00000196267,ENSG00000170954,ENSG00000196417,ENSG00000221923,ENSG00000160336,ENSG00000269235,ENSG00000123870,ENSG00000197928,ENSG00000269825,ENSG00000269834,ENSG00000167766,ENSG00000267809,ENSG00000167562,ENSG00000242779,ENSG00000213020,ENSG00000198538","ENSG00000198464,ENSG00000207869,ENSG00000227407,ENSG00000241015,ENSG00000248385,ENSG00000237955,ENSG00000264703,ENSG00000207925,ENSG00000197619,ENSG00000275055,ENSG00000269235,ENSG00000207616,ENSG00000207599,ENSG00000207706,ENSG00000207987,ENSG00000269825,ENSG00000256087,ENSG00000255875,ENSG00000228567,ENSG00000123870,ENSG00000251843,ENSG00000207979,ENSG00000189190,ENSG00000163098,ENSG00000167562,ENSG00000288953,ENSG00000221017,ENSG00000207711,ENSG00000189348,ENSG00000260160,ENSG00000207549,ENSG00000142556,ENSG00000269877,ENSG00000142405,ENSG00000198346,ENSG00000207861,ENSG00000269564,ENSG00000221421,ENSG00000211532,ENSG00000252191,ENSG00000256683,ENSG00000197937,ENSG00000207825,ENSG00000234436,ENSG00000167555,ENSG00000207699,ENSG00000240296,ENSG00000207981,ENSG00000221923,ENSG00000207735,ENSG00000237589,ENSG00000203326,ENSG00000251431,ENSG00000197928,ENSG00000197608,ENSG00000242668,ENSG00000199143,ENSG00000213799,ENSG00000252025,ENSG00000167766,ENSG00000207837,ENSG00000198482,ENSG00000207799,ENSG00000269001,ENSG00000207629,ENSG00000268970,ENSG00000276758,ENSG00000252734,ENSG00000283540,ENSG00000287608,ENSG00000276206,ENSG00000223660,ENSG00000250731,ENSG00000167554,ENSG00000179820,ENSG00000207810,ENSG00000250507,ENSG00000196267,ENSG00000269608,ENSG00000207620,ENSG00000196214,ENSG00000269834,ENSG00000283330,ENSG00000224579,ENSG00000240197,ENSG00000170954,ENSG00000249189,ENSG00000268864,ENSG00000207992,ENSG00000252063,ENSG00000283685,ENSG00000289102,ENSG00000207645,ENSG00000207594,ENSG00000269842,ENSG00000283490,ENSG00000269118,ENSG00000207788,ENSG00000207767,ENSG00000270347,ENSG00000252979,ENSG00000283695,ENSG00000207615,ENSG00000242779,ENSG00000204611,ENSG00000249654,ENSG00000229000,ENSG00000207838,ENSG00000213777,ENSG00000213020,ENSG00000174677,ENSG00000283289,ENSG00000207722,ENSG00000130844,ENSG00000180257,ENSG00000221548,ENSG00000105568,ENSG00000198538,ENSG00000204595,ENSG00000269526,ENSG00000207803,ENSG00000200393,ENSG00000207580,ENSG00000207946,ENSG00000207862,ENSG00000267943,ENSG00000170949,ENSG00000228323,ENSG00000268282,ENSG00000269758,ENSG00000278543,ENSG00000196417,ENSG00000207734,ENSG00000197497,ENSG00000196131,ENSG00000207738,ENSG00000160336,ENSG00000207634,ENSG00000268964,ENSG00000283455,ENSG00000207644,ENSG00000268886,ENSG00000267809,ENSG00000212314",ENSG00000180257,Liver eQTLs,train
20018027900092196-92196000003763,chr19,"19-51308388-G-A,19-51310220-T-A,19-51311399-G-T,19-51308225-A-T,19-51300691-G-A","ENSG00000142512,ENSG00000105497,ENSG00000104960,ENSG00000187474,ENSG00000167751,ENSG00000039650,ENSG00000268047,ENSG00000062822,ENSG00000129451,ENSG00000105374,ENSG00000161671,ENSG00000142549,ENSG00000269388,ENSG00000161640,ENSG00000186806,ENSG00000268520,ENSG00000180279,ENSG00000269681,ENSG00000131398,ENSG00000269091,ENSG00000131408,ENSG00000131409,ENSG00000105492,ENSG00000104951,ENSG00000105383,ENSG00000267895,ENSG00000131401,ENSG00000129450,ENSG00000161677,ENSG00000182310,ENSG00000105053,ENSG00000268500,ENSG00000104946,ENSG00000086967,ENSG00000167759,ENSG00000269194,ENSG00000105472,ENSG00000204653,ENSG00000254415,ENSG00000213024,ENSG00000204666,ENSG00000204673,ENSG00000160318,ENSG00000269072,ENSG00000142515,ENSG00000161643,ENSG00000105357,ENSG00000131400,ENSG00000269404,ENSG00000168995,ENSG00000269392,ENSG00000105509,ENSG00000142528,ENSG00000105366,ENSG00000268006,ENSG00000254521,ENSG00000167748,ENSG00000010361,ENSG00000142530,ENSG00000289037,ENSG00000268849,ENSG00000142544,ENSG00000269352,ENSG00000167757,ENSG00000171101,ENSG00000104973,ENSG00000129437,ENSG00000171051,ENSG00000105379,ENSG00000169136,ENSG00000171049","ENSG00000129437,ENSG00000269091,ENSG00000105374,ENSG00000283285,ENSG00000268231,ENSG00000161671,ENSG00000039650,ENSG00000269130,ENSG00000105357,ENSG00000269580,ENSG00000268006,ENSG00000267984,ENSG00000131409,ENSG00000142528,ENSG00000278617,ENSG00000269352,ENSG00000268318,ENSG00000269681,ENSG00000268595,ENSG00000267927,ENSG00000268711,ENSG00000221241,ENSG00000161677,ENSG00000268500,ENSG00000268906,ENSG00000268849,ENSG00000180279,ENSG00000228674,ENSG00000186806,ENSG00000268375,ENSG00000289037,ENSG00000142515,ENSG00000269565,ENSG00000268777,ENSG00000104973,ENSG00000131401,ENSG00000167759,ENSG00000105053,ENSG00000105383,ENSG00000269495,ENSG00000269194,ENSG00000268390,ENSG00000267990,ENSG00000261341,ENSG00000129450,ENSG00000142511,ENSG00000268095,ENSG00000207265,ENSG00000267905,ENSG00000284711,ENSG00000105366,ENSG00000268520,ENSG00000131408,ENSG00000213822,ENSG00000104951,ENSG00000131400,ENSG00000268652,ENSG00000197588,ENSG00000105370,ENSG00000104946,ENSG00000208002,ENSG00000161640,ENSG00000274380,ENSG00000167748,ENSG00000207550,ENSG00000268336,ENSG00000269253,ENSG00000269072,ENSG00000286236,ENSG00000169136,ENSG00000268889,ENSG00000268144,ENSG00000268957,ENSG00000235034,ENSG00000269404,ENSG00000171101,ENSG00000105492,ENSG00000105509,ENSG00000269388,ENSG00000142549,ENSG00000179213,ENSG00000105472,ENSG00000204666,ENSG00000244071,ENSG00000269021,ENSG00000142544,ENSG00000105497,ENSG00000160318,ENSG00000186474,ENSG00000187474,ENSG00000268839,ENSG00000171049,ENSG00000268581,ENSG00000254415,ENSG00000104960,ENSG00000268015,ENSG00000267895,ENSG00000254521,ENSG00000086967,ENSG00000142512,ENSG00000268458,ENSG00000269181,ENSG00000243469,ENSG00000204673,ENSG00000105379,ENSG00000270248,ENSG00000171051,ENSG00000267968,ENSG00000129451,ENSG00000129455,ENSG00000167754,ENSG00000010361,ENSG00000167757,ENSG00000182310,ENSG00000062822,ENSG00000268047,ENSG00000269392,ENSG00000267879,ENSG00000213024,ENSG00000204653,ENSG00000174562,ENSG00000213022,ENSG00000161643,ENSG00000167751,ENSG00000131398,ENSG00000277562,ENSG00000279676,ENSG00000168995,ENSG00000268267,ENSG00000105501,ENSG00000220988,ENSG00000142530",ENSG00000180279,Liver eQTLs,train
20018035300092196-92196000005015,chr3,"3-121480038-G-A,3-121480038-G-A,3-121498038-T-C,3-121498038-T-C,3-121507231-A-T,3-121507231-A-T,3-121457244-A-T,3-121457244-A-T,3-121360227-T-C,3-121360227-T-C,3-121363680-C-T,3-121363680-C-T,3-121377905-C-A,3-121377905-C-A,3-121527107-A-T,3-121527107-A-T","ENSG00000113924,ENSG00000272758,ENSG00000242445,ENSG00000138496,ENSG00000163840,ENSG00000173200,ENSG00000114030,ENSG00000144840,ENSG00000196981,ENSG00000145103,ENSG00000288868,ENSG00000153767,ENSG00000051341,ENSG00000160124,ENSG00000114013,ENSG00000163406,ENSG00000114023,ENSG00000036828,ENSG00000121552,ENSG00000173230,ENSG00000180353","ENSG00000036828,ENSG00000240774,ENSG00000051341,ENSG00000240452,ENSG00000202388,ENSG00000180353,ENSG00000272758,ENSG00000121552,ENSG00000243593,ENSG00000160124,ENSG00000243257,ENSG00000264477,ENSG00000270782,ENSG00000144840,ENSG00000242613,ENSG00000138496,ENSG00000286735,ENSG00000114030,ENSG00000286827,ENSG00000163840,ENSG00000163406,ENSG00000213371,ENSG00000145103,ENSG00000287366,ENSG00000242445,ENSG00000288868,ENSG00000114023,ENSG00000240236,ENSG00000173200,ENSG00000244441,ENSG00000282950,ENSG00000186103,ENSG00000222057,ENSG00000243813,ENSG00000243544,ENSG00000113924,ENSG00000242103,ENSG00000153767,ENSG00000287022,ENSG00000114013,ENSG00000196981,ENSG00000173230,ENSG00000287977",ENSG00000180353,Liver eQTLs,train
20018048100092196-92196000001805,chr12,"12-75788491-C-G,12-75773464-G-A,12-75785100-C-T,12-75787132-G-A,12-75787981-G-A,12-75790817-T-C,12-75784773-C-T,12-75827193-A-C,12-75844173-T-G,12-75844799-T-C,12-75829581-A-G,12-75771980-C-T,12-75776705-C-G,12-75777491-C-T,12-75796721-G-T,12-75798073-T-A,12-75799521-C-G,12-75802260-C-T,12-75810746-T-C,12-75813911-G-A,12-75818685-C-T,12-75819425-T-C,12-75821208-C-T,12-75822199-T-C,12-75827186-CT-C,12-75828477-G-A,12-75829532-A-C,12-75829675-G-A,12-75831125-G-T,12-75839523-T-A,12-75842861-G-A,12-75782516-C-A,12-75793175-C-T,12-75794675-C-T,12-75797990-G-C,12-75802302-A-G,12-75802773-A-G,12-75807692-G-T,12-75831752-G-A,12-75839524-C-A,12-75827294-TTATATATA-T,12-75795330-C-G,12-75845789-G-A,12-75845481-A-T,12-75880096-TA-T,12-75810898-T-A,12-75842047-A-T,12-75770752-T-G,12-75806981-G-C,12-75834949-G-C,12-75856195-A-G,12-75860111-C-T,12-75863782-C-T,12-75865843-T-C,12-75851778-T-A,12-75854571-C-A,12-75859667-C-T,12-75864333-A-T,12-75840905-T-TA,12-75809070-T-C,12-75834064-C-T,12-75839702-G-A,12-75840040-G-A,12-75865476-G-T,12-75818390-TA-T,12-75874076-T-C,12-75839001-A-G,12-75842855-T-A,12-75848374-G-A,12-75848424-T-C,12-75848881-T-TG,12-75809758-G-T,12-75810175-G-A,12-75810176-TG-T,12-75810375-C-T,12-75810782-A-C,12-75811011-A-G,12-75811234-C-T,12-75811300-T-C,12-75811566-A-AT,12-75811626-T-G,12-75811755-C-G,12-75811827-A-G,12-75811919-G-C,12-75812296-C-G,12-75812365-G-A,12-75812440-G-A,12-75812604-C-T,12-75813151-G-A,12-75813848-A-G,12-75814756-A-G,12-75815284-T-C,12-75815928-C-T,12-75816612-C-G,12-75816814-G-GACA,12-75817775-A-C,12-75819327-A-G,12-75819844-A-G,12-75820605-A-G,12-75821001-A-AT,12-75821239-A-C,12-75821346-C-T,12-75822493-A-G,12-75823774-G-C,12-75823923-G-A,12-75824208-A-G,12-75826929-T-C,12-75826948-A-G,12-75827455-G-C,12-75827927-T-C,12-75828519-A-C,12-75828663-G-T,12-75829541-G-A,12-75829621-C-T,12-75829732-A-T,12-75831783-A-G,12-75834645-C-T,12-75835489-T-G,12-75809825-T-C,12-75826526-C-T,12-75858658-CT-C,12-75874088-C-CTCTT,12-75852775-T-C,12-75853286-T-C,12-75853939-A-G,12-75855642-G-A,12-75856380-C-G,12-75856584-G-A,12-75857869-G-GA,12-75857870-C-T,12-75858638-T-A,12-75862313-G-A,12-75864266-A-G,12-75864487-A-T,12-75864545-A-G,12-75865370-A-G,12-75866177-T-C,12-75851260-T-C,12-75853195-A-G,12-75856098-C-T,12-75864756-C-T,12-75828867-A-G,12-75869956-A-G,12-75870406-C-A,12-75871753-C-A,12-75873663-C-A,12-75873802-AGCT-A,12-75876459-A-T,12-75877848-A-C,12-75878059-A-G,12-75827211-C-T,12-75873003-G-A,12-75873161-G-A,12-75873643-C-T,12-75875576-C-T,12-75875995-G-T,12-75876181-A-G,12-75863611-A-T,12-75817568-A-T,12-75818858-C-T,12-75836573-G-A,12-75816507-C-T,12-75891253-T-C,12-75892164-T-TAATA,12-75899918-G-T,12-75850591-T-C,12-75866368-A-G,12-75867565-T-C,12-75882455-A-G,12-75837389-G-C,12-75837418-G-A,12-75861368-T-C,12-75868353-C-T,12-75869766-C-G,12-75870595-C-T,12-75871562-T-G,12-75869810-G-A,12-75894114-T-C,12-75836087-C-A,12-75881018-C-T,12-75869323-G-T,12-75775309-CT-C,12-75876875-TA-T,12-75878751-A-G,12-75826308-GA-G,12-75880006-A-G,12-75880587-T-TGGG,12-75825008-GA-G,12-75889789-G-GT,12-75883580-C-T,12-75884526-A-T,12-75874913-G-A,12-75884346-G-C,12-75760983-G-C,12-75732612-ATAAG-A,12-75755020-C-T,12-75756448-A-G,12-75767341-A-G,12-75732335-G-A,12-75751880-C-T,12-75761968-C-T,12-75737297-T-C,12-75763431-G-T,12-75760303-C-T,12-75760742-G-A,12-75737206-G-A,12-75733884-G-A,12-75710004-C-T","ENSG00000180881,ENSG00000179941,ENSG00000257839,ENSG00000166006,ENSG00000253719,ENSG00000139289,ENSG00000180481,ENSG00000187109,ENSG00000257941,ENSG00000173401,ENSG00000273987","ENSG00000257941,ENSG00000258088,ENSG00000179941,ENSG00000258090,ENSG00000253719,ENSG00000257777,ENSG00000223273,ENSG00000273987,ENSG00000180481,ENSG00000257329,ENSG00000243420,ENSG00000254451,ENSG00000139289,ENSG00000166006,ENSG00000286259,ENSG00000173401,ENSG00000198923,ENSG00000180881,ENSG00000251893,ENSG00000187109,ENSG00000257434,ENSG00000258304,ENSG00000258091,ENSG00000252858,ENSG00000257823,ENSG00000257872,ENSG00000257453,ENSG00000241045,ENSG00000258077,ENSG00000258112,ENSG00000257839,ENSG00000271142",ENSG00000180481,Liver eQTLs,train
20018082200092196-92196000006308,chr6,"6-3262267-C-T,6-3260093-G-A,6-3261220-T-C,6-3261585-G-A,6-3261875-G-A,6-3261888-G-A,6-3261909-A-G,6-3261979-G-A,6-3261984-G-C,6-3262008-T-C,6-3262501-G-A,6-3262542-A-T,6-3262755-T-C,6-3262811-C-G,6-3262842-CTGTT-C,6-3263188-C-G,6-3263287-A-C,6-3263382-TG-T,6-3263491-C-T,6-3263830-C-T,6-3264101-A-G,6-3264527-T-C,6-3265000-C-T,6-3263106-A-G,6-3263037-C-T,6-3260761-T-C,6-3260990-A-T,6-3263730-A-G,6-3258760-G-A,6-3260555-T-A,6-3262415-C-T,6-3260441-C-CTT,6-3264487-T-C,6-3258022-G-C,6-3258126-T-G,6-3258307-GTTTTC-G,6-3258408-GGGATGATT-G,6-3262523-A-G,6-3264502-G-C,6-3264582-G-A,6-3266759-G-A,6-3254769-T-G,6-3264526-C-T,6-3258078-T-C,6-3267246-T-C,6-3254516-G-A,6-3255870-C-T,6-3256095-T-A,6-3256138-C-A,6-3256607-C-T,6-3257187-A-AG,6-3253935-G-C,6-3254783-A-C,6-3254806-C-T,6-3255163-C-T,6-3255744-A-G,6-3255906-T-C,6-3256135-A-G,6-3256162-G-A,6-3256207-C-T,6-3256212-C-T,6-3256708-C-G,6-3254710-A-G,6-3253841-G-C,6-3253091-C-T,6-3254229-C-A,6-3254763-A-G,6-3254984-T-C,6-3255691-CTT-C,6-3251311-C-A,6-3259463-G-T,6-3254456-C-A,6-3263038-C-T,6-3266684-T-C,6-3255327-G-A,6-3255340-A-C,6-3255885-G-C,6-3256108-G-C,6-3257044-T-C,6-3257747-A-T,6-3250856-T-C,6-3254905-G-A,6-3256895-A-G,6-3253932-T-G,6-3254466-T-C,6-3254658-A-G,6-3254897-C-G,6-3254080-A-AG,6-3252135-C-A,6-3253951-A-C","ENSG00000124588,ENSG00000198721,ENSG00000224846,ENSG00000272277,ENSG00000288612,ENSG00000272465,ENSG00000228170,ENSG00000230438,ENSG00000288904,ENSG00000271361,ENSG00000244041,ENSG00000124570,ENSG00000219992,ENSG00000260604,ENSG00000021355,ENSG00000286512,ENSG00000180822,ENSG00000137266,ENSG00000233068,ENSG00000185689,ENSG00000279926,ENSG00000145949,ENSG00000270504,ENSG00000137285,ENSG00000112739,ENSG00000124535,ENSG00000145945,ENSG00000168994,ENSG00000137267,ENSG00000272320,ENSG00000234817,ENSG00000137274,ENSG00000170542,ENSG00000137275","ENSG00000270504,ENSG00000272277,ENSG00000230438,ENSG00000272320,ENSG00000145949,ENSG00000185689,ENSG00000228170,ENSG00000137266,ENSG00000137285,ENSG00000230648,ENSG00000260604,ENSG00000145945,ENSG00000271361,ENSG00000287903,ENSG00000216657,ENSG00000232654,ENSG00000137275,ENSG00000280423,ENSG00000238158,ENSG00000180822,ENSG00000270477,ENSG00000288904,ENSG00000217135,ENSG00000137267,ENSG00000124588,ENSG00000244041,ENSG00000230269,ENSG00000237716,ENSG00000254821,ENSG00000198721,ENSG00000224846,ENSG00000168994,ENSG00000288612,ENSG00000216307,ENSG00000234817,ENSG00000137274,ENSG00000228365,ENSG00000216819,ENSG00000266750,ENSG00000217566,ENSG00000233068,ENSG00000217707,ENSG00000286512,ENSG00000218472,ENSG00000021355,ENSG00000124570,ENSG00000112739,ENSG00000170542,ENSG00000232999,ENSG00000272465,ENSG00000274855,ENSG00000219992,ENSG00000124535,ENSG00000279926,ENSG00000228718",ENSG00000180822,Liver eQTLs,train
20018090200092196-92196000004222,chr2,"2-242700052-T-C,2-242703183-A-G,2-242704061-T-C,2-242707101-A-G,2-242710079-C-T,2-242700960-G-A,2-242701415-T-G,2-242710662-T-G,2-242710935-G-A,2-242710954-A-G,2-242711353-A-G,2-242711364-A-G,2-242711227-G-T,2-242714113-C-CG,2-242711574-T-C,2-242711560-G-T,2-242695900-T-C,2-242696329-A-G","ENSG00000115677,ENSG00000233392,ENSG00000168397,ENSG00000006607,ENSG00000188389,ENSG00000180902,ENSG00000289253,ENSG00000172478,ENSG00000162804,ENSG00000235351,ENSG00000226321,ENSG00000168385,ENSG00000220804,ENSG00000261186,ENSG00000168393,ENSG00000176946,ENSG00000115687,ENSG00000188011,ENSG00000273113,ENSG00000176720,ENSG00000235151,ENSG00000146205,ENSG00000286588,ENSG00000223374,ENSG00000234235,ENSG00000204099,ENSG00000115685,ENSG00000289556,ENSG00000122085,ENSG00000233806,ENSG00000172482,ENSG00000280119,ENSG00000168395,ENSG00000115694,ENSG00000130294,ENSG00000223991","ENSG00000176720,ENSG00000244528,ENSG00000220804,ENSG00000204099,ENSG00000180902,ENSG00000168395,ENSG00000233806,ENSG00000162804,ENSG00000234793,ENSG00000273113,ENSG00000168385,ENSG00000130294,ENSG00000232002,ENSG00000226321,ENSG00000223991,ENSG00000289556,ENSG00000115694,ENSG00000115677,ENSG00000289253,ENSG00000188011,ENSG00000122085,ENSG00000261186,ENSG00000226423,ENSG00000172482,ENSG00000223374,ENSG00000006607,ENSG00000215692,ENSG00000224160,ENSG00000176946,ENSG00000286588,ENSG00000280119,ENSG00000115687,ENSG00000172478,ENSG00000235151,ENSG00000168393,ENSG00000234235,ENSG00000233392,ENSG00000168397,ENSG00000115685,ENSG00000235351,ENSG00000146205,ENSG00000188389",ENSG00000180902,Liver eQTLs,train
20018095300092196-92196000002449,chr15,"15-80206041-G-T,15-80216015-C-A,15-80218316-G-A,15-80197387-A-G,15-80206964-C-T,15-80209849-C-A,15-80211799-C-T,15-80214476-G-C,15-80215597-G-T,15-80223605-C-T,15-80225094-G-A,15-80203406-A-G,15-80207919-A-G,15-80227788-C-T,15-80233465-A-G,15-80220422-G-A,15-80220937-C-CTG,15-80221110-G-C,15-80221031-T-G,15-80216325-A-G,15-80232502-G-A,15-80233055-G-T,15-80233135-T-C,15-80237434-C-G,15-80189533-G-A,15-80190915-G-A,15-80191488-C-T,15-80192290-T-C,15-80197328-G-A,15-80198417-C-T,15-80233687-A-G,15-80201974-G-C,15-80196660-A-G,15-80231276-T-C,15-80235698-T-G,15-80236813-A-G,15-80237452-CA-C,15-80234352-C-G,15-80197559-C-A,15-80196973-A-T,15-80239160-T-A,15-80195936-TATC-T,15-80212324-G-C","ENSG00000259649,ENSG00000166557,ENSG00000259417,ENSG00000259548,ENSG00000180953,ENSG00000140379,ENSG00000103888,ENSG00000086666,ENSG00000270919,ENSG00000286813,ENSG00000259967,ENSG00000103876,ENSG00000136371,ENSG00000103811,ENSG00000172379,ENSG00000259642,ENSG00000279394,ENSG00000136379,ENSG00000259770,ENSG00000278600","ENSG00000259649,ENSG00000136371,ENSG00000279394,ENSG00000259461,ENSG00000086666,ENSG00000286813,ENSG00000260674,ENSG00000213527,ENSG00000235711,ENSG00000270919,ENSG00000259229,ENSG00000180953,ENSG00000279719,ENSG00000259417,ENSG00000278600,ENSG00000259967,ENSG00000140379,ENSG00000252995,ENSG00000287408,ENSG00000258010,ENSG00000265855,ENSG00000259208,ENSG00000287813,ENSG00000259419,ENSG00000208003,ENSG00000284059,ENSG00000222139,ENSG00000103888,ENSG00000279705,ENSG00000279834,ENSG00000289561,ENSG00000259548,ENSG00000259770,ENSG00000271364,ENSG00000207695,ENSG00000259642,ENSG00000259234,ENSG00000287108,ENSG00000166557,ENSG00000172379,ENSG00000259361,ENSG00000103811,ENSG00000275460,ENSG00000259175,ENSG00000103876,ENSG00000136379,ENSG00000259493",ENSG00000180953,Liver eQTLs,train
20018102700092196-92196000003724,chr19,"19-47252875-A-G,19-47225790-C-CT,19-47218101-G-T,19-47216015-G-A,19-47245792-T-C,19-47227295-C-A,19-47227327-C-A,19-47238067-A-G,19-47230113-C-T,19-47249296-G-C,19-47205760-C-G,19-47212593-A-G,19-47173993-A-AAAAC,19-47211778-T-C,19-47224607-C-T,19-47189327-T-A,19-47205712-T-C,19-47208191-A-T,19-47209115-T-G,19-47172828-C-CATT,19-47172845-T-C","ENSG00000197380,ENSG00000105402,ENSG00000204850,ENSG00000177045,ENSG00000288827,ENSG00000257704,ENSG00000105321,ENSG00000042753,ENSG00000118160,ENSG00000279861,ENSG00000118162,ENSG00000279161,ENSG00000008438,ENSG00000134830,ENSG00000268460,ENSG00000170608,ENSG00000105287,ENSG00000104936,ENSG00000181027,ENSG00000268401,ENSG00000269148,ENSG00000142230,ENSG00000104967,ENSG00000105373,ENSG00000287896,ENSG00000130749,ENSG00000063169,ENSG00000197405,ENSG00000125755,ENSG00000185800,ENSG00000124440,ENSG00000160007,ENSG00000279948,ENSG00000104983,ENSG00000169515,ENSG00000182013,ENSG00000277383,ENSG00000130751,ENSG00000230510,ENSG00000268061,ENSG00000245598,ENSG00000011485,ENSG00000170604,ENSG00000160013,ENSG00000024422,ENSG00000204851,ENSG00000268810,ENSG00000176182,ENSG00000105281,ENSG00000105327,ENSG00000130748,ENSG00000167414,ENSG00000160014,ENSG00000134815,ENSG00000267395,ENSG00000105419,ENSG00000269151","ENSG00000142230,ENSG00000105507,ENSG00000277383,ENSG00000169393,ENSG00000104936,ENSG00000130749,ENSG00000125755,ENSG00000185800,ENSG00000286669,ENSG00000124440,ENSG00000042753,ENSG00000230510,ENSG00000269321,ENSG00000011485,ENSG00000170604,ENSG00000204851,ENSG00000105321,ENSG00000105327,ENSG00000105373,ENSG00000160013,ENSG00000269014,ENSG00000279948,ENSG00000269806,ENSG00000278797,ENSG00000170608,ENSG00000105281,ENSG00000024422,ENSG00000279161,ENSG00000245598,ENSG00000008438,ENSG00000287896,ENSG00000134815,ENSG00000181027,ENSG00000269487,ENSG00000243560,ENSG00000177045,ENSG00000211513,ENSG00000182013,ENSG00000178928,ENSG00000204850,ENSG00000275862,ENSG00000197405,ENSG00000268460,ENSG00000130748,ENSG00000279861,ENSG00000118160,ENSG00000268238,ENSG00000222614,ENSG00000160014,ENSG00000269151,ENSG00000063169,ENSG00000268401,ENSG00000199796,ENSG00000105287,ENSG00000265134,ENSG00000268746,ENSG00000105419,ENSG00000259009,ENSG00000167414,ENSG00000269148,ENSG00000104967,ENSG00000271150,ENSG00000118162,ENSG00000276588,ENSG00000134830,ENSG00000160007,ENSG00000213035,ENSG00000169515,ENSG00000288827,ENSG00000130751,ENSG00000268061,ENSG00000104983,ENSG00000105402,ENSG00000188334,ENSG00000197380,ENSG00000257704,ENSG00000268810,ENSG00000176182,ENSG00000267395",ENSG00000181027,Liver eQTLs,train
20018112300092196-92196000004845,chr22,"22-30891250-T-C,22-30887446-T-C,22-30876835-A-G,22-30877936-G-A,22-30878217-C-A,22-30878664-T-C,22-30878847-G-A,22-30884427-C-T,22-30884831-C-T,22-30885727-CT-C,22-30885980-G-A,22-30886577-C-T,22-30888527-C-T,22-30888959-T-C,22-30889139-G-C,22-30891294-G-C,22-30881245-G-A,22-30883969-T-A,22-30885100-G-A,22-30888494-C-T,22-30889967-G-C,22-30886886-G-A,22-30892555-C-A,22-30891859-A-G,22-30874142-C-G,22-30875517-C-T,22-30894943-T-A,22-30873906-GA-G,22-30892277-AT-A,22-30874854-A-G,22-30876892-T-C,22-30892255-A-G,22-30895483-C-G,22-30914473-G-T,22-30915758-G-C,22-30901977-T-G,22-30906304-G-A,22-30900829-C-T,22-30915432-A-G,22-30912889-A-G,22-30918825-A-G,22-30921249-G-T,22-30907168-G-A,22-30909038-C-T,22-30909224-C-T,22-30911291-C-T,22-30908979-G-A,22-30898409-C-T,22-30899408-A-C,22-30898840-TTA-T,22-30915186-A-G,22-30915804-A-G,22-30901592-T-C,22-30902418-T-C,22-30904704-T-C,22-30905804-C-T,22-30914544-T-C,22-30903359-G-A,22-30930491-C-T,22-30931307-T-C,22-30908788-A-AAAAC,22-30910625-G-A,22-30904724-C-T,22-30916380-C-A,22-30916443-C-T,22-30916518-C-T,22-30917077-T-C,22-30917091-T-C,22-30900318-AG-A,22-30901072-T-C,22-30902743-A-G,22-30904232-G-A,22-30904622-T-A,22-30906008-G-A,22-30906396-T-C,22-30904912-A-G,22-30904212-C-T,22-30925492-G-C,22-30925616-A-G,22-30926321-C-T,22-30916877-A-G,22-30921371-T-C,22-30907585-T-C,22-30908606-T-C,22-30909767-G-A,22-30909933-G-C,22-30910148-G-A,22-30911996-C-T,22-30912328-C-G","ENSG00000198089,ENSG00000181123,ENSG00000237977,ENSG00000138942,ENSG00000273428,ENSG00000279699,ENSG00000253352,ENSG00000133488,ENSG00000100319,ENSG00000100029,ENSG00000213888,ENSG00000214491,ENSG00000184792,ENSG00000273387,ENSG00000167065,ENSG00000128242,ENSG00000273350,ENSG00000184117,ENSG00000100012,ENSG00000240591,ENSG00000099995,ENSG00000100330,ENSG00000099985,ENSG00000227201,ENSG00000228839,ENSG00000099999,ENSG00000128342,ENSG00000099992,ENSG00000198832,ENSG00000287817,ENSG00000235989,ENSG00000239282,ENSG00000268812,ENSG00000242114,ENSG00000100314,ENSG00000185133,ENSG00000279159,ENSG00000186575,ENSG00000183963,ENSG00000100105,ENSG00000272689,ENSG00000227117,ENSG00000250318,ENSG00000185339,ENSG00000225774,ENSG00000185721,ENSG00000187860,ENSG00000100100,ENSG00000182541,ENSG00000133422,ENSG00000100003,ENSG00000100036,ENSG00000100296,ENSG00000184076,ENSG00000100325,ENSG00000176635,ENSG00000287967","ENSG00000232530,ENSG00000250318,ENSG00000128242,ENSG00000099985,ENSG00000099992,ENSG00000100325,ENSG00000227201,ENSG00000214125,ENSG00000100314,ENSG00000186575,ENSG00000230137,ENSG00000100029,ENSG00000287817,ENSG00000198089,ENSG00000237977,ENSG00000225774,ENSG00000187860,ENSG00000185133,ENSG00000242114,ENSG00000184076,ENSG00000176635,ENSG00000206615,ENSG00000235989,ENSG00000100078,ENSG00000181123,ENSG00000184117,ENSG00000287967,ENSG00000225676,ENSG00000223831,ENSG00000184792,ENSG00000212542,ENSG00000228839,ENSG00000233733,ENSG00000253352,ENSG00000199248,ENSG00000273350,ENSG00000229169,ENSG00000264661,ENSG00000185721,ENSG00000207455,ENSG00000225971,ENSG00000183963,ENSG00000242251,ENSG00000273387,ENSG00000167065,ENSG00000133422,ENSG00000100105,ENSG00000133488,ENSG00000185339,ENSG00000100330,ENSG00000213888,ENSG00000214491,ENSG00000279159,ENSG00000099995,ENSG00000236132,ENSG00000273428,ENSG00000235573,ENSG00000100100,ENSG00000268812,ENSG00000100003,ENSG00000182541,ENSG00000202019,ENSG00000227117,ENSG00000226573,ENSG00000199695,ENSG00000100296,ENSG00000272689,ENSG00000240591,ENSG00000128342,ENSG00000099999,ENSG00000138942,ENSG00000279699,ENSG00000100319,ENSG00000288153,ENSG00000239282,ENSG00000198832,ENSG00000264141,ENSG00000284082,ENSG00000100036,ENSG00000100012",ENSG00000181123,Liver eQTLs,train
20018124000092196-92196000003896,chr19,"19-6436191-C-T,19-6436196-A-G,19-6436222-C-T,19-6436304-T-C,19-6436305-C-T,19-6436857-T-C,19-6437893-T-C,19-6437226-C-T,19-6436984-C-T,19-6433371-A-G,19-6434023-T-C,19-6416123-A-G,19-6443675-G-A,19-6441821-A-G","ENSG00000125652,ENSG00000196365,ENSG00000223573,ENSG00000125651,ENSG00000267709,ENSG00000174886,ENSG00000130545,ENSG00000160633,ENSG00000141994,ENSG00000125731,ENSG00000181240,ENSG00000125734,ENSG00000141968,ENSG00000104833,ENSG00000105519,ENSG00000167769,ENSG00000268758,ENSG00000130255,ENSG00000167733,ENSG00000125650,ENSG00000125656,ENSG00000266983,ENSG00000205744,ENSG00000171105,ENSG00000276980,ENSG00000156413,ENSG00000125735,ENSG00000125730,ENSG00000087903,ENSG00000088247,ENSG00000130544,ENSG00000031823,ENSG00000125726,ENSG00000174837,ENSG00000275234,ENSG00000130254,ENSG00000104880,ENSG00000125648,ENSG00000130382,ENSG00000125657,ENSG00000233270,ENSG00000267571,ENSG00000187650,ENSG00000212123,ENSG00000130383,ENSG00000269680,ENSG00000174917,ENSG00000289543,ENSG00000171124,ENSG00000125733,ENSG00000171119","ENSG00000125734,ENSG00000267571,ENSG00000223573,ENSG00000267589,ENSG00000233270,ENSG00000160633,ENSG00000130382,ENSG00000269385,ENSG00000205718,ENSG00000125652,ENSG00000141968,ENSG00000274390,ENSG00000267563,ENSG00000269546,ENSG00000171124,ENSG00000205744,ENSG00000181240,ENSG00000280091,ENSG00000283950,ENSG00000125657,ENSG00000125656,ENSG00000268742,ENSG00000276980,ENSG00000273758,ENSG00000187650,ENSG00000125648,ENSG00000268758,ENSG00000167733,ENSG00000266941,ENSG00000269444,ENSG00000284159,ENSG00000174837,ENSG00000276568,ENSG00000196365,ENSG00000269761,ENSG00000199223,ENSG00000125651,ENSG00000104833,ENSG00000167769,ENSG00000130255,ENSG00000267299,ENSG00000156413,ENSG00000130545,ENSG00000171119,ENSG00000182315,ENSG00000174886,ENSG00000125730,ENSG00000125726,ENSG00000289543,ENSG00000105428,ENSG00000104880,ENSG00000214347,ENSG00000141994,ENSG00000267262,ENSG00000130383,ENSG00000087903,ENSG00000125731,ENSG00000031823,ENSG00000237247,ENSG00000105519,ENSG00000196589,ENSG00000280394,ENSG00000266983,ENSG00000174917,ENSG00000125650,ENSG00000269680,ENSG00000268845,ENSG00000125735,ENSG00000230522,ENSG00000268785,ENSG00000284490,ENSG00000275234,ENSG00000171105,ENSG00000130254,ENSG00000174898,ENSG00000130544,ENSG00000088247,ENSG00000267709,ENSG00000125733,ENSG00000212123",ENSG00000181240,Liver eQTLs,train
20018131500092196-92196000006150,chr6,"6-26632926-G-T,6-26635081-G-A,6-26635066-G-C,6-26590801-C-T,6-26608261-A-C,6-26614808-T-C,6-26615223-G-A,6-26615346-TA-T,6-26616259-C-T,6-26618212-TA-T,6-26618459-T-A,6-26618721-ACGAGGTCAGGAGTT-A,6-26619041-T-C,6-26619226-T-C,6-26619328-A-T,6-26620544-G-A,6-26620894-A-G,6-26622734-C-T,6-26622769-G-T,6-26622904-T-A,6-26624822-A-C,6-26626036-C-G,6-26627508-T-C,6-26629404-A-G,6-26631306-C-T,6-26632444-T-C,6-26632457-G-A,6-26633463-G-T,6-26634432-C-T,6-26639613-T-C,6-26640951-C-G,6-26641060-C-T,6-26641626-A-G,6-26641627-C-T,6-26643435-C-T,6-26643996-G-C,6-26645996-A-C,6-26646579-A-T,6-26646714-T-C,6-26648334-C-A,6-26650210-C-T,6-26650826-C-T,6-26656890-G-A,6-26659642-C-T,6-26660488-G-C,6-26661388-C-T,6-26662736-T-C,6-26662920-G-C,6-26663110-A-G,6-26592853-T-A,6-26595168-T-C,6-26593471-A-G,6-26597893-A-T,6-26598188-A-G,6-26664053-C-T,6-26665709-CT-C,6-26670613-A-G,6-26670750-TACAC-T,6-26670969-C-T,6-26671135-T-C,6-26669021-C-T,6-26619531-C-T,6-26639332-G-C,6-26639777-A-C,6-26583366-C-T,6-26651476-C-CA,6-26584162-CTGGGG-C,6-26623511-T-A,6-26623511-T-A,6-26584526-G-A,6-26589762-TA-T,6-26594534-T-A,6-26594542-CAA-C,6-26604650-G-A,6-26628005-T-C,6-26682323-A-G,6-26591074-G-A,6-26706544-T-C,6-26762328-G-C,6-26762057-TAC-T,6-26761646-C-T,6-26668216-G-A,6-26756317-AAGAGAC-A,6-26711124-A-G,6-26696630-G-GC,6-26789491-C-T","ENSG00000287080,ENSG00000271755,ENSG00000196866,ENSG00000224843,ENSG00000026950,ENSG00000277075,ENSG00000079689,ENSG00000124564,ENSG00000286652,ENSG00000124575,ENSG00000124613,ENSG00000112763,ENSG00000124508,ENSG00000112343,ENSG00000277157,ENSG00000276966,ENSG00000158373,ENSG00000111801,ENSG00000241549,ENSG00000287966,ENSG00000196787,ENSG00000272468,ENSG00000124568,ENSG00000197409,ENSG00000146039,ENSG00000124635,ENSG00000112337,ENSG00000168298,ENSG00000217275,ENSG00000276180,ENSG00000186470,ENSG00000146109,ENSG00000273802,ENSG00000187837,ENSG00000204789,ENSG00000181315,ENSG00000096654,ENSG00000112812,ENSG00000180596,ENSG00000216331,ENSG00000272810,ENSG00000277224,ENSG00000158406,ENSG00000274750,ENSG00000274290,ENSG00000197903,ENSG00000228223,ENSG00000275713,ENSG00000272462,ENSG00000197061,ENSG00000010704,ENSG00000180573","ENSG00000287966,ENSG00000243307,ENSG00000158406,ENSG00000079689,ENSG00000196787,ENSG00000271755,ENSG00000286933,ENSG00000124557,ENSG00000277720,ENSG00000204789,ENSG00000277157,ENSG00000124610,ENSG00000217408,ENSG00000218347,ENSG00000124508,ENSG00000124568,ENSG00000197409,ENSG00000158373,ENSG00000222800,ENSG00000275663,ENSG00000218281,ENSG00000277410,ENSG00000261584,ENSG00000220758,ENSG00000216436,ENSG00000274750,ENSG00000272810,ENSG00000206671,ENSG00000278637,ENSG00000010704,ENSG00000286522,ENSG00000272462,ENSG00000220581,ENSG00000219738,ENSG00000278588,ENSG00000276180,ENSG00000289447,ENSG00000224447,ENSG00000274618,ENSG00000234816,ENSG00000216331,ENSG00000180573,ENSG00000124564,ENSG00000273983,ENSG00000124635,ENSG00000241549,ENSG00000287080,ENSG00000216762,ENSG00000274290,ENSG00000265565,ENSG00000196866,ENSG00000276966,ENSG00000228223,ENSG00000242387,ENSG00000284688,ENSG00000178762,ENSG00000181315,ENSG00000270935,ENSG00000276410,ENSG00000218690,ENSG00000237154,ENSG00000186470,ENSG00000096654,ENSG00000219770,ENSG00000274997,ENSG00000197903,ENSG00000278332,ENSG00000112337,ENSG00000220875,ENSG00000285703,ENSG00000286652,ENSG00000146109,ENSG00000278463,ENSG00000287050,ENSG00000026950,ENSG00000124575,ENSG00000112812,ENSG00000275713,ENSG00000158553,ENSG00000111801,ENSG00000112763,ENSG00000174572,ENSG00000146047,ENSG00000272468,ENSG00000168298,ENSG00000197061,ENSG00000224843,ENSG00000284607,ENSG00000277075,ENSG00000275846,ENSG00000271071,ENSG00000217159,ENSG00000273802,ENSG00000277775,ENSG00000187837,ENSG00000180596,ENSG00000277224,ENSG00000199289,ENSG00000112343,ENSG00000146039,ENSG00000217275,ENSG00000124613",ENSG00000181315,Liver eQTLs,train
20018140400092196-92196000007420,chr9,"9-45440-C-A,9-46587-C-T,9-47242-C-T,9-47303-A-G,9-47352-A-G,9-46614-G-A,9-43169-A-G,9-46035-T-G,9-48914-G-C,9-44854-C-CT,9-42917-A-C,9-49053-C-G,9-50197-G-A,9-73986-A-G,9-41644-C-CT,9-40997-A-T,9-75464-GT-G,9-77320-G-A,9-77289-A-G,9-41634-G-T","ENSG00000183784,ENSG00000107099,ENSG00000172785,ENSG00000227155,ENSG00000170122,ENSG00000107104,ENSG00000181404","ENSG00000218839,ENSG00000202172,ENSG00000137090,ENSG00000170122,ENSG00000227914,ENSG00000252991,ENSG00000277631,ENSG00000236875,ENSG00000228783,ENSG00000107099,ENSG00000287480,ENSG00000172785,ENSG00000229875,ENSG00000235330,ENSG00000227917,ENSG00000183784,ENSG00000228115,ENSG00000181404,ENSG00000231808,ENSG00000286684,ENSG00000284986,ENSG00000227155,ENSG00000235880,ENSG00000107104,ENSG00000064218",ENSG00000181404,Liver eQTLs,train
20018183000092196-92196000001264,chr11,"11-45782511-T-C,11-45797183-C-T,11-45797970-T-G,11-45810652-A-G,11-45813232-C-T,11-45793218-G-C,11-45813074-G-C,11-45806168-A-AT,11-45799980-T-G,11-45807081-C-T,11-45777813-A-G,11-45776525-T-C,11-45821683-T-C","ENSG00000180210,ENSG00000121680,ENSG00000110497,ENSG00000121653,ENSG00000175264,ENSG00000175220,ENSG00000175224,ENSG00000135365,ENSG00000121671,ENSG00000110492,ENSG00000244313,ENSG00000165905,ENSG00000149091,ENSG00000019485,ENSG00000019505,ENSG00000157613,ENSG00000181830,ENSG00000180423,ENSG00000175274,ENSG00000175213","ENSG00000287984,ENSG00000110492,ENSG00000252427,ENSG00000180210,ENSG00000254664,ENSG00000121653,ENSG00000254639,ENSG00000175264,ENSG00000110497,ENSG00000019485,ENSG00000181830,ENSG00000255269,ENSG00000285658,ENSG00000255267,ENSG00000255314,ENSG00000255426,ENSG00000149091,ENSG00000255447,ENSG00000212135,ENSG00000254654,ENSG00000175224,ENSG00000135365,ENSG00000263540,ENSG00000254519,ENSG00000255091,ENSG00000175213,ENSG00000180423,ENSG00000254497,ENSG00000255007,ENSG00000121671,ENSG00000276639,ENSG00000265014,ENSG00000165905,ENSG00000264102,ENSG00000254871,ENSG00000286418,ENSG00000255519,ENSG00000175220,ENSG00000157613,ENSG00000254653,ENSG00000254746,ENSG00000121680,ENSG00000175274,ENSG00000254514,ENSG00000244313,ENSG00000019505,ENSG00000255041",ENSG00000181830,Liver eQTLs,train
20018185600092196-92196000003220,chr17,"17-7166254-C-CT,17-7184046-G-A","ENSG00000213859,ENSG00000072778,ENSG00000040633,ENSG00000170291,ENSG00000262503,ENSG00000179029,ENSG00000288748,ENSG00000108839,ENSG00000132522,ENSG00000181856,ENSG00000174282,ENSG00000279641,ENSG00000072818,ENSG00000129226,ENSG00000174327,ENSG00000239697,ENSG00000181284,ENSG00000274114,ENSG00000141510,ENSG00000132510,ENSG00000167858,ENSG00000174292,ENSG00000170049,ENSG00000220205,ENSG00000161958,ENSG00000238917,ENSG00000174326,ENSG00000141499,ENSG00000167874,ENSG00000161956,ENSG00000132535,ENSG00000178999,ENSG00000215041,ENSG00000161940,ENSG00000108947,ENSG00000129214,ENSG00000183011,ENSG00000170296,ENSG00000169992,ENSG00000132514,ENSG00000179859,ENSG00000181885,ENSG00000141505,ENSG00000178971,ENSG00000141504,ENSG00000129235,ENSG00000161960,ENSG00000205544,ENSG00000279812,ENSG00000187838,ENSG00000196544,ENSG00000262089,ENSG00000198920,ENSG00000132530,ENSG00000209582,ENSG00000129194,ENSG00000269947,ENSG00000280046,ENSG00000170004,ENSG00000129244,ENSG00000183914,ENSG00000141485,ENSG00000091622,ENSG00000129195,ENSG00000177294,ENSG00000261996,ENSG00000161955,ENSG00000170043,ENSG00000282936,ENSG00000182224,ENSG00000263316,ENSG00000215067,ENSG00000279296,ENSG00000219200,ENSG00000262943,ENSG00000181222,ENSG00000132507,ENSG00000108590,ENSG00000129255,ENSG00000170037,ENSG00000129245,ENSG00000004975,ENSG00000161944,ENSG00000170175,ENSG00000233223,ENSG00000178921,ENSG00000199053,ENSG00000179593,ENSG00000276384,ENSG00000175826,ENSG00000256806,ENSG00000267532,ENSG00000258315,ENSG00000179094,ENSG00000178977","ENSG00000174292,ENSG00000169992,ENSG00000183011,ENSG00000179029,ENSG00000224647,ENSG00000220205,ENSG00000198920,ENSG00000264468,ENSG00000132514,ENSG00000174326,ENSG00000200914,ENSG00000181885,ENSG00000170049,ENSG00000262943,ENSG00000199053,ENSG00000262089,ENSG00000202251,ENSG00000178921,ENSG00000161944,ENSG00000240480,ENSG00000238917,ENSG00000129194,ENSG00000274860,ENSG00000004975,ENSG00000129255,ENSG00000132535,ENSG00000132530,ENSG00000181222,ENSG00000196544,ENSG00000174327,ENSG00000129245,ENSG00000072818,ENSG00000170037,ENSG00000072778,ENSG00000132507,ENSG00000288993,ENSG00000262609,ENSG00000209582,ENSG00000264005,ENSG00000263316,ENSG00000141499,ENSG00000179859,ENSG00000262067,ENSG00000179094,ENSG00000213859,ENSG00000262492,ENSG00000167874,ENSG00000262818,ENSG00000181323,ENSG00000141510,ENSG00000261996,ENSG00000177294,ENSG00000129195,ENSG00000263427,ENSG00000161955,ENSG00000258315,ENSG00000206618,ENSG00000108947,ENSG00000262503,ENSG00000263342,ENSG00000213876,ENSG00000276384,ENSG00000282936,ENSG00000132522,ENSG00000201489,ENSG00000275011,ENSG00000167858,ENSG00000178999,ENSG00000215041,ENSG00000141485,ENSG00000280046,ENSG00000129235,ENSG00000252835,ENSG00000175826,ENSG00000129214,ENSG00000244283,ENSG00000269947,ENSG00000182896,ENSG00000285593,ENSG00000178977,ENSG00000161960,ENSG00000267532,ENSG00000170175,ENSG00000181284,ENSG00000178971,ENSG00000256806,ENSG00000219200,ENSG00000161956,ENSG00000108590,ENSG00000181856,ENSG00000274114,ENSG00000161958,ENSG00000129221,ENSG00000179593,ENSG00000182224,ENSG00000279296,ENSG00000129244,ENSG00000132510,ENSG00000233223,ENSG00000262990,ENSG00000174282,ENSG00000215067,ENSG00000108839,ENSG00000141505,ENSG00000170043,ENSG00000170004,ENSG00000279812,ENSG00000141504,ENSG00000129226,ENSG00000239697,ENSG00000170296,ENSG00000205544,ENSG00000170291,ENSG00000091622,ENSG00000279641,ENSG00000040633,ENSG00000262231,ENSG00000183914,ENSG00000161940,ENSG00000187838,ENSG00000288748",ENSG00000181856,Liver eQTLs,train
20018201300092196-92196000003717,chr19,"19-46973981-G-A,19-46974306-A-C,19-46974324-A-G,19-46972354-A-T,19-46972424-G-T,19-46974233-G-A,19-46974399-C-G,19-46975590-T-G,19-46976562-C-A,19-46976735-C-T,19-46977330-C-G,19-46974652-G-C,19-46974678-C-G,19-46974748-C-G,19-46974752-G-C,19-46974762-A-G,19-46975520-C-T,19-46979002-G-C","ENSG00000125746,ENSG00000160014,ENSG00000169515,ENSG00000090372,ENSG00000182013,ENSG00000197405,ENSG00000245598,ENSG00000105281,ENSG00000134815,ENSG00000268401,ENSG00000177051,ENSG00000279407,ENSG00000134830,ENSG00000125753,ENSG00000105287,ENSG00000104983,ENSG00000213889,ENSG00000268810,ENSG00000105327,ENSG00000012061,ENSG00000268460,ENSG00000104967,ENSG00000130751,ENSG00000177045,ENSG00000287896,ENSG00000288827,ENSG00000230510,ENSG00000011485,ENSG00000181027,ENSG00000170608,ENSG00000011478,ENSG00000010310,ENSG00000176182,ENSG00000167414,ENSG00000105321,ENSG00000125743,ENSG00000125744,ENSG00000279948,ENSG00000160013,ENSG00000185800,ENSG00000269148,ENSG00000204851,ENSG00000125755,ENSG00000105419,ENSG00000042753,ENSG00000257704,ENSG00000008438,ENSG00000267395,ENSG00000104936,ENSG00000130749,ENSG00000130748,ENSG00000279161,ENSG00000124440,ENSG00000204850,ENSG00000197380,ENSG00000125741,ENSG00000160007,ENSG00000267757,ENSG00000170604,ENSG00000142230,ENSG00000177464,ENSG00000269151","ENSG00000268810,ENSG00000268401,ENSG00000277748,ENSG00000177045,ENSG00000287896,ENSG00000259339,ENSG00000125746,ENSG00000269014,ENSG00000170604,ENSG00000188624,ENSG00000104983,ENSG00000105327,ENSG00000134830,ENSG00000011478,ENSG00000279948,ENSG00000181027,ENSG00000104967,ENSG00000288827,ENSG00000167414,ENSG00000243560,ENSG00000142230,ENSG00000275862,ENSG00000211513,ENSG00000269745,ENSG00000268879,ENSG00000269729,ENSG00000125743,ENSG00000125753,ENSG00000105419,ENSG00000267922,ENSG00000269148,ENSG00000276588,ENSG00000177464,ENSG00000125741,ENSG00000011485,ENSG00000170608,ENSG00000230510,ENSG00000178928,ENSG00000182013,ENSG00000245598,ENSG00000213889,ENSG00000213035,ENSG00000160013,ENSG00000211580,ENSG00000105321,ENSG00000204866,ENSG00000269151,ENSG00000124440,ENSG00000042753,ENSG00000169515,ENSG00000259009,ENSG00000269487,ENSG00000268460,ENSG00000278797,ENSG00000188293,ENSG00000125744,ENSG00000269637,ENSG00000286669,ENSG00000268238,ENSG00000008438,ENSG00000268053,ENSG00000010310,ENSG00000176182,ENSG00000104936,ENSG00000265134,ENSG00000105287,ENSG00000125755,ENSG00000177051,ENSG00000130751,ENSG00000199796,ENSG00000197405,ENSG00000130748,ENSG00000222614,ENSG00000279161,ENSG00000090372,ENSG00000257704,ENSG00000134815,ENSG00000204851,ENSG00000105281,ENSG00000267757,ENSG00000012061,ENSG00000268746,ENSG00000204850,ENSG00000160007,ENSG00000269806,ENSG00000130749,ENSG00000279407,ENSG00000185800,ENSG00000160014,ENSG00000197380,ENSG00000267395,ENSG00000271150",ENSG00000182013,Liver eQTLs,train
20018202200092196-92196000000785,chr10,"10-125808318-T-A,10-125810706-C-T,10-125816161-A-G,10-125813115-C-T,10-125823222-A-G,10-125815193-G-A,10-125809478-A-C,10-125824058-C-A,10-125825561-CT-C,10-125840915-C-A,10-125830082-G-T,10-125825377-T-A,10-125829742-A-G,10-125836348-C-G,10-125836840-A-G,10-125825976-GA-G,10-125841715-T-C","ENSG00000165660,ENSG00000019995,ENSG00000273599,ENSG00000065154,ENSG00000203791,ENSG00000189319,ENSG00000278831,ENSG00000182022,ENSG00000154473,ENSG00000107902,ENSG00000121898,ENSG00000288757","ENSG00000165660,ENSG00000213170,ENSG00000287326,ENSG00000235180,ENSG00000282787,ENSG00000265092,ENSG00000264572,ENSG00000121898,ENSG00000182022,ENSG00000214298,ENSG00000273599,ENSG00000233135,ENSG00000226899,ENSG00000199321,ENSG00000234016,ENSG00000019995,ENSG00000203791,ENSG00000287609,ENSG00000222629,ENSG00000233409,ENSG00000065154,ENSG00000107902,ENSG00000189319,ENSG00000214297,ENSG00000154473,ENSG00000175018,ENSG00000289280,ENSG00000278831,ENSG00000288757,ENSG00000237675,ENSG00000249456,ENSG00000222740,ENSG00000207494,ENSG00000214807",ENSG00000182022,Liver eQTLs,train
20018205400092196-92196000002489,chr15,"15-90649373-G-C,15-90652294-G-T,15-90668979-C-T,15-90647466-G-C,15-90646217-G-T,15-90646218-C-T,15-90647253-C-T,15-90646996-GGTTT-G,15-90655597-A-G,15-90670057-C-T,15-90668530-C-A,15-90648805-T-TA,15-90663765-G-A,15-90669868-T-C,15-90663891-A-G,15-90667615-G-A,15-90670526-A-C,15-90643604-A-G,15-90641774-G-T,15-90658679-G-A,15-90664843-C-CA,15-90637995-A-G,15-90637833-A-T,15-90641186-C-T,15-90639725-G-A,15-90659401-A-G,15-90641898-CCT-C,15-90642668-C-G,15-90642706-G-T,15-90660359-G-A,15-90666592-AAAAC-A,15-90666592-AAAAC-A,15-90659833-C-CTTCCT,15-90659833-C-CTTCCT,15-90659851-A-C,15-90659663-A-G,15-90659669-A-G,15-90638312-T-A,15-90641759-C-T,15-90651578-G-A","ENSG00000258725,ENSG00000157823,ENSG00000184056,ENSG00000197299,ENSG00000185033,ENSG00000196391,ENSG00000198901,ENSG00000228998,ENSG00000182768,ENSG00000185043,ENSG00000140564,ENSG00000242498,ENSG00000261441,ENSG00000166819,ENSG00000140525,ENSG00000259677,ENSG00000213471,ENSG00000166825,ENSG00000140519,ENSG00000285560,ENSG00000259746,ENSG00000166821,ENSG00000166823,ENSG00000259314,ENSG00000196547,ENSG00000259699,ENSG00000259212,ENSG00000258384,ENSG00000241362,ENSG00000140553,ENSG00000166965,ENSG00000183208,ENSG00000140575,ENSG00000182054,ENSG00000140521,ENSG00000184508,ENSG00000188095,ENSG00000185518,ENSG00000225193,ENSG00000166813,ENSG00000140577,ENSG00000140548,ENSG00000182511,ENSG00000140534","ENSG00000140525,ENSG00000140519,ENSG00000200677,ENSG00000259746,ENSG00000275345,ENSG00000289066,ENSG00000242498,ENSG00000212420,ENSG00000278514,ENSG00000185033,ENSG00000258384,ENSG00000258725,ENSG00000182768,ENSG00000285560,ENSG00000259314,ENSG00000264796,ENSG00000196391,ENSG00000183208,ENSG00000228998,ENSG00000140564,ENSG00000140548,ENSG00000140577,ENSG00000259561,ENSG00000184056,ENSG00000188095,ENSG00000259177,ENSG00000182054,ENSG00000258765,ENSG00000240470,ENSG00000196547,ENSG00000185043,ENSG00000241362,ENSG00000206590,ENSG00000182511,ENSG00000275803,ENSG00000140553,ENSG00000225193,ENSG00000259262,ENSG00000265871,ENSG00000166823,ENSG00000270322,ENSG00000259704,ENSG00000285661,ENSG00000259273,ENSG00000197299,ENSG00000140575,ENSG00000185518,ENSG00000275929,ENSG00000166819,ENSG00000259441,ENSG00000166965,ENSG00000140521,ENSG00000166825,ENSG00000166813,ENSG00000157823,ENSG00000280377,ENSG00000259699,ENSG00000278370,ENSG00000287061,ENSG00000200142,ENSG00000140534,ENSG00000258954,ENSG00000184508,ENSG00000264966,ENSG00000285883,ENSG00000259677,ENSG00000261441,ENSG00000198901,ENSG00000258665,ENSG00000166821,ENSG00000259212,ENSG00000241869,ENSG00000213471",ENSG00000182054,Liver eQTLs,train
20018214100092196-92196000003525,chr19,"19-21527964-G-A,19-21516977-A-G,19-21521536-A-G,19-21528060-T-A,19-21504710-A-G,19-21504732-T-C,19-21506184-A-T,19-21506816-T-C,19-21507304-A-G,19-21507602-A-C,19-21507603-G-A,19-21508451-A-G,19-21509153-G-A,19-21509627-C-T,19-21512277-G-T,19-21505106-C-CT,19-21489979-A-C,19-21491775-G-GA,19-21514564-C-T,19-21519416-A-G,19-21520927-C-T,19-21529784-G-A,19-21530041-C-G,19-21519863-A-C,19-21520693-A-T,19-21520892-A-G,19-21521487-C-G,19-21521811-G-T,19-21522293-A-C,19-21522801-C-T,19-21523164-T-C,19-21523169-G-A,19-21523308-C-A,19-21523463-G-A,19-21523525-T-C,19-21523830-C-T,19-21524047-A-C,19-21529730-G-A,19-21529857-G-T,19-21533923-G-A,19-21535743-G-A,19-21538938-T-C,19-21539317-T-C,19-21539352-C-T,19-21539382-C-T,19-21490411-G-A,19-21497193-G-GTAT,19-21499051-C-T,19-21465822-G-A,19-21467531-T-C,19-21472608-T-C,19-21475297-T-C,19-21477403-T-G,19-21483788-C-A,19-21504032-A-G,19-21504128-C-T,19-21504315-C-T,19-21504658-G-A,19-21505443-C-G,19-21506764-G-A,19-21509065-C-T,19-21510059-C-T,19-21512191-C-G,19-21512677-G-A,19-21514597-A-T,19-21516322-A-G,19-21517712-T-C,19-21518049-G-A,19-21525571-C-T,19-21526518-T-G,19-21526850-T-C,19-21527093-G-C,19-21527121-C-T,19-21528131-G-T,19-21528861-A-G,19-21516659-GA-G,19-21493255-A-T,19-21537182-C-T,19-21464767-G-C,19-21519974-C-A,19-21538553-T-G,19-21481735-G-A,19-21483581-G-A,19-21486641-G-C,19-21487963-C-T,19-21488006-T-C,19-21495501-T-C,19-21498586-ATT-A,19-21511782-C-A,19-21518187-G-A,19-21518495-A-G,19-21518535-T-G,19-21519737-G-A,19-21520684-C-T,19-21520965-T-C,19-21521427-G-A,19-21521674-G-A,19-21525020-T-G,19-21531258-C-T,19-21531788-C-T,19-21532393-C-T,19-21534615-TG-T,19-21536663-G-A,19-21536913-T-C,19-21536930-G-A,19-21536931-G-C,19-21538921-C-T,19-21541708-A-T,19-21542296-A-G,19-21548631-C-T,19-21556415-T-G,19-21558169-G-A,19-21562165-A-G,19-21562448-C-G,19-21578829-C-T,19-21582002-G-A,19-21584726-C-T,19-21590248-G-A,19-21592593-T-C,19-21593651-A-G,19-21596023-G-A,19-21599072-G-A,19-21599305-G-T,19-21599637-A-C,19-21601974-C-T,19-21601994-G-A,19-21602907-CTG-C,19-21602926-C-T,19-21605645-G-A,19-21606719-C-G,19-21587664-TTG-T,19-21558007-T-G,19-21544913-T-C,19-21519985-A-C,19-21470903-C-G,19-21487170-T-C,19-21605183-CT-C,19-21566195-G-T,19-21610180-C-T,19-21610298-TTC-T,19-21613397-C-T,19-21613411-A-G,19-21613656-C-T,19-21613786-C-T,19-21611836-C-CT,19-21611836-C-CT,19-21493258-T-A,19-21495804-T-C,19-21636891-A-ACT,19-21637101-C-T,19-21630798-C-T,19-21631304-T-G,19-21631305-T-A,19-21634724-A-C,19-21635355-A-G,19-21638873-C-T,19-21641744-A-G,19-21586637-C-T,19-21589179-G-A,19-21590636-C-T,19-21592283-C-T,19-21592512-A-G,19-21598623-G-A,19-21601983-T-G,19-21602090-A-T,19-21602886-G-C,19-21603139-C-G,19-21481532-C-G,19-21484642-G-A,19-21637161-A-C,19-21541297-A-G,19-21625859-G-A,19-21626377-A-G","ENSG00000118620,ENSG00000197013,ENSG00000172687,ENSG00000231205,ENSG00000268081,ENSG00000288815,ENSG00000160352,ENSG00000196705,ENSG00000197020,ENSG00000160321,ENSG00000188171,ENSG00000196109,ENSG00000268433,ENSG00000105750,ENSG00000240522,ENSG00000197134,ENSG00000198521,ENSG00000237440,ENSG00000182141","ENSG00000182141,ENSG00000268438,ENSG00000197020,ENSG00000269845,ENSG00000286157,ENSG00000268079,ENSG00000268081,ENSG00000271095,ENSG00000268892,ENSG00000268278,ENSG00000197134,ENSG00000268535,ENSG00000160321,ENSG00000268830,ENSG00000268116,ENSG00000269504,ENSG00000289297,ENSG00000269779,ENSG00000268184,ENSG00000201035,ENSG00000280171,ENSG00000267872,ENSG00000242291,ENSG00000188171,ENSG00000270947,ENSG00000269742,ENSG00000268272,ENSG00000196705,ENSG00000260599,ENSG00000268597,ENSG00000269796,ENSG00000268326,ENSG00000268322,ENSG00000268433,ENSG00000268747,ENSG00000268717,ENSG00000269040,ENSG00000268731,ENSG00000160352,ENSG00000269615,ENSG00000268117,ENSG00000271598,ENSG00000270191,ENSG00000268598,ENSG00000172687,ENSG00000268705,ENSG00000269136,ENSG00000240522,ENSG00000196350,ENSG00000268685,ENSG00000271182,ENSG00000279377,ENSG00000105750,ENSG00000288815,ENSG00000231205,ENSG00000269138,ENSG00000279404,ENSG00000269505,ENSG00000198521,ENSG00000237440,ENSG00000269373,ENSG00000268560,ENSG00000268240,ENSG00000269885,ENSG00000269012,ENSG00000269575,ENSG00000269839,ENSG00000118620,ENSG00000196109,ENSG00000270317,ENSG00000197013",ENSG00000182141,Liver eQTLs,train
20018215600092196-92196000003265,chr17,"17-77703822-C-T,17-77705045-T-C,17-77705542-A-C,17-77704251-G-C,17-77704314-C-T,17-77706406-A-G,17-77704912-T-C,17-77704220-G-C,17-77704179-T-C,17-77706544-T-C,17-77701119-A-AAAAG,17-77703751-G-A,17-77696496-GC-G,17-77698001-G-T,17-77698224-C-T,17-77698322-G-A,17-77703172-A-G,17-77703608-G-C,17-77699607-G-C,17-77698088-T-C,17-77701450-G-A,17-77701601-A-C,17-77702132-G-C,17-77702346-C-T,17-77698458-A-C,17-77698582-T-C,17-77698619-T-C,17-77698638-C-CA,17-77698649-A-T,17-77698701-G-A,17-77698814-C-T,17-77699041-G-A,17-77707120-A-G","ENSG00000167291,ENSG00000182156,ENSG00000181523,ENSG00000108679,ENSG00000108669,ENSG00000171302,ENSG00000173821,ENSG00000262580,ENSG00000263069,ENSG00000262979,ENSG00000280248,ENSG00000141570,ENSG00000141519,ENSG00000265096,ENSG00000171298,ENSG00000287539,ENSG00000279259,ENSG00000173894,ENSG00000141582,ENSG00000055483,ENSG00000267719,ENSG00000261978,ENSG00000141564,ENSG00000141527,ENSG00000035862,ENSG00000260369,ENSG00000141543,ENSG00000173818,ENSG00000167280,ENSG00000262188,ENSG00000262585,ENSG00000173918,ENSG00000181045","ENSG00000200063,ENSG00000182156,ENSG00000277382,ENSG00000279572,ENSG00000173894,ENSG00000267432,ENSG00000262188,ENSG00000262580,ENSG00000222808,ENSG00000173818,ENSG00000181045,ENSG00000243870,ENSG00000200651,ENSG00000108679,ENSG00000267790,ENSG00000267770,ENSG00000263069,ENSG00000264060,ENSG00000260369,ENSG00000280122,ENSG00000279600,ENSG00000267016,ENSG00000279886,ENSG00000141527,ENSG00000035862,ENSG00000267463,ENSG00000108669,ENSG00000262979,ENSG00000167280,ENSG00000238898,ENSG00000276202,ENSG00000283914,ENSG00000171298,ENSG00000204283,ENSG00000252391,ENSG00000141570,ENSG00000267535,ENSG00000265096,ENSG00000171302,ENSG00000173918,ENSG00000141582,ENSG00000267719,ENSG00000267568,ENSG00000279259,ENSG00000274051,ENSG00000261978,ENSG00000173821,ENSG00000238658,ENSG00000287836,ENSG00000262585,ENSG00000243426,ENSG00000267263,ENSG00000141564,ENSG00000141543,ENSG00000267521,ENSG00000167291,ENSG00000141519,ENSG00000055483,ENSG00000200257,ENSG00000181523,ENSG00000287539,ENSG00000265121,ENSG00000280248,ENSG00000286534",ENSG00000182156,Liver eQTLs,train
20018226300092196-92196000004064,chr2,"2-164470977-T-G,2-164471196-G-A,2-164469097-G-GA,2-164472105-T-C","ENSG00000277998,ENSG00000184611,ENSG00000182263","ENSG00000237844,ENSG00000229641,ENSG00000277998,ENSG00000199508,ENSG00000182263,ENSG00000288089,ENSG00000184611,ENSG00000233204,ENSG00000226847",ENSG00000182263,Liver eQTLs,train
20018236200092196-92196000004718,chr21,"21-47716230-T-C,21-47717904-CT-C,21-47717350-C-G,21-47715296-T-C,21-47716312-A-T,21-47720357-T-C,21-47721739-A-G,21-47722578-G-C,21-47723034-T-C,21-47716389-C-A,21-47716680-A-G,21-47717686-G-A,21-47722267-G-A,21-47722391-A-G,21-47724648-T-A,21-47729414-G-A,21-47718933-T-C,21-47716701-G-T,21-47714698-C-T,21-47714684-A-T,21-47718492-C-T,21-47718764-G-C,21-47718403-T-C,21-47718406-G-A,21-47718420-A-G,21-47718411-C-G,21-47719091-G-A,21-47724702-T-C","ENSG00000215424,ENSG00000289224,ENSG00000160310,ENSG00000173638,ENSG00000224574,ENSG00000142156,ENSG00000160305,ENSG00000224413,ENSG00000160307,ENSG00000183570,ENSG00000228137,ENSG00000160294,ENSG00000230982,ENSG00000182871,ENSG00000160285,ENSG00000239415,ENSG00000160282,ENSG00000182362,ENSG00000288885,ENSG00000160298,ENSG00000160299,ENSG00000142173,ENSG00000273796,ENSG00000223901,ENSG00000237338","ENSG00000215424,ENSG00000224413,ENSG00000289224,ENSG00000160282,ENSG00000160298,ENSG00000237338,ENSG00000182362,ENSG00000160299,ENSG00000228137,ENSG00000160285,ENSG00000273796,ENSG00000239415,ENSG00000160310,ENSG00000160294,ENSG00000142173,ENSG00000160305,ENSG00000223901,ENSG00000160307,ENSG00000183570,ENSG00000142156,ENSG00000288885,ENSG00000230982,ENSG00000224574,ENSG00000182871,ENSG00000173638",ENSG00000182362,Liver eQTLs,train
20018247200092196-92196000003620,chr19,"19-39250829-A-T,19-39251616-T-A,19-39251624-G-A,19-39251584-G-C,19-39251760-CAAT-C,19-39251793-A-G,19-39248279-C-T,19-39248279-C-T,19-39251197-A-C,19-39246156-C-T,19-39250800-T-G,19-39245811-A-G,19-39245817-G-A,19-39245857-G-A,19-39246217-T-C,19-39247457-T-C,19-39247485-A-G,19-39247677-T-C,19-39247810-C-G,19-39247996-G-A,19-39248101-ACT-A,19-39248218-G-C,19-39249003-A-G,19-39249501-G-A,19-39249510-A-G,19-39249676-A-G,19-39249845-T-C,19-39249849-T-C,19-39249263-AT-A,19-39250806-T-C,19-39245124-G-A,19-39245107-T-C,19-39245091-C-G,19-39244710-T-A,19-39245020-A-T,19-39245040-T-C,19-39247226-T-C,19-39249261-G-C,19-39245804-TA-T,19-39250832-A-T,19-39248591-A-G,19-39224090-G-C,19-39223402-A-C,19-39248152-C-A,19-39250308-G-A,19-39250645-T-A","ENSG00000269688,ENSG00000063322,ENSG00000167645,ENSG00000288770,ENSG00000187994,ENSG00000128016,ENSG00000099337,ENSG00000104823,ENSG00000104825,ENSG00000268756,ENSG00000178982,ENSG00000105197,ENSG00000179168,ENSG00000090924,ENSG00000176401,ENSG00000105205,ENSG00000267640,ENSG00000130244,ENSG00000176396,ENSG00000167642,ENSG00000182472,ENSG00000269190,ENSG00000130755,ENSG00000196218,ENSG00000161243,ENSG00000269486,ENSG00000196235,ENSG00000188505,ENSG00000287271,ENSG00000288919,ENSG00000128011,ENSG00000128626,ENSG00000269653,ENSG00000104814,ENSG00000104835,ENSG00000105738,ENSG00000068903,ENSG00000188766,ENSG00000179134,ENSG00000178934,ENSG00000269246,ENSG00000099341,ENSG00000104824,ENSG00000130402,ENSG00000130669,ENSG00000179751,ENSG00000167641,ENSG00000171777,ENSG00000262484,ENSG00000105193,ENSG00000241983,ENSG00000189144,ENSG00000006712,ENSG00000099338","ENSG00000130669,ENSG00000099338,ENSG00000269296,ENSG00000241983,ENSG00000179134,ENSG00000171777,ENSG00000182393,ENSG00000269188,ENSG00000240320,ENSG00000099341,ENSG00000197110,ENSG00000161243,ENSG00000278813,ENSG00000269653,ENSG00000269246,ENSG00000244253,ENSG00000269792,ENSG00000063322,ENSG00000266963,ENSG00000230086,ENSG00000178982,ENSG00000068903,ENSG00000006659,ENSG00000104814,ENSG00000268153,ENSG00000272395,ENSG00000269445,ENSG00000130755,ENSG00000176396,ENSG00000288770,ENSG00000196218,ENSG00000186838,ENSG00000196235,ENSG00000176401,ENSG00000269172,ENSG00000268510,ENSG00000269584,ENSG00000269190,ENSG00000249861,ENSG00000268243,ENSG00000287271,ENSG00000179168,ENSG00000269519,ENSG00000090924,ENSG00000266559,ENSG00000189144,ENSG00000188766,ENSG00000267640,ENSG00000288919,ENSG00000178934,ENSG00000128011,ENSG00000262484,ENSG00000128626,ENSG00000239320,ENSG00000105738,ENSG00000105198,ENSG00000267375,ENSG00000167642,ENSG00000207296,ENSG00000104824,ENSG00000267291,ENSG00000179751,ENSG00000105197,ENSG00000267992,ENSG00000104835,ENSG00000104825,ENSG00000182472,ENSG00000272311,ENSG00000268088,ENSG00000105193,ENSG00000243581,ENSG00000183709,ENSG00000187994,ENSG00000006712,ENSG00000167645,ENSG00000213926,ENSG00000277759,ENSG00000269588,ENSG00000200209,ENSG00000130402,ENSG00000268055,ENSG00000099337,ENSG00000188505,ENSG00000269050,ENSG00000286037,ENSG00000269688,ENSG00000269486,ENSG00000128016,ENSG00000268756,ENSG00000105205,ENSG00000167641,ENSG00000104823,ENSG00000213921,ENSG00000130244",ENSG00000182472,Liver eQTLs,train
20018264800092196-92196000006638,chr7,"7-156447956-C-G,7-156434546-A-G,7-156449456-A-C,7-156456737-A-G,7-156429648-T-C,7-156431052-C-A,7-156430314-C-T,7-156456858-A-G,7-156442203-T-C,7-156439857-A-T,7-156436865-G-A","ENSG00000233191,ENSG00000146909,ENSG00000182648,ENSG00000279418,ENSG00000164690,ENSG00000105982,ENSG00000204876,ENSG00000009335,ENSG00000225224,ENSG00000224903,ENSG00000105993","ENSG00000146909,ENSG00000182648,ENSG00000269446,ENSG00000270584,ENSG00000146910,ENSG00000236544,ENSG00000207061,ENSG00000229365,ENSG00000164690,ENSG00000229660,ENSG00000283128,ENSG00000233191,ENSG00000230033,ENSG00000235029,ENSG00000225224,ENSG00000279418,ENSG00000243479,ENSG00000287610,ENSG00000206938,ENSG00000105982,ENSG00000224903,ENSG00000009335,ENSG00000227365,ENSG00000204876,ENSG00000289588,ENSG00000236102,ENSG00000105993",ENSG00000182648,Liver eQTLs,train
20018267000092196-92196000004656,chr21,"21-38444890-A-G,21-38445095-G-A,21-38445069-T-C,21-38449400-C-CT,21-38450906-C-CTTAT,21-38469796-A-G,21-38458745-G-GA,21-38458745-G-GA,21-38462716-A-G,21-38446581-T-C,21-38446621-A-G,21-38446918-A-G,21-38446955-A-AT,21-38447040-C-A,21-38447064-A-T,21-38447132-T-C,21-38447423-A-C,21-38447939-A-G,21-38448069-G-A,21-38448600-A-T,21-38448880-T-C,21-38449510-G-A,21-38450008-T-C,21-38450025-T-C,21-38450317-G-A,21-38450557-C-T,21-38450650-G-T,21-38451130-C-T,21-38451334-T-C,21-38451970-T-C,21-38451977-G-A,21-38452022-C-T,21-38452127-C-T,21-38452634-C-A,21-38453227-T-C,21-38453459-T-C,21-38453510-T-C,21-38453695-C-T,21-38454339-G-A,21-38454456-T-C,21-38455153-A-G,21-38455324-C-A,21-38455936-A-G,21-38456832-C-T,21-38457393-C-T,21-38457457-T-C,21-38457671-T-C,21-38457965-T-C,21-38460338-T-A,21-38461326-G-A,21-38461795-A-T,21-38462028-G-T,21-38462241-C-T,21-38462909-T-C,21-38462959-T-A,21-38463342-A-G,21-38463406-A-G,21-38463436-T-C,21-38463452-T-C,21-38464387-G-A,21-38465345-C-T,21-38466064-G-A,21-38466539-C-T,21-38466669-T-C,21-38467616-C-A,21-38468958-A-G,21-38469069-G-C,21-38469523-A-G,21-38470504-T-C,21-38472816-C-CAAACA,21-38474341-TTTAC-T,21-38475019-A-G,21-38475398-G-A,21-38478429-G-A,21-38480242-G-A,21-38481505-A-T,21-38482304-G-A,21-38483407-T-A,21-38487274-T-A,21-38487561-G-T,21-38488922-CA-C,21-38489478-G-T,21-38489753-T-C,21-38490006-T-C,21-38490734-T-A,21-38460488-T-A,21-38447489-C-T,21-38466203-G-T,21-38465873-G-C,21-38467857-C-G,21-38521678-C-CA,21-38484175-G-A,21-38484259-T-TA,21-38485178-C-T,21-38458773-C-G,21-38479376-GT-G,21-38457708-C-T,21-38475164-G-C,21-38490851-G-C,21-38516508-G-A,21-38457069-C-T,21-38457272-G-A,21-38481292-G-A,21-38481436-G-T,21-38494918-G-A,21-38455999-T-G,21-38466615-A-G,21-38516152-C-A,21-38516153-T-A,21-38516156-G-A,21-38523266-C-A,21-38463967-C-T,21-38496883-A-G,21-38499610-C-G,21-38501021-A-G,21-38501034-A-G,21-38502804-G-A,21-38502868-C-T,21-38503100-C-CTTTCT,21-38505380-C-T,21-38505696-C-A,21-38505969-G-A,21-38507572-T-C,21-38508619-C-T,21-38510262-T-C,21-38510616-G-A,21-38512956-A-G,21-38517058-C-T,21-38517603-A-G,21-38521660-A-T,21-38525652-T-G,21-38528270-T-A,21-38533341-A-G,21-38533390-C-T,21-38534533-T-C,21-38535848-T-C,21-38537016-G-C,21-38537380-G-A,21-38539066-A-G,21-38539357-C-T,21-38542223-T-G,21-38542749-G-A,21-38542761-G-A,21-38542765-C-T,21-38545610-G-T,21-38546473-T-C,21-38546574-G-A,21-38546773-C-T,21-38546806-TAGAA-T,21-38547215-G-A,21-38550258-T-C,21-38551219-T-C,21-38551715-T-A,21-38551985-G-T,21-38552070-A-G,21-38552116-A-G,21-38552230-A-G,21-38556787-G-C,21-38557408-G-T,21-38558636-G-A,21-38558812-T-G,21-38560334-T-C,21-38562647-T-G,21-38565201-A-G,21-38566566-C-T,21-38567902-C-T,21-38567911-T-C,21-38568308-C-T,21-38568475-A-T,21-38568882-G-C,21-38568967-T-A,21-38571482-G-C,21-38573429-G-A,21-38574674-C-G,21-38574675-T-C,21-38576657-A-T,21-38577817-T-C,21-38578189-G-A,21-38578685-A-G,21-38579914-G-A,21-38580151-C-G,21-38581114-T-C,21-38581125-T-G,21-38581234-T-C,21-38581422-GT-G,21-38497303-G-A,21-38497490-C-G,21-38453183-A-G,21-38462614-A-G,21-38463109-A-C,21-38466937-G-T,21-38479885-A-G,21-38448025-A-G,21-38471963-G-T,21-38505581-C-T,21-38551542-T-A,21-38559711-T-C,21-38580177-G-GC,21-38504635-CT-C,21-38587837-G-A,21-38587860-C-T,21-38588281-TTTTG-T,21-38465620-G-A,21-38578207-C-T,21-38585210-A-G,21-38585212-G-A,21-38585213-G-A,21-38436954-T-TA,21-38442482-T-C,21-38433519-C-A,21-38443674-A-G,21-38516549-A-T,21-38549236-A-G,21-38568009-G-C,21-38432325-A-G,21-38589732-C-T,21-38551976-A-G,21-38525019-G-A,21-38525356-T-C,21-38503126-A-G,21-38528866-A-G,21-38574018-C-T,21-38574680-T-C,21-38517264-T-C,21-38504653-T-C,21-38520720-G-A","ENSG00000182670,ENSG00000159267,ENSG00000157538,ENSG00000159231,ENSG00000159261,ENSG00000224790,ENSG00000230479,ENSG00000286517,ENSG00000228677,ENSG00000185917,ENSG00000185808,ENSG00000142197,ENSG00000233818,ENSG00000159259,ENSG00000242553,ENSG00000272948,ENSG00000159256,ENSG00000226054,ENSG00000214867,ENSG00000237646,ENSG00000273199,ENSG00000233393,ENSG00000236830,ENSG00000183145,ENSG00000157540,ENSG00000228107","ENSG00000273199,ENSG00000233818,ENSG00000288266,ENSG00000214867,ENSG00000224790,ENSG00000233316,ENSG00000159256,ENSG00000227406,ENSG00000228677,ENSG00000198054,ENSG00000182670,ENSG00000226012,ENSG00000226054,ENSG00000272015,ENSG00000185917,ENSG00000287082,ENSG00000233213,ENSG00000270835,ENSG00000252915,ENSG00000228861,ENSG00000185808,ENSG00000228107,ENSG00000229925,ENSG00000157540,ENSG00000159259,ENSG00000286517,ENSG00000183145,ENSG00000229623,ENSG00000230479,ENSG00000231480,ENSG00000157538,ENSG00000232608,ENSG00000289538,ENSG00000233393,ENSG00000142197,ENSG00000237373,ENSG00000231123,ENSG00000159267,ENSG00000287470,ENSG00000184029,ENSG00000286717,ENSG00000223608,ENSG00000242553,ENSG00000238141,ENSG00000159261,ENSG00000237646,ENSG00000231231,ENSG00000272948,ENSG00000236830,ENSG00000223806,ENSG00000159231",ENSG00000182670,Liver eQTLs,train
20018284100092196-92196000004919,chr22,"22-42978587-TAGCTG-T,22-42978999-G-A,22-43003683-G-A,22-42999394-AGTTTTATTCCTAGTTAAGAGT-A,22-43003771-A-G,22-43002362-A-G,22-42981890-G-A,22-42990999-GTGAAGCAGCTGGGC-G,22-42977907-C-T,22-42978075-G-A,22-42984131-A-G,22-42987826-G-A,22-42988117-T-C,22-42982572-C-G,22-43007597-A-C,22-43009817-G-C,22-43013286-TAATA-T,22-43013554-C-T,22-43010817-G-A,22-43011246-C-T,22-43018081-A-AC,22-42967676-C-T,22-42966920-A-G,22-42968222-G-T,22-42976456-G-C,22-42973201-G-A,22-42972498-C-T,22-42972515-T-TA,22-42970736-G-A,22-42971458-G-A,22-42971734-T-TG,22-42972318-G-A,22-42970745-G-C","ENSG00000177096,ENSG00000198951,ENSG00000215347,ENSG00000213790,ENSG00000183172,ENSG00000281538,ENSG00000100138,ENSG00000226450,ENSG00000184068,ENSG00000202058,ENSG00000100266,ENSG00000100207,ENSG00000270083,ENSG00000100418,ENSG00000237037,ENSG00000235568,ENSG00000182057,ENSG00000100294,ENSG00000100147,ENSG00000183066,ENSG00000100162,ENSG00000285531,ENSG00000198911,ENSG00000236117,ENSG00000100304,ENSG00000100243,ENSG00000167077,ENSG00000234009,ENSG00000196419,ENSG00000128274,ENSG00000286659,ENSG00000100300,ENSG00000184208,ENSG00000159307,ENSG00000186732,ENSG00000232710,ENSG00000274717,ENSG00000182841,ENSG00000205702,ENSG00000229891,ENSG00000227370,ENSG00000100290,ENSG00000100227,ENSG00000242247,ENSG00000159958,ENSG00000100271,ENSG00000100197,ENSG00000184983,ENSG00000100417","ENSG00000281538,ENSG00000100418,ENSG00000100243,ENSG00000198911,ENSG00000224883,ENSG00000198951,ENSG00000184208,ENSG00000182841,ENSG00000183066,ENSG00000227370,ENSG00000236117,ENSG00000100294,ENSG00000100162,ENSG00000172250,ENSG00000285531,ENSG00000100207,ENSG00000183172,ENSG00000229608,ENSG00000100197,ENSG00000159958,ENSG00000233157,ENSG00000234735,ENSG00000200448,ENSG00000100138,ENSG00000100417,ENSG00000230107,ENSG00000177096,ENSG00000242247,ENSG00000128274,ENSG00000202058,ENSG00000167077,ENSG00000270083,ENSG00000180150,ENSG00000196419,ENSG00000100227,ENSG00000286801,ENSG00000274717,ENSG00000215347,ENSG00000234009,ENSG00000237037,ENSG00000100304,ENSG00000213790,ENSG00000232710,ENSG00000100300,ENSG00000249222,ENSG00000100290,ENSG00000203527,ENSG00000186732,ENSG00000270022,ENSG00000182057,ENSG00000100266,ENSG00000184983,ENSG00000184068,ENSG00000226450,ENSG00000100147,ENSG00000226989,ENSG00000286659,ENSG00000205702,ENSG00000238498,ENSG00000100271,ENSG00000229891,ENSG00000235568,ENSG00000159307",ENSG00000182841,Liver eQTLs,train
20018290300092196-92196000005548,chr4,"4-415042-G-A,4-469126-A-AT,4-419040-T-G,4-420389-C-G,4-422712-C-G,4-423584-G-A,4-424244-C-G,4-426475-C-T,4-426831-T-G,4-439300-T-C,4-439893-GAAGA-G,4-452351-C-A,4-452547-A-C,4-461652-G-A,4-461970-G-A,4-467940-G-A,4-468774-G-A,4-399797-G-A,4-401631-G-A,4-402245-G-A,4-402498-C-T,4-404736-T-C,4-433203-C-T,4-449423-AAAAG-A,4-342994-A-G,4-343543-A-G,4-442233-A-C,4-412632-C-T,4-430392-T-C,4-433160-T-C,4-437221-G-A,4-440447-C-T,4-454865-G-T,4-462416-C-A,4-464903-A-AT,4-403472-G-A,4-337501-G-A,4-355580-C-T,4-358558-T-A,4-360317-T-G,4-365192-TG-T,4-370539-A-G,4-381700-T-C,4-388724-C-T,4-396995-G-A,4-364923-A-T,4-364923-A-T,4-491523-A-C,4-491525-A-C,4-459529-C-T,4-332671-C-T,4-410015-G-A,4-411012-A-G,4-411047-C-CAA,4-411419-G-A,4-433005-G-A,4-433828-TAAG-T,4-438067-C-T,4-446004-C-G,4-452368-G-A,4-454209-G-A,4-456115-G-A,4-456629-T-C,4-457040-A-AT,4-458087-C-T,4-464334-C-A,4-467896-G-C,4-468540-C-T,4-472365-T-C,4-474341-C-CT,4-475428-G-A,4-476475-G-A,4-476752-T-G,4-477001-A-G,4-479013-G-A,4-479068-T-G,4-480377-A-T,4-481583-G-A,4-482386-C-T,4-484408-C-T,4-485044-G-A,4-485760-T-G,4-488844-C-T,4-488948-A-G,4-489548-C-T,4-489804-G-A,4-492748-C-G,4-492931-G-A,4-495691-GCT-G,4-497850-G-A,4-467524-C-T,4-418501-C-G,4-341379-C-T,4-354013-G-A,4-354256-G-A,4-363940-T-C,4-377461-G-A,4-379982-C-T,4-380848-C-T,4-389390-C-T,4-389439-C-T,4-473989-GCTTAT-G,4-478486-C-T,4-498972-G-A,4-473183-C-A,4-488187-G-A,4-497459-GTACAGC-G,4-470747-T-G,4-463073-C-CA,4-323795-G-A,4-330797-C-G,4-381437-G-T,4-381437-G-T,4-330232-C-T,4-320481-C-G,4-322352-A-G,4-485981-A-C,4-322810-C-T,4-322990-C-T,4-323463-A-G,4-479498-C-T,4-495719-G-C,4-323954-G-A,4-502092-C-T,4-505268-A-C,4-355444-G-C","ENSG00000169020,ENSG00000168993,ENSG00000251595,ENSG00000127418,ENSG00000131127,ENSG00000272602,ENSG00000273179,ENSG00000249592,ENSG00000182903,ENSG00000215375,ENSG00000289361,ENSG00000272927,ENSG00000159674,ENSG00000178222,ENSG00000127419,ENSG00000090316,ENSG00000174227,ENSG00000251188,ENSG00000272588,ENSG00000178950,ENSG00000145214,ENSG00000275426,ENSG00000133256,ENSG00000186777,ENSG00000127415,ENSG00000169026,ENSG00000145217,ENSG00000185619,ENSG00000196810,ENSG00000286705,ENSG00000250312,ENSG00000280927,ENSG00000272885,ENSG00000159692,ENSG00000198155,ENSG00000163945","ENSG00000178222,ENSG00000127415,ENSG00000159692,ENSG00000253399,ENSG00000283183,ENSG00000168993,ENSG00000185619,ENSG00000174227,ENSG00000286705,ENSG00000272927,ENSG00000207642,ENSG00000275426,ENSG00000212458,ENSG00000215367,ENSG00000178950,ENSG00000249592,ENSG00000145214,ENSG00000196810,ENSG00000248302,ENSG00000145217,ENSG00000260262,ENSG00000272602,ENSG00000235608,ENSG00000280927,ENSG00000250312,ENSG00000131127,ENSG00000127419,ENSG00000127418,ENSG00000272885,ENSG00000182903,ENSG00000250238,ENSG00000249025,ENSG00000272588,ENSG00000248416,ENSG00000186777,ENSG00000251652,ENSG00000251639,ENSG00000133256,ENSG00000163945,ENSG00000169026,ENSG00000251535,ENSG00000215375,ENSG00000250259,ENSG00000251595,ENSG00000090316,ENSG00000273179,ENSG00000169020,ENSG00000289361,ENSG00000273238,ENSG00000251188,ENSG00000251689,ENSG00000198155,ENSG00000159674",ENSG00000182903,Liver eQTLs,train
20018291900092196-92196000001469,chr11,"11-93498126-C-G,11-93489655-TA-T,11-93489321-AGACTCTGTCTCC-A,11-93480190-C-A,11-93487418-C-G,11-93487595-C-G,11-93489203-C-T,11-93491020-T-C,11-93491179-A-G,11-93491464-A-G,11-93492058-G-A,11-93492232-G-A,11-93492355-G-A,11-93493679-C-CA,11-93493691-T-A,11-93493825-C-T,11-93493989-T-A,11-93494005-A-G,11-93498833-G-T,11-93499361-C-T,11-93501015-C-T,11-93501148-G-A,11-93480708-T-C,11-93481155-C-G,11-93486526-A-AT,11-93491645-T-A,11-93492203-A-C,11-93496563-T-A,11-93501140-G-A,11-93498552-G-A,11-93486384-C-G,11-93475628-T-C,11-93476627-G-C,11-93476860-G-C,11-93477621-A-G,11-93478133-T-G,11-93478342-G-C,11-93481908-A-T,11-93490219-G-C,11-93478528-T-C,11-93486498-C-CA,11-93493911-G-A,11-93494878-AAG-A,11-93501093-T-C,11-93500869-G-A,11-93480717-A-ATATCTTACT,11-93490307-C-T,11-93482094-G-A,11-93483346-G-A,11-93496377-C-G,11-93500659-G-A,11-93476766-G-A,11-93482403-T-A,11-93514833-AAAAAC-A,11-93510648-C-T,11-93515103-T-A,11-93504852-T-C,11-93506034-G-A,11-93506780-GC-G,11-93506788-G-A,11-93507249-C-T,11-93507935-A-G,11-93508243-G-A,11-93510141-A-G,11-93510488-T-C,11-93510858-G-A,11-93511562-A-G,11-93512152-C-T,11-93512732-T-C,11-93512915-A-G,11-93513206-C-A,11-93515058-C-T,11-93516016-A-T,11-93516204-A-T,11-93516432-C-T,11-93516772-C-T,11-93517299-A-G,11-93517874-C-G,11-93517886-G-C,11-93505490-A-C,11-93511119-G-C,11-93519170-CCA-C,11-93519737-G-T,11-93519673-G-A,11-93539050-A-G,11-93527684-T-C,11-93534990-G-A,11-93540001-G-A,11-93550568-A-G,11-93538992-T-C,11-93564393-C-T,11-93550744-TA-T","ENSG00000255445,ENSG00000020922,ENSG00000256745,ENSG00000181333,ENSG00000250519,ENSG00000168876,ENSG00000182919,ENSG00000254911,ENSG00000042429,ENSG00000110218,ENSG00000134627,ENSG00000123901,ENSG00000207304,ENSG00000166025,ENSG00000166004,ENSG00000166012,ENSG00000279696,ENSG00000255893,ENSG00000166002,ENSG00000284458,ENSG00000196371,ENSG00000206834,ENSG00000207145,ENSG00000257057,ENSG00000180773,ENSG00000279684","ENSG00000257057,ENSG00000123901,ENSG00000255995,ENSG00000183560,ENSG00000254911,ENSG00000250519,ENSG00000233737,ENSG00000020922,ENSG00000166012,ENSG00000134640,ENSG00000168876,ENSG00000255287,ENSG00000278953,ENSG00000202314,ENSG00000240202,ENSG00000181333,ENSG00000282916,ENSG00000255893,ENSG00000207304,ENSG00000256752,ENSG00000166004,ENSG00000206911,ENSG00000206834,ENSG00000278892,ENSG00000255515,ENSG00000255506,ENSG00000242807,ENSG00000279269,ENSG00000284458,ENSG00000255233,ENSG00000110218,ENSG00000256745,ENSG00000196371,ENSG00000279684,ENSG00000182919,ENSG00000255127,ENSG00000221230,ENSG00000180773,ENSG00000254874,ENSG00000134627,ENSG00000207145,ENSG00000042429,ENSG00000239195,ENSG00000199875,ENSG00000227593,ENSG00000255445,ENSG00000166002,ENSG00000279304,ENSG00000279454,ENSG00000166025,ENSG00000244244,ENSG00000279696",ENSG00000182919,Liver eQTLs,train
20018292300092196-92196000005077,chr3,"3-134220321-A-T,3-134256110-G-C","ENSG00000163781,ENSG00000182923,ENSG00000174640,ENSG00000240086,ENSG00000288547,ENSG00000114019,ENSG00000242337,ENSG00000129055,ENSG00000244062,ENSG00000288700,ENSG00000091513,ENSG00000144867,ENSG00000240006,ENSG00000260633,ENSG00000154917,ENSG00000154928,ENSG00000091527,ENSG00000163785","ENSG00000231845,ENSG00000243832,ENSG00000214288,ENSG00000214289,ENSG00000154928,ENSG00000091527,ENSG00000214301,ENSG00000163781,ENSG00000286982,ENSG00000249691,ENSG00000288547,ENSG00000272832,ENSG00000201827,ENSG00000288700,ENSG00000201394,ENSG00000244062,ENSG00000170819,ENSG00000201413,ENSG00000249993,ENSG00000248377,ENSG00000182923,ENSG00000129055,ENSG00000154917,ENSG00000240086,ENSG00000240006,ENSG00000251011,ENSG00000163785,ENSG00000242337,ENSG00000144867,ENSG00000250983,ENSG00000174640,ENSG00000253087,ENSG00000091513,ENSG00000252641,ENSG00000114019,ENSG00000249820,ENSG00000260633",ENSG00000182923,Liver eQTLs,train
20018295200092196-92196000006149,chr6,"6-26503873-C-T,6-26514445-T-C,6-26498165-C-T,6-26498426-A-G,6-26499903-T-C,6-26499942-C-A,6-26501471-AG-A,6-26501777-C-G,6-26501897-T-C,6-26504835-C-A,6-26505036-C-A,6-26505362-G-A,6-26505403-C-A,6-26507319-A-G,6-26509330-C-G,6-26510564-T-C,6-26512994-A-T,6-26513435-G-A,6-26514166-C-T,6-26526941-G-C,6-26527945-C-G,6-26528250-T-C,6-26529374-C-T,6-26529808-G-C,6-26530898-G-A,6-26531433-G-C,6-26531954-C-T,6-26532742-A-G,6-26533664-G-C,6-26533757-C-T,6-26534616-C-A,6-26534743-T-C,6-26535541-A-G,6-26536687-A-T,6-26538210-A-T,6-26538268-T-C,6-26540166-C-A,6-26540178-G-A,6-26540593-T-G,6-26542773-G-A,6-26542894-C-T,6-26544110-A-G,6-26545308-C-G,6-26545632-G-A,6-26547742-T-A,6-26538780-T-TG,6-26521353-A-G,6-26516769-G-A,6-26518662-A-G,6-26519872-A-G,6-26520941-T-C,6-26521589-G-A,6-26524061-G-A,6-26524339-A-G,6-26525455-T-G,6-26531178-A-G,6-26536970-G-GA,6-26550619-T-C,6-26566099-T-A,6-26527524-G-C,6-26560012-A-G,6-26562029-G-C,6-26562486-G-A,6-26556769-G-T,6-26557854-C-T,6-26560620-C-T,6-26562122-C-T,6-26563450-AT-A,6-26566804-C-T,6-26566965-G-T,6-26567802-G-T,6-26567988-G-A,6-26568067-G-A,6-26568411-A-G,6-26568473-A-T,6-26568741-C-T,6-26570080-G-GT,6-26570410-T-C,6-26571506-T-G,6-26571537-A-T,6-26571756-C-T,6-26559491-T-TA,6-26564582-T-A,6-26566409-G-C,6-26530862-T-TA,6-26516630-CA-C,6-26526039-G-A,6-26540844-G-A,6-26553531-T-C,6-26553815-C-G,6-26553943-G-A,6-26554968-G-A,6-26555484-A-G,6-26555879-A-G,6-26550954-A-G,6-26572165-G-T,6-26570858-A-AC,6-26570858-A-AC,6-26510605-C-T,6-26546808-T-C,6-26575697-G-A,6-26575986-T-C,6-26577867-A-T,6-26573218-C-G,6-26573325-C-T,6-26573562-A-G,6-26573674-T-C,6-26574149-G-A,6-26575154-T-C,6-26575798-CT-C,6-26577308-T-A,6-26577326-C-A,6-26577370-C-T,6-26577530-A-G,6-26577857-C-G,6-26577924-G-A,6-26578364-G-A,6-26578525-A-C,6-26579609-C-T,6-26579616-G-A,6-26579648-G-A,6-26581168-G-A,6-26496603-T-A,6-26577488-G-A,6-26571629-T-A,6-26553273-G-T,6-26560364-C-A,6-26556092-AT-A,6-26497520-T-A,6-26483910-A-C,6-26577186-A-G","ENSG00000112812,ENSG00000112343,ENSG00000158373,ENSG00000272468,ENSG00000272462,ENSG00000180596,ENSG00000271755,ENSG00000276180,ENSG00000196787,ENSG00000272810,ENSG00000197409,ENSG00000026950,ENSG00000228223,ENSG00000112337,ENSG00000216331,ENSG00000197903,ENSG00000273802,ENSG00000217275,ENSG00000124564,ENSG00000241549,ENSG00000274290,ENSG00000277075,ENSG00000182952,ENSG00000010704,ENSG00000124575,ENSG00000197061,ENSG00000124568,ENSG00000186470,ENSG00000146109,ENSG00000168298,ENSG00000146039,ENSG00000277157,ENSG00000196866,ENSG00000111801,ENSG00000124635,ENSG00000124508,ENSG00000277224,ENSG00000112763,ENSG00000224843,ENSG00000158406,ENSG00000275713,ENSG00000287080,ENSG00000204789,ENSG00000276966,ENSG00000187837,ENSG00000124613,ENSG00000274750,ENSG00000180573,ENSG00000079689,ENSG00000287966,ENSG00000286652,ENSG00000096654","ENSG00000182952,ENSG00000197061,ENSG00000277720,ENSG00000265565,ENSG00000272462,ENSG00000275713,ENSG00000224843,ENSG00000204789,ENSG00000273983,ENSG00000112763,ENSG00000287050,ENSG00000124575,ENSG00000287966,ENSG00000124613,ENSG00000275846,ENSG00000111801,ENSG00000158553,ENSG00000196787,ENSG00000197409,ENSG00000124635,ENSG00000274750,ENSG00000146039,ENSG00000220758,ENSG00000187837,ENSG00000272468,ENSG00000271071,ENSG00000287080,ENSG00000237154,ENSG00000276966,ENSG00000146109,ENSG00000010704,ENSG00000275663,ENSG00000217159,ENSG00000222800,ENSG00000216436,ENSG00000124568,ENSG00000218690,ENSG00000277224,ENSG00000270935,ENSG00000217275,ENSG00000124557,ENSG00000228223,ENSG00000197903,ENSG00000026950,ENSG00000124564,ENSG00000112337,ENSG00000241549,ENSG00000112343,ENSG00000174572,ENSG00000274997,ENSG00000276410,ENSG00000276180,ENSG00000124508,ENSG00000286652,ENSG00000224447,ENSG00000180596,ENSG00000220581,ENSG00000261584,ENSG00000234816,ENSG00000278463,ENSG00000186470,ENSG00000158406,ENSG00000096654,ENSG00000277410,ENSG00000242387,ENSG00000079689,ENSG00000178762,ENSG00000219770,ENSG00000274618,ENSG00000218281,ENSG00000180573,ENSG00000277775,ENSG00000272810,ENSG00000271755,ENSG00000243307,ENSG00000274290,ENSG00000158373,ENSG00000217408,ENSG00000278588,ENSG00000168298,ENSG00000216762,ENSG00000289447,ENSG00000199289,ENSG00000286933,ENSG00000273802,ENSG00000277157,ENSG00000112812,ENSG00000216331,ENSG00000284607,ENSG00000278637,ENSG00000284688,ENSG00000124610,ENSG00000196866,ENSG00000277075,ENSG00000146047,ENSG00000220875,ENSG00000286522",ENSG00000182952,Liver eQTLs,train
20018295700092196-92196000001908,chr13,"13-24875790-G-A,13-24876070-C-T,13-24876231-T-C,13-24875731-T-C,13-24874926-A-C,13-24876029-A-G,13-24876752-T-C,13-24877151-A-G,13-24877179-G-A,13-24877308-A-G,13-24877550-G-C,13-24877442-G-A,13-24873338-A-G","ENSG00000151835,ENSG00000102699,ENSG00000253771,ENSG00000273628,ENSG00000182957,ENSG00000240654,ENSG00000027001,ENSG00000232858,ENSG00000151849,ENSG00000139496,ENSG00000139505,ENSG00000127863,ENSG00000205822","ENSG00000232858,ENSG00000285228,ENSG00000151835,ENSG00000251299,ENSG00000199767,ENSG00000180803,ENSG00000240654,ENSG00000139496,ENSG00000287530,ENSG00000205861,ENSG00000196593,ENSG00000244615,ENSG00000234152,ENSG00000252695,ENSG00000234627,ENSG00000273628,ENSG00000151846,ENSG00000205863,ENSG00000279695,ENSG00000225674,ENSG00000235315,ENSG00000234056,ENSG00000027001,ENSG00000277040,ENSG00000287887,ENSG00000132972,ENSG00000285806,ENSG00000260509,ENSG00000075673,ENSG00000225404,ENSG00000238169,ENSG00000233545,ENSG00000231417,ENSG00000226695,ENSG00000139505,ENSG00000205822,ENSG00000182957,ENSG00000225105,ENSG00000253771,ENSG00000287376,ENSG00000288103,ENSG00000276958,ENSG00000102699,ENSG00000227213,ENSG00000151849,ENSG00000269099,ENSG00000261498,ENSG00000127863,ENSG00000207474",ENSG00000182957,Liver eQTLs,train
20018298600092196-92196000003791,chr19,19-53400760-C-A,"ENSG00000196214,ENSG00000204611,ENSG00000213799,ENSG00000142405,ENSG00000197497,ENSG00000198464,ENSG00000198346,ENSG00000198093,ENSG00000160336,ENSG00000213801,ENSG00000196417,ENSG00000288953,ENSG00000260160,ENSG00000197608,ENSG00000167554,ENSG00000170949,ENSG00000182986,ENSG00000221923,ENSG00000123870,ENSG00000198482,ENSG00000180257,ENSG00000250731,ENSG00000269235,ENSG00000179820,ENSG00000197619,ENSG00000170954,ENSG00000130844,ENSG00000213020,ENSG00000269834,ENSG00000197928,ENSG00000196267,ENSG00000267809,ENSG00000197937,ENSG00000203326,ENSG00000204604,ENSG00000142556,ENSG00000167766,ENSG00000189190,ENSG00000105568,ENSG00000241015,ENSG00000268970,ENSG00000198538,ENSG00000256087,ENSG00000256683,ENSG00000167555,ENSG00000176024,ENSG00000269825,ENSG00000275055,ENSG00000269001,ENSG00000213793,ENSG00000287608,ENSG00000289102,ENSG00000242779,ENSG00000213777,ENSG00000167562","ENSG00000289102,ENSG00000224579,ENSG00000204611,ENSG00000142405,ENSG00000207620,ENSG00000269877,ENSG00000252191,ENSG00000229000,ENSG00000207987,ENSG00000283490,ENSG00000180257,ENSG00000203326,ENSG00000283289,ENSG00000197497,ENSG00000207825,ENSG00000196417,ENSG00000250507,ENSG00000283330,ENSG00000207861,ENSG00000268864,ENSG00000212314,ENSG00000268282,ENSG00000221421,ENSG00000234436,ENSG00000260160,ENSG00000278543,ENSG00000207925,ENSG00000207699,ENSG00000252734,ENSG00000213801,ENSG00000268964,ENSG00000207946,ENSG00000207869,ENSG00000207615,ENSG00000237589,ENSG00000204595,ENSG00000198093,ENSG00000207738,ENSG00000198482,ENSG00000264703,ENSG00000198346,ENSG00000283685,ENSG00000252025,ENSG00000221017,ENSG00000200393,ENSG00000197619,ENSG00000207706,ENSG00000240197,ENSG00000228323,ENSG00000142556,ENSG00000207616,ENSG00000167554,ENSG00000207799,ENSG00000269118,ENSG00000241015,ENSG00000251843,ENSG00000199143,ENSG00000170949,ENSG00000275055,ENSG00000207837,ENSG00000176024,ENSG00000207838,ENSG00000288953,ENSG00000167555,ENSG00000167766,ENSG00000213799,ENSG00000160336,ENSG00000269834,ENSG00000105568,ENSG00000276206,ENSG00000268886,ENSG00000204604,ENSG00000207979,ENSG00000207992,ENSG00000276758,ENSG00000228567,ENSG00000269758,ENSG00000269564,ENSG00000267943,ENSG00000256087,ENSG00000242779,ENSG00000223660,ENSG00000269776,ENSG00000207644,ENSG00000198538,ENSG00000197937,ENSG00000269235,ENSG00000196214,ENSG00000207803,ENSG00000221923,ENSG00000179820,ENSG00000287608,ENSG00000197928,ENSG00000283540,ENSG00000163098,ENSG00000237955,ENSG00000167562,ENSG00000207629,ENSG00000170954,ENSG00000269842,ENSG00000207645,ENSG00000269001,ENSG00000198464,ENSG00000242668,ENSG00000189190,ENSG00000207599,ENSG00000249189,ENSG00000213793,ENSG00000196267,ENSG00000269825,ENSG00000251431,ENSG00000207580,ENSG00000252063,ENSG00000249654,ENSG00000250731,ENSG00000267809,ENSG00000197608,ENSG00000174677,ENSG00000207810,ENSG00000255875,ENSG00000221548,ENSG00000196131,ENSG00000207788,ENSG00000207981,ENSG00000123870,ENSG00000240296,ENSG00000207594,ENSG00000207722,ENSG00000213020,ENSG00000130844,ENSG00000270347,ENSG00000207711,ENSG00000189348,ENSG00000248385,ENSG00000182986,ENSG00000269608,ENSG00000213777,ENSG00000252979,ENSG00000211532,ENSG00000268970,ENSG00000207735,ENSG00000283455,ENSG00000207734,ENSG00000207767,ENSG00000269526,ENSG00000207862,ENSG00000207634,ENSG00000207549,ENSG00000283695,ENSG00000256683",ENSG00000182986,Liver eQTLs,train
20018306000092196-92196000002260,chr15,"15-100273422-C-G,15-100273607-G-C,15-100273617-T-C,15-100273207-C-CG,15-100274472-A-T,15-100274144-T-C","ENSG00000259430,ENSG00000261616,ENSG00000274294,ENSG00000182253,ENSG00000068305,ENSG00000168904,ENSG00000140470,ENSG00000140471,ENSG00000183060,ENSG00000259706,ENSG00000259363,ENSG00000189419,ENSG00000183475,ENSG00000259921,ENSG00000261054,ENSG00000259205,ENSG00000270127,ENSG00000103852,ENSG00000259381,ENSG00000259219","ENSG00000278456,ENSG00000183060,ENSG00000189419,ENSG00000259205,ENSG00000200095,ENSG00000259363,ENSG00000259706,ENSG00000241562,ENSG00000270127,ENSG00000259376,ENSG00000261054,ENSG00000259219,ENSG00000259921,ENSG00000259604,ENSG00000259579,ENSG00000259430,ENSG00000261616,ENSG00000259381,ENSG00000168904,ENSG00000259755,ENSG00000201724,ENSG00000259365,ENSG00000183475,ENSG00000259760,ENSG00000212306,ENSG00000068305,ENSG00000259257,ENSG00000279846,ENSG00000140471,ENSG00000182253,ENSG00000286893,ENSG00000259540,ENSG00000259586,ENSG00000259356,ENSG00000140470,ENSG00000259590,ENSG00000103852,ENSG00000252957,ENSG00000274294",ENSG00000183060,Liver eQTLs,train
20018308700092196-92196000001896,chr13,"13-114551993-T-C,13-114547372-C-T,13-114552039-T-C,13-114555906-T-C","ENSG00000184497,ENSG00000169062,ENSG00000139835,ENSG00000130177,ENSG00000260615,ENSG00000183087,ENSG00000126217,ENSG00000126226,ENSG00000230371,ENSG00000285672,ENSG00000235280,ENSG00000139842,ENSG00000283199,ENSG00000198824,ENSG00000057593,ENSG00000276434,ENSG00000126218,ENSG00000225083,ENSG00000283828,ENSG00000267868,ENSG00000126231,ENSG00000186009,ENSG00000185896,ENSG00000198176,ENSG00000231882","ENSG00000260615,ENSG00000283347,ENSG00000198824,ENSG00000279770,ENSG00000225083,ENSG00000283199,ENSG00000057593,ENSG00000235280,ENSG00000265450,ENSG00000283361,ENSG00000183087,ENSG00000237699,ENSG00000226921,ENSG00000285672,ENSG00000264539,ENSG00000231882,ENSG00000126217,ENSG00000229723,ENSG00000232487,ENSG00000169062,ENSG00000130177,ENSG00000276434,ENSG00000283828,ENSG00000185896,ENSG00000185974,ENSG00000184497,ENSG00000198176,ENSG00000186009,ENSG00000230371,ENSG00000139842,ENSG00000274766,ENSG00000226158,ENSG00000126231,ENSG00000267868,ENSG00000229373,ENSG00000139835,ENSG00000126218,ENSG00000126226",ENSG00000183087,Liver eQTLs,train
20018309100092196-92196000004047,chr2,"2-152476028-C-G,2-152465509-C-T,2-152479986-C-T,2-152465495-A-G","ENSG00000115145,ENSG00000080345,ENSG00000123609,ENSG00000184898,ENSG00000213197,ENSG00000183091,ENSG00000288066,ENSG00000123610,ENSG00000157827,ENSG00000162980","ENSG00000162980,ENSG00000214025,ENSG00000213197,ENSG00000225214,ENSG00000214024,ENSG00000226213,ENSG00000288066,ENSG00000115145,ENSG00000234932,ENSG00000226338,ENSG00000287085,ENSG00000199884,ENSG00000270776,ENSG00000157827,ENSG00000234272,ENSG00000227708,ENSG00000080345,ENSG00000123610,ENSG00000184898,ENSG00000224612,ENSG00000123609,ENSG00000242575,ENSG00000183091,ENSG00000200377",ENSG00000183091,Liver eQTLs,train
20018311100092196-92196000005729,chr5,"5-148956982-CAT-C,5-148957101-T-C,5-148957292-T-G,5-148961141-C-G,5-148961778-G-A,5-148961896-C-G,5-148962793-G-A,5-148962988-T-C,5-148963173-C-T,5-148965564-C-A,5-148966093-C-T,5-148968267-T-C,5-148968691-A-G,5-148968886-T-TATTA,5-148969416-G-A,5-148967458-T-C,5-148956511-ACTCTGT-A,5-148966902-A-G,5-148969747-CAGAAG-C","ENSG00000155850,ENSG00000157510,ENSG00000113712,ENSG00000183111,ENSG00000070814,ENSG00000214485,ENSG00000253406,ENSG00000173210,ENSG00000183876,ENSG00000155846,ENSG00000164296,ENSG00000113721,ENSG00000169252,ENSG00000145882,ENSG00000241112,ENSG00000182578,ENSG00000164284,ENSG00000070614,ENSG00000019582,ENSG00000249669,ENSG00000070808,ENSG00000164587,ENSG00000286331,ENSG00000113722,ENSG00000241907,ENSG00000113716","ENSG00000070814,ENSG00000242928,ENSG00000253297,ENSG00000183876,ENSG00000207714,ENSG00000241112,ENSG00000200334,ENSG00000251583,ENSG00000178172,ENSG00000157510,ENSG00000241907,ENSG00000155846,ENSG00000113716,ENSG00000222213,ENSG00000253865,ENSG00000155850,ENSG00000113722,ENSG00000287323,ENSG00000182578,ENSG00000169252,ENSG00000250072,ENSG00000274799,ENSG00000251842,ENSG00000248109,ENSG00000019582,ENSG00000249503,ENSG00000113712,ENSG00000204909,ENSG00000276365,ENSG00000145882,ENSG00000200161,ENSG00000283653,ENSG00000164587,ENSG00000173210,ENSG00000070614,ENSG00000289430,ENSG00000164296,ENSG00000214485,ENSG00000249834,ENSG00000196800,ENSG00000199047,ENSG00000214510,ENSG00000249669,ENSG00000221043,ENSG00000253406,ENSG00000070808,ENSG00000113721,ENSG00000183111,ENSG00000286331,ENSG00000164284,ENSG00000127743",ENSG00000183111,Liver eQTLs,train
20018320700092196-92196000003747,chr19,"19-49512613-G-T,19-49512666-C-T,19-49511397-G-C,19-49511659-G-A,19-49506390-T-C,19-49507542-A-G,19-49508265-A-G,19-49507578-T-C,19-49511736-C-T,19-49511018-G-A,19-49511840-C-T,19-49496551-A-C,19-49497022-A-C,19-49497277-G-A,19-49497453-A-C,19-49505080-G-A,19-49512700-T-C,19-49500366-G-A,19-49505313-G-T,19-49504458-G-A,19-49508123-G-A,19-49506330-C-A,19-49508369-C-T,19-49509797-G-T,19-49496786-C-T,19-49499731-C-T,19-49513022-C-T,19-49494812-C-T,19-49496494-G-A,19-49497123-T-C,19-49503586-C-T,19-49507119-C-T,19-49519905-A-G,19-49492822-G-A,19-49520214-T-C,19-49520217-C-T,19-49515363-G-A,19-49517331-C-G,19-49517925-C-T,19-49519240-G-A,19-49520827-G-T,19-49520828-A-T,19-49520842-A-T,19-49520844-A-G,19-49521014-A-C,19-49520614-C-T,19-49520863-A-C,19-49515171-C-A,19-49517140-C-T,19-49517146-C-T,19-49520890-G-A,19-49522075-A-T","ENSG00000142541,ENSG00000104946,ENSG00000142227,ENSG00000063177,ENSG00000126460,ENSG00000104812,ENSG00000174951,ENSG00000104804,ENSG00000142233,ENSG00000183207,ENSG00000090554,ENSG00000105483,ENSG00000105538,ENSG00000161640,ENSG00000126458,ENSG00000130528,ENSG00000197813,ENSG00000268047,ENSG00000200530,ENSG00000104805,ENSG00000169136,ENSG00000088002,ENSG00000104870,ENSG00000104960,ENSG00000104808,ENSG00000104951,ENSG00000010361,ENSG00000087088,ENSG00000177380,ENSG00000104973,ENSG00000267898,ENSG00000104852,ENSG00000105464,ENSG00000268006,ENSG00000142534,ENSG00000268686,ENSG00000105550,ENSG00000176909,ENSG00000221916,ENSG00000260366,ENSG00000204673,ENSG00000161618,ENSG00000126453,ENSG00000104894,ENSG00000224420,ENSG00000243829,ENSG00000196961,ENSG00000182264,ENSG00000269352,ENSG00000105443,ENSG00000126467,ENSG00000126464,ENSG00000039650,ENSG00000176920,ENSG00000105552,ENSG00000142552,ENSG00000126461,ENSG00000126456,ENSG00000268583,ENSG00000142235,ENSG00000185453,ENSG00000063176,ENSG00000169169,ENSG00000105516,ENSG00000105479,ENSG00000105438,ENSG00000104872,ENSG00000104826,ENSG00000286024,ENSG00000182324,ENSG00000063180,ENSG00000268001,ENSG00000105499,ENSG00000161558,ENSG00000268093,ENSG00000105486,ENSG00000126457,ENSG00000087076,ENSG00000104888,ENSG00000269194,ENSG00000142546,ENSG00000200259,ENSG00000213024,ENSG00000074219,ENSG00000105447,ENSG00000063127,ENSG00000235191,ENSG00000104901,ENSG00000130529,ENSG00000087074,ENSG00000105559,ENSG00000104863,ENSG00000232871,ENSG00000161643,ENSG00000087086,ENSG00000105523","ENSG00000105438,ENSG00000202503,ENSG00000273898,ENSG00000039650,ENSG00000267898,ENSG00000104960,ENSG00000126461,ENSG00000224420,ENSG00000174951,ENSG00000169169,ENSG00000196961,ENSG00000104901,ENSG00000104973,ENSG00000105499,ENSG00000088002,ENSG00000200259,ENSG00000235191,ENSG00000126456,ENSG00000189052,ENSG00000161643,ENSG00000104888,ENSG00000269540,ENSG00000182264,ENSG00000268047,ENSG00000087076,ENSG00000090554,ENSG00000105523,ENSG00000213024,ENSG00000126453,ENSG00000213030,ENSG00000260366,ENSG00000268287,ENSG00000183207,ENSG00000105516,ENSG00000142227,ENSG00000268001,ENSG00000105479,ENSG00000063177,ENSG00000104805,ENSG00000265675,ENSG00000063127,ENSG00000267631,ENSG00000161558,ENSG00000243829,ENSG00000010361,ENSG00000221916,ENSG00000104894,ENSG00000267019,ENSG00000204673,ENSG00000105486,ENSG00000268669,ENSG00000265954,ENSG00000126457,ENSG00000268093,ENSG00000206599,ENSG00000169136,ENSG00000177380,ENSG00000126464,ENSG00000185453,ENSG00000142235,ENSG00000276729,ENSG00000207073,ENSG00000104870,ENSG00000176920,ENSG00000207782,ENSG00000267099,ENSG00000176909,ENSG00000105483,ENSG00000104946,ENSG00000261949,ENSG00000105447,ENSG00000161652,ENSG00000274306,ENSG00000063180,ENSG00000105559,ENSG00000268583,ENSG00000104812,ENSG00000087074,ENSG00000142541,ENSG00000087088,ENSG00000063176,ENSG00000130529,ENSG00000142538,ENSG00000104951,ENSG00000142233,ENSG00000269352,ENSG00000104808,ENSG00000104827,ENSG00000074219,ENSG00000206758,ENSG00000269706,ENSG00000105464,ENSG00000268681,ENSG00000235555,ENSG00000104872,ENSG00000105538,ENSG00000276270,ENSG00000126467,ENSG00000267685,ENSG00000161640,ENSG00000130528,ENSG00000126458,ENSG00000161618,ENSG00000104863,ENSG00000105550,ENSG00000268108,ENSG00000200530,ENSG00000142552,ENSG00000104818,ENSG00000265407,ENSG00000182324,ENSG00000142534,ENSG00000232871,ENSG00000104852,ENSG00000267890,ENSG00000268006,ENSG00000105443,ENSG00000269194,ENSG00000126460,ENSG00000104804,ENSG00000087086,ENSG00000105552,ENSG00000276002,ENSG00000104826,ENSG00000142546,ENSG00000268686,ENSG00000286024,ENSG00000197813,ENSG00000284114",ENSG00000183207,Liver eQTLs,train
20018325500092196-92196000004700,chr21,"21-46271452-C-T,21-46268783-T-C","ENSG00000142182,ENSG00000273027,ENSG00000227039,ENSG00000228709,ENSG00000160218,ENSG00000273796,ENSG00000223431,ENSG00000160226,ENSG00000160255,ENSG00000241945,ENSG00000288885,ENSG00000183570,ENSG00000141959,ENSG00000186866,ENSG00000223768,ENSG00000160223,ENSG00000272825,ENSG00000260256,ENSG00000184787,ENSG00000184441,ENSG00000160256,ENSG00000173638,ENSG00000274225,ENSG00000184900,ENSG00000289546,ENSG00000175894,ENSG00000225331,ENSG00000235374,ENSG00000287088,ENSG00000160221,ENSG00000160216,ENSG00000183250,ENSG00000277352,ENSG00000224574,ENSG00000227999,ENSG00000236519,ENSG00000160233,ENSG00000276529,ENSG00000182586,ENSG00000235890,ENSG00000229356,ENSG00000182912,ENSG00000183255,ENSG00000197381,ENSG00000224747,ENSG00000142185,ENSG00000182871","ENSG00000289546,ENSG00000183250,ENSG00000286224,ENSG00000223692,ENSG00000287088,ENSG00000228235,ENSG00000229356,ENSG00000227999,ENSG00000142185,ENSG00000286082,ENSG00000223431,ENSG00000273027,ENSG00000160216,ENSG00000275139,ENSG00000236519,ENSG00000277352,ENSG00000184441,ENSG00000276529,ENSG00000286594,ENSG00000273796,ENSG00000275167,ENSG00000173638,ENSG00000228355,ENSG00000160256,ENSG00000228709,ENSG00000237664,ENSG00000288842,ENSG00000175894,ENSG00000160255,ENSG00000276633,ENSG00000223768,ENSG00000235890,ENSG00000142182,ENSG00000205424,ENSG00000227438,ENSG00000288885,ENSG00000183255,ENSG00000202239,ENSG00000197381,ENSG00000227039,ENSG00000224747,ENSG00000212932,ENSG00000160223,ENSG00000228930,ENSG00000184900,ENSG00000224574,ENSG00000225331,ENSG00000272825,ENSG00000182871,ENSG00000183570,ENSG00000184787,ENSG00000229382,ENSG00000260256,ENSG00000160233,ENSG00000233767,ENSG00000286262,ENSG00000182912,ENSG00000186866,ENSG00000160226,ENSG00000141959,ENSG00000274225,ENSG00000241945,ENSG00000225043,ENSG00000160221,ENSG00000228404,ENSG00000226115,ENSG00000289448,ENSG00000160218,ENSG00000182586,ENSG00000235374",ENSG00000183255,Liver eQTLs,train
20018328100092196-92196000004385,chr2,"2-87142360-G-A,2-87170954-C-T,2-87126250-G-T,2-87156568-A-G,2-87120030-T-C","ENSG00000115561,ENSG00000239305,ENSG00000132305,ENSG00000228363,ENSG00000153563,ENSG00000183281,ENSG00000280721,ENSG00000132313,ENSG00000266931,ENSG00000153561,ENSG00000208772,ENSG00000222041,ENSG00000068615,ENSG00000115548,ENSG00000204745,ENSG00000273080,ENSG00000172116,ENSG00000229604,ENSG00000068654,ENSG00000132300","ENSG00000132305,ENSG00000132300,ENSG00000288437,ENSG00000214354,ENSG00000202537,ENSG00000228363,ENSG00000225428,ENSG00000271097,ENSG00000239305,ENSG00000281477,ENSG00000208772,ENSG00000132313,ENSG00000225933,ENSG00000264793,ENSG00000224881,ENSG00000200563,ENSG00000230395,ENSG00000222724,ENSG00000233671,ENSG00000068654,ENSG00000265003,ENSG00000280721,ENSG00000273080,ENSG00000213605,ENSG00000068615,ENSG00000153563,ENSG00000287763,ENSG00000266931,ENSG00000287931,ENSG00000183281,ENSG00000204745,ENSG00000275597,ENSG00000200241,ENSG00000172116,ENSG00000233999,ENSG00000115548,ENSG00000115561,ENSG00000229604,ENSG00000222041,ENSG00000226114,ENSG00000265420,ENSG00000153561,ENSG00000251974",ENSG00000183281,Liver eQTLs,train
20018332300092196-92196000005887,chr5,"5-68598839-C-T,5-68604847-G-A,5-68594539-G-T,5-68597561-CA-C,5-68595584-C-T,5-68598335-G-A,5-68598060-T-C,5-68597486-C-T,5-68596972-G-T,5-68589847-G-A,5-68596303-C-A,5-68596968-T-A,5-68615604-G-A,5-68611964-C-A,5-68612121-T-C,5-68633448-CT-C,5-68587900-A-G,5-68616331-C-T,5-68641476-T-G,5-68641641-A-G,5-68636527-T-C,5-68631076-A-T,5-68634153-A-G,5-68635161-C-G,5-68640878-C-T,5-68640918-G-A,5-68640938-A-ATG,5-68584704-T-C,5-68585343-T-A,5-68631546-A-G,5-68638941-T-C,5-68581717-A-C,5-68621710-C-T,5-68623051-G-A,5-68624793-TG-T,5-68625131-C-G,5-68625460-G-C,5-68625619-C-T,5-68625786-T-C,5-68626345-C-T,5-68627304-T-C,5-68627591-T-C,5-68629119-T-C","ENSG00000254701,ENSG00000248359,ENSG00000145740,ENSG00000249352,ENSG00000253816,ENSG00000152942,ENSG00000273841,ENSG00000198237,ENSG00000134058,ENSG00000250138,ENSG00000213830,ENSG00000248884,ENSG00000205571,ENSG00000249335,ENSG00000152939,ENSG00000153044,ENSG00000250237,ENSG00000183323,ENSG00000179978,ENSG00000085231,ENSG00000215006,ENSG00000134056,ENSG00000134057,ENSG00000197822,ENSG00000251044,ENSG00000205572,ENSG00000183474","ENSG00000253801,ENSG00000152942,ENSG00000220986,ENSG00000244717,ENSG00000179978,ENSG00000212260,ENSG00000250138,ENSG00000249894,ENSG00000145740,ENSG00000153044,ENSG00000249352,ENSG00000249295,ENSG00000198237,ENSG00000250066,ENSG00000249238,ENSG00000249736,ENSG00000205571,ENSG00000183474,ENSG00000213830,ENSG00000266477,ENSG00000248884,ENSG00000250421,ENSG00000251044,ENSG00000183323,ENSG00000152939,ENSG00000248359,ENSG00000215006,ENSG00000239870,ENSG00000212249,ENSG00000134057,ENSG00000271045,ENSG00000250289,ENSG00000273841,ENSG00000254701,ENSG00000197822,ENSG00000249335,ENSG00000276309,ENSG00000085231,ENSG00000249183,ENSG00000273860,ENSG00000253787,ENSG00000249588,ENSG00000134058,ENSG00000205572,ENSG00000253816,ENSG00000252108,ENSG00000250237,ENSG00000134056",ENSG00000183323,Liver eQTLs,train
20018342600092196-92196000002545,chr16,16-15129940-C-T,"ENSG00000103512,ENSG00000166783,ENSG00000254852,ENSG00000179889,ENSG00000255277,ENSG00000183458,ENSG00000263257,ENSG00000183426,ENSG00000250251,ENSG00000072864,ENSG00000133393,ENSG00000275910,ENSG00000276564,ENSG00000186260,ENSG00000103222,ENSG00000140694,ENSG00000085721,ENSG00000156968,ENSG00000166780,ENSG00000224712,ENSG00000262454,ENSG00000103429,ENSG00000133392,ENSG00000258354,ENSG00000280206","ENSG00000166783,ENSG00000260009,ENSG00000072864,ENSG00000224712,ENSG00000133393,ENSG00000262529,ENSG00000183426,ENSG00000238728,ENSG00000280206,ENSG00000257391,ENSG00000103222,ENSG00000183458,ENSG00000201075,ENSG00000207639,ENSG00000273804,ENSG00000250251,ENSG00000262454,ENSG00000207294,ENSG00000103429,ENSG00000276564,ENSG00000166780,ENSG00000215003,ENSG00000261523,ENSG00000278265,ENSG00000275259,ENSG00000263918,ENSG00000257264,ENSG00000261695,ENSG00000241067,ENSG00000133392,ENSG00000283346,ENSG00000186260,ENSG00000277770,ENSG00000238964,ENSG00000264115,ENSG00000140694,ENSG00000255037,ENSG00000254852,ENSG00000206778,ENSG00000270734,ENSG00000262380,ENSG00000085721,ENSG00000258354,ENSG00000242430,ENSG00000156968,ENSG00000257769,ENSG00000275910,ENSG00000263065,ENSG00000254609,ENSG00000103512,ENSG00000263257,ENSG00000255277,ENSG00000280429,ENSG00000262470,ENSG00000179889,ENSG00000199130",ENSG00000183426,Liver eQTLs,train
20018344400092196-92196000006884,chr7,"7-97580974-C-T,7-97589975-A-G","ENSG00000205356,ENSG00000284707,ENSG00000214389,ENSG00000006453,ENSG00000180535,ENSG00000106236,ENSG00000164715,ENSG00000183444,ENSG00000164713,ENSG00000238228,ENSG00000272950,ENSG00000196367,ENSG00000196636","ENSG00000205356,ENSG00000266668,ENSG00000105880,ENSG00000232097,ENSG00000199475,ENSG00000164713,ENSG00000213455,ENSG00000244318,ENSG00000231859,ENSG00000006453,ENSG00000106236,ENSG00000284707,ENSG00000227284,ENSG00000231812,ENSG00000226744,ENSG00000266318,ENSG00000226046,ENSG00000231764,ENSG00000224551,ENSG00000277946,ENSG00000232032,ENSG00000223402,ENSG00000238228,ENSG00000196636,ENSG00000224475,ENSG00000272950,ENSG00000214389,ENSG00000164715,ENSG00000006377,ENSG00000183444,ENSG00000180535,ENSG00000135175,ENSG00000196367",ENSG00000183444,Liver eQTLs,train
20018350600092196-92196000004757,chr22,"22-21822725-T-C,22-21822362-C-A","ENSG00000183773,ENSG00000211655,ENSG00000211653,ENSG00000100038,ENSG00000185651,ENSG00000223350,ENSG00000211640,ENSG00000211648,ENSG00000100027,ENSG00000211652,ENSG00000184436,ENSG00000272829,ENSG00000236670,ENSG00000228050,ENSG00000272954,ENSG00000169635,ENSG00000100034,ENSG00000237476,ENSG00000211650,ENSG00000211639,ENSG00000099940,ENSG00000183506,ENSG00000161180,ENSG00000211654,ENSG00000279278,ENSG00000211644,ENSG00000099942,ENSG00000211638,ENSG00000099910,ENSG00000206140,ENSG00000274422,ENSG00000272779,ENSG00000211649,ENSG00000099917,ENSG00000226287,ENSG00000161179,ENSG00000197549,ENSG00000211643,ENSG00000100030,ENSG00000211651,ENSG00000099937,ENSG00000100023,ENSG00000211642,ENSG00000241973,ENSG00000234630,ENSG00000284630,ENSG00000099960,ENSG00000224086,ENSG00000230513,ENSG00000099957,ENSG00000211637,ENSG00000128228,ENSG00000099949","ENSG00000226534,ENSG00000184436,ENSG00000253889,ENSG00000211652,ENSG00000224086,ENSG00000253913,ENSG00000254240,ENSG00000253822,ENSG00000253935,ENSG00000211639,ENSG00000211655,ENSG00000252020,ENSG00000197210,ENSG00000161180,ENSG00000274422,ENSG00000100027,ENSG00000226872,ENSG00000239511,ENSG00000228050,ENSG00000236670,ENSG00000207575,ENSG00000249680,ENSG00000288861,ENSG00000254075,ENSG00000215456,ENSG00000099949,ENSG00000185651,ENSG00000169635,ENSG00000253752,ENSG00000253546,ENSG00000284630,ENSG00000272954,ENSG00000236118,ENSG00000100023,ENSG00000254355,ENSG00000253120,ENSG00000230513,ENSG00000211656,ENSG00000253794,ENSG00000211661,ENSG00000226477,ENSG00000215498,ENSG00000253823,ENSG00000211647,ENSG00000253590,ENSG00000274381,ENSG00000253329,ENSG00000249333,ENSG00000278657,ENSG00000253338,ENSG00000183246,ENSG00000272779,ENSG00000232350,ENSG00000289564,ENSG00000200985,ENSG00000244671,ENSG00000211640,ENSG00000206140,ENSG00000211638,ENSG00000253637,ENSG00000228161,ENSG00000211649,ENSG00000284665,ENSG00000230821,ENSG00000232603,ENSG00000274600,ENSG00000169548,ENSG00000253126,ENSG00000286127,ENSG00000099937,ENSG00000286102,ENSG00000187905,ENSG00000211643,ENSG00000275293,ENSG00000211654,ENSG00000224688,ENSG00000099910,ENSG00000276800,ENSG00000226287,ENSG00000206145,ENSG00000234503,ENSG00000253239,ENSG00000211644,ENSG00000225724,ENSG00000211648,ENSG00000253451,ENSG00000283972,ENSG00000183773,ENSG00000197549,ENSG00000283145,ENSG00000100034,ENSG00000275772,ENSG00000211650,ENSG00000226595,ENSG00000253874,ENSG00000236323,ENSG00000183169,ENSG00000100038,ENSG00000254175,ENSG00000225741,ENSG00000253152,ENSG00000225544,ENSG00000241973,ENSG00000211642,ENSG00000211637,ENSG00000254161,ENSG00000211653,ENSG00000169575,ENSG00000253779,ENSG00000229266,ENSG00000211651,ENSG00000284651,ENSG00000223350,ENSG00000279278,ENSG00000200057,ENSG00000220891,ENSG00000233720,ENSG00000232515,ENSG00000237407,ENSG00000234726,ENSG00000252143,ENSG00000099940,ENSG00000226885,ENSG00000273846,ENSG00000284621,ENSG00000254073,ENSG00000227710,ENSG00000272829,ENSG00000253920,ENSG00000212102,ENSG00000169662,ENSG00000211657,ENSG00000211641,ENSG00000253631,ENSG00000289120,ENSG00000253786,ENSG00000222352,ENSG00000128228,ENSG00000099917,ENSG00000099942,ENSG00000206142,ENSG00000099957,ENSG00000224144,ENSG00000234630,ENSG00000183506,ENSG00000231392,ENSG00000100030,ENSG00000224465,ENSG00000278667,ENSG00000237476,ENSG00000161179,ENSG00000275361,ENSG00000254308,ENSG00000232771,ENSG00000237428,ENSG00000253242,ENSG00000275840,ENSG00000099960,ENSG00000283871,ENSG00000279920",ENSG00000183506,Liver eQTLs,train
20018354900092196-92196000002579,chr16,"16-20440514-C-T,16-20442855-A-C,16-20442154-G-A,16-20442116-C-G,16-20442117-A-G,16-20442153-T-C,16-20442168-AGAG-A,16-20442103-A-AGGAAAGAAGGAAG,16-20439070-A-G,16-20439199-G-A,16-20439568-A-G,16-20439700-C-G,16-20439834-G-A,16-20439951-A-G,16-20440175-G-A,16-20440274-T-C,16-20440426-A-T,16-20440516-G-A,16-20440655-C-G,16-20440953-A-G,16-20441020-G-A,16-20441285-T-G,16-20441392-A-G,16-20441560-A-T,16-20441565-T-A,16-20447288-T-C,16-20469807-T-C,16-20445144-T-C,16-20445884-C-T,16-20446462-C-G,16-20446601-T-C,16-20446856-A-G,16-20445024-T-C,16-20445517-A-G,16-20445695-C-T,16-20446192-C-T,16-20486365-G-A,16-20441787-G-A,16-20442653-G-A,16-20442805-T-C,16-20442926-T-C,16-20443012-T-C,16-20443446-G-C,16-20443590-T-A,16-20446499-C-T,16-20473594-A-G,16-20462651-T-C,16-20449439-C-T,16-20450143-G-A,16-20450223-G-A,16-20454010-G-T,16-20464775-A-C,16-20475550-G-T,16-20475679-C-T,16-20441705-G-A,16-20443208-C-A,16-20443217-G-A,16-20443224-T-G,16-20443245-T-C,16-20492387-C-T,16-20439651-G-A,16-20440586-A-T,16-20464239-C-G,16-20445323-G-C,16-20445348-G-C,16-20448351-C-T,16-20486913-G-T,16-20482790-C-A,16-20489868-A-C,16-20452612-G-A,16-20453711-C-T,16-20453933-T-G,16-20490068-A-C","ENSG00000103540,ENSG00000174628,ENSG00000183747,ENSG00000066813,ENSG00000260201,ENSG00000183549,ENSG00000262995,ENSG00000011638,ENSG00000276571,ENSG00000285303,ENSG00000066654,ENSG00000103550,ENSG00000102897,ENSG00000006007,ENSG00000196678,ENSG00000005187,ENSG00000005189,ENSG00000166743,ENSG00000280306,ENSG00000103316,ENSG00000169347,ENSG00000103544,ENSG00000167191,ENSG00000175311,ENSG00000188215","ENSG00000276548,ENSG00000103550,ENSG00000261312,ENSG00000261195,ENSG00000183747,ENSG00000260934,ENSG00000103540,ENSG00000166743,ENSG00000274730,ENSG00000260201,ENSG00000180269,ENSG00000103316,ENSG00000196678,ENSG00000263237,ENSG00000275315,ENSG00000183549,ENSG00000103544,ENSG00000167191,ENSG00000257403,ENSG00000169347,ENSG00000066813,ENSG00000276571,ENSG00000174628,ENSG00000262983,ENSG00000066654,ENSG00000275908,ENSG00000262995,ENSG00000188215,ENSG00000005187,ENSG00000175311,ENSG00000261939,ENSG00000263331,ENSG00000200893,ENSG00000283421,ENSG00000006007,ENSG00000227624,ENSG00000011638,ENSG00000102897,ENSG00000005189,ENSG00000263253,ENSG00000289640,ENSG00000285303,ENSG00000169344,ENSG00000103310,ENSG00000280306,ENSG00000277211",ENSG00000183549,Liver eQTLs,train
20018356900092196-92196000004916,chr22,"22-42929962-GCGAACC-G,22-42929265-A-G,22-42928853-A-G,22-42931889-G-A,22-42925754-G-C,22-42926858-A-T,22-42928108-G-C,22-42928478-G-A,22-42928654-C-T,22-42931538-C-T,22-42932133-A-T,22-42932317-G-A,22-42932388-C-G,22-42933078-T-C,22-42933774-C-T,22-42933912-G-A,22-42924732-C-A,22-42923262-T-TTTTTC,22-42924632-T-A,22-42936553-A-C,22-42919674-C-T,22-42919677-A-C,22-42919939-C-T,22-42920944-C-T,22-42920767-G-A,22-42921321-C-T,22-42921471-A-G,22-42922420-T-C,22-42922463-A-G,22-42922465-T-G,22-42923339-A-T,22-42923540-T-C,22-42923546-A-C,22-42934376-A-AAAAACAAAAC,22-42939754-AAC-A,22-42920541-G-A","ENSG00000100304,ENSG00000189306,ENSG00000183172,ENSG00000172346,ENSG00000159958,ENSG00000227370,ENSG00000202058,ENSG00000159307,ENSG00000184983,ENSG00000100417,ENSG00000167077,ENSG00000100294,ENSG00000100197,ENSG00000100147,ENSG00000100271,ENSG00000196419,ENSG00000100266,ENSG00000236117,ENSG00000177096,ENSG00000281538,ENSG00000100243,ENSG00000100300,ENSG00000229891,ENSG00000100138,ENSG00000285531,ENSG00000270083,ENSG00000213790,ENSG00000274717,ENSG00000198911,ENSG00000100418,ENSG00000183569,ENSG00000198951,ENSG00000183066,ENSG00000182057,ENSG00000100207,ENSG00000232710,ENSG00000215347,ENSG00000184068,ENSG00000286659,ENSG00000100162,ENSG00000234009,ENSG00000184208,ENSG00000242247,ENSG00000186732,ENSG00000100290,ENSG00000235568,ENSG00000237037,ENSG00000128274,ENSG00000226450,ENSG00000205702,ENSG00000100413","ENSG00000274717,ENSG00000202058,ENSG00000100294,ENSG00000100290,ENSG00000234735,ENSG00000213790,ENSG00000227370,ENSG00000182057,ENSG00000167077,ENSG00000100147,ENSG00000286659,ENSG00000205704,ENSG00000184068,ENSG00000186732,ENSG00000229608,ENSG00000183066,ENSG00000172346,ENSG00000100413,ENSG00000128274,ENSG00000183569,ENSG00000249222,ENSG00000198911,ENSG00000100207,ENSG00000100417,ENSG00000233157,ENSG00000215347,ENSG00000100266,ENSG00000226989,ENSG00000270083,ENSG00000100304,ENSG00000100418,ENSG00000200448,ENSG00000270022,ENSG00000234009,ENSG00000286801,ENSG00000159307,ENSG00000224883,ENSG00000238498,ENSG00000159958,ENSG00000235568,ENSG00000177096,ENSG00000100197,ENSG00000205702,ENSG00000230107,ENSG00000236117,ENSG00000183172,ENSG00000184208,ENSG00000285531,ENSG00000281538,ENSG00000226450,ENSG00000237037,ENSG00000100300,ENSG00000184983,ENSG00000180150,ENSG00000100162,ENSG00000203527,ENSG00000196419,ENSG00000232710,ENSG00000172250,ENSG00000229891,ENSG00000189306,ENSG00000198951,ENSG00000100243,ENSG00000100271,ENSG00000242247,ENSG00000100138",ENSG00000183569,Liver eQTLs,train
20018360500092196-92196000000776,chr10,"10-120920588-T-C,10-120923339-G-T,10-120917445-G-A,10-120916539-T-C,10-120919179-G-A,10-120918950-C-T,10-120909428-C-T","ENSG00000236426,ENSG00000151893,ENSG00000197771,ENSG00000165672,ENSG00000289126,ENSG00000198825,ENSG00000183605,ENSG00000236058,ENSG00000151929,ENSG00000107581,ENSG00000198873,ENSG00000107651,ENSG00000151923,ENSG00000277687,ENSG00000148908,ENSG00000119979,ENSG00000188613,ENSG00000165669","ENSG00000197771,ENSG00000151893,ENSG00000107581,ENSG00000234522,ENSG00000148908,ENSG00000223540,ENSG00000165669,ENSG00000278484,ENSG00000198825,ENSG00000224250,ENSG00000289126,ENSG00000222979,ENSG00000180230,ENSG00000151929,ENSG00000223432,ENSG00000223455,ENSG00000119979,ENSG00000188613,ENSG00000183605,ENSG00000151923,ENSG00000227143,ENSG00000107651,ENSG00000265370,ENSG00000165672,ENSG00000277687,ENSG00000227307,ENSG00000198873,ENSG00000201884,ENSG00000236426,ENSG00000236058",ENSG00000183605,Liver eQTLs,train
20018361700092196-92196000003612,chr19,"19-3761652-G-A,19-3762698-C-T,19-3762926-G-A,19-3763575-G-C,19-3760591-C-CA,19-3762119-T-C","ENSG00000105255,ENSG00000214456,ENSG00000105298,ENSG00000161082,ENSG00000167670,ENSG00000178078,ENSG00000279452,ENSG00000205790,ENSG00000089847,ENSG00000125910,ENSG00000105251,ENSG00000183397,ENSG00000142002,ENSG00000167657,ENSG00000129932,ENSG00000105246,ENSG00000125912,ENSG00000065717,ENSG00000287884,ENSG00000060558,ENSG00000179855,ENSG00000088256,ENSG00000126934,ENSG00000167664,ENSG00000105229,ENSG00000178951,ENSG00000141985,ENSG00000060566,ENSG00000105289,ENSG00000095932,ENSG00000104953,ENSG00000008382,ENSG00000269318,ENSG00000186111,ENSG00000077009,ENSG00000105248,ENSG00000167680,ENSG00000167671,ENSG00000175691,ENSG00000167674,ENSG00000280239,ENSG00000280103,ENSG00000171970,ENSG00000007264,ENSG00000006638,ENSG00000226800,ENSG00000186300,ENSG00000287766,ENSG00000267011,ENSG00000253392,ENSG00000268670,ENSG00000267980,ENSG00000074842,ENSG00000161091,ENSG00000267138,ENSG00000077463,ENSG00000064961,ENSG00000267205,ENSG00000172009,ENSG00000104964,ENSG00000283928,ENSG00000171236,ENSG00000104969,ENSG00000267769,ENSG00000183617,ENSG00000172006,ENSG00000267030,ENSG00000105325,ENSG00000141905,ENSG00000167676,ENSG00000167658,ENSG00000185361","ENSG00000060558,ENSG00000142002,ENSG00000267205,ENSG00000175691,ENSG00000105325,ENSG00000280103,ENSG00000267030,ENSG00000105248,ENSG00000287766,ENSG00000105255,ENSG00000185361,ENSG00000206775,ENSG00000284638,ENSG00000267138,ENSG00000268670,ENSG00000267011,ENSG00000089847,ENSG00000267148,ENSG00000167680,ENSG00000266944,ENSG00000167674,ENSG00000171970,ENSG00000074842,ENSG00000172009,ENSG00000104969,ENSG00000266627,ENSG00000167657,ENSG00000186300,ENSG00000104964,ENSG00000214456,ENSG00000077009,ENSG00000186111,ENSG00000266989,ENSG00000183617,ENSG00000267255,ENSG00000126934,ENSG00000178951,ENSG00000173976,ENSG00000167671,ENSG00000105251,ENSG00000167658,ENSG00000088256,ENSG00000267398,ENSG00000105246,ENSG00000279452,ENSG00000125910,ENSG00000252408,ENSG00000266938,ENSG00000287884,ENSG00000105229,ENSG00000288906,ENSG00000105289,ENSG00000267448,ENSG00000226800,ENSG00000141985,ENSG00000008382,ENSG00000279599,ENSG00000167670,ENSG00000280239,ENSG00000267769,ENSG00000178078,ENSG00000007264,ENSG00000077463,ENSG00000266959,ENSG00000141905,ENSG00000267408,ENSG00000125912,ENSG00000065717,ENSG00000283928,ENSG00000267063,ENSG00000267304,ENSG00000179855,ENSG00000266437,ENSG00000253392,ENSG00000267980,ENSG00000161091,ENSG00000183397,ENSG00000167664,ENSG00000105298,ENSG00000104953,ENSG00000129932,ENSG00000171236,ENSG00000289254,ENSG00000269318,ENSG00000172006,ENSG00000006638,ENSG00000267231,ENSG00000278007,ENSG00000161082,ENSG00000289471,ENSG00000167676,ENSG00000205790,ENSG00000279590,ENSG00000064961,ENSG00000095932,ENSG00000060566",ENSG00000183617,Liver eQTLs,train
20018374100092196-92196000004891,chr22,"22-39266451-C-A,22-39304509-T-C,22-39281636-A-G,22-39281774-T-G,22-39282018-C-T,22-39300265-T-C","ENSG00000128298,ENSG00000100211,ENSG00000100196,ENSG00000100307,ENSG00000100146,ENSG00000279833,ENSG00000128346,ENSG00000225720,ENSG00000128383,ENSG00000221890,ENSG00000128394,ENSG00000273076,ENSG00000128272,ENSG00000272582,ENSG00000279738,ENSG00000100298,ENSG00000187051,ENSG00000100142,ENSG00000168135,ENSG00000100139,ENSG00000100216,ENSG00000184381,ENSG00000198792,ENSG00000100201,ENSG00000100156,ENSG00000225450,ENSG00000286144,ENSG00000100311,ENSG00000228620,ENSG00000100246,ENSG00000228274,ENSG00000185022,ENSG00000278948,ENSG00000213923,ENSG00000100335,ENSG00000179750,ENSG00000100324,ENSG00000100151,ENSG00000100226,ENSG00000100321,ENSG00000100242,ENSG00000100316,ENSG00000209480,ENSG00000230149,ENSG00000229598,ENSG00000272669,ENSG00000183741,ENSG00000243811,ENSG00000239713,ENSG00000128268,ENSG00000244627,ENSG00000272720,ENSG00000244509,ENSG00000273096","ENSG00000229598,ENSG00000239713,ENSG00000277385,ENSG00000100335,ENSG00000235209,ENSG00000259421,ENSG00000100321,ENSG00000100242,ENSG00000228599,ENSG00000230149,ENSG00000227009,ENSG00000238875,ENSG00000272669,ENSG00000279833,ENSG00000179750,ENSG00000100311,ENSG00000273096,ENSG00000235647,ENSG00000100316,ENSG00000128383,ENSG00000229955,ENSG00000243811,ENSG00000227188,ENSG00000286440,ENSG00000209480,ENSG00000100307,ENSG00000263764,ENSG00000100156,ENSG00000128268,ENSG00000100139,ENSG00000272720,ENSG00000225720,ENSG00000100211,ENSG00000279738,ENSG00000287219,ENSG00000286144,ENSG00000244491,ENSG00000228274,ENSG00000128272,ENSG00000100151,ENSG00000100201,ENSG00000185022,ENSG00000213923,ENSG00000100146,ENSG00000224794,ENSG00000187051,ENSG00000100196,ENSG00000224279,ENSG00000168135,ENSG00000100246,ENSG00000249310,ENSG00000288106,ENSG00000100324,ENSG00000221890,ENSG00000184381,ENSG00000244509,ENSG00000100226,ENSG00000128346,ENSG00000273076,ENSG00000183741,ENSG00000278948,ENSG00000128394,ENSG00000100298,ENSG00000100142,ENSG00000272582,ENSG00000244627,ENSG00000228620,ENSG00000225450,ENSG00000128298,ENSG00000198792,ENSG00000100216,ENSG00000176177",ENSG00000183741,Liver eQTLs,train
20018376500092196-92196000004831,chr22,"22-29108229-A-G,22-29105415-G-C,22-29107195-G-A,22-29100711-T-C,22-29115066-C-T,22-29105610-C-T,22-29101357-A-G,22-29110759-C-G,22-29130012-T-C,22-29131129-T-C,22-29131788-C-T,22-29100564-A-G,22-29100977-C-G,22-29100985-G-C,22-29102117-T-C,22-29102967-G-A,22-29130300-C-T,22-29096361-G-A,22-29111384-T-TTTTTATTTATTTATTTATTTATTTA,22-29127412-A-C,22-29098576-C-G,22-29090481-G-C","ENSG00000186998,ENSG00000273216,ENSG00000235954,ENSG00000100263,ENSG00000100219,ENSG00000128250,ENSG00000169184,ENSG00000100276,ENSG00000184117,ENSG00000100154,ENSG00000180957,ENSG00000100285,ENSG00000183765,ENSG00000182944,ENSG00000285697,ENSG00000237015,ENSG00000226471,ENSG00000272858,ENSG00000186575,ENSG00000100296,ENSG00000159873,ENSG00000183579,ENSG00000185340,ENSG00000183762,ENSG00000278292,ENSG00000100280","ENSG00000182944,ENSG00000273216,ENSG00000100280,ENSG00000183765,ENSG00000201209,ENSG00000276162,ENSG00000100249,ENSG00000207455,ENSG00000226573,ENSG00000100263,ENSG00000251952,ENSG00000278292,ENSG00000237015,ENSG00000235954,ENSG00000180957,ENSG00000159873,ENSG00000184117,ENSG00000100219,ENSG00000266503,ENSG00000224256,ENSG00000200871,ENSG00000235786,ENSG00000169184,ENSG00000280968,ENSG00000200976,ENSG00000100154,ENSG00000242156,ENSG00000185340,ENSG00000234208,ENSG00000226772,ENSG00000186998,ENSG00000272858,ENSG00000199797,ENSG00000285697,ENSG00000232396,ENSG00000100285,ENSG00000100296,ENSG00000183579,ENSG00000233010,ENSG00000183762,ENSG00000100276,ENSG00000128250,ENSG00000226471,ENSG00000186575",ENSG00000183765,Liver eQTLs,train
20018379300092196-92196000002545,chr16,16-15129940-C-T,"ENSG00000250251,ENSG00000156968,ENSG00000103512,ENSG00000166780,ENSG00000133392,ENSG00000103429,ENSG00000263257,ENSG00000072864,ENSG00000262454,ENSG00000275910,ENSG00000255277,ENSG00000280206,ENSG00000258354,ENSG00000224712,ENSG00000140694,ENSG00000276564,ENSG00000179889,ENSG00000103222,ENSG00000183458,ENSG00000183793,ENSG00000133393,ENSG00000186260,ENSG00000166783,ENSG00000085721,ENSG00000254852","ENSG00000085721,ENSG00000273804,ENSG00000258354,ENSG00000262529,ENSG00000257264,ENSG00000257391,ENSG00000207639,ENSG00000262470,ENSG00000183793,ENSG00000255277,ENSG00000276564,ENSG00000103429,ENSG00000238964,ENSG00000186260,ENSG00000261695,ENSG00000263918,ENSG00000238728,ENSG00000103222,ENSG00000179889,ENSG00000183458,ENSG00000140694,ENSG00000254852,ENSG00000257769,ENSG00000277770,ENSG00000283346,ENSG00000207294,ENSG00000263257,ENSG00000242430,ENSG00000280206,ENSG00000262380,ENSG00000270734,ENSG00000224712,ENSG00000156968,ENSG00000241067,ENSG00000280429,ENSG00000133393,ENSG00000250251,ENSG00000206778,ENSG00000166780,ENSG00000199130,ENSG00000261523,ENSG00000133392,ENSG00000072864,ENSG00000264115,ENSG00000255037,ENSG00000262454,ENSG00000275910,ENSG00000254609,ENSG00000263065,ENSG00000260009,ENSG00000275259,ENSG00000215003,ENSG00000166783,ENSG00000201075,ENSG00000278265,ENSG00000103512",ENSG00000183793,Liver eQTLs,train
20018383300092196-92196000005010,chr3,"3-119418531-C-A,3-119418531-C-A,3-119418531-C-A,3-119418531-C-A,3-119418531-C-A,3-119418531-C-A,3-119418531-C-A,3-119418531-C-A,3-119418531-C-A,3-119418543-C-T,3-119418543-C-T,3-119418543-C-T,3-119418543-C-T,3-119418543-C-T,3-119418543-C-T,3-119418543-C-T,3-119418543-C-T,3-119418543-C-T,3-119418831-T-C,3-119418831-T-C,3-119418831-T-C,3-119418831-T-C,3-119418831-T-C,3-119418831-T-C,3-119418831-T-C,3-119418831-T-C,3-119418831-T-C,3-119419376-G-A,3-119419376-G-A,3-119419376-G-A,3-119419376-G-A,3-119419376-G-A,3-119419376-G-A,3-119419376-G-A,3-119419376-G-A,3-119419376-G-A,3-119419470-AG-A,3-119419470-AG-A,3-119419470-AG-A,3-119419470-AG-A,3-119419470-AG-A,3-119419470-AG-A,3-119419470-AG-A,3-119419470-AG-A,3-119419470-AG-A,3-119420572-A-T,3-119420572-A-T,3-119420572-A-T,3-119420572-A-T,3-119420572-A-T,3-119420572-A-T,3-119420572-A-T,3-119420572-A-T,3-119420572-A-T,3-119420702-TCAAA-T,3-119420702-TCAAA-T,3-119420702-TCAAA-T,3-119420702-TCAAA-T,3-119420702-TCAAA-T,3-119420702-TCAAA-T,3-119420702-TCAAA-T,3-119420702-TCAAA-T,3-119420702-TCAAA-T,3-119420914-G-T,3-119420914-G-T,3-119420914-G-T,3-119420914-G-T,3-119420914-G-T,3-119420914-G-T,3-119420914-G-T,3-119420914-G-T,3-119420914-G-T,3-119421502-G-A,3-119421502-G-A,3-119421502-G-A,3-119421502-G-A,3-119421502-G-A,3-119421502-G-A,3-119421502-G-A,3-119421502-G-A,3-119421502-G-A,3-119421554-G-C,3-119421554-G-C,3-119421554-G-C,3-119421554-G-C,3-119421554-G-C,3-119421554-G-C,3-119421554-G-C,3-119421554-G-C,3-119421554-G-C,3-119421934-A-G,3-119421934-A-G,3-119421934-A-G,3-119421934-A-G,3-119421934-A-G,3-119421934-A-G,3-119421934-A-G,3-119421934-A-G,3-119421934-A-G,3-119421963-C-T,3-119421963-C-T,3-119421963-C-T,3-119421963-C-T,3-119421963-C-T,3-119421963-C-T,3-119421963-C-T,3-119421963-C-T,3-119421963-C-T,3-119422106-C-A,3-119422106-C-A,3-119422106-C-A,3-119422106-C-A,3-119422106-C-A,3-119422106-C-A,3-119422106-C-A,3-119422106-C-A,3-119422106-C-A,3-119422576-G-C,3-119422576-G-C,3-119422576-G-C,3-119422576-G-C,3-119422576-G-C,3-119422576-G-C,3-119422576-G-C,3-119422576-G-C,3-119422576-G-C,3-119426055-C-G,3-119426055-C-G,3-119426055-C-G,3-119426055-C-G,3-119426055-C-G,3-119426055-C-G,3-119426055-C-G,3-119426055-C-G,3-119426055-C-G,3-119433404-G-A,3-119433404-G-A,3-119433404-G-A,3-119433404-G-A,3-119433404-G-A,3-119433404-G-A,3-119433404-G-A,3-119433404-G-A,3-119433404-G-A,3-119433573-T-C,3-119433573-T-C,3-119433573-T-C,3-119433573-T-C,3-119433573-T-C,3-119433573-T-C,3-119433573-T-C,3-119433573-T-C,3-119433573-T-C,3-119435564-G-C,3-119435564-G-C,3-119435564-G-C,3-119435564-G-C,3-119435564-G-C,3-119435564-G-C,3-119435564-G-C,3-119435564-G-C,3-119435564-G-C,3-119437116-A-G,3-119437116-A-G,3-119437116-A-G,3-119437116-A-G,3-119437116-A-G,3-119437116-A-G,3-119437116-A-G,3-119437116-A-G,3-119437116-A-G,3-119438255-A-T,3-119438255-A-T,3-119438255-A-T,3-119438255-A-T,3-119438255-A-T,3-119438255-A-T,3-119438255-A-T,3-119438255-A-T,3-119438255-A-T,3-119420393-CT-C,3-119420393-CT-C,3-119420393-CT-C,3-119420393-CT-C,3-119420393-CT-C,3-119420393-CT-C,3-119420393-CT-C,3-119420393-CT-C,3-119420393-CT-C,3-119423032-T-C,3-119423032-T-C,3-119423032-T-C,3-119423032-T-C,3-119423032-T-C,3-119423032-T-C,3-119423032-T-C,3-119423032-T-C,3-119423032-T-C,3-119421911-T-A,3-119421911-T-A,3-119421911-T-A,3-119421911-T-A,3-119421911-T-A,3-119421911-T-A,3-119421911-T-A,3-119421911-T-A,3-119421911-T-A,3-119428529-C-A,3-119428529-C-A,3-119428529-C-A,3-119428529-C-A,3-119428529-C-A,3-119428529-C-A,3-119428529-C-A,3-119428529-C-A,3-119428529-C-A,3-119432041-G-A,3-119432041-G-A,3-119432041-G-A,3-119432041-G-A,3-119432041-G-A,3-119432041-G-A,3-119432041-G-A,3-119432041-G-A,3-119432041-G-A,3-119424822-C-A,3-119424822-C-A,3-119424822-C-A,3-119424822-C-A,3-119424822-C-A,3-119424822-C-A,3-119424822-C-A,3-119424822-C-A,3-119424822-C-A,3-119436009-G-T,3-119436009-G-T,3-119436009-G-T,3-119436009-G-T,3-119436009-G-T,3-119436009-G-T,3-119436009-G-T,3-119436009-G-T,3-119436009-G-T,3-119419914-T-C,3-119419914-T-C,3-119419914-T-C,3-119419914-T-C,3-119419914-T-C,3-119419914-T-C,3-119419914-T-C,3-119419914-T-C,3-119419914-T-C,3-119421417-T-A,3-119421417-T-A,3-119421417-T-A,3-119421417-T-A,3-119421417-T-A,3-119421417-T-A,3-119421417-T-A,3-119421417-T-A,3-119421417-T-A,3-119421712-T-C,3-119421712-T-C,3-119421712-T-C,3-119421712-T-C,3-119421712-T-C,3-119421712-T-C,3-119421712-T-C,3-119421712-T-C,3-119421712-T-C,3-119422789-A-AT,3-119422789-A-AT,3-119422789-A-AT,3-119422789-A-AT,3-119422789-A-AT,3-119422789-A-AT,3-119422789-A-AT,3-119422789-A-AT,3-119422789-A-AT,3-119427975-A-T,3-119427975-A-T,3-119427975-A-T,3-119427975-A-T,3-119427975-A-T,3-119427975-A-T,3-119427975-A-T,3-119427975-A-T,3-119427975-A-T,3-119439051-T-C,3-119439051-T-C,3-119439051-T-C,3-119439051-T-C,3-119439051-T-C,3-119439051-T-C,3-119439051-T-C,3-119439051-T-C,3-119439051-T-C,3-119433229-A-AG,3-119433229-A-AG,3-119433229-A-AG,3-119433229-A-AG,3-119433229-A-AG,3-119433229-A-AG,3-119433229-A-AG,3-119433229-A-AG,3-119433229-A-AG,3-119417365-A-G,3-119417365-A-G,3-119417365-A-G,3-119417365-A-G,3-119417365-A-G,3-119417365-A-G,3-119417365-A-G,3-119417365-A-G,3-119417365-A-G,3-119436198-A-T,3-119436198-A-T,3-119436198-A-T,3-119436198-A-T,3-119436198-A-T,3-119436198-A-T,3-119436198-A-T,3-119436198-A-T,3-119436198-A-T,3-119418072-A-C,3-119418072-A-C,3-119418072-A-C,3-119418072-A-C,3-119418072-A-C,3-119418072-A-C,3-119418072-A-C,3-119418072-A-C,3-119418072-A-C,3-119418069-CAG-C,3-119418069-CAG-C,3-119418069-CAG-C,3-119418069-CAG-C,3-119418069-CAG-C,3-119418069-CAG-C,3-119418069-CAG-C,3-119418069-CAG-C,3-119418069-CAG-C,3-119420534-C-A,3-119420534-C-A,3-119420534-C-A,3-119420534-C-A,3-119420534-C-A,3-119420534-C-A,3-119420534-C-A,3-119420534-C-A,3-119420534-C-A,3-119422416-G-T,3-119422416-G-T,3-119422416-G-T,3-119422416-G-T,3-119422416-G-T,3-119422416-G-T,3-119422416-G-T,3-119422416-G-T,3-119422416-G-T,3-119425349-A-G,3-119425349-A-G,3-119425349-A-G,3-119425349-A-G,3-119425349-A-G,3-119425349-A-G,3-119425349-A-G,3-119425349-A-G,3-119425349-A-G,3-119427764-C-A,3-119427764-C-A,3-119427764-C-A,3-119427764-C-A,3-119427764-C-A,3-119427764-C-A,3-119427764-C-A,3-119427764-C-A,3-119427764-C-A,3-119428425-T-A,3-119428425-T-A,3-119428425-T-A,3-119428425-T-A,3-119428425-T-A,3-119428425-T-A,3-119428425-T-A,3-119428425-T-A,3-119428425-T-A,3-119430204-A-G,3-119430204-A-G,3-119430204-A-G,3-119430204-A-G,3-119430204-A-G,3-119430204-A-G,3-119430204-A-G,3-119430204-A-G,3-119430204-A-G,3-119433300-A-G,3-119433300-A-G,3-119433300-A-G,3-119433300-A-G,3-119433300-A-G,3-119433300-A-G,3-119433300-A-G,3-119433300-A-G,3-119433300-A-G,3-119436759-A-G,3-119436759-A-G,3-119436759-A-G,3-119436759-A-G,3-119436759-A-G,3-119436759-A-G,3-119436759-A-G,3-119436759-A-G,3-119436759-A-G,3-119438608-A-G,3-119438608-A-G,3-119438608-A-G,3-119438608-A-G,3-119438608-A-G,3-119438608-A-G,3-119438608-A-G,3-119438608-A-G,3-119438608-A-G","ENSG00000121577,ENSG00000144843,ENSG00000163428,ENSG00000163389,ENSG00000144852,ENSG00000138495,ENSG00000163430,ENSG00000121594,ENSG00000065518,ENSG00000113924,ENSG00000144837,ENSG00000031081,ENSG00000272662,ENSG00000121578,ENSG00000183833,ENSG00000240471,ENSG00000113845,ENSG00000176142,ENSG00000242622,ENSG00000082701,ENSG00000286584","ENSG00000242622,ENSG00000240882,ENSG00000113845,ENSG00000138495,ENSG00000163428,ENSG00000243276,ENSG00000121578,ENSG00000239877,ENSG00000144852,ENSG00000288667,ENSG00000289134,ENSG00000272662,ENSG00000082701,ENSG00000163389,ENSG00000163424,ENSG00000239994,ENSG00000286660,ENSG00000241155,ENSG00000207310,ENSG00000241546,ENSG00000121594,ENSG00000239835,ENSG00000244139,ENSG00000242829,ENSG00000183833,ENSG00000144837,ENSG00000240254,ENSG00000272967,ENSG00000244308,ENSG00000065518,ENSG00000176142,ENSG00000242613,ENSG00000121577,ENSG00000282950,ENSG00000240471,ENSG00000113924,ENSG00000288662,ENSG00000163430,ENSG00000286584,ENSG00000031081,ENSG00000206721,ENSG00000144843",ENSG00000183833,Liver eQTLs,train
20018390800092196-92196000001283,chr11,"11-56952955-T-A,11-56955091-T-C,11-56955677-G-A,11-56944975-T-C,11-56945796-C-CAGTTAATGTTAATAA,11-56947528-G-T,11-56951765-A-C,11-56943221-T-C,11-56950264-A-G,11-56958296-TTA-T,11-56986252-A-G,11-56988296-G-A,11-56988451-A-G,11-56971717-G-A,11-56968088-A-G,11-56979467-A-G,11-56986415-CA-C,11-56985540-A-AG,11-56982651-AT-A","ENSG00000198561,ENSG00000254602,ENSG00000214872,ENSG00000149131,ENSG00000172409,ENSG00000156587,ENSG00000166793,ENSG00000205025,ENSG00000156603,ENSG00000149115,ENSG00000149136,ENSG00000156599,ENSG00000211450,ENSG00000183908,ENSG00000213593,ENSG00000134802,ENSG00000134809,ENSG00000149150,ENSG00000109991,ENSG00000186907,ENSG00000134817,ENSG00000186652","ENSG00000255083,ENSG00000181780,ENSG00000254807,ENSG00000181325,ENSG00000150269,ENSG00000280314,ENSG00000134809,ENSG00000181752,ENSG00000254722,ENSG00000181371,ENSG00000172489,ENSG00000213604,ENSG00000134802,ENSG00000254490,ENSG00000149150,ENSG00000181785,ENSG00000213593,ENSG00000172199,ENSG00000255485,ENSG00000255172,ENSG00000255433,ENSG00000183908,ENSG00000255223,ENSG00000222998,ENSG00000254658,ENSG00000255461,ENSG00000181296,ENSG00000172457,ENSG00000255140,ENSG00000172487,ENSG00000156587,ENSG00000254848,ENSG00000172464,ENSG00000208009,ENSG00000150261,ENSG00000156575,ENSG00000279961,ENSG00000181718,ENSG00000198561,ENSG00000156603,ENSG00000254662,ENSG00000166793,ENSG00000180714,ENSG00000167822,ENSG00000166693,ENSG00000181698,ENSG00000172459,ENSG00000238041,ENSG00000149133,ENSG00000182365,ENSG00000255134,ENSG00000186907,ENSG00000205025,ENSG00000272676,ENSG00000181282,ENSG00000211450,ENSG00000254602,ENSG00000254825,ENSG00000254795,ENSG00000255466,ENSG00000149136,ENSG00000273228,ENSG00000230213,ENSG00000274770,ENSG00000254953,ENSG00000254947,ENSG00000197866,ENSG00000242208,ENSG00000156599,ENSG00000225538,ENSG00000174937,ENSG00000241356,ENSG00000184741,ENSG00000174914,ENSG00000254524,ENSG00000174957,ENSG00000174970,ENSG00000254903,ENSG00000255266,ENSG00000273255,ENSG00000172409,ENSG00000214880,ENSG00000181767,ENSG00000134817,ENSG00000255012,ENSG00000214872,ENSG00000254752,ENSG00000254834,ENSG00000254603,ENSG00000149131,ENSG00000181761,ENSG00000186652,ENSG00000149115,ENSG00000232511,ENSG00000255217,ENSG00000185701,ENSG00000254749,ENSG00000286704,ENSG00000172154,ENSG00000254660,ENSG00000254411,ENSG00000252070,ENSG00000109991,ENSG00000230416,ENSG00000181693,ENSG00000274150,ENSG00000272987",ENSG00000183908,Liver eQTLs,train
20018411500092196-92196000003969,chr2,2-111364767-G-A,"ENSG00000271590,ENSG00000172965,ENSG00000144063,ENSG00000153094,ENSG00000230596,ENSG00000184115,ENSG00000144061,ENSG00000230650,ENSG00000175701,ENSG00000153093,ENSG00000204588,ENSG00000175772,ENSG00000240069,ENSG00000186522,ENSG00000198142,ENSG00000169679","ENSG00000231536,ENSG00000186522,ENSG00000229118,ENSG00000227574,ENSG00000223973,ENSG00000228615,ENSG00000144063,ENSG00000235881,ENSG00000175772,ENSG00000270190,ENSG00000230958,ENSG00000230650,ENSG00000266063,ENSG00000287141,ENSG00000198142,ENSG00000231583,ENSG00000204588,ENSG00000237583,ENSG00000225744,ENSG00000153093,ENSG00000230596,ENSG00000236555,ENSG00000285016,ENSG00000230499,ENSG00000172965,ENSG00000280878,ENSG00000226065,ENSG00000175701,ENSG00000289202,ENSG00000271590,ENSG00000225496,ENSG00000169679,ENSG00000232277,ENSG00000235258,ENSG00000184115,ENSG00000227842,ENSG00000144061,ENSG00000271635,ENSG00000216867,ENSG00000240069,ENSG00000240350,ENSG00000153094,ENSG00000240183,ENSG00000226928",ENSG00000184115,Liver eQTLs,train
20018411700092196-92196000004836,chr22,"22-29929723-T-C,22-29930064-C-T,22-29906701-T-C,22-29955433-C-T,22-29940949-G-A,22-29952226-T-C,22-29915406-A-G,22-29957944-C-T,22-29962443-G-A,22-29963508-C-T,22-29969861-T-G,22-29980315-C-T,22-29974879-G-A,22-29905377-A-G,22-29909940-AT-A,22-29948409-A-G,22-29908154-G-T,22-29913272-C-T,22-29919201-G-A,22-29919333-T-C,22-29919830-T-C,22-29956135-G-C,22-29956137-T-C,22-29957321-G-A,22-29960335-A-G,22-29985012-A-G,22-29989026-T-C,22-30013809-A-G,22-29992135-A-G,22-30007808-T-C,22-30024263-T-C","ENSG00000100325,ENSG00000181123,ENSG00000227201,ENSG00000099992,ENSG00000100209,ENSG00000268812,ENSG00000279159,ENSG00000100280,ENSG00000278292,ENSG00000273350,ENSG00000133488,ENSG00000100012,ENSG00000100263,ENSG00000187860,ENSG00000184076,ENSG00000214161,ENSG00000100319,ENSG00000237015,ENSG00000273428,ENSG00000185340,ENSG00000159873,ENSG00000100314,ENSG00000100154,ENSG00000239282,ENSG00000099985,ENSG00000272689,ENSG00000279699,ENSG00000226471,ENSG00000285697,ENSG00000273216,ENSG00000227117,ENSG00000184117,ENSG00000100330,ENSG00000183579,ENSG00000100285,ENSG00000100296,ENSG00000100276,ENSG00000287967,ENSG00000099999,ENSG00000186575,ENSG00000183765,ENSG00000186998,ENSG00000100003,ENSG00000272858,ENSG00000183762,ENSG00000176635,ENSG00000128250,ENSG00000242114,ENSG00000100219,ENSG00000099995,ENSG00000182944,ENSG00000128342","ENSG00000237015,ENSG00000278292,ENSG00000183579,ENSG00000100249,ENSG00000273350,ENSG00000100012,ENSG00000100330,ENSG00000227117,ENSG00000100325,ENSG00000100314,ENSG00000225676,ENSG00000181123,ENSG00000182944,ENSG00000200976,ENSG00000100285,ENSG00000100319,ENSG00000285697,ENSG00000100263,ENSG00000100276,ENSG00000099985,ENSG00000226471,ENSG00000225971,ENSG00000273428,ENSG00000099992,ENSG00000186575,ENSG00000187860,ENSG00000234208,ENSG00000200871,ENSG00000242114,ENSG00000186998,ENSG00000100280,ENSG00000100209,ENSG00000185340,ENSG00000128342,ENSG00000184117,ENSG00000272858,ENSG00000242156,ENSG00000099999,ENSG00000287967,ENSG00000227201,ENSG00000100154,ENSG00000183762,ENSG00000183765,ENSG00000235786,ENSG00000232396,ENSG00000214161,ENSG00000264661,ENSG00000273216,ENSG00000272689,ENSG00000176635,ENSG00000100003,ENSG00000251952,ENSG00000230137,ENSG00000128250,ENSG00000226772,ENSG00000239282,ENSG00000184076,ENSG00000280968,ENSG00000159873,ENSG00000223831,ENSG00000133488,ENSG00000233010,ENSG00000232530,ENSG00000100296,ENSG00000226573,ENSG00000288153,ENSG00000207455,ENSG00000268812,ENSG00000099995,ENSG00000279159,ENSG00000100219,ENSG00000279699",ENSG00000184117,Liver eQTLs,train
20018416400092196-92196000004961,chr22,"22-50316984-T-TCTGCACTCCGGGGC,22-50235315-C-G,22-50317825-T-C,22-50306940-C-T,22-50318665-G-C,22-50284305-A-G,22-50284345-A-G,22-50310046-T-C,22-50310829-A-G,22-50310847-G-T,22-50310882-C-T,22-50312035-C-T,22-50312225-T-C,22-50312382-G-A,22-50312630-A-G,22-50313014-T-C,22-50313082-C-T,22-50313124-C-T,22-50313438-T-C,22-50314289-G-C,22-50314705-G-A,22-50314927-G-C,22-50310880-T-C,22-50312979-C-T,22-50313179-G-A,22-50313359-G-A,22-50306316-C-T,22-50307932-T-C,22-50317049-T-C,22-50317330-G-A,22-50317401-G-A,22-50317409-A-AAT,22-50317410-C-G,22-50317410-C-G,22-50317676-G-A,22-50317687-G-A,22-50317851-T-G,22-50318312-T-C,22-50318422-T-G,22-50318506-C-T,22-50318509-C-G,22-50318510-A-G,22-50318514-T-C,22-50318518-T-C,22-50318741-C-T,22-50318927-T-C,22-50318946-C-T,22-50319351-T-C,22-50320029-G-T,22-50303515-A-C,22-50303530-T-C,22-50303533-C-G,22-50309915-A-T,22-50317187-C-T,22-50309446-G-A,22-50318621-T-C,22-50316835-T-C,22-50313358-G-C,22-50303249-G-A,22-50311973-A-G,22-50311989-AAC-A,22-50240712-G-A,22-50241210-G-A,22-50295503-CTG-C,22-50269592-C-CT,22-50300438-T-C,22-50276695-G-C,22-50278568-A-G,22-50272515-A-G,22-50233639-A-G,22-50236306-G-A,22-50236610-T-C,22-50240655-CG-C,22-50244071-C-T,22-50244533-G-A,22-50245196-G-T,22-50309235-T-A,22-50280136-T-C,22-50317803-A-G,22-50320105-A-G,22-50317296-C-T,22-50284440-A-G,22-50285692-T-C,22-50285760-T-C,22-50286172-T-C,22-50286827-G-A,22-50287266-C-T,22-50252127-G-A,22-50256738-C-T,22-50259696-A-G,22-50260169-G-A,22-50261123-G-T,22-50263370-C-T,22-50263641-G-T,22-50264042-G-A,22-50265777-A-G,22-50265784-A-C,22-50267506-A-AG,22-50267508-C-G,22-50267822-T-C,22-50268014-C-G,22-50269218-A-G,22-50269255-T-G,22-50270215-A-G,22-50270309-T-C,22-50270570-A-G,22-50270784-G-A,22-50271176-G-A,22-50271428-A-G,22-50271460-T-C,22-50271631-T-A,22-50272920-G-A,22-50276828-A-G,22-50276909-G-A,22-50278642-C-T,22-50281917-A-G,22-50282204-C-A,22-50282603-A-G,22-50314573-C-T,22-50273782-G-GT,22-50295588-C-T,22-50269066-C-CTT,22-50259984-G-A,22-50290599-G-A,22-50290678-G-A,22-50294469-A-G,22-50294470-A-T,22-50294988-C-T,22-50295300-T-TTCTG,22-50297435-T-C,22-50299587-T-C,22-50300078-A-G,22-50301178-C-T,22-50301476-T-C,22-50302850-A-G,22-50304591-A-C,22-50307896-A-G,22-50296058-A-G,22-50295926-C-CTG,22-50290774-C-CTTAG,22-50291750-T-C,22-50291869-A-G,22-50291976-G-C,22-50292081-C-A,22-50292763-T-C,22-50261060-G-C,22-50226673-T-C,22-50261051-A-G,22-50295987-CTG-C,22-50227741-G-A,22-50231067-T-C,22-50259152-A-T,22-50316597-A-G,22-50291889-T-C,22-50302549-A-G,22-50314346-A-G,22-50300562-A-G,22-50172455-G-A,22-50312679-A-G,22-50321623-C-T,22-50273174-A-G","ENSG00000273188,ENSG00000073169,ENSG00000279345,ENSG00000177989,ENSG00000205593,ENSG00000196576,ENSG00000100299,ENSG00000025770,ENSG00000100429,ENSG00000225929,ENSG00000100239,ENSG00000205560,ENSG00000279182,ENSG00000217442,ENSG00000008735,ENSG00000100253,ENSG00000079974,ENSG00000273253,ENSG00000272836,ENSG00000272666,ENSG00000128165,ENSG00000025708,ENSG00000100426,ENSG00000100312,ENSG00000188511,ENSG00000289244,ENSG00000184164,ENSG00000170638,ENSG00000188130,ENSG00000285722,ENSG00000185386,ENSG00000251322,ENSG00000284194,ENSG00000100427,ENSG00000100425,ENSG00000073146,ENSG00000100288,ENSG00000235111,ENSG00000273137,ENSG00000273192,ENSG00000100258,ENSG00000128159,ENSG00000130487,ENSG00000073150,ENSG00000205559,ENSG00000273272,ENSG00000184319,ENSG00000286393,ENSG00000100241","ENSG00000279182,ENSG00000073146,ENSG00000188130,ENSG00000276753,ENSG00000289244,ENSG00000229409,ENSG00000273272,ENSG00000138892,ENSG00000288834,ENSG00000205560,ENSG00000188263,ENSG00000130487,ENSG00000100288,ENSG00000073169,ENSG00000100253,ENSG00000079974,ENSG00000196576,ENSG00000273253,ENSG00000100426,ENSG00000128159,ENSG00000177989,ENSG00000100299,ENSG00000279597,ENSG00000025770,ENSG00000214727,ENSG00000008735,ENSG00000273137,ENSG00000280395,ENSG00000254499,ENSG00000223142,ENSG00000184164,ENSG00000100429,ENSG00000217442,ENSG00000226954,ENSG00000284194,ENSG00000205593,ENSG00000251322,ENSG00000100427,ENSG00000273192,ENSG00000286393,ENSG00000188511,ENSG00000128165,ENSG00000285722,ENSG00000227484,ENSG00000286508,ENSG00000073150,ENSG00000100312,ENSG00000272836,ENSG00000100239,ENSG00000185386,ENSG00000272666,ENSG00000025708,ENSG00000288871,ENSG00000100241,ENSG00000235111,ENSG00000100425,ENSG00000264139,ENSG00000279345,ENSG00000212939,ENSG00000277771,ENSG00000184319,ENSG00000225929,ENSG00000205559,ENSG00000170638,ENSG00000273188,ENSG00000280224,ENSG00000100258,ENSG00000212569",ENSG00000184164,Liver eQTLs,train
20018420600092196-92196000002468,chr15,"15-85060395-CTA-C,15-85062472-G-A,15-85072558-C-T,15-85073443-T-C,15-85074334-C-T,15-85108833-C-T,15-85109830-A-G,15-85114237-G-C,15-84937688-G-T,15-85128550-G-A,15-85140794-C-T,15-85141959-G-A,15-85088079-G-A,15-85083041-T-C,15-85084383-C-T,15-85142647-A-C","ENSG00000259630,ENSG00000156222,ENSG00000274128,ENSG00000275120,ENSG00000177082,ENSG00000156218,ENSG00000166716,ENSG00000170776,ENSG00000259683,ENSG00000073417,ENSG00000184206,ENSG00000285667,ENSG00000140612,ENSG00000136383,ENSG00000176371,ENSG00000286505,ENSG00000259728,ENSG00000197696,ENSG00000271044,ENSG00000230373,ENSG00000256278","ENSG00000278422,ENSG00000259317,ENSG00000202081,ENSG00000259367,ENSG00000177082,ENSG00000200991,ENSG00000275120,ENSG00000197627,ENSG00000259195,ENSG00000259276,ENSG00000259694,ENSG00000286505,ENSG00000170776,ENSG00000271044,ENSG00000259570,ENSG00000259608,ENSG00000156218,ENSG00000259726,ENSG00000156222,ENSG00000259538,ENSG00000259415,ENSG00000166716,ENSG00000264406,ENSG00000259551,ENSG00000136383,ENSG00000280038,ENSG00000252931,ENSG00000176371,ENSG00000259630,ENSG00000259774,ENSG00000272887,ENSG00000274128,ENSG00000259683,ENSG00000259302,ENSG00000285667,ENSG00000259609,ENSG00000278785,ENSG00000259633,ENSG00000259453,ENSG00000251891,ENSG00000197696,ENSG00000140612,ENSG00000256278,ENSG00000184206,ENSG00000230373,ENSG00000259404,ENSG00000259449,ENSG00000221634,ENSG00000073417,ENSG00000259270,ENSG00000259728",ENSG00000184206,Liver eQTLs,train
20018429300092196-92196000001857,chr12,"12-9885999-G-A,12-9889157-A-G,12-9885082-G-A,12-9885526-C-T,12-9885961-A-G,12-9879084-G-A,12-9880397-T-A,12-9877196-G-A,12-9876091-G-A,12-9878144-TA-T,12-9877356-G-A,12-9877823-G-A,12-9876877-C-G,12-9878849-GA-G,12-9874899-G-A,12-9880441-T-C,12-9880114-A-G,12-9879368-G-A,12-9879426-G-A,12-9879540-A-C,12-9876768-A-C,12-9885707-A-ATAAGT,12-9879235-T-A,12-9878655-C-T,12-9881125-C-T,12-9878583-T-C,12-9876350-C-T,12-9876780-GA-G,12-9869271-A-G,12-9833628-C-T,12-9834209-A-AT,12-9866349-C-T","ENSG00000172243,ENSG00000175899,ENSG00000060140,ENSG00000150045,ENSG00000165682,ENSG00000134539,ENSG00000126838,ENSG00000249790,ENSG00000260423,ENSG00000237248,ENSG00000134545,ENSG00000257027,ENSG00000213809,ENSG00000110852,ENSG00000111752,ENSG00000245105,ENSG00000111788,ENSG00000184293,ENSG00000139112,ENSG00000255753,ENSG00000256667,ENSG00000183542,ENSG00000139187,ENSG00000255882,ENSG00000214851,ENSG00000245648,ENSG00000166535,ENSG00000256660,ENSG00000060138,ENSG00000256069,ENSG00000111796,ENSG00000180574,ENSG00000256720,ENSG00000256427,ENSG00000173391,ENSG00000256817,ENSG00000172322,ENSG00000069493,ENSG00000150048,ENSG00000205809,ENSG00000256937,ENSG00000003056,ENSG00000110848,ENSG00000256039,ENSG00000214826,ENSG00000256594,ENSG00000111196,ENSG00000205810","ENSG00000255776,ENSG00000212432,ENSG00000256912,ENSG00000214826,ENSG00000172243,ENSG00000245648,ENSG00000256667,ENSG00000111796,ENSG00000287577,ENSG00000257027,ENSG00000249790,ENSG00000256888,ENSG00000237248,ENSG00000173391,ENSG00000110848,ENSG00000111788,ENSG00000286911,ENSG00000126838,ENSG00000256427,ENSG00000256039,ENSG00000245105,ENSG00000175899,ENSG00000256660,ENSG00000121381,ENSG00000260423,ENSG00000165685,ENSG00000256803,ENSG00000256582,ENSG00000255734,ENSG00000121377,ENSG00000231503,ENSG00000110852,ENSG00000139187,ENSG00000255753,ENSG00000212345,ENSG00000139112,ENSG00000213049,ENSG00000214851,ENSG00000111196,ENSG00000223042,ENSG00000205809,ENSG00000256817,ENSG00000172322,ENSG00000283429,ENSG00000111752,ENSG00000166535,ENSG00000233719,ENSG00000256288,ENSG00000069493,ENSG00000212440,ENSG00000184293,ENSG00000256797,ENSG00000256626,ENSG00000134539,ENSG00000213809,ENSG00000257105,ENSG00000205810,ENSG00000188393,ENSG00000003056,ENSG00000256155,ENSG00000256975,ENSG00000235930,ENSG00000150045,ENSG00000060138,ENSG00000150048,ENSG00000183542,ENSG00000256442,ENSG00000282022,ENSG00000256937,ENSG00000165682,ENSG00000256720,ENSG00000121314,ENSG00000256069,ENSG00000060140,ENSG00000180574,ENSG00000257016,ENSG00000255882,ENSG00000134545,ENSG00000256594",ENSG00000184293,Liver eQTLs,train
20018444100092196-92196000004696,chr21,"21-45759355-T-C,21-45759746-T-A,21-45759045-C-T,21-45759197-G-C,21-45758909-T-G,21-45766944-G-A,21-45760630-TTC-T,21-45758545-TG-T,21-45757631-G-A,21-45757888-G-A,21-45758617-G-GC,21-45759689-C-T,21-45763811-G-A,21-45766965-G-A,21-45767007-G-A,21-45767381-C-T","ENSG00000223431,ENSG00000160216,ENSG00000160209,ENSG00000225331,ENSG00000236519,ENSG00000223768,ENSG00000241945,ENSG00000215458,ENSG00000160255,ENSG00000175894,ENSG00000142185,ENSG00000184441,ENSG00000142178,ENSG00000160214,ENSG00000235890,ENSG00000182912,ENSG00000274225,ENSG00000160233,ENSG00000184787,ENSG00000142182,ENSG00000277352,ENSG00000273027,ENSG00000141959,ENSG00000183250,ENSG00000160207,ENSG00000227039,ENSG00000160208,ENSG00000184900,ENSG00000160221,ENSG00000197381,ENSG00000160218,ENSG00000289546,ENSG00000160223,ENSG00000186866,ENSG00000183255,ENSG00000237989,ENSG00000235374,ENSG00000272825,ENSG00000289009,ENSG00000160256,ENSG00000227999,ENSG00000229356,ENSG00000276529,ENSG00000224747,ENSG00000228709,ENSG00000160213,ENSG00000260256,ENSG00000287088,ENSG00000185186,ENSG00000182586","ENSG00000289546,ENSG00000160233,ENSG00000142178,ENSG00000182912,ENSG00000237989,ENSG00000227999,ENSG00000228235,ENSG00000182586,ENSG00000286594,ENSG00000286082,ENSG00000274225,ENSG00000228709,ENSG00000287088,ENSG00000186866,ENSG00000229356,ENSG00000160208,ENSG00000227438,ENSG00000227039,ENSG00000272825,ENSG00000276529,ENSG00000160223,ENSG00000175894,ENSG00000228355,ENSG00000160256,ENSG00000160207,ENSG00000184787,ENSG00000267857,ENSG00000233767,ENSG00000289009,ENSG00000286262,ENSG00000205424,ENSG00000237664,ENSG00000212932,ENSG00000228404,ENSG00000160213,ENSG00000276633,ENSG00000202239,ENSG00000234880,ENSG00000275167,ENSG00000141959,ENSG00000142185,ENSG00000160209,ENSG00000183255,ENSG00000277352,ENSG00000197381,ENSG00000183250,ENSG00000223431,ENSG00000184900,ENSG00000224747,ENSG00000229382,ENSG00000286224,ENSG00000223692,ENSG00000260256,ENSG00000225043,ENSG00000236519,ENSG00000275874,ENSG00000226115,ENSG00000288842,ENSG00000273027,ENSG00000160216,ENSG00000228930,ENSG00000275139,ENSG00000215458,ENSG00000241945,ENSG00000235374,ENSG00000160221,ENSG00000223768,ENSG00000185186,ENSG00000289448,ENSG00000160214,ENSG00000160255,ENSG00000142182,ENSG00000235890,ENSG00000225331,ENSG00000184441,ENSG00000160218,ENSG00000261706",ENSG00000184441,Liver eQTLs,train
20018461600092196-92196000006827,chr7,"7-74279763-C-T,7-74276522-T-C,7-74276766-G-T,7-74277083-C-T,7-74280307-T-C,7-74286262-T-G,7-74258450-C-CA,7-74339397-A-G,7-74303582-AACAGAAAGAG-A,7-74337634-G-A,7-74351825-GA-G,7-74297827-G-A,7-74294925-C-T,7-74312340-G-A,7-74312992-A-G,7-74360737-C-T,7-74286069-GGTTT-G,7-74286069-GGTTT-G,7-74304341-G-A","ENSG00000106665,ENSG00000278416,ENSG00000127957,ENSG00000274523,ENSG00000235090,ENSG00000086730,ENSG00000170092,ENSG00000106682,ENSG00000127946,ENSG00000106178,ENSG00000158517,ENSG00000274070,ENSG00000184616,ENSG00000174428,ENSG00000006704,ENSG00000005486,ENSG00000272391,ENSG00000178809,ENSG00000049540,ENSG00000106683,ENSG00000205583,ENSG00000165178,ENSG00000232415,ENSG00000049541,ENSG00000127948,ENSG00000223705","ENSG00000232415,ENSG00000286038,ENSG00000223705,ENSG00000276592,ENSG00000278416,ENSG00000262648,ENSG00000158517,ENSG00000049540,ENSG00000086730,ENSG00000127946,ENSG00000127957,ENSG00000238391,ENSG00000265724,ENSG00000207741,ENSG00000274070,ENSG00000235090,ENSG00000170092,ENSG00000106682,ENSG00000274523,ENSG00000202021,ENSG00000241709,ENSG00000279005,ENSG00000202035,ENSG00000178809,ENSG00000174428,ENSG00000205583,ENSG00000005486,ENSG00000261467,ENSG00000106665,ENSG00000006704,ENSG00000273598,ENSG00000277127,ENSG00000287815,ENSG00000276840,ENSG00000165178,ENSG00000286014,ENSG00000252713,ENSG00000106683,ENSG00000273069,ENSG00000267828,ENSG00000286137,ENSG00000272391,ENSG00000199870,ENSG00000184616,ENSG00000049541,ENSG00000263081,ENSG00000127948,ENSG00000106178,ENSG00000277675,ENSG00000239069",ENSG00000184616,Liver eQTLs,train
20018461900092196-92196000003309,chr17,"17-8294959-C-T,17-8281388-C-T,17-8281846-ATAAAG-A,17-8283379-C-G,17-8283486-G-C,17-8284972-G-A,17-8288381-C-T,17-8291624-A-T,17-8296383-C-T,17-8268992-C-A,17-8270547-T-C,17-8271309-G-A,17-8274021-GGA-G,17-8277507-G-A,17-8278119-C-T,17-8280009-C-G,17-8280009-C-G,17-8271050-C-G,17-8275001-C-T,17-8296002-G-C,17-8279556-A-T,17-8298993-A-G,17-8301167-G-T","ENSG00000133026,ENSG00000141506,ENSG00000179029,ENSG00000141510,ENSG00000276384,ENSG00000161955,ENSG00000129226,ENSG00000269947,ENSG00000209582,ENSG00000183011,ENSG00000183914,ENSG00000182224,ENSG00000108947,ENSG00000178971,ENSG00000141504,ENSG00000141499,ENSG00000205544,ENSG00000288748,ENSG00000167874,ENSG00000108961,ENSG00000065320,ENSG00000170043,ENSG00000238917,ENSG00000132510,ENSG00000161960,ENSG00000161956,ENSG00000129255,ENSG00000184619,ENSG00000170037,ENSG00000196544,ENSG00000161970,ENSG00000125434,ENSG00000183318,ENSG00000179094,ENSG00000166579,ENSG00000170049,ENSG00000129194,ENSG00000174282,ENSG00000179593,ENSG00000170175,ENSG00000178977,ENSG00000280046,ENSG00000169992,ENSG00000198844,ENSG00000170004,ENSG00000178999,ENSG00000187838,ENSG00000181284,ENSG00000233223,ENSG00000129244,ENSG00000220205,ENSG00000161958,ENSG00000181222,ENSG00000239697,ENSG00000178921,ENSG00000161973,ENSG00000129245,ENSG00000129214,ENSG00000179859,ENSG00000265749,ENSG00000276231","ENSG00000161955,ENSG00000132510,ENSG00000201489,ENSG00000233223,ENSG00000133026,ENSG00000182224,ENSG00000161960,ENSG00000161970,ENSG00000178999,ENSG00000161973,ENSG00000244604,ENSG00000198844,ENSG00000141506,ENSG00000178977,ENSG00000181284,ENSG00000065320,ENSG00000170037,ENSG00000238917,ENSG00000252835,ENSG00000108961,ENSG00000288748,ENSG00000167874,ENSG00000264005,ENSG00000263427,ENSG00000129255,ENSG00000129226,ENSG00000170043,ENSG00000181222,ENSG00000183914,ENSG00000141510,ENSG00000262492,ENSG00000276231,ENSG00000108947,ENSG00000129245,ENSG00000271029,ENSG00000179859,ENSG00000141504,ENSG00000266279,ENSG00000283160,ENSG00000187838,ENSG00000205544,ENSG00000280046,ENSG00000184619,ENSG00000269947,ENSG00000265749,ENSG00000239697,ENSG00000240480,ENSG00000169992,ENSG00000266389,ENSG00000220205,ENSG00000273816,ENSG00000129194,ENSG00000166579,ENSG00000179094,ENSG00000212206,ENSG00000178921,ENSG00000174282,ENSG00000181323,ENSG00000184650,ENSG00000179593,ENSG00000288993,ENSG00000209582,ENSG00000182896,ENSG00000252363,ENSG00000263708,ENSG00000170049,ENSG00000275011,ENSG00000129214,ENSG00000129244,ENSG00000179029,ENSG00000271002,ENSG00000170175,ENSG00000276384,ENSG00000178971,ENSG00000161958,ENSG00000141499,ENSG00000224647,ENSG00000196544,ENSG00000125434,ENSG00000183318,ENSG00000161956,ENSG00000170004,ENSG00000183011",ENSG00000184619,Liver eQTLs,train
20018492300092196-92196000001041,chr10,10-89127191-T-C,"ENSG00000286445,ENSG00000240089,ENSG00000272734,ENSG00000227896,ENSG00000223820,ENSG00000227268,ENSG00000122367,ENSG00000198682,ENSG00000107789,ENSG00000272631,ENSG00000122376,ENSG00000171862,ENSG00000213613,ENSG00000173267,ENSG00000173269,ENSG00000184923,ENSG00000148672,ENSG00000285257,ENSG00000287077,ENSG00000107779,ENSG00000236417,ENSG00000228055,ENSG00000062650,ENSG00000138138,ENSG00000261011","ENSG00000198682,ENSG00000234256,ENSG00000228055,ENSG00000226358,ENSG00000122376,ENSG00000062650,ENSG00000235150,ENSG00000233292,ENSG00000287077,ENSG00000240089,ENSG00000226159,ENSG00000236417,ENSG00000280560,ENSG00000227268,ENSG00000107789,ENSG00000272734,ENSG00000272631,ENSG00000148672,ENSG00000271408,ENSG00000287150,ENSG00000234452,ENSG00000227896,ENSG00000173239,ENSG00000107779,ENSG00000198997,ENSG00000204021,ENSG00000261011,ENSG00000213613,ENSG00000228938,ENSG00000283578,ENSG00000173269,ENSG00000224289,ENSG00000201548,ENSG00000122367,ENSG00000275015,ENSG00000285257,ENSG00000237205,ENSG00000173267,ENSG00000171862,ENSG00000225836,ENSG00000286445,ENSG00000184923,ENSG00000138138,ENSG00000223820",ENSG00000184923,Liver eQTLs,train
20018492300092196-92196000001043,chr10,10-89145952-G-T,"ENSG00000107779,ENSG00000227268,ENSG00000148672,ENSG00000173267,ENSG00000184923,ENSG00000287077,ENSG00000285257,ENSG00000261011,ENSG00000171862,ENSG00000173269,ENSG00000224914,ENSG00000272734,ENSG00000223820,ENSG00000198682,ENSG00000227896,ENSG00000213613,ENSG00000138138,ENSG00000122367,ENSG00000062650,ENSG00000214562,ENSG00000272631,ENSG00000122376,ENSG00000240089,ENSG00000228055,ENSG00000107789,ENSG00000286445,ENSG00000236417","ENSG00000226159,ENSG00000201548,ENSG00000226358,ENSG00000228938,ENSG00000286445,ENSG00000283578,ENSG00000287077,ENSG00000224289,ENSG00000227268,ENSG00000223820,ENSG00000173267,ENSG00000122376,ENSG00000272631,ENSG00000214562,ENSG00000213613,ENSG00000228055,ENSG00000138138,ENSG00000062650,ENSG00000198682,ENSG00000236417,ENSG00000235150,ENSG00000240089,ENSG00000280560,ENSG00000184923,ENSG00000287150,ENSG00000173239,ENSG00000224914,ENSG00000275015,ENSG00000204021,ENSG00000285257,ENSG00000234256,ENSG00000107779,ENSG00000272734,ENSG00000148672,ENSG00000122367,ENSG00000198997,ENSG00000271408,ENSG00000107789,ENSG00000237205,ENSG00000233292,ENSG00000173269,ENSG00000171862,ENSG00000225836,ENSG00000261011,ENSG00000227896,ENSG00000234452",ENSG00000184923,Liver eQTLs,train
