common_variant_analysis_signal_id,chr,credible_set_variants_in_1_based_B37,genes,genes_with_zero_expression,true_gene,eqtl_tissue,category
20013707400092196-92196000007370,chr9,"9-32982687-C-T,9-33078144-A-G,9-33078319-T-C,9-33081123-T-C,9-32961108-T-C,9-33012382-C-A,9-33004417-C-T,9-33031430-G-T,9-32984391-A-G,9-32986248-T-C,9-32986405-T-G,9-32990232-A-G,9-32999419-C-G,9-33004375-C-A,9-33009855-T-C,9-33013943-G-C,9-33024958-C-G,9-33029015-C-T,9-33030244-A-AAGTT,9-33035114-A-G,9-33035246-A-G,9-33037349-T-A,9-33037350-C-A,9-33038049-G-C,9-33039024-T-A,9-33041532-A-G,9-33041892-CT-C,9-33042145-G-GC,9-33042562-C-A,9-33045161-C-T,9-33045276-G-C,9-33045664-A-G,9-33051097-C-G,9-33051103-A-G,9-33051100-C-G,9-33051102-G-A,9-33051105-C-T,9-33051113-T-C,9-33051114-G-A,9-33045809-CT-C,9-32998712-G-C,9-33010550-C-T,9-33026638-G-A,9-33047910-C-T,9-32982448-T-C,9-32975210-A-G,9-33055481-T-TAG,9-33069181-C-T,9-32993820-A-G,9-33058559-T-C,9-33060416-C-T,9-33061716-A-G,9-33064336-T-C,9-33064930-A-G,9-32950891-T-A,9-33066527-T-C,9-32958984-C-T,9-32996370-C-T,9-33013962-G-A,9-33017138-G-A,9-33018423-A-G,9-33025251-G-C,9-33045147-A-G,9-33047398-T-C,9-33054162-C-T,9-33061440-A-G,9-33064927-C-G,9-32998888-T-TA,9-32958092-T-G,9-33062291-A-G,9-33072217-T-C,9-32936039-T-A,9-32938859-T-C,9-32932460-ACT-A,9-32943766-AAATG-A,9-33055471-G-A,9-32965207-T-A,9-32934617-A-C,9-32939758-G-A,9-33098948-T-C","ENSG00000086065,ENSG00000086062,ENSG00000107341,ENSG00000086061,ENSG00000122729,ENSG00000165271,ENSG00000236184,ENSG00000165264,ENSG00000235453,ENSG00000122692,ENSG00000286322,ENSG00000107201,ENSG00000225693,ENSG00000232303,ENSG00000165269,ENSG00000231991,ENSG00000197579,ENSG00000137074,ENSG00000235481,ENSG00000165272,ENSG00000010438,ENSG00000086102,ENSG00000233554,ENSG00000107262","ENSG00000286322,ENSG00000205274,ENSG00000287495,ENSG00000287063,ENSG00000236796,ENSG00000275651,ENSG00000228072,ENSG00000225123,ENSG00000183938,ENSG00000238001,ENSG00000122728,ENSG00000230867,ENSG00000236184,ENSG00000010438,ENSG00000252313,ENSG00000122692,ENSG00000107262,ENSG00000226801,ENSG00000137074,ENSG00000233776,ENSG00000240215,ENSG00000272113,ENSG00000086061,ENSG00000270542,ENSG00000122711,ENSG00000233554,ENSG00000281128,ENSG00000223807,ENSG00000165272,ENSG00000188133,ENSG00000238300,ENSG00000227301,ENSG00000107201,ENSG00000234122,ENSG00000122729,ENSG00000234373,ENSG00000165271,ENSG00000086102,ENSG00000225347,ENSG00000215206,ENSG00000229063,ENSG00000086062,ENSG00000238886,ENSG00000223394,ENSG00000232303,ENSG00000165264,ENSG00000231165,ENSG00000235481,ENSG00000204982,ENSG00000086065,ENSG00000223440,ENSG00000107341,ENSG00000200834,ENSG00000225693,ENSG00000251748,ENSG00000231991,ENSG00000235453,ENSG00000197579,ENSG00000200544,ENSG00000252224,ENSG00000165269,ENSG00000230516",ENSG00000137074,Liver eQTLs,train
20013707600092196-92196000007391,chr9,"9-35731560-GTTGT-G,9-35768233-G-C,9-35751221-C-T,9-35752433-A-G,9-35757075-A-G,9-35757193-T-C,9-35757362-T-A,9-35764362-C-T,9-35754500-G-A,9-35739115-G-GC","ENSG00000279608,ENSG00000196196,ENSG00000107159,ENSG00000137094,ENSG00000235387,ENSG00000288586,ENSG00000137076,ENSG00000107185,ENSG00000122705,ENSG00000137133,ENSG00000215187,ENSG00000159921,ENSG00000005238,ENSG00000198467,ENSG00000137078,ENSG00000287868,ENSG00000281491,ENSG00000165304,ENSG00000070610,ENSG00000137098,ENSG00000137075,ENSG00000165283,ENSG00000198853,ENSG00000122694,ENSG00000213866,ENSG00000228307,ENSG00000198722,ENSG00000107175,ENSG00000165280,ENSG00000286782,ENSG00000165282,ENSG00000107140,ENSG00000137101,ENSG00000159899,ENSG00000215283,ENSG00000159884,ENSG00000221829,ENSG00000137135,ENSG00000122733,ENSG00000174038,ENSG00000122707","ENSG00000278889,ENSG00000227933,ENSG00000107175,ENSG00000233659,ENSG00000288586,ENSG00000185972,ENSG00000235619,ENSG00000165282,ENSG00000231393,ENSG00000005238,ENSG00000222760,ENSG00000235387,ENSG00000234181,ENSG00000107185,ENSG00000137094,ENSG00000159899,ENSG00000198722,ENSG00000221829,ENSG00000187791,ENSG00000107159,ENSG00000165280,ENSG00000137133,ENSG00000233148,ENSG00000198467,ENSG00000137078,ENSG00000284195,ENSG00000122733,ENSG00000273945,ENSG00000159921,ENSG00000070610,ENSG00000196196,ENSG00000236110,ENSG00000228307,ENSG00000137101,ENSG00000281491,ENSG00000241568,ENSG00000159884,ENSG00000287368,ENSG00000165283,ENSG00000263892,ENSG00000269900,ENSG00000215198,ENSG00000165304,ENSG00000276730,ENSG00000287868,ENSG00000243641,ENSG00000279083,ENSG00000215187,ENSG00000122707,ENSG00000137098,ENSG00000137075,ENSG00000213866,ENSG00000137076,ENSG00000215283,ENSG00000122694,ENSG00000107140,ENSG00000286782,ENSG00000279608,ENSG00000243136,ENSG00000215199,ENSG00000174038,ENSG00000198853,ENSG00000257198,ENSG00000122705,ENSG00000225639,ENSG00000179443,ENSG00000137135",ENSG00000137076,Liver eQTLs,train
20013710300092196-92196000007395,chr9,"9-35851048-C-T,9-35833448-T-C,9-35830652-G-GT,9-35831036-A-G,9-35829390-C-T,9-35795521-A-G,9-35777442-GTT-G,9-35780220-A-G","ENSG00000215187,ENSG00000137135,ENSG00000198853,ENSG00000122707,ENSG00000107185,ENSG00000196196,ENSG00000122705,ENSG00000198467,ENSG00000137101,ENSG00000235387,ENSG00000137078,ENSG00000159921,ENSG00000279608,ENSG00000070610,ENSG00000288586,ENSG00000165280,ENSG00000137094,ENSG00000287868,ENSG00000159884,ENSG00000213866,ENSG00000198722,ENSG00000137075,ENSG00000228307,ENSG00000137103,ENSG00000005238,ENSG00000281491,ENSG00000286782,ENSG00000215283,ENSG00000107140,ENSG00000122694,ENSG00000221829,ENSG00000137098,ENSG00000107159,ENSG00000165282,ENSG00000165304,ENSG00000174038,ENSG00000107175,ENSG00000165283,ENSG00000137133,ENSG00000122733","ENSG00000165282,ENSG00000233659,ENSG00000179443,ENSG00000227933,ENSG00000221829,ENSG00000266255,ENSG00000235387,ENSG00000198467,ENSG00000284195,ENSG00000287868,ENSG00000137103,ENSG00000159921,ENSG00000234181,ENSG00000165283,ENSG00000288586,ENSG00000235619,ENSG00000122705,ENSG00000279083,ENSG00000122733,ENSG00000269900,ENSG00000137098,ENSG00000225639,ENSG00000276730,ENSG00000263892,ENSG00000165280,ENSG00000196196,ENSG00000231393,ENSG00000107175,ENSG00000233148,ENSG00000281491,ENSG00000213866,ENSG00000288571,ENSG00000185972,ENSG00000187791,ENSG00000278889,ENSG00000215187,ENSG00000222760,ENSG00000241568,ENSG00000198722,ENSG00000137135,ENSG00000243136,ENSG00000228307,ENSG00000198853,ENSG00000137133,ENSG00000215199,ENSG00000122694,ENSG00000165304,ENSG00000215198,ENSG00000070610,ENSG00000137101,ENSG00000286782,ENSG00000159884,ENSG00000122707,ENSG00000107159,ENSG00000107185,ENSG00000287514,ENSG00000107140,ENSG00000279608,ENSG00000215283,ENSG00000243641,ENSG00000137094,ENSG00000137078,ENSG00000137075,ENSG00000236110,ENSG00000174038,ENSG00000273945,ENSG00000005238",ENSG00000137103,Liver eQTLs,train
20013727400092196-92196000006262,chr6,"6-3144160-T-C,6-3144512-A-G,6-3147491-C-T,6-3147916-T-A,6-3148140-T-C,6-3149271-G-A,6-3149641-G-A,6-3149798-G-A,6-3149860-TTTTG-T,6-3150014-T-C,6-3150043-G-A,6-3150064-C-T,6-3150065-A-G,6-3150350-G-A,6-3150424-A-G,6-3150461-G-A,6-3150605-G-C,6-3151103-A-G,6-3151252-C-G,6-3151331-A-G,6-3151556-T-G,6-3151595-G-A,6-3151771-G-A,6-3151814-C-G,6-3151816-C-A,6-3151871-C-T,6-3151996-G-A,6-3152242-A-G,6-3152285-G-C,6-3152405-G-A,6-3152444-C-G,6-3152822-C-G,6-3153153-G-C,6-3153383-C-T,6-3153452-A-C,6-3153462-A-C,6-3153742-T-A,6-3147397-A-C,6-3147494-G-C,6-3146467-T-C,6-3157788-C-T,6-3146313-G-A,6-3148992-T-C,6-3156530-C-T,6-3144120-T-C,6-3141056-C-T,6-3157854-T-C,6-3140021-C-A","ENSG00000233068,ENSG00000021355,ENSG00000198721,ENSG00000168994,ENSG00000279926,ENSG00000260604,ENSG00000224846,ENSG00000272277,ENSG00000271361,ENSG00000230438,ENSG00000137274,ENSG00000124570,ENSG00000288904,ENSG00000185689,ENSG00000145945,ENSG00000234817,ENSG00000244041,ENSG00000270504,ENSG00000219992,ENSG00000145949,ENSG00000112739,ENSG00000180822,ENSG00000272320,ENSG00000250903,ENSG00000137266,ENSG00000124588,ENSG00000288612,ENSG00000124535,ENSG00000170542,ENSG00000137267,ENSG00000137275,ENSG00000112699,ENSG00000286512,ENSG00000272465","ENSG00000228718,ENSG00000233068,ENSG00000145945,ENSG00000217707,ENSG00000270504,ENSG00000216657,ENSG00000219992,ENSG00000288904,ENSG00000288612,ENSG00000230648,ENSG00000271361,ENSG00000238158,ENSG00000260604,ENSG00000234817,ENSG00000218472,ENSG00000274855,ENSG00000137267,ENSG00000270477,ENSG00000145949,ENSG00000137275,ENSG00000272277,ENSG00000232999,ENSG00000124588,ENSG00000168994,ENSG00000170542,ENSG00000112699,ENSG00000228365,ENSG00000286512,ENSG00000232654,ENSG00000137274,ENSG00000272465,ENSG00000217135,ENSG00000285603,ENSG00000224846,ENSG00000021355,ENSG00000112739,ENSG00000230438,ENSG00000244041,ENSG00000216819,ENSG00000180822,ENSG00000124535,ENSG00000279926,ENSG00000124570,ENSG00000250903,ENSG00000254821,ENSG00000137266,ENSG00000185689,ENSG00000272320,ENSG00000287903,ENSG00000230269,ENSG00000198721,ENSG00000280423,ENSG00000217566,ENSG00000266750",ENSG00000137274,Liver eQTLs,train
20013767300092196-92196000001080,chr11,"11-102401661-T-C,11-102396607-T-C","ENSG00000255337,ENSG00000288833,ENSG00000277459,ENSG00000187240,ENSG00000118113,ENSG00000137673,ENSG00000152558,ENSG00000137675,ENSG00000110330,ENSG00000281655,ENSG00000110318,ENSG00000137692,ENSG00000137693,ENSG00000196611,ENSG00000149968,ENSG00000023445","ENSG00000212466,ENSG00000263885,ENSG00000254506,ENSG00000254534,ENSG00000274097,ENSG00000277459,ENSG00000288833,ENSG00000270868,ENSG00000023445,ENSG00000256035,ENSG00000238562,ENSG00000255337,ENSG00000187151,ENSG00000271600,ENSG00000110330,ENSG00000166670,ENSG00000256916,ENSG00000137692,ENSG00000239861,ENSG00000149968,ENSG00000285878,ENSG00000110318,ENSG00000276521,ENSG00000137745,ENSG00000255482,ENSG00000152558,ENSG00000243777,ENSG00000187240,ENSG00000260008,ENSG00000196611,ENSG00000137675,ENSG00000281655,ENSG00000256254,ENSG00000288528,ENSG00000118113,ENSG00000255469,ENSG00000137673,ENSG00000262406,ENSG00000137674,ENSG00000225678,ENSG00000137693",ENSG00000137673,Liver eQTLs,train
20013767500092196-92196000001082,chr11,"11-102511736-G-A,11-102513324-T-C,11-102509835-A-C,11-102502685-A-G,11-102502692-GAAGGAATGTTTA-G,11-102502798-A-T,11-102502866-A-G,11-102502875-T-C,11-102503000-T-C,11-102503654-G-C,11-102503799-T-A,11-102503872-A-G,11-102504104-A-G,11-102504279-G-C,11-102504471-T-C,11-102517647-A-G,11-102517747-C-T,11-102519966-T-A,11-102520878-G-A,11-102525928-A-G,11-102534171-A-G,11-102535727-CT-C,11-102538516-C-CATAT,11-102547301-G-A,11-102550083-C-T,11-102550377-A-G,11-102551202-A-C,11-102551234-A-G,11-102557130-A-G,11-102558016-CAGG-C,11-102559359-C-T,11-102561975-C-T,11-102563300-C-A,11-102565856-A-T,11-102566412-T-A,11-102568799-T-C","ENSG00000137693,ENSG00000277459,ENSG00000137692,ENSG00000149968,ENSG00000255337,ENSG00000187240,ENSG00000152558,ENSG00000288833,ENSG00000110318,ENSG00000196611,ENSG00000023445,ENSG00000110330,ENSG00000118113,ENSG00000137675,ENSG00000137673","ENSG00000110318,ENSG00000196611,ENSG00000254895,ENSG00000262406,ENSG00000255337,ENSG00000137675,ENSG00000277459,ENSG00000187151,ENSG00000137693,ENSG00000023445,ENSG00000256916,ENSG00000137673,ENSG00000137745,ENSG00000271600,ENSG00000255482,ENSG00000253245,ENSG00000274097,ENSG00000254824,ENSG00000152558,ENSG00000255469,ENSG00000254534,ENSG00000256035,ENSG00000256254,ENSG00000270868,ENSG00000149968,ENSG00000276521,ENSG00000288528,ENSG00000137674,ENSG00000260008,ENSG00000212466,ENSG00000110330,ENSG00000285878,ENSG00000187240,ENSG00000238562,ENSG00000225678,ENSG00000254506,ENSG00000137692,ENSG00000254931,ENSG00000255350,ENSG00000239861,ENSG00000288833,ENSG00000263885,ENSG00000166670,ENSG00000255417,ENSG00000118113,ENSG00000243777,ENSG00000254565",ENSG00000137675,Liver eQTLs,train
20013769900092196-92196000001139,chr11,"11-120039274-C-T,11-120039274-C-T,11-120039306-C-G,11-120039306-C-G,11-120046336-A-T,11-120046336-A-T,11-120042081-G-A,11-120042081-G-A,11-120043191-G-A,11-120043191-G-A,11-120052360-C-T,11-120052360-C-T,11-120040695-C-T,11-120040695-C-T,11-120034170-G-T,11-120034170-G-T,11-120053173-G-A,11-120053173-G-A,11-120055170-G-A,11-120055170-G-A,11-120052554-A-G,11-120052554-A-G,11-120017875-G-A,11-120017875-G-A,11-120017974-T-C,11-120017974-T-C,11-120019288-G-A,11-120019288-G-A,11-120021171-T-A,11-120021171-T-A,11-120021674-C-T,11-120021674-C-T,11-120024312-A-T,11-120024312-A-T,11-120026241-A-G,11-120026241-A-G,11-120029497-A-G,11-120029497-A-G,11-120025476-G-A,11-120025476-G-A,11-120006705-A-G,11-120006705-A-G,11-120024827-G-A,11-120024827-G-A,11-120020207-G-GT,11-120020207-G-GT,11-120018743-G-A,11-120018743-G-A","ENSG00000110395,ENSG00000172367,ENSG00000154096,ENSG00000196914,ENSG00000109927,ENSG00000076706,ENSG00000110400,ENSG00000248712,ENSG00000184232,ENSG00000036672,ENSG00000173456,ENSG00000245248,ENSG00000137699,ENSG00000154114,ENSG00000181264,ENSG00000137709","ENSG00000137699,ENSG00000172367,ENSG00000137709,ENSG00000252119,ENSG00000154096,ENSG00000184232,ENSG00000235718,ENSG00000274303,ENSG00000288047,ENSG00000248712,ENSG00000254735,ENSG00000199217,ENSG00000289553,ENSG00000284148,ENSG00000181264,ENSG00000254863,ENSG00000196914,ENSG00000254406,ENSG00000076706,ENSG00000286992,ENSG00000254590,ENSG00000255247,ENSG00000036672,ENSG00000223953,ENSG00000254854,ENSG00000259541,ENSG00000254740,ENSG00000110395,ENSG00000222249,ENSG00000255006,ENSG00000173456,ENSG00000110400,ENSG00000245248,ENSG00000286731,ENSG00000255216,ENSG00000250493,ENSG00000154114,ENSG00000254892,ENSG00000255377,ENSG00000287545,ENSG00000109927",ENSG00000137699,Liver eQTLs,train
20013780600092196-92196000002342,chr15,"15-41760617-A-G,15-41685917-G-T,15-41674060-T-C,15-41674060-T-C,15-41677692-A-G,15-41677752-A-G,15-41682896-A-G,15-41683159-A-G,15-41685740-A-G,15-41694743-C-T,15-41676817-G-T,15-41701021-T-C,15-41738767-A-ATTACT,15-41735708-C-A,15-41735710-T-G,15-41736275-C-A,15-41752852-C-T,15-41629502-A-C,15-41634587-A-G,15-41634588-C-A,15-41698305-T-C,15-41704789-A-G,15-41709195-C-G,15-41711447-C-T,15-41721042-G-A,15-41743426-C-T,15-41743828-T-A,15-41746535-T-C,15-41746625-A-G,15-41747598-G-A,15-41757667-T-C,15-41761332-G-T,15-41764522-A-G,15-41771591-G-A,15-41608470-T-C,15-41611066-A-T,15-41654801-T-G,15-41654801-T-G,15-41777934-A-G,15-41777935-A-C,15-41613388-A-G,15-41581624-A-G,15-41582598-T-G,15-41585926-T-C,15-41586798-A-G,15-41586909-G-GTTTGT,15-41588872-C-T,15-41649922-GT-G,15-41663896-A-C,15-41735800-TA-T,15-41627470-A-ATATT,15-41657144-T-A,15-41648967-C-G,15-41651721-A-G,15-41612894-A-G,15-41603944-C-G,15-41605632-G-A,15-41614704-T-C,15-41620014-T-TGAAAAA,15-41737059-T-C,15-41603276-A-G,15-41711514-T-G,15-41622793-C-G,15-41612180-G-T,15-41621842-A-C,15-41621921-G-A,15-41623308-T-C,15-41567369-G-T,15-41715585-A-G,15-41787972-C-G","ENSG00000137802,ENSG00000261183,ENSG00000243708,ENSG00000137812,ENSG00000157021,ENSG00000174197,ENSG00000128917,ENSG00000137815,ENSG00000137880,ENSG00000137824,ENSG00000137825,ENSG00000251161,ENSG00000104147,ENSG00000051180,ENSG00000137806,ENSG00000187446,ENSG00000166887,ENSG00000214013,ENSG00000103932,ENSG00000104140,ENSG00000128891,ENSG00000169105,ENSG00000174171,ENSG00000062524,ENSG00000104142,ENSG00000104129,ENSG00000245849,ENSG00000128965,ENSG00000166145,ENSG00000103966,ENSG00000278493,ENSG00000092529,ENSG00000259536,ENSG00000092445,ENSG00000103978,ENSG00000166133,ENSG00000128908,ENSG00000188277,ENSG00000166140","ENSG00000137825,ENSG00000092445,ENSG00000259547,ENSG00000174197,ENSG00000259405,ENSG00000201077,ENSG00000062524,ENSG00000250379,ENSG00000128908,ENSG00000174171,ENSG00000200293,ENSG00000166145,ENSG00000166140,ENSG00000260282,ENSG00000243708,ENSG00000137880,ENSG00000166133,ENSG00000137824,ENSG00000286877,ENSG00000207712,ENSG00000280036,ENSG00000104129,ENSG00000259463,ENSG00000157021,ENSG00000137812,ENSG00000259536,ENSG00000104142,ENSG00000260926,ENSG00000246740,ENSG00000259521,ENSG00000128965,ENSG00000169105,ENSG00000188277,ENSG00000103978,ENSG00000103932,ENSG00000128917,ENSG00000270702,ENSG00000240847,ENSG00000103966,ENSG00000278493,ENSG00000051180,ENSG00000187446,ENSG00000166887,ENSG00000259396,ENSG00000274798,ENSG00000092529,ENSG00000104140,ENSG00000104147,ENSG00000264850,ENSG00000259838,ENSG00000245849,ENSG00000137815,ENSG00000261183,ENSG00000159337,ENSG00000200407,ENSG00000207766,ENSG00000251161,ENSG00000128891,ENSG00000257797,ENSG00000137802,ENSG00000259617,ENSG00000283133,ENSG00000137806,ENSG00000214013",ENSG00000137806,Liver eQTLs,train
20013787700092196-92196000002348,chr15,"15-42204258-A-C,15-42197483-A-G,15-42204435-A-G,15-42195037-G-GTA,15-42195037-G-GTA,15-42191909-C-G,15-42192040-T-C,15-42199158-T-C,15-42206976-C-T,15-42191264-G-GA,15-42205522-T-C,15-42190989-T-C,15-42188549-A-G,15-42206204-G-T,15-42211486-A-G,15-42207004-A-G,15-42207555-T-C,15-42204951-A-G","ENSG00000274403,ENSG00000137814,ENSG00000243708,ENSG00000137815,ENSG00000092529,ENSG00000260799,ENSG00000137802,ENSG00000157021,ENSG00000174171,ENSG00000159433,ENSG00000278769,ENSG00000062524,ENSG00000243789,ENSG00000261684,ENSG00000137806,ENSG00000187446,ENSG00000103932,ENSG00000103966,ENSG00000247556,ENSG00000092445,ENSG00000137804,ENSG00000103994,ENSG00000174197,ENSG00000214013,ENSG00000166887,ENSG00000103978,ENSG00000137877,ENSG00000128908,ENSG00000180979,ENSG00000128965,ENSG00000278493,ENSG00000137825,ENSG00000128917,ENSG00000092531,ENSG00000104147,ENSG00000140326,ENSG00000260490","ENSG00000246740,ENSG00000260928,ENSG00000137804,ENSG00000259838,ENSG00000137815,ENSG00000174171,ENSG00000200293,ENSG00000214013,ENSG00000157021,ENSG00000137877,ENSG00000092529,ENSG00000137802,ENSG00000285080,ENSG00000260490,ENSG00000092445,ENSG00000278493,ENSG00000187446,ENSG00000207766,ENSG00000201077,ENSG00000200407,ENSG00000104147,ENSG00000180979,ENSG00000261684,ENSG00000140326,ENSG00000137806,ENSG00000159433,ENSG00000103932,ENSG00000281269,ENSG00000062524,ENSG00000137814,ENSG00000103978,ENSG00000092531,ENSG00000247556,ENSG00000166887,ENSG00000270702,ENSG00000254793,ENSG00000159337,ENSG00000260799,ENSG00000128908,ENSG00000286877,ENSG00000259396,ENSG00000103994,ENSG00000243789,ENSG00000260926,ENSG00000207712,ENSG00000278769,ENSG00000274403,ENSG00000128917,ENSG00000243708,ENSG00000174197,ENSG00000257797,ENSG00000103966,ENSG00000264850,ENSG00000128965,ENSG00000260282,ENSG00000137825,ENSG00000250379",ENSG00000137877,Liver eQTLs,train
20013807900092196-92196000004293,chr2,"2-44503750-AGCTACTTGGGAG-A,2-44503642-A-G,2-44506145-T-A","ENSG00000138032,ENSG00000152527,ENSG00000138095,ENSG00000138079,ENSG00000138075,ENSG00000143919,ENSG00000115970,ENSG00000138078,ENSG00000143921,ENSG00000289272,ENSG00000223658,ENSG00000138036","ENSG00000138075,ENSG00000138032,ENSG00000229695,ENSG00000273106,ENSG00000170577,ENSG00000286519,ENSG00000259439,ENSG00000225156,ENSG00000231054,ENSG00000288707,ENSG00000252599,ENSG00000138083,ENSG00000274520,ENSG00000224637,ENSG00000231156,ENSG00000278957,ENSG00000226972,ENSG00000277809,ENSG00000138078,ENSG00000286728,ENSG00000138095,ENSG00000143921,ENSG00000115970,ENSG00000276670,ENSG00000138036,ENSG00000264047,ENSG00000152527,ENSG00000205054,ENSG00000277311,ENSG00000276048,ENSG00000289272,ENSG00000223658,ENSG00000143919,ENSG00000138079,ENSG00000236502,ENSG00000252490,ENSG00000207411",ENSG00000138079,Liver eQTLs,train
20013811100092196-92196000000753,chr10,"10-104227623-C-T,10-104231519-GA-G,10-104237007-A-G,10-104234090-C-G,10-104236687-A-G,10-104227791-GA-G,10-104226830-C-T,10-104226983-A-G,10-104227433-G-A,10-104227469-G-A,10-104235809-G-T,10-104227661-T-C,10-104228017-C-A,10-104228149-G-A,10-104228299-C-A,10-104231651-A-G,10-104229785-C-T,10-104230064-T-C,10-104230156-A-G,10-104230930-TTCGGTGCTGGG-T,10-104231054-A-G,10-104231662-G-C,10-104232716-G-A,10-104232809-T-G,10-104223831-G-A,10-104235978-C-T,10-104223628-T-C,10-104246709-AT-A,10-104229057-C-CA,10-104239100-T-C,10-104246221-C-T,10-104246303-G-A,10-104246691-G-A,10-104222963-T-C,10-104229299-A-AGGT,10-104257226-C-T,10-104260388-C-T,10-104278693-G-A,10-104284017-C-G,10-104264107-C-T,10-104266230-G-C,10-104283874-C-A,10-104278272-G-GTCTATCTA,10-104278276-G-A,10-104285594-A-T,10-104269217-G-A,10-104258095-A-T,10-104225316-C-G","ENSG00000198408,ENSG00000138172,ENSG00000226009,ENSG00000148835,ENSG00000213277,ENSG00000107829,ENSG00000138111,ENSG00000120029,ENSG00000166197,ENSG00000107872,ENSG00000148843,ENSG00000173915,ENSG00000138107,ENSG00000214435,ENSG00000076685,ENSG00000138175,ENSG00000156398,ENSG00000148840,ENSG00000166189,ENSG00000148842,ENSG00000171206,ENSG00000286575,ENSG00000120049,ENSG00000166171,ENSG00000269609,ENSG00000198728,ENSG00000059915,ENSG00000107874,ENSG00000156374,ENSG00000166272,ENSG00000107862,ENSG00000148795,ENSG00000235266,ENSG00000272933,ENSG00000213061,ENSG00000166169,ENSG00000107833,ENSG00000077150","ENSG00000266852,ENSG00000272933,ENSG00000166272,ENSG00000228261,ENSG00000173915,ENSG00000260461,ENSG00000213277,ENSG00000077150,ENSG00000183128,ENSG00000283867,ENSG00000166171,ENSG00000148795,ENSG00000213061,ENSG00000138172,ENSG00000059915,ENSG00000226431,ENSG00000148835,ENSG00000107862,ENSG00000107872,ENSG00000107833,ENSG00000156398,ENSG00000226009,ENSG00000166189,ENSG00000185933,ENSG00000138111,ENSG00000269609,ENSG00000235470,ENSG00000198408,ENSG00000120049,ENSG00000198728,ENSG00000222503,ENSG00000235376,ENSG00000148840,ENSG00000235266,ENSG00000138107,ENSG00000225768,ENSG00000148843,ENSG00000212413,ENSG00000208033,ENSG00000266754,ENSG00000076685,ENSG00000171206,ENSG00000156395,ENSG00000120029,ENSG00000214435,ENSG00000237761,ENSG00000286575,ENSG00000138175,ENSG00000283788,ENSG00000166197,ENSG00000148842,ENSG00000226387,ENSG00000234699,ENSG00000156374,ENSG00000107874,ENSG00000166169,ENSG00000107829,ENSG00000273485",ENSG00000138111,Liver eQTLs,train
20013860000092196-92196000002375,chr15,"15-51000968-T-C,15-51006910-A-G,15-51057181-G-A,15-51000898-T-C,15-50999332-T-G,15-50995599-G-A,15-50991144-G-C,15-50991048-T-C,15-50994350-C-T,15-50994814-A-T,15-50995132-A-C,15-50995642-C-T,15-50997355-A-C,15-50997505-C-G,15-50998144-A-T,15-50999299-C-T,15-51001095-G-A,15-51001207-C-T,15-51001457-AG-A,15-51003042-G-A,15-51005177-G-A,15-51006019-C-T,15-51006909-C-A,15-51006931-G-C,15-51008310-A-G,15-51009256-C-T,15-51009424-T-C,15-51009907-C-A,15-51013520-C-G,15-51017913-C-T,15-50999333-T-G,15-51054134-A-C","ENSG00000170236,ENSG00000140284,ENSG00000104093,ENSG00000104043,ENSG00000259668,ENSG00000244879,ENSG00000138600,ENSG00000285410,ENSG00000081014,ENSG00000259378,ENSG00000092439,ENSG00000138592,ENSG00000186417,ENSG00000104064,ENSG00000183578,ENSG00000140287","ENSG00000244879,ENSG00000186417,ENSG00000285410,ENSG00000272337,ENSG00000271819,ENSG00000270378,ENSG00000259678,ENSG00000259194,ENSG00000104093,ENSG00000259306,ENSG00000259201,ENSG00000138600,ENSG00000081014,ENSG00000140287,ENSG00000259465,ENSG00000243027,ENSG00000140284,ENSG00000266593,ENSG00000259668,ENSG00000207484,ENSG00000183578,ENSG00000241175,ENSG00000283614,ENSG00000092439,ENSG00000259773,ENSG00000259377,ENSG00000259701,ENSG00000274954,ENSG00000259632,ENSG00000259204,ENSG00000252376,ENSG00000278098,ENSG00000259240,ENSG00000200605,ENSG00000277677,ENSG00000259241,ENSG00000104064,ENSG00000259296,ENSG00000259378,ENSG00000170236,ENSG00000104043,ENSG00000138592,ENSG00000279665,ENSG00000241130",ENSG00000138600,Liver eQTLs,train
20013862100092196-92196000002428,chr15,"15-75304754-C-T,15-75312715-C-G,15-75315975-G-A,15-75320306-A-G,15-75321910-C-T,15-75290712-C-T,15-75336173-T-A,15-75330095-G-T,15-75339575-G-A,15-75282092-A-C,15-75328256-C-T,15-75311842-G-C,15-75280826-T-C,15-75287375-C-G,15-75288610-G-C,15-75279240-T-G,15-75348895-A-T,15-75278340-T-C,15-75280426-T-C,15-75282147-G-C,15-75282541-C-T,15-75283822-C-T,15-75284161-T-C,15-75325858-T-G,15-75285626-A-G,15-75295464-G-C,15-75298760-G-A,15-75307521-C-CT,15-75310710-T-C,15-75318652-A-G,15-75320166-C-T,15-75323648-C-G,15-75286140-G-A,15-75292699-C-T,15-75292721-C-G,15-75299768-G-A,15-75326754-C-G,15-75343942-C-T,15-75347561-C-G,15-75349145-T-C,15-75354486-T-A,15-75356073-C-T,15-75359184-T-C,15-75292916-G-A,15-75293737-C-T,15-75293839-A-G,15-75294514-C-T,15-75295030-T-C,15-75297283-G-C,15-75297671-T-C,15-75299075-C-T,15-75300623-G-C,15-75305040-A-G,15-75306041-T-C,15-75306795-T-G,15-75295541-G-A,15-75295905-C-T,15-75300284-A-G,15-75302570-C-T,15-75304692-A-G,15-75306644-C-A,15-75306863-A-G,15-75315328-A-G,15-75290496-T-C,15-75290822-C-G,15-75291864-G-A","ENSG00000287543,ENSG00000182950,ENSG00000140505,ENSG00000178761,ENSG00000140474,ENSG00000260266,ENSG00000159289,ENSG00000261821,ENSG00000140459,ENSG00000167195,ENSG00000103653,ENSG00000179361,ENSG00000169410,ENSG00000260274,ENSG00000275645,ENSG00000169371,ENSG00000275454,ENSG00000140398,ENSG00000178741,ENSG00000140465,ENSG00000167196,ENSG00000173548,ENSG00000167173,ENSG00000260685,ENSG00000138621,ENSG00000173546,ENSG00000179151,ENSG00000246877,ENSG00000203392,ENSG00000274515,ENSG00000138623,ENSG00000140497,ENSG00000276744,ENSG00000140400,ENSG00000247240,ENSG00000177971,ENSG00000140367,ENSG00000129009,ENSG00000169375,ENSG00000140365,ENSG00000213578,ENSG00000178802,ENSG00000178718,ENSG00000138629,ENSG00000179335","ENSG00000287543,ENSG00000288901,ENSG00000173548,ENSG00000138629,ENSG00000179361,ENSG00000261821,ENSG00000169371,ENSG00000159289,ENSG00000167196,ENSG00000261820,ENSG00000212279,ENSG00000240366,ENSG00000140398,ENSG00000140367,ENSG00000260357,ENSG00000260685,ENSG00000275645,ENSG00000277391,ENSG00000173546,ENSG00000260152,ENSG00000275454,ENSG00000140459,ENSG00000287926,ENSG00000284343,ENSG00000260206,ENSG00000275411,ENSG00000140474,ENSG00000261813,ENSG00000167195,ENSG00000275992,ENSG00000260266,ENSG00000286696,ENSG00000182950,ENSG00000138621,ENSG00000252722,ENSG00000169410,ENSG00000199580,ENSG00000140497,ENSG00000277295,ENSG00000241890,ENSG00000177971,ENSG00000247240,ENSG00000178761,ENSG00000140400,ENSG00000260660,ENSG00000287503,ENSG00000187812,ENSG00000274937,ENSG00000213578,ENSG00000260103,ENSG00000261043,ENSG00000261205,ENSG00000261775,ENSG00000261714,ENSG00000203392,ENSG00000167173,ENSG00000129009,ENSG00000140465,ENSG00000266308,ENSG00000264386,ENSG00000260104,ENSG00000259931,ENSG00000140505,ENSG00000274515,ENSG00000260235,ENSG00000277718,ENSG00000203411,ENSG00000178802,ENSG00000277749,ENSG00000260274,ENSG00000178741,ENSG00000138623,ENSG00000169375,ENSG00000140365,ENSG00000260815,ENSG00000260165,ENSG00000276744,ENSG00000246877,ENSG00000241807,ENSG00000179335,ENSG00000179151,ENSG00000260483,ENSG00000103653,ENSG00000178718",ENSG00000138621,Liver eQTLs,train
20013872200092196-92196000005643,chr4,"4-90716177-C-G,4-90726961-AT-A,4-90726964-T-A,4-90731709-A-G,4-90747671-C-G,4-90680635-C-T,4-90806095-CT-C,4-90632025-T-C,4-90643972-C-G,4-90644345-G-A,4-90651252-G-A,4-90659335-A-T,4-90672960-T-C,4-90674018-A-C,4-90705606-T-C,4-90755403-T-C,4-90631065-C-T,4-90632935-G-A,4-90639402-G-A,4-90644390-G-A,4-90653487-T-C,4-90657552-T-A,4-90678469-C-T,4-90697661-C-T,4-90698486-C-T,4-90728734-C-A,4-90748410-G-T,4-90764621-A-G,4-90774082-A-T,4-90774436-C-T,4-90775280-T-C,4-90775398-A-C,4-90780629-G-C,4-90781022-T-G,4-90799451-G-A,4-90803031-A-G,4-90808661-T-A,4-90809007-G-A,4-90810018-T-C,4-90810732-C-G,4-90812282-G-A,4-90813044-C-T,4-90813947-T-C,4-90814351-T-C,4-90815886-A-T,4-90820307-T-A,4-90822640-G-T,4-90824078-A-G,4-90828527-G-A,4-90828891-A-G,4-90830603-G-T,4-90830603-G-T,4-90828985-T-TG,4-90835226-T-C,4-90769349-G-A,4-90793455-A-AT,4-90801175-C-T,4-90804078-C-T,4-90805553-C-A,4-90806200-A-G,4-90809058-A-C,4-90809241-T-TAATA,4-90809346-T-C,4-90810807-C-T,4-90811878-G-T,4-90803788-A-ATG,4-90818428-C-G,4-90818627-G-T,4-90818639-G-A,4-90833306-G-A,4-90672456-T-A","ENSG00000145335,ENSG00000270720,ENSG00000138640,ENSG00000185477,ENSG00000138722,ENSG00000180346","ENSG00000180346,ENSG00000138640,ENSG00000287239,ENSG00000249049,ENSG00000145335,ENSG00000247775,ENSG00000270720,ENSG00000276542,ENSG00000138722,ENSG00000251401,ENSG00000274238,ENSG00000277695,ENSG00000185477,ENSG00000248984,ENSG00000252087",ENSG00000138722,Liver eQTLs,train
20013874400092196-92196000005619,chr4,"4-76859705-C-G,4-76860040-G-A,4-76861859-C-T,4-76862255-G-A,4-76870229-C-T,4-76875316-C-T,4-76878716-G-C,4-76878982-T-C,4-76883034-GGAGA-G,4-76883281-T-A,4-76886397-T-C,4-76886398-G-A,4-76889388-C-T,4-76897791-T-A,4-76898174-A-C,4-76898250-C-T,4-76903036-A-G,4-76904262-C-CA,4-76905472-A-G,4-76905649-G-A,4-76906974-T-C,4-76907213-T-C,4-76856440-T-A,4-76916146-G-A,4-76916256-G-GTCT,4-76919536-A-G,4-76920809-A-G,4-76852585-A-C,4-76853790-C-G,4-76878956-G-A","ENSG00000138771,ENSG00000138768,ENSG00000174796,ENSG00000287401,ENSG00000198301,ENSG00000186212,ENSG00000138744,ENSG00000163743,ENSG00000270244,ENSG00000189157,ENSG00000169245,ENSG00000163749,ENSG00000289515,ENSG00000138755,ENSG00000138750,ENSG00000233860,ENSG00000156219,ENSG00000138760,ENSG00000169248,ENSG00000118804","ENSG00000270669,ENSG00000224218,ENSG00000249278,ENSG00000138744,ENSG00000138755,ENSG00000163749,ENSG00000289515,ENSG00000287401,ENSG00000270244,ENSG00000138750,ENSG00000286074,ENSG00000163743,ENSG00000186212,ENSG00000250006,ENSG00000138771,ENSG00000214062,ENSG00000138760,ENSG00000199857,ENSG00000245928,ENSG00000248831,ENSG00000242727,ENSG00000289379,ENSG00000189157,ENSG00000169245,ENSG00000240426,ENSG00000263445,ENSG00000225846,ENSG00000249036,ENSG00000201641,ENSG00000271676,ENSG00000156219,ENSG00000198301,ENSG00000212368,ENSG00000138768,ENSG00000118804,ENSG00000283682,ENSG00000207307,ENSG00000249858,ENSG00000174796,ENSG00000221711,ENSG00000169248,ENSG00000233860",ENSG00000138744,Liver eQTLs,train
20013916300092196-92196000001647,chr12,"12-22763636-GA-G,12-22753378-A-G,12-22753378-A-G,12-22751275-G-A,12-22771523-C-T,12-22765676-T-C,12-22748954-G-A","ENSG00000111716,ENSG00000069431,ENSG00000121361,ENSG00000111726,ENSG00000139163,ENSG00000256973","ENSG00000256473,ENSG00000256371,ENSG00000111716,ENSG00000111726,ENSG00000121361,ENSG00000256923,ENSG00000283582,ENSG00000256973,ENSG00000256321,ENSG00000255627,ENSG00000256714,ENSG00000069431,ENSG00000250166,ENSG00000115934,ENSG00000139163,ENSG00000257023,ENSG00000256353,ENSG00000256995,ENSG00000274624,ENSG00000256774,ENSG00000241451",ENSG00000139163,Liver eQTLs,train
20013917800092196-92196000001794,chr12,"12-7252765-T-C,12-7250185-G-A,12-7249598-T-C","ENSG00000111678,ENSG00000010295,ENSG00000111669,ENSG00000215021,ENSG00000272173,ENSG00000276718,ENSG00000171860,ENSG00000111653,ENSG00000110799,ENSG00000059804,ENSG00000139193,ENSG00000250510,ENSG00000111641,ENSG00000110811,ENSG00000111640,ENSG00000213942,ENSG00000215039,ENSG00000126746,ENSG00000275703,ENSG00000205885,ENSG00000089693,ENSG00000159335,ENSG00000238795,ENSG00000111644,ENSG00000111652,ENSG00000173262,ENSG00000285770,ENSG00000111642,ENSG00000182326,ENSG00000111665,ENSG00000248593,ENSG00000256967,ENSG00000139190,ENSG00000177675,ENSG00000111667,ENSG00000111319,ENSG00000089818,ENSG00000089692,ENSG00000111671,ENSG00000067182,ENSG00000008323,ENSG00000111639,ENSG00000219410,ENSG00000247853,ENSG00000200345,ENSG00000111676,ENSG00000256433,ENSG00000010610,ENSG00000111674,ENSG00000010292,ENSG00000159403,ENSG00000255966,ENSG00000111684,ENSG00000111664,ENSG00000126749,ENSG00000139197,ENSG00000010278,ENSG00000111679,ENSG00000177575,ENSG00000010626,ENSG00000240370,ENSG00000139192,ENSG00000245667,ENSG00000279865,ENSG00000111321,ENSG00000139200,ENSG00000065970,ENSG00000139194,ENSG00000184574,ENSG00000269892,ENSG00000139178","ENSG00000256171,ENSG00000278459,ENSG00000139192,ENSG00000241828,ENSG00000205857,ENSG00000255966,ENSG00000111671,ENSG00000255572,ENSG00000207713,ENSG00000257078,ENSG00000173262,ENSG00000065970,ENSG00000111684,ENSG00000008323,ENSG00000271969,ENSG00000247853,ENSG00000111321,ENSG00000272173,ENSG00000111679,ENSG00000126746,ENSG00000111653,ENSG00000010292,ENSG00000111639,ENSG00000285770,ENSG00000139197,ENSG00000111664,ENSG00000177575,ENSG00000257084,ENSG00000256433,ENSG00000245667,ENSG00000111642,ENSG00000251898,ENSG00000111319,ENSG00000276417,ENSG00000252186,ENSG00000244532,ENSG00000206636,ENSG00000240370,ENSG00000182326,ENSG00000184574,ENSG00000284591,ENSG00000255885,ENSG00000159403,ENSG00000089692,ENSG00000284522,ENSG00000255356,ENSG00000215021,ENSG00000279865,ENSG00000111652,ENSG00000287713,ENSG00000111665,ENSG00000111701,ENSG00000184344,ENSG00000010295,ENSG00000213942,ENSG00000224906,ENSG00000176654,ENSG00000111669,ENSG00000256331,ENSG00000089818,ENSG00000111674,ENSG00000111641,ENSG00000111678,ENSG00000199912,ENSG00000111644,ENSG00000089693,ENSG00000110811,ENSG00000244050,ENSG00000238795,ENSG00000067182,ENSG00000111640,ENSG00000284327,ENSG00000201549,ENSG00000139193,ENSG00000255964,ENSG00000255581,ENSG00000139178,ENSG00000219410,ENSG00000010610,ENSG00000256480,ENSG00000111667,ENSG00000200345,ENSG00000139200,ENSG00000177675,ENSG00000010626,ENSG00000269892,ENSG00000276718,ENSG00000285142,ENSG00000205885,ENSG00000207708,ENSG00000256967,ENSG00000288814,ENSG00000110799,ENSG00000250510,ENSG00000196946,ENSG00000171860,ENSG00000010278,ENSG00000239701,ENSG00000248593,ENSG00000111676,ENSG00000187569,ENSG00000265388,ENSG00000270068,ENSG00000282080,ENSG00000239002,ENSG00000126749,ENSG00000288043,ENSG00000139194,ENSG00000139190,ENSG00000201663,ENSG00000275703,ENSG00000059804,ENSG00000198178,ENSG00000240739,ENSG00000159335,ENSG00000255977,ENSG00000215039",ENSG00000139178,Liver eQTLs,train
20013940500092196-92196000001537,chr12,"12-113598684-T-C,12-113591939-T-C,12-113594715-C-T,12-113599502-C-G,12-113599866-T-C,12-113600903-A-G,12-113602897-G-C,12-113603282-TAAG-T,12-113604169-A-G,12-113605151-T-C,12-113607823-G-A,12-113613279-T-C,12-113614040-T-C,12-113614824-T-C,12-113605672-T-TGGCCCTGGGCA,12-113618468-T-C,12-113619003-G-A,12-113620851-C-CAG,12-113623241-C-G,12-113623559-A-T,12-113628091-T-C,12-113628749-G-A,12-113637443-A-G,12-113637584-A-G,12-113643436-A-T,12-113642749-C-T,12-113613856-C-T,12-113656108-AT-A,12-113656108-AT-A,12-113636265-G-A,12-113639805-G-C,12-113643432-T-C,12-113649819-A-G,12-113659260-T-C,12-113659752-T-C,12-113661883-A-G,12-113665002-A-C,12-113601407-T-C,12-113646957-A-AAACTCCTGACCTCCCGTG,12-113661898-A-G,12-113674212-C-G,12-113675317-G-A,12-113679095-T-C,12-113681167-C-T,12-113681288-A-G,12-113681599-T-A,12-113690396-T-C,12-113690599-C-A,12-113696069-T-C,12-113696196-C-G,12-113705962-T-G,12-113721422-T-C,12-113646310-G-C,12-113717901-A-G,12-113719788-T-C,12-113723186-CT-C,12-113729956-G-A,12-113730264-G-A,12-113589134-G-A,12-113710704-T-C,12-113661258-G-T,12-113682030-T-C,12-113633830-G-A,12-113621510-C-T,12-113649044-T-G,12-113708907-C-A,12-113644211-T-C,12-113646905-C-T,12-113713112-A-G,12-113713126-G-T,12-113713293-T-C,12-113713583-T-G,12-113715557-T-C,12-113736863-G-T,12-113702483-CA-C,12-113611071-T-G,12-113615871-T-C,12-113679598-T-C,12-113677451-C-T,12-113678791-A-T,12-113679158-TGCA-T,12-113680547-A-G,12-113686593-T-A,12-113687789-A-T,12-113700738-A-G,12-113707388-G-A,12-113708827-A-C,12-113708828-G-T,12-113749977-A-G,12-113750856-A-G,12-113635424-A-G,12-113640728-C-G,12-113671141-C-G,12-113671494-C-T,12-113678391-G-A,12-113692594-A-T,12-113697253-A-G,12-113625195-A-C,12-113591437-C-T,12-113643035-T-A,12-113688768-CA-C,12-113728988-T-C,12-113648298-G-A,12-113648972-G-A,12-113651647-G-C,12-113588828-A-ATTAT,12-113626590-AC-A,12-113717276-T-C,12-113722772-C-T,12-113628150-AAAAG-A,12-113746106-A-G,12-113748027-C-T,12-113752802-C-T,12-113636584-G-A,12-113640633-G-A,12-113642196-CT-C,12-113689892-AG-A,12-113696928-C-T,12-113637188-G-A,12-113637506-G-T,12-113638688-A-G,12-113660319-C-T,12-113660993-C-T,12-113662063-C-A,12-113662120-T-A,12-113663606-G-A,12-113671189-A-G,12-113681129-C-T,12-113687859-A-G,12-113694661-A-T,12-113695521-T-C,12-113702775-C-T,12-113703439-C-G,12-113704751-T-C,12-113705353-G-A,12-113706909-C-T,12-113739292-C-G,12-113748591-C-G,12-113749112-G-A,12-113589762-A-G,12-113590470-T-G,12-113594442-C-A,12-113595326-C-T,12-113596866-G-A,12-113604081-G-A,12-113616600-G-A,12-113620513-C-T,12-113626973-G-T,12-113627030-A-G,12-113636984-C-T,12-113638772-C-T,12-113644327-G-A,12-113655528-G-C,12-113658847-G-A,12-113662871-T-A,12-113664261-A-G,12-113668132-C-CA,12-113676272-TAG-T,12-113685366-G-A,12-113702206-G-A,12-113702342-G-C,12-113706171-G-A,12-113706293-G-A,12-113733153-C-T,12-113733830-C-T,12-113734464-A-G,12-113736791-G-T,12-113737630-G-A,12-113711264-A-G,12-113743730-C-G,12-113746918-T-C,12-113747878-T-C,12-113640347-G-A,12-113650020-G-A,12-113659621-C-G,12-113662502-C-A,12-113748815-G-T,12-113751807-C-T,12-113737900-G-A,12-113740871-A-G,12-113718583-C-T,12-113719877-C-G,12-113720517-G-A,12-113721873-A-G,12-113725608-C-T,12-113621006-C-A,12-113621396-C-T,12-113715891-T-TCCCA,12-113751590-C-A,12-113717649-A-C,12-113729500-G-C,12-113713227-T-C,12-113737942-C-G,12-113594122-A-C,12-113600940-C-T,12-113602810-T-A,12-113604895-A-C,12-113629471-C-A,12-113629637-G-A,12-113631812-G-T,12-113632408-C-T,12-113635055-C-T,12-113669902-G-A,12-113734347-G-A,12-113589037-G-A,12-113589160-A-G,12-113731926-G-T,12-113715372-A-G,12-113738947-C-A","ENSG00000122965,ENSG00000151176,ENSG00000089060,ENSG00000135144,ENSG00000139405,ENSG00000139410,ENSG00000089127,ENSG00000111331,ENSG00000166578,ENSG00000089009,ENSG00000111335,ENSG00000179295,ENSG00000173064,ENSG00000111344,ENSG00000186815,ENSG00000135094,ENSG00000277566,ENSG00000123064","ENSG00000122965,ENSG00000257476,ENSG00000111335,ENSG00000139410,ENSG00000186815,ENSG00000257603,ENSG00000274822,ENSG00000222982,ENSG00000179295,ENSG00000287229,ENSG00000089009,ENSG00000089060,ENSG00000111331,ENSG00000257935,ENSG00000173064,ENSG00000201208,ENSG00000166578,ENSG00000257359,ENSG00000123064,ENSG00000135094,ENSG00000258244,ENSG00000258159,ENSG00000089116,ENSG00000089127,ENSG00000277566,ENSG00000151176,ENSG00000135144,ENSG00000257915,ENSG00000111344,ENSG00000257300,ENSG00000242461,ENSG00000255399,ENSG00000257452,ENSG00000255830,ENSG00000257997,ENSG00000289101,ENSG00000139405,ENSG00000288863,ENSG00000283507,ENSG00000199899",ENSG00000139405,Liver eQTLs,train
20013962000092196-92196000001694,chr12,"12-49024020-T-C,12-49058402-T-C,12-49074762-C-A,12-49064459-T-A,12-49068213-G-A,12-49075811-T-G,12-49095668-C-G,12-49098108-T-C,12-49107298-G-A,12-49110582-C-G,12-49044359-T-C,12-49066794-G-A,12-49103967-GC-G,12-49107007-G-A,12-49018127-A-G,12-49036033-G-A,12-49037870-G-A,12-49035672-T-A,12-49038585-T-A,12-49035559-C-T,12-49058814-A-G,12-49104738-G-A,12-49109638-G-A,12-49054715-C-T,12-49071245-T-C,12-49019319-T-C,12-49036333-C-T,12-49095046-T-TCAC,12-49018032-T-A,12-49082593-C-CT,12-49091320-AT-A,12-49091318-AT-A,12-49117984-G-C,12-49026874-A-G,12-49023048-T-A,12-49024333-ATTATT-A,12-49026058-T-G,12-49117551-T-C,12-49054978-CT-C,12-49017591-G-A,12-49017629-A-G,12-49017229-C-T,12-49117301-T-C,12-49018575-C-T,12-49043637-AAAAAAAAAAAAAAAGAAAG-A","ENSG00000268069,ENSG00000239617,ENSG00000187778,ENSG00000167528,ENSG00000174243,ENSG00000123352,ENSG00000273765,ENSG00000257660,ENSG00000079337,ENSG00000177875,ENSG00000257243,ENSG00000139636,ENSG00000135451,ENSG00000187166,ENSG00000134287,ENSG00000134285,ENSG00000139620,ENSG00000181929,ENSG00000135519,ENSG00000167550,ENSG00000172602,ENSG00000258017,ENSG00000276390,ENSG00000278385,ENSG00000167553,ENSG00000152556,ENSG00000061273,ENSG00000177981,ENSG00000169884,ENSG00000258101,ENSG00000139537,ENSG00000167548,ENSG00000139549,ENSG00000276691,ENSG00000276814,ENSG00000274902,ENSG00000167552,ENSG00000269514,ENSG00000257433,ENSG00000135436,ENSG00000129315,ENSG00000134291,ENSG00000178401,ENSG00000079387,ENSG00000240399,ENSG00000111405,ENSG00000111424,ENSG00000110844,ENSG00000123416,ENSG00000181418,ENSG00000257964,ENSG00000280054,ENSG00000167535,ENSG00000005175,ENSG00000174233,ENSG00000211584","ENSG00000167548,ENSG00000167553,ENSG00000139620,ENSG00000258051,ENSG00000279875,ENSG00000240399,ENSG00000111405,ENSG00000061273,ENSG00000257433,ENSG00000273434,ENSG00000139636,ENSG00000275228,ENSG00000257848,ENSG00000167580,ENSG00000207313,ENSG00000257660,ENSG00000167528,ENSG00000287537,ENSG00000258284,ENSG00000258334,ENSG00000222635,ENSG00000135519,ENSG00000258101,ENSG00000258104,ENSG00000134287,ENSG00000277672,ENSG00000079387,ENSG00000276390,ENSG00000269514,ENSG00000211584,ENSG00000135451,ENSG00000278385,ENSG00000197376,ENSG00000174233,ENSG00000167550,ENSG00000177875,ENSG00000276691,ENSG00000226138,ENSG00000258024,ENSG00000264201,ENSG00000275770,ENSG00000257885,ENSG00000239617,ENSG00000257730,ENSG00000258273,ENSG00000257771,ENSG00000257792,ENSG00000257964,ENSG00000224709,ENSG00000257955,ENSG00000257588,ENSG00000199394,ENSG00000271547,ENSG00000152556,ENSG00000273765,ENSG00000207467,ENSG00000169884,ENSG00000174243,ENSG00000139223,ENSG00000257570,ENSG00000177981,ENSG00000134291,ENSG00000135436,ENSG00000281842,ENSG00000167531,ENSG00000257346,ENSG00000284723,ENSG00000242041,ENSG00000181929,ENSG00000257987,ENSG00000268069,ENSG00000200303,ENSG00000274902,ENSG00000129315,ENSG00000199237,ENSG00000181418,ENSG00000123416,ENSG00000258017,ENSG00000258121,ENSG00000276814,ENSG00000167535,ENSG00000274017,ENSG00000258135,ENSG00000005175,ENSG00000221491,ENSG00000258234,ENSG00000139537,ENSG00000257464,ENSG00000110844,ENSG00000172602,ENSG00000187166,ENSG00000258232,ENSG00000167552,ENSG00000200309,ENSG00000139549,ENSG00000257735,ENSG00000257243,ENSG00000134285,ENSG00000187778,ENSG00000178401,ENSG00000111424,ENSG00000257253,ENSG00000226413,ENSG00000079337,ENSG00000123352,ENSG00000198678,ENSG00000280054",ENSG00000139620,Liver eQTLs,train
20013983500092196-92196000001892,chr13,"13-114015015-A-G,13-114016886-G-C,13-114018038-C-A,13-114012189-G-T,13-114012934-A-G,13-114013931-G-A","ENSG00000130177,ENSG00000185896,ENSG00000068650,ENSG00000153498,ENSG00000276434,ENSG00000139835,ENSG00000150401,ENSG00000126216,ENSG00000198176,ENSG00000183087,ENSG00000283828,ENSG00000139842,ENSG00000267868,ENSG00000186009,ENSG00000285672,ENSG00000169062,ENSG00000126231,ENSG00000153531,ENSG00000126226,ENSG00000274922,ENSG00000126217,ENSG00000235280,ENSG00000126218,ENSG00000277159,ENSG00000198824,ENSG00000185989,ENSG00000260615,ENSG00000276248,ENSG00000184497,ENSG00000283199,ENSG00000230371,ENSG00000233695,ENSG00000057593,ENSG00000231882,ENSG00000272695,ENSG00000150403","ENSG00000235280,ENSG00000229723,ENSG00000274766,ENSG00000283347,ENSG00000277159,ENSG00000226921,ENSG00000283199,ENSG00000153498,ENSG00000139835,ENSG00000184497,ENSG00000126217,ENSG00000186009,ENSG00000283828,ENSG00000232662,ENSG00000232487,ENSG00000233695,ENSG00000150401,ENSG00000150403,ENSG00000202347,ENSG00000126216,ENSG00000226158,ENSG00000265450,ENSG00000274922,ENSG00000272695,ENSG00000264539,ENSG00000260615,ENSG00000068650,ENSG00000231882,ENSG00000185989,ENSG00000283361,ENSG00000230371,ENSG00000279770,ENSG00000126226,ENSG00000277942,ENSG00000269125,ENSG00000229373,ENSG00000139842,ENSG00000057593,ENSG00000169062,ENSG00000276434,ENSG00000153531,ENSG00000198176,ENSG00000126218,ENSG00000183087,ENSG00000185896,ENSG00000267868,ENSG00000185974,ENSG00000130177,ENSG00000198824,ENSG00000276248,ENSG00000285672,ENSG00000126231,ENSG00000237699",ENSG00000139835,Liver eQTLs,train
20014004300092196-92196000002193,chr14,"14-74457162-C-T,14-74302563-C-T,14-74311428-T-C","ENSG00000119688,ENSG00000258443,ENSG00000258524,ENSG00000119661,ENSG00000258376,ENSG00000156030,ENSG00000119682,ENSG00000259005,ENSG00000251393,ENSG00000184227,ENSG00000133961,ENSG00000198208,ENSG00000080815,ENSG00000187097,ENSG00000119636,ENSG00000205669,ENSG00000119655,ENSG00000119723,ENSG00000119596,ENSG00000187105,ENSG00000100767,ENSG00000258603,ENSG00000258695,ENSG00000258586,ENSG00000205659,ENSG00000119608,ENSG00000119707,ENSG00000284930,ENSG00000119616,ENSG00000119630,ENSG00000258559,ENSG00000170468,ENSG00000119673,ENSG00000140043,ENSG00000177465,ENSG00000165898,ENSG00000270000,ENSG00000258944,ENSG00000119681,ENSG00000165861,ENSG00000119689,ENSG00000258813,ENSG00000176903,ENSG00000156050,ENSG00000279026","ENSG00000258820,ENSG00000258813,ENSG00000264741,ENSG00000205659,ENSG00000222604,ENSG00000119660,ENSG00000133980,ENSG00000206924,ENSG00000258559,ENSG00000119673,ENSG00000140043,ENSG00000223300,ENSG00000100767,ENSG00000258695,ENSG00000119681,ENSG00000258443,ENSG00000258972,ENSG00000258976,ENSG00000258425,ENSG00000119636,ENSG00000270576,ENSG00000080815,ENSG00000258513,ENSG00000258376,ENSG00000258978,ENSG00000119689,ENSG00000251393,ENSG00000198208,ENSG00000177465,ENSG00000279461,ENSG00000270140,ENSG00000156050,ENSG00000119596,ENSG00000279026,ENSG00000119616,ENSG00000239910,ENSG00000119608,ENSG00000165898,ENSG00000258740,ENSG00000187105,ENSG00000199472,ENSG00000119655,ENSG00000156030,ENSG00000177776,ENSG00000258737,ENSG00000119707,ENSG00000258944,ENSG00000165861,ENSG00000251907,ENSG00000119661,ENSG00000284930,ENSG00000259005,ENSG00000133961,ENSG00000119614,ENSG00000176903,ENSG00000258603,ENSG00000187097,ENSG00000184227,ENSG00000283519,ENSG00000252013,ENSG00000258586,ENSG00000170468,ENSG00000119682,ENSG00000270000,ENSG00000119688,ENSG00000205669,ENSG00000119630,ENSG00000258524,ENSG00000119723,ENSG00000258587",ENSG00000140043,Liver eQTLs,train
20014010500092196-92196000002001,chr14,"14-100808155-G-A,14-100818286-T-C,14-100840596-G-C,14-100803364-A-G,14-100803655-C-A,14-100807444-A-G,14-100815146-A-G,14-100826260-G-C,14-100826773-C-G,14-100827429-G-T,14-100827508-C-T,14-100831835-C-T,14-100832282-C-G,14-100820536-A-G,14-100798012-A-G,14-100807273-C-T,14-100798779-C-T,14-100803742-C-G,14-100828625-C-T,14-100810099-C-T,14-100829184-C-T,14-100830818-C-A,14-100839261-G-T,14-100842377-A-G,14-100843343-A-G,14-100844420-G-A,14-100796478-C-T,14-100800103-C-T,14-100841700-A-T,14-100792126-C-T,14-100793431-G-A,14-100840813-T-C,14-100837230-C-T,14-100802485-T-C,14-100804315-T-C,14-100805286-C-A,14-100813077-T-C,14-100836353-C-T,14-100836983-A-G,14-100837382-C-G,14-100838007-G-A,14-100838173-G-A,14-100839128-G-C,14-100840290-C-T,14-100840950-G-A,14-100841008-G-C,14-100841166-AT-A,14-100842059-A-G,14-100845457-C-A,14-100795338-G-C,14-100842637-C-G","ENSG00000185559,ENSG00000090061,ENSG00000258460,ENSG00000066629,ENSG00000140105,ENSG00000258521,ENSG00000168350,ENSG00000182218,ENSG00000140107,ENSG00000196405,ENSG00000197119,ENSG00000199836,ENSG00000100811,ENSG00000183092,ENSG00000183576,ENSG00000176473,ENSG00000214548,ENSG00000247970,ENSG00000205476,ENSG00000036530,ENSG00000223403","ENSG00000259004,ENSG00000201263,ENSG00000283279,ENSG00000199390,ENSG00000185559,ENSG00000259166,ENSG00000207934,ENSG00000258404,ENSG00000258560,ENSG00000198984,ENSG00000202142,ENSG00000199015,ENSG00000202293,ENSG00000207646,ENSG00000283840,ENSG00000212384,ENSG00000036530,ENSG00000276352,ENSG00000274884,ENSG00000199107,ENSG00000283561,ENSG00000199020,ENSG00000202048,ENSG00000202191,ENSG00000199012,ENSG00000201036,ENSG00000253075,ENSG00000197119,ENSG00000243976,ENSG00000283588,ENSG00000207762,ENSG00000258500,ENSG00000283170,ENSG00000196273,ENSG00000258681,ENSG00000199836,ENSG00000201700,ENSG00000200832,ENSG00000258576,ENSG00000200612,ENSG00000199082,ENSG00000199005,ENSG00000258521,ENSG00000208027,ENSG00000201557,ENSG00000140105,ENSG00000212040,ENSG00000221036,ENSG00000066629,ENSG00000272344,ENSG00000214548,ENSG00000258919,ENSG00000201899,ENSG00000207742,ENSG00000201240,ENSG00000090061,ENSG00000207961,ENSG00000100811,ENSG00000216099,ENSG00000200089,ENSG00000201500,ENSG00000207978,ENSG00000176473,ENSG00000259023,ENSG00000207993,ENSG00000207754,ENSG00000258861,ENSG00000221745,ENSG00000199109,ENSG00000258982,ENSG00000207743,ENSG00000202560,ENSG00000207749,ENSG00000199092,ENSG00000258460,ENSG00000265154,ENSG00000221525,ENSG00000283159,ENSG00000275662,ENSG00000266461,ENSG00000198982,ENSG00000207761,ENSG00000215957,ENSG00000288252,ENSG00000199914,ENSG00000271198,ENSG00000182218,ENSG00000207989,ENSG00000199798,ENSG00000183092,ENSG00000247970,ENSG00000196405,ENSG00000200636,ENSG00000200632,ENSG00000211582,ENSG00000183576,ENSG00000207587,ENSG00000200608,ENSG00000258693,ENSG00000283556,ENSG00000194717,ENSG00000200279,ENSG00000223403,ENSG00000289278,ENSG00000199025,ENSG00000201950,ENSG00000201710,ENSG00000207959,ENSG00000201839,ENSG00000242888,ENSG00000216179,ENSG00000140107,ENSG00000205476,ENSG00000221614,ENSG00000258717,ENSG00000168350,ENSG00000258497,ENSG00000277754,ENSG00000199942,ENSG00000288245,ENSG00000272474,ENSG00000208004,ENSG00000207208,ENSG00000275161,ENSG00000200823,ENSG00000286551,ENSG00000199088,ENSG00000230805,ENSG00000199151,ENSG00000259082,ENSG00000199069",ENSG00000140105,Liver eQTLs,train
20014026500092196-92196000002354,chr15,"15-43636960-T-C,15-43637985-T-C,15-43638525-G-A,15-43639770-A-G,15-43644760-T-C,15-43650384-G-A,15-43655394-T-C,15-43661802-T-C,15-43667900-T-C,15-43671355-A-G,15-43645474-AAAAC-A,15-43637567-A-AAAG,15-43660444-C-G,15-43660445-C-G,15-43660442-G-C,15-43660443-G-T,15-43678663-A-C,15-43650335-C-T,15-43666653-A-T,15-43645246-T-C,15-43646347-A-G,15-43647627-A-G,15-43648444-G-A,15-43631356-G-A,15-43632138-A-G,15-43632549-T-C,15-43737188-G-A,15-43685332-A-G,15-43774202-C-G,15-43777985-G-A,15-43783164-C-A,15-43629405-T-C,15-43585520-T-C,15-43773467-C-T,15-43715696-C-CAAT,15-43715793-C-CT,15-43717678-A-G,15-43718435-T-C,15-43719392-C-T,15-43719755-C-T,15-43720533-G-C,15-43722077-G-C,15-43729998-C-T,15-43748304-A-G,15-43749852-G-A,15-43752751-T-C,15-43756210-A-G,15-43761264-G-C,15-43764368-A-C,15-43766025-G-C,15-43767774-G-C,15-43785765-AG-A,15-43788595-A-G,15-43791706-A-C,15-43800968-A-C,15-43589720-G-GGAAA,15-43589720-G-GGAAA,15-43589720-G-GGAAA,15-43779528-GA-G,15-43586110-C-CG,15-43586907-T-A,15-43586908-C-A,15-43648629-C-T,15-43750237-C-A,15-43618734-A-G,15-43610135-A-G,15-43610772-C-T,15-43613810-T-C,15-43614281-C-T,15-43704558-C-T,15-43715171-A-G,15-43722610-C-G,15-43722742-A-G,15-43724646-T-G,15-43740970-G-A,15-43741153-T-C,15-43742626-T-C,15-43760859-G-GTATT,15-43763999-C-T,15-43800429-A-G,15-43633861-A-AC,15-43597737-T-C,15-43588484-G-A,15-43589582-C-T,15-43605439-T-G,15-43714625-C-G,15-43593827-C-CA,15-43587745-C-G,15-43739936-T-A,15-43802024-C-T,15-43695083-T-A,15-43684939-T-C,15-43690565-A-G,15-43698212-C-T,15-43700930-G-T,15-43803621-A-C,15-43805988-T-C,15-43829882-A-G,15-43811843-C-G,15-43816917-G-A,15-43824030-A-G,15-43829008-C-T,15-43817406-T-C,15-43823813-A-G,15-43826557-C-T,15-43831097-G-A,15-43847137-A-G,15-43846036-A-G,15-43853589-AC-A,15-43853591-T-A,15-43853603-G-A,15-43685140-A-C","ENSG00000140259,ENSG00000128881,ENSG00000159459,ENSG00000274403,ENSG00000260799,ENSG00000103994,ENSG00000289277,ENSG00000092470,ENSG00000168806,ENSG00000261684,ENSG00000205771,ENSG00000242028,ENSG00000205871,ENSG00000137822,ENSG00000166946,ENSG00000092529,ENSG00000140264,ENSG00000166734,ENSG00000168781,ENSG00000140326,ENSG00000166762,ENSG00000137814,ENSG00000067369,ENSG00000137842,ENSG00000180979,ENSG00000166947,ENSG00000092531,ENSG00000260490,ENSG00000159433,ENSG00000167004,ENSG00000128886,ENSG00000166963,ENSG00000275601,ENSG00000140265,ENSG00000278769","ENSG00000180979,ENSG00000243871,ENSG00000166947,ENSG00000275601,ENSG00000092470,ENSG00000242028,ENSG00000166734,ENSG00000278769,ENSG00000159495,ENSG00000166946,ENSG00000128881,ENSG00000259595,ENSG00000137822,ENSG00000159433,ENSG00000200391,ENSG00000205871,ENSG00000261684,ENSG00000159459,ENSG00000137814,ENSG00000140265,ENSG00000286877,ENSG00000260799,ENSG00000259499,ENSG00000092529,ENSG00000067369,ENSG00000260928,ENSG00000261679,ENSG00000140264,ENSG00000103994,ENSG00000289277,ENSG00000206589,ENSG00000166963,ENSG00000260490,ENSG00000224055,ENSG00000285080,ENSG00000185607,ENSG00000201136,ENSG00000205771,ENSG00000168806,ENSG00000202211,ENSG00000281269,ENSG00000167004,ENSG00000259335,ENSG00000092531,ENSG00000137842,ENSG00000140326,ENSG00000140259,ENSG00000254793,ENSG00000168781,ENSG00000104055,ENSG00000274403,ENSG00000222398,ENSG00000166762,ENSG00000260406,ENSG00000206991,ENSG00000128886",ENSG00000140265,Liver eQTLs,train
20014101300092196-92196000002905,chr16,"16-90105004-T-G,16-90103246-C-G,16-90103087-C-T,16-90103117-G-A","ENSG00000167522,ENSG00000178773,ENSG00000204991,ENSG00000261253,ENSG00000167523,ENSG00000223959,ENSG00000221819,ENSG00000261373,ENSG00000177946,ENSG00000258839,ENSG00000141002,ENSG00000141013,ENSG00000260923,ENSG00000015413,ENSG00000275734,ENSG00000129910,ENSG00000185324,ENSG00000167526,ENSG00000176715,ENSG00000140995,ENSG00000158792,ENSG00000260528,ENSG00000259877,ENSG00000259803,ENSG00000197912,ENSG00000131165,ENSG00000187741,ENSG00000075399,ENSG00000260259,ENSG00000003249,ENSG00000258947,ENSG00000261118,ENSG00000158805,ENSG00000261172,ENSG00000170100,ENSG00000268218,ENSG00000260279","ENSG00000261118,ENSG00000197912,ENSG00000260259,ENSG00000167526,ENSG00000176715,ENSG00000259877,ENSG00000158792,ENSG00000223959,ENSG00000259803,ENSG00000260528,ENSG00000177946,ENSG00000287351,ENSG00000185324,ENSG00000167522,ENSG00000141002,ENSG00000131165,ENSG00000261172,ENSG00000140995,ENSG00000158805,ENSG00000270832,ENSG00000141013,ENSG00000222359,ENSG00000129910,ENSG00000187741,ENSG00000167523,ENSG00000261253,ENSG00000204991,ENSG00000003249,ENSG00000259006,ENSG00000015413,ENSG00000178773,ENSG00000261373,ENSG00000268218,ENSG00000258839,ENSG00000261692,ENSG00000260923,ENSG00000252887,ENSG00000275734,ENSG00000170100,ENSG00000075399,ENSG00000260507,ENSG00000205015,ENSG00000258947,ENSG00000221819,ENSG00000260279",ENSG00000141013,Liver eQTLs,train
20014102800092196-92196000002924,chr17,"17-13918737-G-A,17-13918801-C-G,17-13906080-A-C,17-13901793-C-T,17-13902887-T-C,17-13908869-ACT-A,17-13909320-G-C,17-13912421-C-T,17-13917331-T-C,17-13917712-G-T,17-13917713-C-T,17-13918043-C-A,17-13918136-C-T,17-13918162-CCA-C,17-13918569-G-T,17-13930263-A-G,17-13930364-G-A,17-13930843-G-A,17-13930863-C-G,17-13933598-T-C,17-13936531-C-T,17-13940233-G-C,17-13941552-A-G,17-13923440-C-T,17-13940243-C-T,17-13945015-A-C,17-13914005-G-A,17-13941225-C-A,17-13930507-T-C,17-13917514-G-A,17-13910573-TC-T,17-13896570-A-C,17-13896690-C-T,17-13900312-G-A,17-13896938-T-C,17-13944117-A-T,17-13930025-T-C,17-13935446-G-C,17-13928124-A-G,17-13932073-C-T,17-13929953-T-A","ENSG00000266378,ENSG00000125430,ENSG00000265494,ENSG00000006744,ENSG00000230647,ENSG00000266709,ENSG00000141028,ENSG00000236088,ENSG00000153976,ENSG00000230897","ENSG00000205325,ENSG00000230647,ENSG00000265494,ENSG00000006744,ENSG00000226130,ENSG00000266744,ENSG00000221698,ENSG00000153976,ENSG00000230897,ENSG00000280168,ENSG00000273098,ENSG00000266378,ENSG00000141028,ENSG00000277621,ENSG00000238212,ENSG00000236088,ENSG00000125430,ENSG00000234634,ENSG00000262786,ENSG00000252305,ENSG00000266709",ENSG00000141028,Liver eQTLs,train
20014112700092196-92196000002970,chr17,"17-18775565-G-A,17-18787182-C-G,17-18782691-G-A,17-18784488-TA-T,17-18767846-C-T,17-18804385-T-C,17-18756118-G-A,17-18749766-C-T","ENSG00000189343,ENSG00000091536,ENSG00000177302,ENSG00000188522,ENSG00000279428,ENSG00000171916,ENSG00000176974,ENSG00000177427,ENSG00000214860,ENSG00000128482,ENSG00000175662,ENSG00000205266,ENSG00000171953,ENSG00000266079,ENSG00000263934,ENSG00000142494,ENSG00000232344,ENSG00000108641,ENSG00000233327,ENSG00000171962,ENSG00000154016,ENSG00000231625,ENSG00000214856,ENSG00000141034,ENSG00000108591,ENSG00000260647,ENSG00000280198,ENSG00000072134,ENSG00000264932,ENSG00000177731,ENSG00000266677,ENSG00000171931,ENSG00000176994,ENSG00000262769,ENSG00000108448,ENSG00000174977,ENSG00000131899,ENSG00000091542,ENSG00000240445,ENSG00000108602,ENSG00000228983,ENSG00000166482,ENSG00000154025,ENSG00000249459,ENSG00000141127,ENSG00000083290,ENSG00000228725,ENSG00000235672,ENSG00000154874,ENSG00000273018,ENSG00000072210,ENSG00000180638,ENSG00000265478,ENSG00000166484","ENSG00000141127,ENSG00000265478,ENSG00000280198,ENSG00000266179,ENSG00000264785,ENSG00000274111,ENSG00000214860,ENSG00000235672,ENSG00000197665,ENSG00000261987,ENSG00000263934,ENSG00000264932,ENSG00000224126,ENSG00000240445,ENSG00000228157,ENSG00000260647,ENSG00000265185,ENSG00000249459,ENSG00000283675,ENSG00000273018,ENSG00000263206,ENSG00000091536,ENSG00000262292,ENSG00000189152,ENSG00000131899,ENSG00000230607,ENSG00000228331,ENSG00000271900,ENSG00000263045,ENSG00000265693,ENSG00000204471,ENSG00000279428,ENSG00000180638,ENSG00000230662,ENSG00000177731,ENSG00000108641,ENSG00000186831,ENSG00000262769,ENSG00000141034,ENSG00000252349,ENSG00000265126,ENSG00000230197,ENSG00000236022,ENSG00000128482,ENSG00000227078,ENSG00000233327,ENSG00000174977,ENSG00000228725,ENSG00000188522,ENSG00000166482,ENSG00000154016,ENSG00000227919,ENSG00000274747,ENSG00000267492,ENSG00000176994,ENSG00000175662,ENSG00000091542,ENSG00000263394,ENSG00000266311,ENSG00000235397,ENSG00000171953,ENSG00000177427,ENSG00000072210,ENSG00000221540,ENSG00000108591,ENSG00000083290,ENSG00000262202,ENSG00000266079,ENSG00000154025,ENSG00000212618,ENSG00000108448,ENSG00000177302,ENSG00000229526,ENSG00000281856,ENSG00000266162,ENSG00000196893,ENSG00000264940,ENSG00000264273,ENSG00000265746,ENSG00000214856,ENSG00000154874,ENSG00000250111,ENSG00000231625,ENSG00000167494,ENSG00000072134,ENSG00000166484,ENSG00000171931,ENSG00000266677,ENSG00000232344,ENSG00000237382,ENSG00000266664,ENSG00000227689,ENSG00000176974,ENSG00000228000,ENSG00000275206,ENSG00000283772,ENSG00000230273,ENSG00000205266,ENSG00000276532,ENSG00000108602,ENSG00000262262,ENSG00000242752,ENSG00000228983,ENSG00000226746,ENSG00000189343,ENSG00000171962,ENSG00000171916,ENSG00000207839,ENSG00000142494,ENSG00000231477,ENSG00000263107,ENSG00000189375,ENSG00000287196",ENSG00000141127,Liver eQTLs,train
20014125200092196-92196000003072,chr17,"17-431364-T-G,17-410451-C-A,17-440497-G-A,17-407465-C-A,17-449447-A-G,17-437083-CT-C,17-418171-G-T,17-436900-T-C,17-415667-T-C,17-407402-A-G,17-439124-A-G,17-410113-A-G,17-408125-G-A,17-425099-G-T,17-429012-A-C,17-429032-A-G,17-433001-G-A,17-440108-A-C,17-443527-A-G,17-444517-T-C,17-446162-A-G,17-448042-A-G","ENSG00000108953,ENSG00000262294,ENSG00000277491,ENSG00000167695,ENSG00000179409,ENSG00000167193,ENSG00000167693,ENSG00000262920,ENSG00000262003,ENSG00000280279,ENSG00000262228,ENSG00000187624,ENSG00000141252,ENSG00000262777,ENSG00000167699,ENSG00000177370,ENSG00000183688,ENSG00000262434,ENSG00000159842,ENSG00000262061,ENSG00000272636,ENSG00000181031,ENSG00000231784,ENSG00000236618,ENSG00000132376,ENSG00000262558,ENSG00000171861,ENSG00000197879,ENSG00000205899","ENSG00000179409,ENSG00000275997,ENSG00000177370,ENSG00000108953,ENSG00000278794,ENSG00000235361,ENSG00000141252,ENSG00000181031,ENSG00000262133,ENSG00000262061,ENSG00000277491,ENSG00000241525,ENSG00000262294,ENSG00000187624,ENSG00000280136,ENSG00000183688,ENSG00000231784,ENSG00000277613,ENSG00000268320,ENSG00000197879,ENSG00000167193,ENSG00000205899,ENSG00000272636,ENSG00000159842,ENSG00000262708,ENSG00000236618,ENSG00000262003,ENSG00000167693,ENSG00000167699,ENSG00000262213,ENSG00000263017,ENSG00000167695,ENSG00000273172,ENSG00000280279,ENSG00000263015,ENSG00000132376,ENSG00000262434,ENSG00000262920,ENSG00000262777,ENSG00000262228,ENSG00000262558,ENSG00000171861,ENSG00000264429",ENSG00000141252,Liver eQTLs,train
20014125800092196-92196000002990,chr17,"17-2251059-G-A,17-2249919-T-A,17-2248007-CAT-C","ENSG00000287553,ENSG00000177374,ENSG00000070444,ENSG00000174231,ENSG00000167716,ENSG00000108958,ENSG00000074660,ENSG00000236618,ENSG00000007168,ENSG00000262777,ENSG00000185924,ENSG00000186594,ENSG00000132376,ENSG00000186532,ENSG00000277597,ENSG00000127804,ENSG00000262050,ENSG00000239884,ENSG00000141258,ENSG00000262445,ENSG00000132359,ENSG00000132361,ENSG00000108963,ENSG00000167705,ENSG00000108953,ENSG00000272911,ENSG00000185561,ENSG00000174238,ENSG00000132383,ENSG00000167721,ENSG00000228133,ENSG00000197879,ENSG00000132386,ENSG00000167711,ENSG00000279432,ENSG00000167703,ENSG00000070366,ENSG00000167193,ENSG00000262333","ENSG00000228133,ENSG00000197879,ENSG00000279432,ENSG00000132376,ENSG00000277597,ENSG00000279340,ENSG00000243049,ENSG00000132361,ENSG00000265777,ENSG00000279562,ENSG00000108963,ENSG00000273606,ENSG00000261848,ENSG00000236457,ENSG00000186532,ENSG00000262869,ENSG00000280280,ENSG00000174238,ENSG00000167705,ENSG00000132383,ENSG00000167193,ENSG00000074660,ENSG00000262628,ENSG00000236618,ENSG00000243704,ENSG00000262953,ENSG00000007168,ENSG00000225084,ENSG00000167711,ENSG00000262333,ENSG00000108958,ENSG00000255095,ENSG00000132386,ENSG00000172150,ENSG00000142163,ENSG00000262050,ENSG00000267200,ENSG00000262402,ENSG00000177374,ENSG00000262810,ENSG00000262213,ENSG00000275084,ENSG00000280242,ENSG00000278941,ENSG00000183024,ENSG00000279872,ENSG00000167721,ENSG00000108953,ENSG00000186594,ENSG00000262445,ENSG00000272911,ENSG00000236838,ENSG00000070444,ENSG00000262884,ENSG00000185924,ENSG00000167716,ENSG00000280333,ENSG00000185561,ENSG00000287553,ENSG00000070366,ENSG00000262085,ENSG00000262480,ENSG00000172146,ENSG00000174231,ENSG00000289388,ENSG00000262777,ENSG00000267195,ENSG00000184166,ENSG00000279040,ENSG00000127804,ENSG00000239884,ENSG00000132359,ENSG00000141258,ENSG00000167703",ENSG00000141258,Liver eQTLs,train
20014129400092196-92196000003110,chr17,"17-45927411-G-C,17-45927412-G-A,17-45921906-T-C","ENSG00000002919,ENSG00000262879,ENSG00000263412,ENSG00000234494,ENSG00000230148,ENSG00000108433,ENSG00000178852,ENSG00000108439,ENSG00000141294,ENSG00000005243,ENSG00000182742,ENSG00000108468,ENSG00000239552,ENSG00000141293,ENSG00000266601,ENSG00000259207,ENSG00000120075,ENSG00000167183,ENSG00000108465,ENSG00000073861,ENSG00000141279,ENSG00000108511,ENSG00000278765,ENSG00000263766,ENSG00000264920,ENSG00000120093,ENSG00000253347,ENSG00000264701,ENSG00000263293,ENSG00000108424,ENSG00000198336,ENSG00000239291,ENSG00000082641,ENSG00000198933,ENSG00000228782,ENSG00000260027,ENSG00000006025,ENSG00000173917,ENSG00000167182,ENSG00000004897,ENSG00000136436","ENSG00000006025,ENSG00000263293,ENSG00000228782,ENSG00000210709,ENSG00000141279,ENSG00000120093,ENSG00000265964,ENSG00000108433,ENSG00000185294,ENSG00000289024,ENSG00000002919,ENSG00000267788,ENSG00000004897,ENSG00000238723,ENSG00000259207,ENSG00000136436,ENSG00000278223,ENSG00000265411,ENSG00000182742,ENSG00000256762,ENSG00000266497,ENSG00000167182,ENSG00000073861,ENSG00000267334,ENSG00000198336,ENSG00000278770,ENSG00000265547,ENSG00000141294,ENSG00000108439,ENSG00000262879,ENSG00000253347,ENSG00000234494,ENSG00000005243,ENSG00000108465,ENSG00000239291,ENSG00000198933,ENSG00000167183,ENSG00000263766,ENSG00000262539,ENSG00000264920,ENSG00000264701,ENSG00000277249,ENSG00000108468,ENSG00000108424,ENSG00000108511,ENSG00000263412,ENSG00000266504,ENSG00000120088,ENSG00000265315,ENSG00000262500,ENSG00000278765,ENSG00000266601,ENSG00000082641,ENSG00000263503,ENSG00000261886,ENSG00000262031,ENSG00000173917,ENSG00000199953,ENSG00000200888,ENSG00000230148,ENSG00000120075,ENSG00000141293,ENSG00000260027,ENSG00000285668,ENSG00000178852,ENSG00000239552",ENSG00000141294,Liver eQTLs,train
20014140400092196-92196000003318,chr18,"18-11686448-G-A,18-11681955-A-G,18-11676308-A-G,18-11677017-C-T,18-11676945-GCTGACAAGCACTGGTATCTA-G,18-11677048-G-C,18-11677759-C-T,18-11677970-T-C,18-11678173-T-C,18-11678548-T-C,18-11679011-A-T,18-11680771-CCT-C,18-11680843-C-A,18-11681181-A-G,18-11682135-C-G,18-11682438-T-G,18-11683370-T-C,18-11683495-G-A,18-11684180-G-A,18-11684648-G-A,18-11685003-T-C,18-11685033-C-T,18-11685096-C-T,18-11685126-T-G,18-11685366-C-CT,18-11685688-T-C,18-11686120-G-A,18-11680162-T-G,18-11671908-C-T,18-11670036-G-A,18-11670411-T-G,18-11670223-T-C","ENSG00000154864,ENSG00000257513,ENSG00000141385,ENSG00000141391,ENSG00000154889,ENSG00000176014,ENSG00000134278,ENSG00000267249,ENSG00000267480,ENSG00000128789,ENSG00000273141,ENSG00000255112,ENSG00000141404,ENSG00000176194,ENSG00000141401,ENSG00000267199","ENSG00000154889,ENSG00000260759,ENSG00000267333,ENSG00000267162,ENSG00000283492,ENSG00000255112,ENSG00000267051,ENSG00000266955,ENSG00000286812,ENSG00000264843,ENSG00000267247,ENSG00000267564,ENSG00000257513,ENSG00000267722,ENSG00000266995,ENSG00000273141,ENSG00000279285,ENSG00000267069,ENSG00000267480,ENSG00000176194,ENSG00000267661,ENSG00000263682,ENSG00000267199,ENSG00000199702,ENSG00000272703,ENSG00000200827,ENSG00000289550,ENSG00000154864,ENSG00000280302,ENSG00000176014,ENSG00000141385,ENSG00000267773,ENSG00000273119,ENSG00000267249,ENSG00000236396,ENSG00000267663,ENSG00000267733,ENSG00000267371,ENSG00000267116,ENSG00000274838,ENSG00000141401,ENSG00000267794,ENSG00000181626,ENSG00000128789,ENSG00000251937,ENSG00000267478,ENSG00000267108,ENSG00000267643,ENSG00000267455,ENSG00000212712,ENSG00000141404,ENSG00000141391,ENSG00000267292,ENSG00000267143,ENSG00000267252,ENSG00000267076,ENSG00000263952,ENSG00000134278,ENSG00000267425",ENSG00000141404,Liver eQTLs,train
20014151900092196-92196000003266,chr17,"17-78021037-A-G,17-78021260-T-C,17-78021529-A-G,17-78021214-T-C,17-78021493-A-G,17-78010946-C-T,17-78011360-A-G,17-78011370-A-C,17-78011691-A-G,17-78011368-T-C,17-78012850-A-G,17-78019780-G-T,17-78017180-A-C,17-78018751-G-T,17-78018810-A-G,17-78019345-G-A,17-78019942-G-A,17-78012363-C-T,17-78016892-C-T,17-78010250-G-T,17-78007887-G-A,17-78012348-G-A,17-78017284-ATTGGAACACACCCCTGCGGCCGGCC-A,17-78003854-T-C,17-78007062-A-G,17-78001674-C-T,17-78002696-C-G,17-78002967-G-A,17-78004093-C-A,17-78000740-C-T,17-78007613-T-G,17-78021419-C-A,17-78021508-C-T,17-78021580-A-C,17-78021819-C-A,17-78021851-T-A,17-78021887-T-C,17-78022014-A-G,17-78022245-G-A,17-78022758-C-G,17-78022778-A-C,17-78022857-A-G,17-78022873-AC-A,17-78022925-A-G,17-78022966-T-C,17-78024321-C-A,17-78024486-G-A,17-78024608-C-T,17-78024653-C-A,17-78024675-C-T,17-78024683-G-A,17-78024687-G-A,17-78024706-A-G,17-78025178-T-C,17-78025913-A-C,17-78024542-T-C,17-78026534-G-A,17-78026867-C-T,17-78027009-A-G,17-78025696-A-G,17-78026882-G-A,17-78023614-G-A,17-78026069-G-C,17-78026694-C-T","ENSG00000279259,ENSG00000262188,ENSG00000260369,ENSG00000167291,ENSG00000141582,ENSG00000182156,ENSG00000267719,ENSG00000173818,ENSG00000226137,ENSG00000173821,ENSG00000141527,ENSG00000175866,ENSG00000181523,ENSG00000280351,ENSG00000181045,ENSG00000171298,ENSG00000262585,ENSG00000262873,ENSG00000141543,ENSG00000262580,ENSG00000261978,ENSG00000176108,ENSG00000280248,ENSG00000262979,ENSG00000263069,ENSG00000167280,ENSG00000173894,ENSG00000141570,ENSG00000141564,ENSG00000141519","ENSG00000167280,ENSG00000252391,ENSG00000204283,ENSG00000267790,ENSG00000243426,ENSG00000264060,ENSG00000200651,ENSG00000238898,ENSG00000262580,ENSG00000286534,ENSG00000265121,ENSG00000171298,ENSG00000267355,ENSG00000141543,ENSG00000181523,ENSG00000267263,ENSG00000141519,ENSG00000261978,ENSG00000262188,ENSG00000267491,ENSG00000267432,ENSG00000173818,ENSG00000279886,ENSG00000141564,ENSG00000279259,ENSG00000280351,ENSG00000279600,ENSG00000262585,ENSG00000175866,ENSG00000267770,ENSG00000267719,ENSG00000267016,ENSG00000238658,ENSG00000173821,ENSG00000222808,ENSG00000141570,ENSG00000263069,ENSG00000141527,ENSG00000283914,ENSG00000226137,ENSG00000173894,ENSG00000262979,ENSG00000176108,ENSG00000243870,ENSG00000200063,ENSG00000181045,ENSG00000262873,ENSG00000267463,ENSG00000182156,ENSG00000167291,ENSG00000279572,ENSG00000260369,ENSG00000141582,ENSG00000280248",ENSG00000141519,Liver eQTLs,train
20014156000092196-92196000003306,chr17,"17-80678628-C-CCTT,17-80679455-T-A,17-80680394-T-C,17-80675105-G-C,17-80680589-G-A","ENSG00000141551,ENSG00000225663,ENSG00000141580,ENSG00000287737,ENSG00000169727,ENSG00000263321,ENSG00000169750,ENSG00000141522,ENSG00000169738,ENSG00000176845,ENSG00000262410,ENSG00000260563,ENSG00000141579,ENSG00000288807,ENSG00000215644,ENSG00000141526,ENSG00000265136,ENSG00000183684,ENSG00000176155,ENSG00000141562,ENSG00000169710,ENSG00000178927,ENSG00000141568,ENSG00000185269,ENSG00000265692,ENSG00000279066,ENSG00000169696,ENSG00000274370,ENSG00000263731,ENSG00000173762,ENSG00000262663,ENSG00000278876,ENSG00000167363,ENSG00000261888,ENSG00000266236,ENSG00000265678,ENSG00000263063,ENSG00000169660,ENSG00000141542,ENSG00000169718,ENSG00000265458,ENSG00000175711,ENSG00000185624,ENSG00000280407,ENSG00000262652,ENSG00000181396,ENSG00000141574,ENSG00000183010,ENSG00000264548,ENSG00000266445,ENSG00000260011,ENSG00000197063,ENSG00000279613,ENSG00000185813,ENSG00000141560,ENSG00000264569,ENSG00000287193,ENSG00000187531,ENSG00000141552,ENSG00000169689,ENSG00000279372,ENSG00000141556,ENSG00000265688,ENSG00000279744,ENSG00000169683,ENSG00000169733,ENSG00000275888,ENSG00000182676","ENSG00000197063,ENSG00000175711,ENSG00000276863,ENSG00000181396,ENSG00000232083,ENSG00000141542,ENSG00000262663,ENSG00000278876,ENSG00000187531,ENSG00000263063,ENSG00000141556,ENSG00000274833,ENSG00000264961,ENSG00000176155,ENSG00000260011,ENSG00000183010,ENSG00000176845,ENSG00000169733,ENSG00000141522,ENSG00000262833,ENSG00000264569,ENSG00000141562,ENSG00000169696,ENSG00000173762,ENSG00000279372,ENSG00000207736,ENSG00000178927,ENSG00000169750,ENSG00000141552,ENSG00000280407,ENSG00000266392,ENSG00000265692,ENSG00000141551,ENSG00000287193,ENSG00000141568,ENSG00000262000,ENSG00000287737,ENSG00000169727,ENSG00000287403,ENSG00000185269,ENSG00000266445,ENSG00000275888,ENSG00000213128,ENSG00000185813,ENSG00000262313,ENSG00000169738,ENSG00000169683,ENSG00000266189,ENSG00000274370,ENSG00000262652,ENSG00000141526,ENSG00000141580,ENSG00000141560,ENSG00000279273,ENSG00000263321,ENSG00000262768,ENSG00000169710,ENSG00000262410,ENSG00000262662,ENSG00000265561,ENSG00000261888,ENSG00000215644,ENSG00000169660,ENSG00000279613,ENSG00000263731,ENSG00000265136,ENSG00000141579,ENSG00000169689,ENSG00000262343,ENSG00000263154,ENSG00000266236,ENSG00000278200,ENSG00000167363,ENSG00000225180,ENSG00000221025,ENSG00000182676,ENSG00000211563,ENSG00000279066,ENSG00000240270,ENSG00000225663,ENSG00000289140,ENSG00000271340,ENSG00000288807,ENSG00000141574,ENSG00000260563,ENSG00000185624,ENSG00000183684,ENSG00000265678,ENSG00000264548,ENSG00000169718,ENSG00000207021,ENSG00000266665,ENSG00000275516,ENSG00000265688,ENSG00000279744,ENSG00000265458",ENSG00000141560,Liver eQTLs,train
20014156200092196-92196000003304,chr17,"17-80417741-TA-T,17-80419724-C-T,17-80426550-TA-T,17-80427340-G-C,17-80427817-A-G,17-80429127-T-C,17-80416392-G-A,17-80416399-C-G,17-80416405-G-C,17-80415981-T-C,17-80416377-C-G,17-80417359-T-G,17-80417422-C-A,17-80411830-A-G,17-80430804-A-T,17-80414763-C-A,17-80415001-C-T,17-80415242-T-A,17-80415914-A-G,17-80416090-C-G,17-80411099-A-G,17-80414949-A-G,17-80415315-C-T,17-80415766-TCTTA-T,17-80416069-C-T,17-80448533-A-G,17-80417150-G-T,17-80419492-A-C,17-80429037-G-C,17-80429644-C-G,17-80429496-A-G,17-80449676-G-A,17-80449711-T-A,17-80449784-A-G,17-80448017-T-A,17-80455168-C-G,17-80453933-C-T,17-80454497-C-T,17-80454577-T-C,17-80454770-C-T,17-80459681-A-G,17-80455154-T-C,17-80456621-A-C,17-80457898-T-C","ENSG00000182612,ENSG00000141580,ENSG00000204237,ENSG00000265688,ENSG00000265678,ENSG00000141562,ENSG00000214087,ENSG00000185624,ENSG00000274370,ENSG00000184009,ENSG00000181396,ENSG00000141568,ENSG00000141526,ENSG00000176155,ENSG00000288807,ENSG00000265136,ENSG00000141552,ENSG00000280407,ENSG00000182676,ENSG00000262049,ENSG00000141551,ENSG00000185527,ENSG00000185269,ENSG00000278876,ENSG00000141574,ENSG00000261888,ENSG00000287193,ENSG00000186765,ENSG00000275902,ENSG00000225663,ENSG00000183010,ENSG00000169727,ENSG00000183684,ENSG00000265692,ENSG00000279066,ENSG00000262663,ENSG00000266445,ENSG00000197063,ENSG00000178927,ENSG00000141560,ENSG00000175711,ENSG00000169683,ENSG00000169738,ENSG00000187531,ENSG00000266236,ENSG00000264548,ENSG00000287737,ENSG00000185298,ENSG00000260563,ENSG00000262410,ENSG00000279613,ENSG00000176845,ENSG00000279372,ENSG00000185359,ENSG00000141579,ENSG00000182446,ENSG00000183048,ENSG00000141556,ENSG00000260011,ENSG00000169710,ENSG00000169733,ENSG00000262814,ENSG00000263731,ENSG00000263321,ENSG00000141522,ENSG00000262652,ENSG00000289182,ENSG00000264569,ENSG00000263063,ENSG00000169750,ENSG00000169689,ENSG00000141542,ENSG00000169718,ENSG00000173762,ENSG00000185504,ENSG00000167363,ENSG00000275888,ENSG00000185813,ENSG00000215644,ENSG00000169696","ENSG00000169738,ENSG00000185624,ENSG00000175711,ENSG00000288807,ENSG00000263063,ENSG00000141542,ENSG00000169750,ENSG00000262768,ENSG00000141574,ENSG00000141526,ENSG00000262049,ENSG00000185527,ENSG00000184009,ENSG00000185813,ENSG00000265678,ENSG00000141522,ENSG00000181396,ENSG00000260011,ENSG00000173762,ENSG00000275888,ENSG00000271340,ENSG00000279273,ENSG00000280407,ENSG00000141560,ENSG00000262652,ENSG00000276863,ENSG00000187531,ENSG00000169683,ENSG00000266189,ENSG00000141556,ENSG00000265688,ENSG00000275902,ENSG00000167363,ENSG00000240270,ENSG00000182612,ENSG00000178927,ENSG00000141580,ENSG00000185269,ENSG00000176845,ENSG00000185298,ENSG00000262833,ENSG00000279613,ENSG00000287737,ENSG00000141579,ENSG00000262814,ENSG00000262663,ENSG00000262410,ENSG00000262343,ENSG00000186765,ENSG00000221025,ENSG00000264548,ENSG00000141568,ENSG00000274833,ENSG00000225180,ENSG00000260563,ENSG00000287193,ENSG00000141551,ENSG00000266236,ENSG00000185504,ENSG00000232083,ENSG00000169696,ENSG00000176155,ENSG00000264961,ENSG00000169718,ENSG00000213128,ENSG00000265136,ENSG00000279066,ENSG00000275516,ENSG00000265561,ENSG00000266445,ENSG00000263154,ENSG00000169727,ENSG00000263731,ENSG00000262000,ENSG00000263321,ENSG00000266665,ENSG00000214087,ENSG00000207736,ENSG00000185359,ENSG00000265692,ENSG00000263278,ENSG00000183010,ENSG00000169689,ENSG00000262662,ENSG00000204237,ENSG00000169733,ENSG00000141562,ENSG00000169710,ENSG00000182446,ENSG00000289182,ENSG00000225663,ENSG00000261888,ENSG00000182676,ENSG00000278876,ENSG00000197063,ENSG00000211563,ENSG00000279372,ENSG00000183048,ENSG00000183684,ENSG00000141552,ENSG00000262313,ENSG00000274370,ENSG00000215644,ENSG00000264569,ENSG00000266392,ENSG00000287403",ENSG00000141562,Liver eQTLs,train
20014162200092196-92196000003364,chr18,"18-43911621-C-T,18-43911448-T-C,18-43913859-A-G,18-43907833-C-T,18-43907158-T-G","ENSG00000152223,ENSG00000134049,ENSG00000152234,ENSG00000280212,ENSG00000167216,ENSG00000141469,ENSG00000152242,ENSG00000152240,ENSG00000197046,ENSG00000274776,ENSG00000141622,ENSG00000267293,ENSG00000078043,ENSG00000167220,ENSG00000152229,ENSG00000267724","ENSG00000274776,ENSG00000152234,ENSG00000141622,ENSG00000202060,ENSG00000167216,ENSG00000285550,ENSG00000197046,ENSG00000152229,ENSG00000267716,ENSG00000278933,ENSG00000280365,ENSG00000280212,ENSG00000267337,ENSG00000152240,ENSG00000277899,ENSG00000152242,ENSG00000141469,ENSG00000078043,ENSG00000267724,ENSG00000134049,ENSG00000167220,ENSG00000267293,ENSG00000267573,ENSG00000152214,ENSG00000152223,ENSG00000287209",ENSG00000141622,Liver eQTLs,train
20014169800092196-92196000003055,chr17,"17-39992584-C-T,17-39992623-T-G,17-39993222-G-A,17-39977734-A-G,17-39991790-C-T,17-39991867-A-ATATC,17-39991988-G-A,17-39979062-T-A,17-39979081-C-G,17-39979082-C-G,17-39982151-A-G,17-39982264-G-A,17-39982990-T-C,17-39983644-A-C,17-39983808-G-C,17-39983820-G-A,17-39984162-T-C,17-39985493-T-C,17-39985586-C-T,17-39986484-C-T,17-39986754-T-C,17-39987361-G-A,17-39989662-G-A,17-39989766-T-C,17-39990357-T-C,17-39986654-G-A,17-39983849-G-C,17-39988601-C-T,17-39989073-C-T,17-39981131-G-A,17-39982361-C-T,17-39982432-A-C,17-39979267-GCTC-G,17-39994907-GT-G,17-39975164-C-T,17-39993485-C-T,17-39993748-T-C,17-39993771-G-A,17-39995305-G-C,17-39995453-A-G,17-39996734-G-A,17-39997265-A-G,17-39997374-A-C,17-39998141-C-T,17-40003347-G-A,17-40008267-C-A,17-40009690-C-T,17-40010979-G-A,17-40012732-G-T,17-40013497-G-A,17-40014194-G-A,17-40014701-C-CCT,17-40015538-A-G,17-40018312-G-A,17-39997856-C-A,17-39999279-G-A,17-40008056-C-A,17-40012224-G-A,17-40014736-G-A,17-40019598-A-G,17-40003016-G-A,17-40020085-C-T,17-39994879-T-C,17-40002927-G-C,17-40002928-G-A,17-40003421-C-T,17-40022724-A-G,17-40022809-A-G,17-40022929-G-A,17-40023025-T-C,17-40025264-G-T,17-40025453-T-C,17-40025670-G-A,17-40027869-A-T,17-40028450-A-T,17-40028541-A-G,17-40028568-C-G,17-40014076-C-T,17-40030453-A-C,17-40019504-C-T,17-39996226-A-T,17-40041676-C-T,17-40046569-T-C,17-39980819-C-T,17-40022931-A-G,17-39996172-C-T,17-40045649-G-A,17-40050312-C-T,17-40055293-C-T,17-40058204-C-A,17-40064861-T-C,17-40071117-G-A,17-40085038-G-A,17-40051722-G-C,17-40058212-G-A,17-40068613-G-A,17-40081677-C-T,17-40085665-C-T,17-40060850-G-A,17-40090520-C-T,17-40024868-AG-A,17-40098187-T-C,17-40057481-T-C,17-40096473-G-A,17-40103698-T-C,17-40118807-C-T,17-40105401-T-TATG,17-40114049-G-A,17-40114544-A-G,17-40115017-G-A,17-40123829-G-A,17-40123521-A-G,17-40081281-T-TTTA,17-40110764-C-T,17-40102154-CA-C,17-40118602-T-C","ENSG00000108799,ENSG00000260325,ENSG00000128422,ENSG00000178502,ENSG00000033627,ENSG00000173757,ENSG00000278829,ENSG00000177469,ENSG00000280295,ENSG00000108786,ENSG00000108773,ENSG00000131470,ENSG00000168259,ENSG00000171401,ENSG00000131475,ENSG00000131477,ENSG00000266962,ENSG00000173812,ENSG00000131473,ENSG00000176563,ENSG00000173786,ENSG00000168256,ENSG00000197291,ENSG00000267221,ENSG00000171431,ENSG00000167925,ENSG00000184451,ENSG00000108774,ENSG00000131467,ENSG00000126562,ENSG00000267632,ENSG00000186832,ENSG00000171346,ENSG00000108785,ENSG00000141699,ENSG00000108788,ENSG00000161594,ENSG00000126561,ENSG00000289579,ENSG00000141756,ENSG00000267185,ENSG00000168610,ENSG00000187595,ENSG00000037042,ENSG00000236194,ENSG00000173805,ENSG00000126581,ENSG00000068120,ENSG00000108771,ENSG00000141696,ENSG00000068137,ENSG00000108784,ENSG00000131462,ENSG00000287710,ENSG00000173801,ENSG00000108797,ENSG00000186847,ENSG00000108244,ENSG00000204815,ENSG00000183978,ENSG00000171345,ENSG00000214578,ENSG00000141698","ENSG00000236194,ENSG00000229028,ENSG00000173757,ENSG00000128422,ENSG00000184451,ENSG00000108785,ENSG00000108774,ENSG00000171345,ENSG00000177469,ENSG00000267185,ENSG00000108773,ENSG00000265460,ENSG00000068120,ENSG00000171431,ENSG00000264488,ENSG00000141699,ENSG00000224244,ENSG00000214578,ENSG00000108799,ENSG00000108784,ENSG00000168256,ENSG00000197291,ENSG00000173801,ENSG00000186832,ENSG00000214546,ENSG00000187242,ENSG00000033627,ENSG00000204815,ENSG00000108244,ENSG00000126581,ENSG00000266588,ENSG00000168610,ENSG00000283721,ENSG00000141748,ENSG00000266048,ENSG00000279775,ENSG00000186075,ENSG00000183978,ENSG00000131462,ENSG00000265428,ENSG00000168259,ENSG00000167925,ENSG00000289579,ENSG00000266101,ENSG00000277426,ENSG00000266013,ENSG00000108788,ENSG00000037042,ENSG00000279806,ENSG00000108797,ENSG00000126562,ENSG00000131477,ENSG00000284144,ENSG00000287644,ENSG00000131473,ENSG00000161594,ENSG00000141756,ENSG00000267632,ENSG00000265359,ENSG00000266962,ENSG00000108771,ENSG00000171401,ENSG00000141698,ENSG00000173908,ENSG00000196859,ENSG00000240125,ENSG00000226117,ENSG00000265178,ENSG00000267221,ENSG00000126561,ENSG00000178502,ENSG00000171346,ENSG00000222777,ENSG00000280177,ENSG00000186847,ENSG00000068137,ENSG00000204897,ENSG00000131470,ENSG00000108786,ENSG00000173786,ENSG00000280295,ENSG00000222881,ENSG00000264663,ENSG00000173805,ENSG00000260325,ENSG00000287710,ENSG00000186393,ENSG00000278346,ENSG00000278829,ENSG00000131475,ENSG00000252618,ENSG00000131467,ENSG00000187595,ENSG00000265799,ENSG00000274621,ENSG00000173812,ENSG00000176563,ENSG00000234477,ENSG00000141696,ENSG00000204889",ENSG00000141698,Liver eQTLs,train
20014175900092196-92196000003411,chr18,"18-77739098-T-C,18-77740544-T-C,18-77744401-C-CT,18-77767935-A-G,18-77764129-TA-T,18-77736735-T-C,18-77745640-A-G,18-77746623-T-C,18-77747542-T-C,18-77748525-A-C,18-77749211-G-T,18-77755819-A-C,18-77756604-G-A,18-77756664-A-C,18-77758837-T-C,18-77759582-A-G,18-77762824-C-T,18-77764353-T-C,18-77765618-G-A,18-77765839-C-G,18-77766438-G-A,18-77766478-A-G,18-77766936-G-A,18-77767204-A-G,18-77767566-T-C,18-77736966-AT-A,18-77743996-A-G,18-77730197-A-G,18-77755179-T-C,18-77751151-A-G,18-77752801-C-T,18-77753037-G-A,18-77753043-C-T,18-77755660-C-T,18-77756289-G-A,18-77757448-A-AAAT,18-77757882-T-A,18-77757949-T-G,18-77762141-C-T,18-77766298-C-T,18-77766383-CA-C,18-77729549-T-C,18-77730825-A-G,18-77726944-G-C,18-77728135-G-T,18-77737397-C-T,18-77728594-A-G,18-77723434-C-T,18-77723435-T-C,18-77723832-G-A,18-77723843-G-A,18-77724288-C-T,18-77725699-A-G,18-77768880-C-T,18-77769368-T-C,18-77738025-C-T,18-77792826-A-C,18-77778816-T-C,18-77789522-T-C,18-77772151-T-C,18-77773284-A-G,18-77775414-A-G,18-77786210-G-A,18-77787419-A-C,18-77788456-T-C,18-77788595-A-AG,18-77791289-T-C,18-77792676-T-C,18-77807610-T-C,18-77795985-A-G,18-77796239-G-T,18-77796386-A-C,18-77797321-C-T,18-77799495-T-C,18-77801700-G-A,18-77803716-A-G,18-77804678-T-G,18-77806509-A-G,18-77824423-A-C,18-77730585-CT-C,18-77807702-A-G,18-77797884-A-G,18-77723052-AGCGTGCGTCAGC-A","ENSG00000101546,ENSG00000141759,ENSG00000122490,ENSG00000274828,ENSG00000166377,ENSG00000060069,ENSG00000278075,ENSG00000131196,ENSG00000178342,ENSG00000267251,ENSG00000178184,ENSG00000286186,ENSG00000267270,ENSG00000267655,ENSG00000278000,ENSG00000226742,ENSG00000101544","ENSG00000266844,ENSG00000252097,ENSG00000278075,ENSG00000286727,ENSG00000265378,ENSG00000265844,ENSG00000101544,ENSG00000201723,ENSG00000199392,ENSG00000265626,ENSG00000271702,ENSG00000178184,ENSG00000131196,ENSG00000274828,ENSG00000286186,ENSG00000166377,ENSG00000267270,ENSG00000060069,ENSG00000275355,ENSG00000178342,ENSG00000199728,ENSG00000244229,ENSG00000265843,ENSG00000252260,ENSG00000266213,ENSG00000101546,ENSG00000265261,ENSG00000122490,ENSG00000166573,ENSG00000226742,ENSG00000264015,ENSG00000265644,ENSG00000267655,ENSG00000267251,ENSG00000278000,ENSG00000141759,ENSG00000264693,ENSG00000264334,ENSG00000264736,ENSG00000265836",ENSG00000141759,Liver eQTLs,train
20014210200092196-92196000001232,chr11,"11-288883-A-G,11-291694-A-G,11-295445-A-C","ENSG00000250397,ENSG00000142082,ENSG00000184363,ENSG00000254872,ENSG00000185187,ENSG00000177697,ENSG00000177225,ENSG00000230724,ENSG00000184956,ENSG00000099849,ENSG00000023191,ENSG00000177951,ENSG00000185885,ENSG00000099834,ENSG00000174915,ENSG00000177106,ENSG00000185522,ENSG00000161328,ENSG00000177542,ENSG00000142102,ENSG00000177685,ENSG00000185507,ENSG00000177830,ENSG00000177042,ENSG00000247095,ENSG00000251661,ENSG00000069696,ENSG00000177963,ENSG00000142089,ENSG00000177595,ENSG00000206013,ENSG00000183020,ENSG00000199785,ENSG00000255237,ENSG00000269915,ENSG00000070047,ENSG00000270972,ENSG00000177600,ENSG00000185201,ENSG00000255328,ENSG00000174885,ENSG00000174775,ENSG00000117983,ENSG00000255158,ENSG00000255142,ENSG00000185101,ENSG00000288675,ENSG00000254815,ENSG00000279672,ENSG00000214063,ENSG00000182272,ENSG00000177156,ENSG00000185627,ENSG00000277290,ENSG00000070031,ENSG00000255284,ENSG00000177666,ENSG00000184524,ENSG00000177700,ENSG00000288033,ENSG00000177030","ENSG00000288033,ENSG00000184956,ENSG00000222225,ENSG00000255229,ENSG00000255284,ENSG00000253826,ENSG00000177685,ENSG00000177225,ENSG00000177700,ENSG00000174885,ENSG00000254468,ENSG00000177697,ENSG00000177947,ENSG00000224777,ENSG00000161328,ENSG00000183020,ENSG00000174775,ENSG00000174915,ENSG00000184363,ENSG00000222561,ENSG00000069696,ENSG00000177030,ENSG00000286275,ENSG00000247095,ENSG00000199785,ENSG00000206013,ENSG00000279672,ENSG00000250397,ENSG00000269915,ENSG00000185507,ENSG00000177600,ENSG00000270972,ENSG00000142089,ENSG00000255328,ENSG00000214063,ENSG00000254815,ENSG00000177830,ENSG00000255158,ENSG00000230724,ENSG00000185522,ENSG00000255533,ENSG00000188076,ENSG00000177963,ENSG00000070047,ENSG00000255089,ENSG00000099849,ENSG00000254872,ENSG00000275669,ENSG00000182272,ENSG00000277290,ENSG00000099834,ENSG00000177595,ENSG00000177156,ENSG00000142082,ENSG00000255237,ENSG00000184524,ENSG00000070031,ENSG00000117983,ENSG00000288675,ENSG00000177106,ENSG00000185627,ENSG00000185201,ENSG00000270921,ENSG00000185187,ENSG00000142102,ENSG00000177951,ENSG00000185885,ENSG00000023191,ENSG00000185101,ENSG00000177042,ENSG00000177542,ENSG00000177666,ENSG00000251661,ENSG00000255142",ENSG00000142102,Liver eQTLs,train
20014214900092196-92196000004631,chr21,"21-33354147-C-T,21-33355408-A-G,21-33355605-A-G","ENSG00000159086,ENSG00000156299,ENSG00000238390,ENSG00000159055,ENSG00000256073,ENSG00000273271,ENSG00000230870,ENSG00000242220,ENSG00000142168,ENSG00000238197,ENSG00000156304,ENSG00000234509,ENSG00000142207,ENSG00000205929,ENSG00000159079,ENSG00000170262,ENSG00000227256,ENSG00000166979,ENSG00000142149,ENSG00000159082,ENSG00000205930","ENSG00000249624,ENSG00000207098,ENSG00000205930,ENSG00000273102,ENSG00000238220,ENSG00000244294,ENSG00000228961,ENSG00000256073,ENSG00000226501,ENSG00000215088,ENSG00000230870,ENSG00000229086,ENSG00000273271,ENSG00000252950,ENSG00000232539,ENSG00000234509,ENSG00000156304,ENSG00000142149,ENSG00000166979,ENSG00000159055,ENSG00000238390,ENSG00000159086,ENSG00000227757,ENSG00000156299,ENSG00000252045,ENSG00000238197,ENSG00000170262,ENSG00000142168,ENSG00000224427,ENSG00000200792,ENSG00000159082,ENSG00000142207,ENSG00000232360,ENSG00000227256,ENSG00000205927,ENSG00000205929,ENSG00000242220,ENSG00000159079,ENSG00000226527,ENSG00000228433,ENSG00000226433",ENSG00000142149,Liver eQTLs,train
20014219700092196-92196000004650,chr21,"21-37575535-G-A,21-37579176-T-C,21-37572401-T-G,21-37572412-T-C,21-37557008-G-A,21-37549848-T-A","ENSG00000159267,ENSG00000231106,ENSG00000237646,ENSG00000159259,ENSG00000185808,ENSG00000233393,ENSG00000236830,ENSG00000142197,ENSG00000233818,ENSG00000286517,ENSG00000289001,ENSG00000230479,ENSG00000273199,ENSG00000159256,ENSG00000226054,ENSG00000183145,ENSG00000182670,ENSG00000228107,ENSG00000224790,ENSG00000189089,ENSG00000159228,ENSG00000159216,ENSG00000185917,ENSG00000159261,ENSG00000159231,ENSG00000228677","ENSG00000226054,ENSG00000287470,ENSG00000183145,ENSG00000231106,ENSG00000159256,ENSG00000270652,ENSG00000233316,ENSG00000199806,ENSG00000159228,ENSG00000233393,ENSG00000215734,ENSG00000237646,ENSG00000159261,ENSG00000273199,ENSG00000182670,ENSG00000159267,ENSG00000223608,ENSG00000159259,ENSG00000263969,ENSG00000142197,ENSG00000236830,ENSG00000231231,ENSG00000224269,ENSG00000185917,ENSG00000189089,ENSG00000230479,ENSG00000233818,ENSG00000224790,ENSG00000159231,ENSG00000184029,ENSG00000289001,ENSG00000289538,ENSG00000185808,ENSG00000228677,ENSG00000273210,ENSG00000287637,ENSG00000228107,ENSG00000286852,ENSG00000286517,ENSG00000233213,ENSG00000231123,ENSG00000207416,ENSG00000231324,ENSG00000212136,ENSG00000226012,ENSG00000270835,ENSG00000198054,ENSG00000231480,ENSG00000286717,ENSG00000159216,ENSG00000159263",ENSG00000142197,Liver eQTLs,train
20014239600092196-92196000003879,chr19,19-58826521-T-G,"ENSG00000256060,ENSG00000198131,ENSG00000173480,ENSG00000121410,ENSG00000196724,ENSG00000171574,ENSG00000178935,ENSG00000121406,ENSG00000083812,ENSG00000083817,ENSG00000121413,ENSG00000268201,ENSG00000186230,ENSG00000213013,ENSG00000176293,ENSG00000269054,ENSG00000273901,ENSG00000279611,ENSG00000213762,ENSG00000083838,ENSG00000152443,ENSG00000121417,ENSG00000152454,ENSG00000283103,ENSG00000099326,ENSG00000130726,ENSG00000268049,ENSG00000276449,ENSG00000152475,ENSG00000278129,ENSG00000188785,ENSG00000178229,ENSG00000179909,ENSG00000083845,ENSG00000181894,ENSG00000186272,ENSG00000152439,ENSG00000131849,ENSG00000232098,ENSG00000182318,ENSG00000269032,ENSG00000213753,ENSG00000268895,ENSG00000119574,ENSG00000105136,ENSG00000268912,ENSG00000130725,ENSG00000249471,ENSG00000083807,ENSG00000269343,ENSG00000083814,ENSG00000083828,ENSG00000269867,ENSG00000267858,ENSG00000269794,ENSG00000176593,ENSG00000270804,ENSG00000174586,ENSG00000178201,ENSG00000171606,ENSG00000166704,ENSG00000152433,ENSG00000198466,ENSG00000268516,ENSG00000142396,ENSG00000204514,ENSG00000268543,ENSG00000131845,ENSG00000177025,ENSG00000251369,ENSG00000204519,ENSG00000171649,ENSG00000130724,ENSG00000183647,ENSG00000197128","ENSG00000198466,ENSG00000183647,ENSG00000256060,ENSG00000268516,ENSG00000283103,ENSG00000269032,ENSG00000273901,ENSG00000235974,ENSG00000119574,ENSG00000121417,ENSG00000288830,ENSG00000265272,ENSG00000269794,ENSG00000171649,ENSG00000176593,ENSG00000269867,ENSG00000232098,ENSG00000178201,ENSG00000213753,ENSG00000252334,ENSG00000099326,ENSG00000277588,ENSG00000268307,ENSG00000268895,ENSG00000121413,ENSG00000243234,ENSG00000179909,ENSG00000252211,ENSG00000105136,ENSG00000131849,ENSG00000276449,ENSG00000121410,ENSG00000267858,ENSG00000213762,ENSG00000186230,ENSG00000152475,ENSG00000083838,ENSG00000268543,ENSG00000204514,ENSG00000268866,ENSG00000269236,ENSG00000270837,ENSG00000152433,ENSG00000269343,ENSG00000152454,ENSG00000268293,ENSG00000171606,ENSG00000174586,ENSG00000197128,ENSG00000083828,ENSG00000083845,ENSG00000268049,ENSG00000243642,ENSG00000083807,ENSG00000278129,ENSG00000279611,ENSG00000173480,ENSG00000268912,ENSG00000152443,ENSG00000166704,ENSG00000186272,ENSG00000130726,ENSG00000130725,ENSG00000176293,ENSG00000286632,ENSG00000152439,ENSG00000171574,ENSG00000182318,ENSG00000269304,ENSG00000268201,ENSG00000269054,ENSG00000121406,ENSG00000083814,ENSG00000266640,ENSG00000213013,ENSG00000178935,ENSG00000269855,ENSG00000251369,ENSG00000264910,ENSG00000204519,ENSG00000249471,ENSG00000177025,ENSG00000286949,ENSG00000083812,ENSG00000188785,ENSG00000142396,ENSG00000130724,ENSG00000131845,ENSG00000198131,ENSG00000083817,ENSG00000181894,ENSG00000196724,ENSG00000270804,ENSG00000178229",ENSG00000142396,Liver eQTLs,train
20014404300092196-92196000004342,chr2,"2-71214755-G-A,2-71211417-C-G,2-71211815-G-A,2-71212129-A-T,2-71212405-T-C,2-71215025-G-A,2-71216246-A-C,2-71216640-G-A,2-71217538-G-A,2-71220793-T-G,2-71235351-G-A,2-71206626-G-T,2-71229195-G-A,2-71204036-C-CG,2-71233863-C-G","ENSG00000075292,ENSG00000116001,ENSG00000143977,ENSG00000272735,ENSG00000231327,ENSG00000179818,ENSG00000281195,ENSG00000169564,ENSG00000289327,ENSG00000144031,ENSG00000144043,ENSG00000124374,ENSG00000035141,ENSG00000289463,ENSG00000152672,ENSG00000115998,ENSG00000135636,ENSG00000116005,ENSG00000288065,ENSG00000124357,ENSG00000124370,ENSG00000124383,ENSG00000163235","ENSG00000226186,ENSG00000286979,ENSG00000277764,ENSG00000116001,ENSG00000116039,ENSG00000205847,ENSG00000234896,ENSG00000281195,ENSG00000115998,ENSG00000289463,ENSG00000124383,ENSG00000224606,ENSG00000035141,ENSG00000228384,ENSG00000231386,ENSG00000221238,ENSG00000241159,ENSG00000272735,ENSG00000233870,ENSG00000124374,ENSG00000289327,ENSG00000135636,ENSG00000235289,ENSG00000143977,ENSG00000163235,ENSG00000234485,ENSG00000231327,ENSG00000124370,ENSG00000124357,ENSG00000288065,ENSG00000236469,ENSG00000169564,ENSG00000144031,ENSG00000183733,ENSG00000179818,ENSG00000239322,ENSG00000116005,ENSG00000235035,ENSG00000229229,ENSG00000144043,ENSG00000228034,ENSG00000075292,ENSG00000289615,ENSG00000237751,ENSG00000152672",ENSG00000144043,Liver eQTLs,train
20014413400092196-92196000003992,chr2,"2-114385204-T-C,2-114393232-C-G,2-114384863-T-C","ENSG00000136688,ENSG00000125618,ENSG00000115084,ENSG00000144136,ENSG00000169607,ENSG00000240356,ENSG00000234997,ENSG00000270019,ENSG00000144134,ENSG00000272563,ENSG00000136682,ENSG00000237753,ENSG00000115091,ENSG00000279267,ENSG00000125637,ENSG00000189223,ENSG00000287937,ENSG00000184492,ENSG00000136689,ENSG00000125538,ENSG00000228857","ENSG00000189223,ENSG00000286513,ENSG00000243179,ENSG00000144134,ENSG00000125618,ENSG00000115084,ENSG00000226516,ENSG00000235717,ENSG00000233479,ENSG00000237753,ENSG00000234997,ENSG00000228857,ENSG00000136689,ENSG00000231943,ENSG00000125538,ENSG00000222923,ENSG00000125637,ENSG00000265429,ENSG00000115091,ENSG00000212182,ENSG00000286776,ENSG00000244063,ENSG00000136682,ENSG00000240356,ENSG00000279957,ENSG00000169607,ENSG00000279267,ENSG00000231926,ENSG00000270019,ENSG00000184492,ENSG00000225398,ENSG00000234148,ENSG00000235242,ENSG00000272563,ENSG00000231538,ENSG00000287937,ENSG00000202427,ENSG00000144136,ENSG00000136688",ENSG00000144134,Liver eQTLs,train
20014418200092196-92196000004438,chr2,"2-99758020-G-GCGCAGGCGCACGCCCA,2-99725575-T-C,2-99725575-T-C,2-99712292-C-T,2-99720267-C-G,2-99724512-T-C,2-99729007-CT-C,2-99732741-G-A,2-99737443-A-C,2-99740606-T-C,2-99741964-C-T,2-99743419-G-A,2-99752246-C-T,2-99764260-GTATC-G,2-99768419-A-G,2-99773702-T-G,2-99776000-C-G,2-99777405-T-C,2-99779131-T-C,2-99781339-G-GGGT,2-99782226-C-T,2-99782848-A-C,2-99793070-G-A,2-99793590-C-T,2-99795149-T-C,2-99795231-G-T,2-99799633-A-AG,2-99801564-G-A,2-99804007-G-A,2-99754030-A-AT,2-99735052-G-T,2-99737005-T-C,2-99741984-T-G,2-99745898-G-A,2-99746290-C-T,2-99750346-C-A,2-99759235-T-A,2-99764592-T-C,2-99766247-T-TC,2-99704273-T-C,2-99706817-A-G,2-99707307-C-T,2-99710009-GAA-G,2-99818972-C-T,2-99761112-C-CAAAAAAAA,2-99775865-C-G,2-99825102-A-G,2-99848932-A-T,2-99798066-CT-C,2-99723016-TA-T,2-99738961-A-G,2-99738962-A-C,2-99802820-A-G,2-99715077-T-TAGAG,2-99723111-T-C,2-99854284-T-C,2-99730199-C-A,2-99776686-G-A,2-99781008-T-TA,2-99791946-G-C,2-99799267-A-G,2-99804278-G-A,2-99778985-T-C,2-99799520-C-G,2-99815146-T-G,2-99813614-T-C,2-99814298-A-AG,2-99767868-C-T,2-99709415-C-A,2-99718298-C-T,2-99719687-C-T,2-99725138-C-T,2-99725223-A-G,2-99725479-A-AT,2-99727789-T-C,2-99728293-C-T,2-99730657-T-C,2-99731552-C-T,2-99732360-C-G,2-99738089-C-CA,2-99742161-T-C,2-99744172-A-AAAC,2-99747410-G-A,2-99749154-C-T,2-99749350-T-C,2-99750673-A-G,2-99753834-G-A,2-99755099-C-G,2-99756358-A-G,2-99756941-T-C,2-99759865-A-G,2-99764521-C-T,2-99766148-A-G,2-99768274-GA-G,2-99771268-G-C,2-99772565-C-T,2-99779972-A-G,2-99780915-C-T,2-99782811-G-A,2-99784292-G-A,2-99788582-A-G,2-99793041-G-A,2-99795300-T-A,2-99795360-T-C,2-99796638-C-T,2-99800814-G-T,2-99801469-A-G,2-99801800-T-C,2-99803998-T-G,2-99731189-A-T,2-99779655-C-A,2-99766322-A-C,2-99783403-G-A,2-99705903-A-G,2-99708237-G-A,2-99715664-G-A,2-99717608-A-G,2-99737273-G-A,2-99750677-T-C,2-99753829-A-C,2-99764884-G-T,2-99771272-C-T,2-99772875-T-C,2-99773201-T-G,2-99801308-G-A,2-99732825-GA-G,2-99808795-T-C,2-99810482-T-C,2-99811894-C-T,2-99766215-T-C,2-99708247-A-C,2-99725025-C-T,2-99737120-G-A,2-99737646-A-G,2-99738224-C-T,2-99740175-T-C,2-99745860-A-C,2-99747829-A-G,2-99756930-T-C,2-99763326-G-A,2-99766217-T-C,2-99768064-T-C,2-99771533-C-T,2-99771590-G-T,2-99791397-T-C,2-99754289-G-A,2-99754290-C-A,2-99717322-C-G,2-99812070-G-A,2-99738008-T-C,2-99704547-A-G,2-99865548-G-A,2-99855022-ATTATTTT-A","ENSG00000115446,ENSG00000183513,ENSG00000071073,ENSG00000196872,ENSG00000144214,ENSG00000144182,ENSG00000040933,ENSG00000231822,ENSG00000115514,ENSG00000158417,ENSG00000273045,ENSG00000273306,ENSG00000185414","ENSG00000232084,ENSG00000183513,ENSG00000228488,ENSG00000204640,ENSG00000269383,ENSG00000273306,ENSG00000234988,ENSG00000287832,ENSG00000071073,ENSG00000273045,ENSG00000226034,ENSG00000196872,ENSG00000158417,ENSG00000230393,ENSG00000204637,ENSG00000144182,ENSG00000238830,ENSG00000270699,ENSG00000115514,ENSG00000286737,ENSG00000185414,ENSG00000234169,ENSG00000201070,ENSG00000040933,ENSG00000144214,ENSG00000231822,ENSG00000115446,ENSG00000238029,ENSG00000227259",ENSG00000144182,Liver eQTLs,train
20014436200092196-92196000004075,chr2,"2-170558231-T-C,2-170562697-T-TCA,2-170562735-C-G,2-170568524-C-T,2-170569672-C-A,2-170437019-A-G,2-170444656-C-CAA,2-170449848-A-G,2-170471880-A-G,2-170472411-G-A,2-170516617-G-T,2-170517594-C-T,2-170525115-T-C,2-170525757-C-T,2-170526696-T-G,2-170527564-T-G,2-170544469-C-T,2-170550217-C-T,2-170555827-TC-T,2-170558293-AAAAAG-A,2-170541158-CGTTGTT-C,2-170541158-CGTTGTT-C,2-170562842-G-A,2-170564660-C-T,2-170572533-G-C,2-170488866-T-G,2-170534847-G-A,2-170449075-G-A,2-170436580-A-G,2-170473205-T-G,2-170442587-T-C,2-170445200-A-G,2-170453187-G-C,2-170458476-T-A,2-170465778-T-G,2-170466449-C-A,2-170472230-CA-C,2-170497646-GCT-G,2-170499627-AAT-A,2-170501588-C-T,2-170511945-T-C,2-170512342-C-G,2-170514223-G-A,2-170535190-C-T,2-170535962-G-T,2-170536417-T-C,2-170538720-TCTAA-T,2-170545000-A-C,2-170546463-A-T,2-170485440-C-A,2-170481769-A-G,2-170483749-C-T,2-170493863-A-G","ENSG00000138398,ENSG00000239474,ENSG00000081479,ENSG00000154479,ENSG00000152253,ENSG00000163093,ENSG00000227176,ENSG00000144362,ENSG00000144357,ENSG00000138382,ENSG00000073737,ENSG00000163072,ENSG00000138385,ENSG00000213160,ENSG00000073734","ENSG00000227176,ENSG00000152253,ENSG00000234061,ENSG00000138398,ENSG00000226072,ENSG00000144362,ENSG00000138385,ENSG00000286611,ENSG00000206961,ENSG00000213160,ENSG00000213981,ENSG00000252807,ENSG00000214369,ENSG00000163093,ENSG00000224553,ENSG00000138382,ENSG00000231898,ENSG00000154479,ENSG00000239474,ENSG00000222509,ENSG00000073737,ENSG00000275414,ENSG00000073734,ENSG00000144357,ENSG00000235934,ENSG00000081479,ENSG00000163072,ENSG00000214821",ENSG00000144362,Liver eQTLs,train
20014455900092196-92196000005004,chr3,"3-11849807-A-C,3-11850367-G-T,3-11853638-C-G,3-11851941-A-C,3-11845285-G-C,3-11860109-A-G,3-11853436-C-G,3-11856570-A-G,3-11864427-G-A,3-11839966-A-C,3-11841444-C-G,3-11842860-T-C,3-11859653-G-C,3-11875444-A-G,3-11865336-G-T,3-11878732-T-C,3-11845051-A-G,3-11846527-A-G,3-11842883-A-G,3-11876307-C-T,3-11842203-G-A,3-11847299-C-G,3-11868783-CT-C,3-11840929-C-T,3-11842572-G-GA,3-11840903-A-G,3-11825712-T-C,3-11872382-T-C,3-11822934-T-C,3-11853167-T-C,3-11842354-T-C,3-11843908-A-G,3-11828825-A-G,3-11878185-G-A,3-11878688-C-T,3-11849975-G-T,3-11877616-C-T","ENSG00000157103,ENSG00000213943,ENSG00000144559,ENSG00000088726,ENSG00000196639,ENSG00000144712,ENSG00000144560,ENSG00000132170,ENSG00000157150,ENSG00000075975,ENSG00000197548,ENSG00000225526,ENSG00000285906,ENSG00000132155,ENSG00000232287,ENSG00000154743","ENSG00000287964,ENSG00000088726,ENSG00000132170,ENSG00000236062,ENSG00000075975,ENSG00000144560,ENSG00000233026,ENSG00000288969,ENSG00000251038,ENSG00000225275,ENSG00000224263,ENSG00000213964,ENSG00000230342,ENSG00000263988,ENSG00000270531,ENSG00000288952,ENSG00000251774,ENSG00000157103,ENSG00000213943,ENSG00000226642,ENSG00000157150,ENSG00000231897,ENSG00000196639,ENSG00000225526,ENSG00000235240,ENSG00000285906,ENSG00000271716,ENSG00000144559,ENSG00000272483,ENSG00000144712,ENSG00000197548,ENSG00000200114,ENSG00000225026,ENSG00000132155,ENSG00000233252,ENSG00000232287,ENSG00000226621,ENSG00000154743,ENSG00000286962",ENSG00000144559,Liver eQTLs,train
20014468100092196-92196000005243,chr3,"3-36317174-CCTGTTCATATCTTTTCCTGTTCA-C,3-36326195-G-A,3-36317677-C-T,3-36314167-C-A,3-36317217-T-G,3-36326023-A-G,3-36324521-G-A,3-36315957-T-C,3-36310331-A-G,3-36325255-T-C,3-36329017-A-G,3-36320130-G-A,3-36314923-T-A,3-36312234-A-G,3-36311231-T-C,3-36316371-C-A,3-36312488-A-G","ENSG00000224858,ENSG00000172995,ENSG00000144681,ENSG00000093167,ENSG00000236165,ENSG00000279727,ENSG00000281100,ENSG00000224080,ENSG00000168016,ENSG00000178567,ENSG00000144674,ENSG00000076242,ENSG00000270194,ENSG00000271993","ENSG00000236158,ENSG00000231382,ENSG00000168016,ENSG00000270194,ENSG00000172995,ENSG00000224080,ENSG00000093167,ENSG00000076242,ENSG00000281100,ENSG00000225558,ENSG00000199594,ENSG00000289420,ENSG00000178567,ENSG00000144681,ENSG00000226489,ENSG00000206645,ENSG00000236165,ENSG00000279727,ENSG00000201315,ENSG00000144674,ENSG00000210181,ENSG00000271993,ENSG00000231449,ENSG00000224858,ENSG00000230830,ENSG00000271653,ENSG00000207625",ENSG00000144681,Liver eQTLs,train
20014474600092196-92196000005341,chr3,"3-69154343-C-G,3-69151501-C-T,3-69147519-C-A,3-69137539-T-C,3-69152593-C-G,3-69145632-T-C","ENSG00000114541,ENSG00000144747,ENSG00000241506,ENSG00000163378,ENSG00000163380,ENSG00000187098,ENSG00000144746,ENSG00000144744,ENSG00000244513","ENSG00000163377,ENSG00000144747,ENSG00000241506,ENSG00000144746,ENSG00000240405,ENSG00000244640,ENSG00000271034,ENSG00000187098,ENSG00000144744,ENSG00000163380,ENSG00000241665,ENSG00000241667,ENSG00000240842,ENSG00000286967,ENSG00000252828,ENSG00000242728,ENSG00000244513,ENSG00000239263,ENSG00000240568,ENSG00000163378,ENSG00000240265,ENSG00000114541,ENSG00000265355",ENSG00000144746,Liver eQTLs,train
20014479200092196-92196000005268,chr3,"3-44723348-A-C,3-44619134-G-C,3-44728369-T-C,3-44739243-AC-A,3-44749839-T-A,3-44562365-T-C,3-44632212-G-T,3-44709066-C-T,3-44579323-A-G,3-44603727-A-C,3-44552294-T-C,3-44668313-A-T,3-44687300-G-A,3-44694506-G-A,3-44697496-C-G,3-44575840-G-A,3-44602620-G-A,3-44719798-G-A,3-44750098-G-A,3-44554339-A-G,3-44549251-T-C,3-44554540-A-T,3-44648243-C-A,3-44651120-G-A,3-44738629-T-C,3-44585513-G-C,3-44673317-C-T,3-44659251-T-A,3-44750577-A-C,3-44780449-C-T","ENSG00000144791,ENSG00000224094,ENSG00000196653,ENSG00000144792,ENSG00000163815,ENSG00000196345,ENSG00000185219,ENSG00000249992,ENSG00000163808,ENSG00000169981,ENSG00000075914,ENSG00000283036,ENSG00000160746,ENSG00000169964,ENSG00000163812,ENSG00000261786,ENSG00000011198,ENSG00000179152,ENSG00000214820,ENSG00000186446,ENSG00000280435,ENSG00000011376,ENSG00000186448,ENSG00000178917,ENSG00000272077,ENSG00000163814","ENSG00000178917,ENSG00000233509,ENSG00000185219,ENSG00000252410,ENSG00000272077,ENSG00000224094,ENSG00000214825,ENSG00000277509,ENSG00000179152,ENSG00000186446,ENSG00000163812,ENSG00000249992,ENSG00000227123,ENSG00000235805,ENSG00000011376,ENSG00000163808,ENSG00000169964,ENSG00000235845,ENSG00000163815,ENSG00000235886,ENSG00000186448,ENSG00000169981,ENSG00000261786,ENSG00000236869,ENSG00000163814,ENSG00000280435,ENSG00000196653,ENSG00000252980,ENSG00000144791,ENSG00000232455,ENSG00000196345,ENSG00000011198,ENSG00000202268,ENSG00000284498,ENSG00000075914,ENSG00000272121,ENSG00000144792,ENSG00000214820,ENSG00000207954,ENSG00000271192,ENSG00000160746,ENSG00000173769,ENSG00000283036",ENSG00000144792,Liver eQTLs,train
20014482000092196-92196000004984,chr3,"3-100344099-T-A,3-100442802-G-T","ENSG00000144820,ENSG00000206535,ENSG00000036054,ENSG00000081148,ENSG00000154174,ENSG00000081154,ENSG00000114354,ENSG00000154175,ENSG00000114021,ENSG00000184220,ENSG00000273374,ENSG00000242299,ENSG00000282978,ENSG00000181458,ENSG00000168386,ENSG00000289629,ENSG00000138468,ENSG00000144810,ENSG00000174173","ENSG00000114021,ENSG00000242299,ENSG00000144810,ENSG00000138468,ENSG00000242573,ENSG00000184220,ENSG00000252989,ENSG00000289629,ENSG00000277000,ENSG00000144820,ENSG00000244464,ENSG00000206535,ENSG00000282978,ENSG00000201642,ENSG00000081148,ENSG00000181458,ENSG00000168386,ENSG00000264897,ENSG00000273374,ENSG00000243296,ENSG00000036054,ENSG00000114354,ENSG00000081154,ENSG00000213431,ENSG00000174173,ENSG00000243974,ENSG00000154175,ENSG00000243089,ENSG00000235156,ENSG00000243495,ENSG00000154174",ENSG00000144820,Liver eQTLs,train
20014490800092196-92196000005039,chr3,"3-125904688-G-A,3-125905080-A-T,3-125906179-G-A,3-125906237-T-C,3-125907392-C-A,3-125908310-C-T,3-125909669-T-C,3-125910381-C-T,3-125905336-ACCTGACCCTGAC-A,3-125905336-ACCTGACCCTGAC-A,3-125904263-G-A,3-125901902-G-C,3-125904165-A-G,3-125902417-G-A","ENSG00000180697,ENSG00000287617,ENSG00000248787,ENSG00000287440,ENSG00000197763,ENSG00000251448,ENSG00000250934,ENSG00000159685,ENSG00000252965,ENSG00000114554,ENSG00000246022,ENSG00000144908,ENSG00000279328,ENSG00000171084,ENSG00000070476,ENSG00000114520,ENSG00000248557,ENSG00000114547,ENSG00000241288,ENSG00000144909,ENSG00000243429,ENSG00000250012,ENSG00000180767,ENSG00000114544,ENSG00000163884,ENSG00000163848,ENSG00000221955,ENSG00000189366,ENSG00000159650,ENSG00000287232","ENSG00000239432,ENSG00000248607,ENSG00000287440,ENSG00000241346,ENSG00000114520,ENSG00000288022,ENSG00000221955,ENSG00000197763,ENSG00000272840,ENSG00000114547,ENSG00000287232,ENSG00000252953,ENSG00000242001,ENSG00000279328,ENSG00000180767,ENSG00000249558,ENSG00000272020,ENSG00000284624,ENSG00000201800,ENSG00000179170,ENSG00000250012,ENSG00000241439,ENSG00000070476,ENSG00000144908,ENSG00000201968,ENSG00000242229,ENSG00000248850,ENSG00000163848,ENSG00000249833,ENSG00000189366,ENSG00000239978,ENSG00000163884,ENSG00000144909,ENSG00000198284,ENSG00000289324,ENSG00000250934,ENSG00000180697,ENSG00000251448,ENSG00000243072,ENSG00000264986,ENSG00000221737,ENSG00000248787,ENSG00000246022,ENSG00000241288,ENSG00000114544,ENSG00000243508,ENSG00000228963,ENSG00000171084,ENSG00000199327,ENSG00000287617,ENSG00000114554,ENSG00000234458,ENSG00000159685,ENSG00000243429,ENSG00000284660,ENSG00000159650,ENSG00000252642,ENSG00000229048,ENSG00000252965,ENSG00000248557",ENSG00000144908,Liver eQTLs,train
20014500200092196-92196000006965,chr8,"8-12250170-A-G,8-12239454-T-G,8-12232222-A-G,8-12237140-C-T,8-12232673-A-T,8-12243413-G-A,8-12233384-G-A,8-12236831-G-T,8-12245394-G-C,8-12246049-G-A,8-12243120-C-G,8-12245373-A-C,8-12242628-C-A,8-12245198-G-A,8-12247918-G-A,8-12245088-A-G","ENSG00000079459,ENSG00000270154,ENSG00000251468,ENSG00000154359,ENSG00000145002,ENSG00000251402,ENSG00000242607,ENSG00000136573,ENSG00000164733,ENSG00000250305,ENSG00000154319,ENSG00000287134,ENSG00000269954,ENSG00000255046,ENSG00000136574,ENSG00000154328,ENSG00000255495","ENSG00000284957,ENSG00000254817,ENSG00000255144,ENSG00000236827,ENSG00000227888,ENSG00000136573,ENSG00000239315,ENSG00000264512,ENSG00000269954,ENSG00000184608,ENSG00000255016,ENSG00000255556,ENSG00000232948,ENSG00000284610,ENSG00000254813,ENSG00000266206,ENSG00000287755,ENSG00000255544,ENSG00000177400,ENSG00000242483,ENSG00000249316,ENSG00000079459,ENSG00000154328,ENSG00000145002,ENSG00000237215,ENSG00000255020,ENSG00000233050,ENSG00000287134,ENSG00000254923,ENSG00000270074,ENSG00000226430,ENSG00000205879,ENSG00000205883,ENSG00000206014,ENSG00000199368,ENSG00000215343,ENSG00000255253,ENSG00000255494,ENSG00000136574,ENSG00000254700,ENSG00000252535,ENSG00000254527,ENSG00000251402,ENSG00000255495,ENSG00000215339,ENSG00000223443,ENSG00000254948,ENSG00000254724,ENSG00000286985,ENSG00000270154,ENSG00000284613,ENSG00000250305,ENSG00000284663,ENSG00000254507,ENSG00000250794,ENSG00000255174,ENSG00000154319,ENSG00000254917,ENSG00000206996,ENSG00000205882,ENSG00000251468,ENSG00000255549,ENSG00000287798,ENSG00000254623,ENSG00000154359,ENSG00000205884,ENSG00000252029,ENSG00000244289,ENSG00000255046,ENSG00000170983,ENSG00000242607,ENSG00000164733,ENSG00000242296,ENSG00000200630,ENSG00000249889,ENSG00000254581,ENSG00000254423",ENSG00000145002,Liver eQTLs,train
20014511300092196-92196000005198,chr3,"3-195682526-A-T,3-195736740-G-A,3-195738228-C-T,3-195738406-A-G,3-195744978-A-T,3-195750225-A-G,3-195732647-A-G,3-195743762-A-G,3-195747398-A-G,3-195748729-C-T,3-195748924-C-T,3-195749357-C-T,3-195750326-C-T,3-195751439-G-T,3-195751630-T-C,3-195751853-A-G,3-195752260-A-G,3-195753353-A-C,3-195753401-T-C,3-195753451-G-A,3-195753473-A-T,3-195753766-T-C,3-195725308-ATTTC-A,3-195740408-C-T,3-195718114-AT-A,3-195689069-T-C,3-195728488-A-G,3-195744988-G-A,3-195721300-G-C,3-195709312-G-C,3-195687806-A-G,3-195686116-A-G,3-195741185-A-T,3-195692069-A-G,3-195722382-A-G,3-195683691-T-C","ENSG00000235897,ENSG00000072274,ENSG00000286004,ENSG00000184203,ENSG00000174007,ENSG00000180370,ENSG00000215837,ENSG00000225578,ENSG00000271662,ENSG00000163961,ENSG00000224652,ENSG00000174004,ENSG00000145113,ENSG00000287005,ENSG00000213123,ENSG00000163959,ENSG00000163958,ENSG00000185485,ENSG00000270170,ENSG00000119231,ENSG00000189058,ENSG00000173950,ENSG00000230732,ENSG00000185798,ENSG00000161217,ENSG00000061938,ENSG00000114503,ENSG00000174013,ENSG00000163964,ENSG00000114331,ENSG00000229178,ENSG00000224614,ENSG00000163960,ENSG00000229325,ENSG00000230266,ENSG00000224769","ENSG00000173950,ENSG00000225770,ENSG00000230401,ENSG00000061938,ENSG00000212146,ENSG00000234805,ENSG00000289219,ENSG00000225822,ENSG00000287005,ENSG00000237418,ENSG00000265333,ENSG00000163958,ENSG00000286661,ENSG00000286004,ENSG00000229325,ENSG00000225240,ENSG00000180370,ENSG00000161217,ENSG00000252174,ENSG00000287073,ENSG00000276489,ENSG00000224769,ENSG00000189058,ENSG00000185798,ENSG00000163961,ENSG00000206644,ENSG00000225578,ENSG00000236425,ENSG00000163964,ENSG00000286168,ENSG00000224614,ENSG00000244314,ENSG00000233987,ENSG00000174004,ENSG00000252620,ENSG00000270170,ENSG00000072274,ENSG00000185485,ENSG00000223783,ENSG00000224652,ENSG00000184203,ENSG00000207368,ENSG00000213123,ENSG00000174013,ENSG00000238031,ENSG00000229178,ENSG00000233303,ENSG00000236844,ENSG00000119231,ENSG00000271662,ENSG00000230266,ENSG00000215837,ENSG00000226345,ENSG00000114503,ENSG00000227433,ENSG00000241868,ENSG00000230732,ENSG00000235897,ENSG00000174007,ENSG00000237222,ENSG00000163959,ENSG00000265882,ENSG00000282206,ENSG00000206600,ENSG00000145113,ENSG00000114331,ENSG00000213358,ENSG00000235836,ENSG00000163960",ENSG00000145113,Liver eQTLs,train
20014521400092196-92196000005647,chr4,"4-960713-G-A,4-970112-A-G,4-970724-A-T,4-954311-C-T,4-961373-G-A,4-954275-T-C,4-965779-G-A,4-980464-A-G,4-982852-G-A,4-967445-G-A,4-965720-A-G,4-980896-C-A,4-980932-G-A","ENSG00000178950,ENSG00000109685,ENSG00000127419,ENSG00000215375,ENSG00000168993,ENSG00000272588,ENSG00000131127,ENSG00000286705,ENSG00000163950,ENSG00000159674,ENSG00000251188,ENSG00000185619,ENSG00000174137,ENSG00000145214,ENSG00000250312,ENSG00000168924,ENSG00000178222,ENSG00000249592,ENSG00000159692,ENSG00000273179,ENSG00000174227,ENSG00000198155,ENSG00000133256,ENSG00000169026,ENSG00000280927,ENSG00000244459,ENSG00000127418,ENSG00000169020,ENSG00000182903,ENSG00000275426,ENSG00000251595,ENSG00000186777,ENSG00000272885,ENSG00000196810,ENSG00000272602,ENSG00000272927,ENSG00000068078,ENSG00000289361,ENSG00000163945,ENSG00000013810,ENSG00000168936,ENSG00000145217","ENSG00000260262,ENSG00000207009,ENSG00000248302,ENSG00000145217,ENSG00000215375,ENSG00000178950,ENSG00000248416,ENSG00000174137,ENSG00000127419,ENSG00000159692,ENSG00000169026,ENSG00000131127,ENSG00000280927,ENSG00000168924,ENSG00000250238,ENSG00000251188,ENSG00000159674,ENSG00000168936,ENSG00000182903,ENSG00000207642,ENSG00000286705,ENSG00000174227,ENSG00000273179,ENSG00000250312,ENSG00000127418,ENSG00000251639,ENSG00000272602,ENSG00000178222,ENSG00000275426,ENSG00000272588,ENSG00000251595,ENSG00000185619,ENSG00000163945,ENSG00000198155,ENSG00000251535,ENSG00000168993,ENSG00000235608,ENSG00000212458,ENSG00000196810,ENSG00000186777,ENSG00000253399,ENSG00000250259,ENSG00000249025,ENSG00000289361,ENSG00000013810,ENSG00000251689,ENSG00000244459,ENSG00000283183,ENSG00000133256,ENSG00000068078,ENSG00000145214,ENSG00000273238,ENSG00000163950,ENSG00000272885,ENSG00000249592,ENSG00000215367,ENSG00000109685,ENSG00000251652,ENSG00000169020,ENSG00000272927",ENSG00000145214,Liver eQTLs,train
20014541600092196-92196000005454,chr4,"4-164478093-T-C,4-164477704-A-AT","ENSG00000164129,ENSG00000164128,ENSG00000145416,ENSG00000198498,ENSG00000145414","ENSG00000164129,ENSG00000285563,ENSG00000248329,ENSG00000164128,ENSG00000250712,ENSG00000250227,ENSG00000248546,ENSG00000248229,ENSG00000145414,ENSG00000276623,ENSG00000248771,ENSG00000250430,ENSG00000236941,ENSG00000177803,ENSG00000249617,ENSG00000250887,ENSG00000270960,ENSG00000248162,ENSG00000253001,ENSG00000248645,ENSG00000200974,ENSG00000251162,ENSG00000250374,ENSG00000240674,ENSG00000145416,ENSG00000244146,ENSG00000176979,ENSG00000207559,ENSG00000223037,ENSG00000201050,ENSG00000198498",ENSG00000145416,Liver eQTLs,train
20014547600092196-92196000005504,chr4,"4-187123784-T-C,4-187125460-C-T,4-187125524-C-T,4-187125426-C-G,4-187125428-C-T,4-187125535-G-A,4-187122009-C-A","ENSG00000249679,ENSG00000109762,ENSG00000186352,ENSG00000251165,ENSG00000233110,ENSG00000279943,ENSG00000083857,ENSG00000250410,ENSG00000109771,ENSG00000250327,ENSG00000109794,ENSG00000168491,ENSG00000088926,ENSG00000164323,ENSG00000145476,ENSG00000205129,ENSG00000164342,ENSG00000251008,ENSG00000154553,ENSG00000154556,ENSG00000109775","ENSG00000186352,ENSG00000250410,ENSG00000168491,ENSG00000249162,ENSG00000251008,ENSG00000145476,ENSG00000205129,ENSG00000250042,ENSG00000154553,ENSG00000251490,ENSG00000164323,ENSG00000250620,ENSG00000179059,ENSG00000287667,ENSG00000212387,ENSG00000249679,ENSG00000250590,ENSG00000253013,ENSG00000109775,ENSG00000250658,ENSG00000109762,ENSG00000249747,ENSG00000249539,ENSG00000249742,ENSG00000168412,ENSG00000213332,ENSG00000286641,ENSG00000279943,ENSG00000250971,ENSG00000109794,ENSG00000251165,ENSG00000088926,ENSG00000213331,ENSG00000083857,ENSG00000250829,ENSG00000251643,ENSG00000250327,ENSG00000164342,ENSG00000249642,ENSG00000201085,ENSG00000287169,ENSG00000109771,ENSG00000154556,ENSG00000179046,ENSG00000287571,ENSG00000272218,ENSG00000241011,ENSG00000233110",ENSG00000145476,Liver eQTLs,train
20014562300092196-92196000005835,chr5,"5-38849039-CT-C,5-38844751-C-G,5-38846554-A-C,5-38847596-C-CT,5-38848461-A-G,5-38848503-C-T,5-38848813-C-G,5-38849171-C-T,5-38849383-C-T,5-38850052-T-A,5-38850889-G-A,5-38852259-C-T,5-38855557-A-G,5-38856268-C-A,5-38852572-C-T,5-38854967-G-A,5-38855004-TC-T,5-38853640-G-A,5-38853676-C-A,5-38855122-C-G,5-38853620-TC-T,5-38848422-T-C,5-38857560-C-CT,5-38856662-A-G","ENSG00000289196,ENSG00000271334,ENSG00000145623,ENSG00000082074,ENSG00000164318,ENSG00000113594,ENSG00000153071,ENSG00000113600,ENSG00000164327","ENSG00000249491,ENSG00000248234,ENSG00000113600,ENSG00000249089,ENSG00000276332,ENSG00000164327,ENSG00000250629,ENSG00000251189,ENSG00000251215,ENSG00000145623,ENSG00000153071,ENSG00000250032,ENSG00000248539,ENSG00000248461,ENSG00000248577,ENSG00000248730,ENSG00000113594,ENSG00000289196,ENSG00000271334,ENSG00000164318,ENSG00000249071,ENSG00000251518,ENSG00000251257,ENSG00000248533,ENSG00000082074,ENSG00000251515,ENSG00000248572",ENSG00000145623,Liver eQTLs,train
20014573600092196-92196000005894,chr5,"5-70339872-G-T,5-70376284-T-C","ENSG00000249437,ENSG00000131844,ENSG00000251634,ENSG00000250687,ENSG00000254701,ENSG00000145734,ENSG00000172062,ENSG00000145736,ENSG00000250387,ENSG00000253816","ENSG00000249295,ENSG00000251158,ENSG00000251634,ENSG00000249230,ENSG00000145736,ENSG00000244717,ENSG00000253900,ENSG00000250387,ENSG00000253366,ENSG00000212260,ENSG00000250687,ENSG00000249437,ENSG00000285151,ENSG00000253333,ENSG00000172062,ENSG00000271045,ENSG00000253492,ENSG00000196302,ENSG00000254701,ENSG00000253203,ENSG00000253816,ENSG00000254335,ENSG00000131844,ENSG00000266477,ENSG00000288349,ENSG00000248769,ENSG00000145734,ENSG00000285204",ENSG00000145736,Liver eQTLs,train
20014578100092196-92196000005673,chr5,"5-115634018-T-C,5-115629695-G-A,5-115630724-A-G,5-115632253-T-A,5-115628117-C-T,5-115627570-A-G,5-115639978-A-G,5-115639862-G-A,5-115629187-G-T,5-115652859-G-A,5-115661431-A-T,5-115662981-C-A,5-115665146-A-G,5-115666058-T-G,5-115663125-C-G,5-115648765-T-A,5-115674270-G-T,5-115682935-C-T","ENSG00000243414,ENSG00000145781,ENSG00000134970,ENSG00000248445,ENSG00000177879,ENSG00000239528,ENSG00000271918,ENSG00000092421,ENSG00000249249,ENSG00000248709,ENSG00000185641,ENSG00000145780,ENSG00000145782,ENSG00000129596","ENSG00000250242,ENSG00000250197,ENSG00000248295,ENSG00000243414,ENSG00000271918,ENSG00000249026,ENSG00000092421,ENSG00000250444,ENSG00000249433,ENSG00000249021,ENSG00000134970,ENSG00000287148,ENSG00000251118,ENSG00000212457,ENSG00000249944,ENSG00000251132,ENSG00000145780,ENSG00000222598,ENSG00000239528,ENSG00000250015,ENSG00000177879,ENSG00000185641,ENSG00000248722,ENSG00000232916,ENSG00000145781,ENSG00000249249,ENSG00000129596,ENSG00000248445,ENSG00000289497,ENSG00000145782,ENSG00000268223,ENSG00000248709,ENSG00000250472",ENSG00000145781,Liver eQTLs,train
20014593400092196-92196000005757,chr5,"5-166806029-A-C,5-166811707-G-GCA,5-166810150-T-C,5-166811502-A-G,5-166831694-C-T,5-166832662-T-C,5-166837602-T-G,5-166839285-A-G,5-166815244-T-C,5-166813705-A-G,5-166830170-AT-A,5-166822181-A-G,5-166834153-C-T,5-166834397-C-A,5-166821035-C-T,5-166821076-G-A,5-166821663-A-C,5-166814255-T-TTTG,5-166814255-T-TTTG,5-166819799-T-C,5-166810876-A-G,5-166809940-T-TATAA,5-166810281-G-A,5-166803510-G-T,5-166816521-A-G,5-166816911-G-A,5-166845171-A-C,5-166829935-T-C","ENSG00000253978,ENSG00000145934,ENSG00000113645,ENSG00000229119","ENSG00000253713,ENSG00000253978,ENSG00000113645,ENSG00000289264,ENSG00000229119,ENSG00000253527,ENSG00000145934,ENSG00000254171,ENSG00000254365,ENSG00000254297,ENSG00000254187,ENSG00000253946,ENSG00000253469,ENSG00000254130,ENSG00000254252",ENSG00000145934,Liver eQTLs,train
20014594900092196-92196000006155,chr6,6-2680732-C-T,"ENSG00000137285,ENSG00000288612,ENSG00000145949,ENSG00000180822,ENSG00000137275,ENSG00000271361,ENSG00000021355,ENSG00000230438,ENSG00000228170,ENSG00000137266,ENSG00000137274,ENSG00000170542,ENSG00000137267,ENSG00000124570,ENSG00000124588,ENSG00000272277,ENSG00000244041,ENSG00000272465,ENSG00000224846,ENSG00000272320,ENSG00000250903,ENSG00000112699,ENSG00000124535,ENSG00000286512","ENSG00000232654,ENSG00000137275,ENSG00000287903,ENSG00000286512,ENSG00000124588,ENSG00000112699,ENSG00000250903,ENSG00000224846,ENSG00000288612,ENSG00000124535,ENSG00000228170,ENSG00000137285,ENSG00000145949,ENSG00000272465,ENSG00000137266,ENSG00000124570,ENSG00000266750,ENSG00000272320,ENSG00000228718,ENSG00000170542,ENSG00000217707,ENSG00000230269,ENSG00000180822,ENSG00000228365,ENSG00000285603,ENSG00000244041,ENSG00000280423,ENSG00000137274,ENSG00000216819,ENSG00000274855,ENSG00000137267,ENSG00000230438,ENSG00000272277,ENSG00000271361,ENSG00000021355,ENSG00000232999",ENSG00000145949,Liver eQTLs,train
20014614700092196-92196000006418,chr6,"6-53921674-T-C,6-53910988-T-G,6-53924697-T-C,6-53912613-C-T,6-53902843-G-A,6-53903152-G-A,6-53904347-T-C,6-53950865-G-A,6-53957588-T-C,6-53939724-A-G,6-53899341-C-T,6-53901329-G-A,6-53946191-AT-A","ENSG00000001084,ENSG00000124743,ENSG00000146147,ENSG00000271367,ENSG00000168143,ENSG00000249379,ENSG00000231683,ENSG00000137269,ENSG00000012660,ENSG00000112144,ENSG00000242865,ENSG00000235899","ENSG00000220773,ENSG00000219863,ENSG00000124743,ENSG00000228231,ENSG00000213335,ENSG00000001084,ENSG00000137269,ENSG00000249379,ENSG00000218261,ENSG00000235899,ENSG00000231683,ENSG00000218143,ENSG00000288014,ENSG00000243236,ENSG00000242865,ENSG00000261745,ENSG00000253026,ENSG00000012660,ENSG00000271338,ENSG00000271367,ENSG00000202198,ENSG00000146147,ENSG00000218049,ENSG00000218713,ENSG00000220635,ENSG00000219163,ENSG00000168143,ENSG00000271373,ENSG00000271218,ENSG00000217527,ENSG00000206908,ENSG00000251946,ENSG00000137251,ENSG00000224984,ENSG00000112144,ENSG00000264056,ENSG00000216347,ENSG00000219074,ENSG00000253010",ENSG00000146147,Liver eQTLs,train
20014620500092196-92196000004216,chr2,"2-242191063-A-C,2-242155899-C-G,2-242190195-A-G,2-242188000-C-T,2-242176549-A-G,2-242330192-G-T,2-242339649-T-G,2-242351066-A-G,2-242184510-T-C,2-242185090-A-G,2-242326323-A-G,2-242283071-C-T,2-242289663-C-CATT,2-242308039-A-T,2-242315941-TC-T,2-242317952-T-C,2-242153671-C-T,2-242204175-A-G,2-242236682-A-G,2-242257358-G-A,2-242321026-G-A,2-242166550-G-A,2-242292378-G-T,2-242177265-A-G,2-242191980-G-A,2-242388550-T-C,2-242336856-C-T,2-242239328-T-TCAAA,2-242165783-G-A,2-242279983-T-C,2-242283094-A-G,2-242305538-GTA-G,2-242357057-A-AT,2-242389865-G-T,2-242361615-A-G,2-242360245-T-G,2-242363564-A-C,2-242364295-T-C,2-242368070-G-A,2-242377699-A-G,2-242377996-G-T,2-242388790-G-T,2-242392230-T-C,2-242337722-G-C,2-242342984-T-C,2-242361133-GAT-G,2-242325823-A-G,2-242326869-C-T,2-242267617-G-A,2-242371468-T-C,2-242377240-T-C,2-242388463-T-G,2-242295648-T-G,2-242200344-A-G,2-242210408-A-G,2-242224755-T-C,2-242245888-A-G,2-242251369-A-G,2-242252558-T-A,2-242253995-C-A,2-242278559-T-A,2-242400745-C-G,2-242401493-T-G,2-242408219-G-A,2-242418618-T-C,2-242425939-C-CATT,2-242433348-A-G,2-242442510-A-G,2-242175307-C-T,2-242393373-AT-A,2-242295521-A-C,2-242436527-T-G,2-242225080-G-A,2-242229433-T-G,2-242232601-CA-C,2-242242570-C-T,2-242367402-C-T","ENSG00000162804,ENSG00000180902,ENSG00000218416,ENSG00000142327,ENSG00000280119,ENSG00000204099,ENSG00000234235,ENSG00000130294,ENSG00000226321,ENSG00000172478,ENSG00000168397,ENSG00000188389,ENSG00000224272,ENSG00000172482,ENSG00000235151,ENSG00000115687,ENSG00000215023,ENSG00000223991,ENSG00000220804,ENSG00000261186,ENSG00000176946,ENSG00000188542,ENSG00000122085,ENSG00000289556,ENSG00000260942,ENSG00000233806,ENSG00000115694,ENSG00000115677,ENSG00000176720,ENSG00000168395,ENSG00000144504,ENSG00000188011,ENSG00000146205,ENSG00000235351,ENSG00000063660,ENSG00000237940,ENSG00000178623,ENSG00000289253,ENSG00000168385,ENSG00000115685,ENSG00000142330,ENSG00000233392,ENSG00000273113,ENSG00000154252,ENSG00000223374,ENSG00000286588","ENSG00000289556,ENSG00000224160,ENSG00000176946,ENSG00000154252,ENSG00000142327,ENSG00000220804,ENSG00000115685,ENSG00000289253,ENSG00000168395,ENSG00000115677,ENSG00000235151,ENSG00000223374,ENSG00000261186,ENSG00000232002,ENSG00000260942,ENSG00000188389,ENSG00000288080,ENSG00000115687,ENSG00000244528,ENSG00000146205,ENSG00000122085,ENSG00000172478,ENSG00000233392,ENSG00000237940,ENSG00000286588,ENSG00000168397,ENSG00000280119,ENSG00000215692,ENSG00000130294,ENSG00000215023,ENSG00000263752,ENSG00000180902,ENSG00000178623,ENSG00000142330,ENSG00000188542,ENSG00000233806,ENSG00000234235,ENSG00000223991,ENSG00000162804,ENSG00000226321,ENSG00000218416,ENSG00000234793,ENSG00000115694,ENSG00000188011,ENSG00000176720,ENSG00000226423,ENSG00000235351,ENSG00000204099,ENSG00000172482,ENSG00000063660,ENSG00000168385,ENSG00000224272,ENSG00000144504,ENSG00000273113",ENSG00000146205,Liver eQTLs,train
20014621500092196-92196000006385,chr6,"6-43269029-A-C,6-43269029-A-C,6-43269029-A-C,6-43269179-C-A,6-43269179-C-A,6-43269179-C-A,6-43269180-C-A,6-43269180-C-A,6-43269180-C-A,6-43281486-AGTAGTCCACTTTTCTTCTTTGCCTG-A,6-43281486-AGTAGTCCACTTTTCTTCTTTGCCTG-A,6-43281486-AGTAGTCCACTTTTCTTCTTTGCCTG-A,6-43332186-C-A,6-43332186-C-A,6-43332186-C-A,6-43288656-T-TA,6-43288656-T-TA,6-43288656-T-TA,6-43273604-A-G,6-43273604-A-G,6-43273604-A-G,6-43280713-C-T,6-43280713-C-T,6-43280713-C-T,6-43280941-C-T,6-43280941-C-T,6-43280941-C-T,6-43288835-T-TC,6-43288835-T-TC,6-43288835-T-TC,6-43299323-C-T,6-43299323-C-T,6-43299323-C-T,6-43302285-G-T,6-43302285-G-T,6-43302285-G-T,6-43320410-T-C,6-43320410-T-C,6-43320410-T-C,6-43327039-G-T,6-43327039-G-T,6-43327039-G-T,6-43327375-A-T,6-43327375-A-T,6-43327375-A-T,6-43327536-C-T,6-43327536-C-T,6-43327536-C-T,6-43327750-A-G,6-43327750-A-G,6-43327750-A-G,6-43329028-C-A,6-43329028-C-A,6-43329028-C-A,6-43334755-A-C,6-43334755-A-C,6-43334755-A-C,6-43335003-T-C,6-43335003-T-C,6-43335003-T-C,6-43262458-A-T,6-43262458-A-T,6-43262458-A-T,6-43276390-G-A,6-43276390-G-A,6-43276390-G-A,6-43262303-T-C,6-43262303-T-C,6-43262303-T-C,6-43304679-A-AT,6-43304679-A-AT,6-43304679-A-AT,6-43340010-A-AT,6-43340010-A-AT,6-43340010-A-AT,6-43300323-T-TA,6-43300323-T-TA,6-43300323-T-TA,6-43260012-A-C,6-43260012-A-C,6-43260012-A-C,6-43260012-A-C,6-43260012-A-C,6-43260012-A-C,6-43342591-A-G,6-43342591-A-G,6-43342591-A-G,6-43346462-C-G,6-43346462-C-G,6-43346462-C-G,6-43350753-C-T,6-43350753-C-T,6-43350753-C-T,6-43352898-G-A,6-43352898-G-A,6-43352898-G-A,6-43355851-A-G,6-43355851-A-G,6-43355851-A-G,6-43364494-G-A,6-43364494-G-A,6-43364494-G-A","ENSG00000124541,ENSG00000124659,ENSG00000289313,ENSG00000146223,ENSG00000171462,ENSG00000124571,ENSG00000237686,ENSG00000170734,ENSG00000124688,ENSG00000203362,ENSG00000204052,ENSG00000137171,ENSG00000024048,ENSG00000287825,ENSG00000137225,ENSG00000146216,ENSG00000171453,ENSG00000044090,ENSG00000137216,ENSG00000112667,ENSG00000124587,ENSG00000112655,ENSG00000137207,ENSG00000180992,ENSG00000137204,ENSG00000157593,ENSG00000220614,ENSG00000146221,ENSG00000272170,ENSG00000271754,ENSG00000146215,ENSG00000245261,ENSG00000112651,ENSG00000219470,ENSG00000112624,ENSG00000221821,ENSG00000171611,ENSG00000171467,ENSG00000096384,ENSG00000124702,ENSG00000181577,ENSG00000112759,ENSG00000288010,ENSG00000112658,ENSG00000172426,ENSG00000096080,ENSG00000137161,ENSG00000172432,ENSG00000124713,ENSG00000287562,ENSG00000112619,ENSG00000272223,ENSG00000289609,ENSG00000231113,ENSG00000137221,ENSG00000181524,ENSG00000124733,ENSG00000112715,ENSG00000124574,ENSG00000146232,ENSG00000124496,ENSG00000112640,ENSG00000112659","ENSG00000096080,ENSG00000124571,ENSG00000236961,ENSG00000218107,ENSG00000124688,ENSG00000287266,ENSG00000112759,ENSG00000112640,ENSG00000146216,ENSG00000287825,ENSG00000024048,ENSG00000220614,ENSG00000272170,ENSG00000171611,ENSG00000223469,ENSG00000044090,ENSG00000172426,ENSG00000213435,ENSG00000171462,ENSG00000112659,ENSG00000172432,ENSG00000124659,ENSG00000124496,ENSG00000171467,ENSG00000112715,ENSG00000203362,ENSG00000112655,ENSG00000137204,ENSG00000170734,ENSG00000112651,ENSG00000137161,ENSG00000137207,ENSG00000183239,ENSG00000276770,ENSG00000124702,ENSG00000157593,ENSG00000283215,ENSG00000124713,ENSG00000112619,ENSG00000124541,ENSG00000219470,ENSG00000096384,ENSG00000180992,ENSG00000112658,ENSG00000137225,ENSG00000252218,ENSG00000226558,ENSG00000221821,ENSG00000124733,ENSG00000204052,ENSG00000272223,ENSG00000287055,ENSG00000271754,ENSG00000289313,ENSG00000146232,ENSG00000137221,ENSG00000171453,ENSG00000219222,ENSG00000207076,ENSG00000146215,ENSG00000181524,ENSG00000265439,ENSG00000237686,ENSG00000146223,ENSG00000231113,ENSG00000283573,ENSG00000124587,ENSG00000288010,ENSG00000287562,ENSG00000112667,ENSG00000245261,ENSG00000137171,ENSG00000237107,ENSG00000124574,ENSG00000112624,ENSG00000289609,ENSG00000146221,ENSG00000206848,ENSG00000137216,ENSG00000181577",ENSG00000146215,Liver eQTLs,train
20014624300092196-92196000006444,chr6,"6-79387119-A-G,6-79387119-A-G,6-79387119-A-G,6-79387119-A-G,6-79389398-A-G,6-79389398-A-G,6-79389398-A-G,6-79389398-A-G,6-79391360-G-A,6-79391360-G-A,6-79391360-G-A,6-79391360-G-A,6-79391646-G-A,6-79391646-G-A,6-79391646-G-A,6-79391646-G-A,6-79396968-T-C,6-79396968-T-C,6-79396968-T-C,6-79396968-T-C,6-79402451-T-C,6-79402451-T-C,6-79402451-T-C,6-79402451-T-C,6-79404207-G-T,6-79404207-G-T,6-79404207-G-T,6-79404207-G-T,6-79414236-C-CT,6-79414236-C-CT,6-79414236-C-CT,6-79414236-C-CT,6-79414728-C-A,6-79414728-C-A,6-79414728-C-A,6-79414728-C-A,6-79415606-A-C,6-79415606-A-C,6-79415606-A-C,6-79415606-A-C,6-79415858-A-G,6-79415858-A-G,6-79415858-A-G,6-79415858-A-G,6-79417356-C-T,6-79417356-C-T,6-79417356-C-T,6-79417356-C-T,6-79424433-A-G,6-79424433-A-G,6-79424433-A-G,6-79424433-A-G,6-79426581-A-G,6-79426581-A-G,6-79426581-A-G,6-79426581-A-G,6-79389316-C-T,6-79389316-C-T,6-79389316-C-T,6-79389316-C-T,6-79406280-A-G,6-79406280-A-G,6-79406280-A-G,6-79406280-A-G,6-79406279-C-T,6-79406279-C-T,6-79406279-C-T,6-79406279-C-T,6-79406281-T-G,6-79406281-T-G,6-79406281-T-G,6-79406281-T-G,6-79396751-T-C,6-79396751-T-C,6-79396751-T-C,6-79396751-T-C,6-79405132-G-A,6-79405132-G-A,6-79405132-G-A,6-79405132-G-A,6-79406587-C-T,6-79406587-C-T,6-79406587-C-T,6-79406587-C-T,6-79408621-T-G,6-79408621-T-G,6-79408621-T-G,6-79408621-T-G,6-79416883-G-A,6-79416883-G-A,6-79416883-G-A,6-79416883-G-A,6-79419076-C-G,6-79419076-C-G,6-79419076-C-G,6-79419076-C-G,6-79426838-G-A,6-79426838-G-A,6-79426838-G-A,6-79426838-G-A,6-79427089-A-G,6-79427089-A-G,6-79427089-A-G,6-79427089-A-G,6-79481815-A-T,6-79481815-A-T,6-79481815-A-T,6-79481815-A-T","ENSG00000287811,ENSG00000118418,ENSG00000146247,ENSG00000270362,ENSG00000286340,ENSG00000198478,ENSG00000146243,ENSG00000279659,ENSG00000135338","ENSG00000217377,ENSG00000262048,ENSG00000270362,ENSG00000135338,ENSG00000288071,ENSG00000285586,ENSG00000220918,ENSG00000230309,ENSG00000217786,ENSG00000287816,ENSG00000218029,ENSG00000220154,ENSG00000233835,ENSG00000261970,ENSG00000218748,ENSG00000279659,ENSG00000286042,ENSG00000201464,ENSG00000287811,ENSG00000286340,ENSG00000220311,ENSG00000229495,ENSG00000198478,ENSG00000146247,ENSG00000118418,ENSG00000217512,ENSG00000219547,ENSG00000146243",ENSG00000146243,Liver eQTLs,train
20014625000092196-92196000006459,chr6,"6-84150669-T-C,6-84133815-CA-C,6-84086212-CA-C,6-84107888-G-T,6-84108919-T-G,6-84109322-T-C,6-84109944-T-A,6-84137756-G-T,6-84078097-C-CA,6-84100600-CATAT-C,6-84030692-G-A,6-84052966-C-T,6-84064190-C-A,6-84069099-C-T,6-84102879-C-A,6-84019824-G-A,6-84021294-G-A,6-84025802-C-T,6-84034748-C-T,6-84037515-T-C,6-84038920-T-C,6-84039558-G-C,6-84051824-T-C,6-84054779-C-T,6-84062093-TA-T,6-84070516-T-C,6-84075113-C-T,6-84084579-C-T,6-84090641-G-C,6-84093177-G-A,6-84093204-C-A,6-84102550-A-C,6-84095331-C-T,6-84051460-G-A,6-84027309-C-T,6-84034779-A-G,6-84038677-G-T,6-84051050-A-C,6-84070313-C-T,6-84070966-T-C,6-84071711-C-T,6-84072507-T-C,6-84073387-A-G,6-84054550-G-A,6-84146177-G-A,6-84146427-TTG-T,6-84112019-G-C,6-84112033-G-A,6-84113985-GT-G,6-84119361-G-A,6-84119795-C-CT,6-84120820-G-A,6-84121882-C-T,6-84123548-C-T,6-84103316-CCT-C,6-84090690-A-T,6-84105865-A-T,6-84134464-C-T,6-84066467-GT-G,6-84110729-T-C,6-84077446-T-G,6-84036345-A-G,6-84033184-C-A,6-84114862-A-G,6-84122391-CA-C,6-84023171-G-A,6-84023484-T-TCAAA,6-84023090-A-T,6-84107897-T-C,6-84109088-C-T,6-84095513-A-G,6-84123350-T-A,6-84121713-C-G,6-84123006-T-C,6-84131194-G-A,6-84083733-T-A,6-84034745-G-C,6-84063926-T-G,6-84137722-C-T,6-84139030-G-T,6-84146655-C-T,6-84148066-A-ACAGTTGG,6-84149337-G-GT,6-84153923-C-T,6-84154533-T-G,6-84092514-C-T,6-84095038-T-C,6-84104835-G-A,6-84107234-C-T,6-84044277-G-A,6-84030422-C-T,6-84031251-T-C,6-84037106-C-T,6-84038605-T-C,6-84040440-C-T,6-84050941-A-G,6-84060477-G-T,6-84076466-C-G,6-84078564-T-C,6-84081405-C-T,6-84019825-A-T,6-84026572-C-G,6-84029716-A-G,6-84029793-A-G,6-84034832-C-T,6-84037174-C-T,6-84037328-G-A,6-84038253-G-C,6-84038522-A-G,6-84038531-A-G,6-84039566-T-C,6-84042326-C-A,6-84050814-C-T,6-84051180-TCTTGAAGAGTACGTATAC-T,6-84055783-A-G,6-84056328-A-G,6-84057542-A-G,6-84060858-T-A,6-84062581-T-C,6-84064858-G-A,6-84069668-C-T,6-84071601-G-C,6-84071913-G-C,6-84072587-C-T,6-84074210-A-G,6-84074939-G-T,6-84075281-G-A,6-84078990-A-C,6-84081069-G-C,6-84097858-G-C,6-84147303-A-G,6-84153255-G-A,6-84158736-A-G,6-84156536-C-T,6-84132915-C-CTT,6-84049706-G-A,6-84112756-G-C,6-84115642-G-A,6-84117293-C-A,6-84121294-T-A,6-84121512-C-A,6-84131300-T-A,6-84112468-T-C,6-84050400-A-AT,6-84049710-A-G,6-84101327-G-C,6-84021751-C-T,6-84059171-AAT-A,6-84075810-T-G,6-84087567-T-A,6-84087568-TA-T,6-84131526-G-A,6-84136605-T-C,6-84137202-T-C,6-84020324-T-C,6-84143765-C-T,6-84061319-T-C,6-84146803-T-C,6-84022658-T-C,6-84115662-G-A,6-84130396-C-G,6-84133338-T-C,6-84033239-A-C,6-84136112-C-A,6-84126776-C-T,6-84127591-C-T,6-84044002-G-A,6-84044002-G-A,6-84138485-C-A,6-84138843-A-G,6-84141253-T-G,6-84152329-C-T,6-84153773-A-G,6-84154242-T-G,6-84155957-A-C,6-84115740-A-G,6-84116252-C-T,6-84116555-A-G,6-84130734-C-G,6-84131874-T-C,6-84135539-C-T,6-84135634-G-GT,6-84132963-A-C,6-84126420-C-A,6-84126824-G-A,6-84114267-C-T,6-84135023-G-C,6-84108065-A-T,6-84127089-T-TTTG,6-84127089-T-TTTG,6-84050283-C-G,6-84058013-G-A,6-84059498-G-A,6-84066749-A-C,6-84107124-C-T,6-84041599-G-T,6-84089502-G-T,6-84100190-G-A,6-84140772-TGGC-T,6-84126379-A-G,6-84127224-T-C,6-84127626-T-C,6-84141393-T-C,6-84175552-A-C,6-84176515-A-G,6-84034415-T-G,6-84020099-T-C,6-84162024-G-A,6-84162873-T-C,6-84163888-G-A,6-84164683-T-A,6-84174943-A-G,6-84162042-A-G,6-84167277-A-G,6-84168161-A-G,6-84163113-A-T,6-84174401-A-G","ENSG00000065833,ENSG00000135315,ENSG00000013375,ENSG00000146250,ENSG00000013392,ENSG00000065615,ENSG00000135324,ENSG00000118420,ENSG00000083097","ENSG00000083097,ENSG00000287294,ENSG00000219604,ENSG00000228290,ENSG00000237874,ENSG00000230852,ENSG00000118420,ENSG00000287705,ENSG00000203877,ENSG00000065615,ENSG00000228679,ENSG00000226309,ENSG00000216523,ENSG00000065833,ENSG00000231776,ENSG00000135315,ENSG00000146250,ENSG00000135324,ENSG00000013375,ENSG00000013392",ENSG00000146250,Liver eQTLs,train
20014628500092196-92196000005974,chr6,"6-108147534-A-G,6-108133744-TTTGAA-T,6-108142538-A-T,6-108130448-T-C,6-108131958-C-T,6-108132259-G-A,6-108137165-C-T,6-108138971-C-G,6-108150482-C-T,6-108151757-A-G,6-108135821-A-G,6-108136877-C-T,6-108136470-G-A,6-108140137-G-A,6-108140838-G-C,6-108121953-A-G,6-108142877-T-C,6-108147644-G-A,6-108151433-CA-C,6-108145931-G-A,6-108148309-A-G,6-108143766-T-C,6-108144113-C-CA,6-108144161-C-G,6-108144416-T-A,6-108145801-A-G,6-108148111-C-CA,6-108147186-T-C,6-108141213-C-A,6-108147584-A-G,6-108145746-C-CCTAA,6-108143752-A-G,6-108147920-C-G,6-108143922-T-A,6-108109719-G-C","ENSG00000203801,ENSG00000178409,ENSG00000112320,ENSG00000286511,ENSG00000219565,ENSG00000025796,ENSG00000146285,ENSG00000081087,ENSG00000112335,ENSG00000225093,ENSG00000272476,ENSG00000271734,ENSG00000164494,ENSG00000280135,ENSG00000130349,ENSG00000272398,ENSG00000118689,ENSG00000135537","ENSG00000218872,ENSG00000286511,ENSG00000280135,ENSG00000081087,ENSG00000135537,ENSG00000230290,ENSG00000228976,ENSG00000238420,ENSG00000230248,ENSG00000220237,ENSG00000203801,ENSG00000219565,ENSG00000227072,ENSG00000146285,ENSG00000199944,ENSG00000238490,ENSG00000272476,ENSG00000271734,ENSG00000233511,ENSG00000130349,ENSG00000253090,ENSG00000112335,ENSG00000279498,ENSG00000206974,ENSG00000276620,ENSG00000164494,ENSG00000224987,ENSG00000231112,ENSG00000279398,ENSG00000272398,ENSG00000287044,ENSG00000118689,ENSG00000212525,ENSG00000271608,ENSG00000112333,ENSG00000112320,ENSG00000238079,ENSG00000225093,ENSG00000228834,ENSG00000286562,ENSG00000231559,ENSG00000232778,ENSG00000234206,ENSG00000178409,ENSG00000025796,ENSG00000225174,ENSG00000200799",ENSG00000146285,Liver eQTLs,train
20014645700092196-92196000006082,chr6,"6-160086088-G-A,6-160108422-C-T,6-160162439-A-G,6-160182796-G-C","ENSG00000206910,ENSG00000092820,ENSG00000112096,ENSG00000213073,ENSG00000164691,ENSG00000120437,ENSG00000197081,ENSG00000271913,ENSG00000237927,ENSG00000130363,ENSG00000175003,ENSG00000220305,ENSG00000112110,ENSG00000203711,ENSG00000146453,ENSG00000164694,ENSG00000285427,ENSG00000120438,ENSG00000287656,ENSG00000146457,ENSG00000207392,ENSG00000213071,ENSG00000146477,ENSG00000198670","ENSG00000237927,ENSG00000276960,ENSG00000235086,ENSG00000287656,ENSG00000276413,ENSG00000197081,ENSG00000112096,ENSG00000120438,ENSG00000271913,ENSG00000120437,ENSG00000146453,ENSG00000164694,ENSG00000220305,ENSG00000175003,ENSG00000285427,ENSG00000220913,ENSG00000146457,ENSG00000207392,ENSG00000198670,ENSG00000224478,ENSG00000216516,ENSG00000236823,ENSG00000206910,ENSG00000274903,ENSG00000112110,ENSG00000233682,ENSG00000092820,ENSG00000231178,ENSG00000213071,ENSG00000146477,ENSG00000130363,ENSG00000233342,ENSG00000203711,ENSG00000164691,ENSG00000234777,ENSG00000213073,ENSG00000231863,ENSG00000230234,ENSG00000286533",ENSG00000146457,Liver eQTLs,train
20014655600092196-92196000003989,chr2,"2-114336733-G-A,2-114337779-G-T,2-114338838-A-G,2-114339546-T-C,2-114345654-G-A,2-114338766-C-A,2-114337449-C-A,2-114357926-CCT-C,2-114358437-C-T,2-114358772-G-A,2-114359070-G-A,2-114360032-G-A,2-114360223-C-A,2-114361515-G-C,2-114363221-G-A,2-114363348-T-C,2-114360149-T-C,2-114360678-C-A,2-114359909-A-G,2-114361018-G-A,2-114361253-C-T,2-114347577-T-C,2-114361435-G-A,2-114366384-A-T","ENSG00000144136,ENSG00000125538,ENSG00000270019,ENSG00000146556,ENSG00000287937,ENSG00000234997,ENSG00000228857,ENSG00000189223,ENSG00000125618,ENSG00000237753,ENSG00000144134,ENSG00000272563,ENSG00000184492,ENSG00000243389,ENSG00000136689,ENSG00000115091,ENSG00000136688,ENSG00000136682,ENSG00000115084,ENSG00000169607,ENSG00000227359,ENSG00000125637","ENSG00000234997,ENSG00000233479,ENSG00000227359,ENSG00000146556,ENSG00000125618,ENSG00000265429,ENSG00000235242,ENSG00000144136,ENSG00000270019,ENSG00000235717,ENSG00000212182,ENSG00000237753,ENSG00000184492,ENSG00000272563,ENSG00000234148,ENSG00000125538,ENSG00000243389,ENSG00000115091,ENSG00000244063,ENSG00000228857,ENSG00000169607,ENSG00000289035,ENSG00000222923,ENSG00000115084,ENSG00000231538,ENSG00000231943,ENSG00000189223,ENSG00000279957,ENSG00000286513,ENSG00000287937,ENSG00000136689,ENSG00000144134,ENSG00000136682,ENSG00000243179,ENSG00000136688,ENSG00000231926,ENSG00000286776,ENSG00000225398,ENSG00000226516,ENSG00000202427,ENSG00000125637",ENSG00000146556,Liver eQTLs,train
20014657400092196-92196000006804,chr7,7-6758938-T-C,"ENSG00000219545,ENSG00000136247,ENSG00000106346,ENSG00000122543,ENSG00000228010,ENSG00000011275,ENSG00000106305,ENSG00000136238,ENSG00000178397,ENSG00000236609,ENSG00000215018,ENSG00000231704,ENSG00000008256,ENSG00000136240,ENSG00000146576,ENSG00000272894,ENSG00000164631,ENSG00000106399,ENSG00000086232,ENSG00000205903,ENSG00000272732,ENSG00000146574,ENSG00000106392,ENSG00000164535,ENSG00000157999,ENSG00000235944,ENSG00000187953,ENSG00000230825,ENSG00000164654","ENSG00000146574,ENSG00000252929,ENSG00000266287,ENSG00000241539,ENSG00000164654,ENSG00000122543,ENSG00000242731,ENSG00000106392,ENSG00000157999,ENSG00000201990,ENSG00000272894,ENSG00000011275,ENSG00000272732,ENSG00000236712,ENSG00000086232,ENSG00000287860,ENSG00000008256,ENSG00000277327,ENSG00000219545,ENSG00000106346,ENSG00000164535,ENSG00000235944,ENSG00000136247,ENSG00000243531,ENSG00000231704,ENSG00000277265,ENSG00000226943,ENSG00000244167,ENSG00000187953,ENSG00000273252,ENSG00000234718,ENSG00000205903,ENSG00000136240,ENSG00000155070,ENSG00000240718,ENSG00000198580,ENSG00000250561,ENSG00000205897,ENSG00000236609,ENSG00000178397,ENSG00000106305,ENSG00000215018,ENSG00000274319,ENSG00000164631,ENSG00000270314,ENSG00000106399,ENSG00000202273,ENSG00000207217,ENSG00000228010,ENSG00000201218,ENSG00000230825,ENSG00000136238,ENSG00000239696,ENSG00000146576",ENSG00000146574,Liver eQTLs,train
20014657400092196-92196000006806,chr7,"7-6886615-G-C,7-6877519-A-G,7-6884764-A-C,7-6885171-C-T,7-6885597-C-T,7-6877833-A-G,7-6886123-T-C,7-6886359-A-G,7-6886701-C-T,7-6886715-T-C,7-6886759-C-T,7-6877183-A-G,7-6886653-G-A,7-6886751-C-G,7-6862560-T-C,7-6862678-T-C,7-6861880-G-C,7-6855646-A-G,7-6853487-AT-A,7-6859772-C-CA","ENSG00000136238,ENSG00000146576,ENSG00000086232,ENSG00000122543,ENSG00000215018,ENSG00000157999,ENSG00000106399,ENSG00000106392,ENSG00000136247,ENSG00000164535,ENSG00000230825,ENSG00000106305,ENSG00000219545,ENSG00000272732,ENSG00000136240,ENSG00000178397,ENSG00000187953,ENSG00000228010,ENSG00000164631,ENSG00000106346,ENSG00000236609,ENSG00000272894,ENSG00000231704,ENSG00000008256,ENSG00000146574,ENSG00000205903,ENSG00000164654","ENSG00000277327,ENSG00000086232,ENSG00000236609,ENSG00000243531,ENSG00000146576,ENSG00000136247,ENSG00000198580,ENSG00000106305,ENSG00000241539,ENSG00000226943,ENSG00000155070,ENSG00000236712,ENSG00000219545,ENSG00000228010,ENSG00000164535,ENSG00000287860,ENSG00000136238,ENSG00000106346,ENSG00000122543,ENSG00000250561,ENSG00000136240,ENSG00000244167,ENSG00000106399,ENSG00000178397,ENSG00000106392,ENSG00000146574,ENSG00000272732,ENSG00000272894,ENSG00000266287,ENSG00000239696,ENSG00000205897,ENSG00000008256,ENSG00000201218,ENSG00000230825,ENSG00000234718,ENSG00000164654,ENSG00000157999,ENSG00000242731,ENSG00000187953,ENSG00000202273,ENSG00000201990,ENSG00000273252,ENSG00000240718,ENSG00000215018,ENSG00000274319,ENSG00000207217,ENSG00000270314,ENSG00000252929,ENSG00000164631,ENSG00000205903,ENSG00000231704",ENSG00000146574,Liver eQTLs,train
20014673300092196-92196000006757,chr7,"7-55802063-T-C,7-55802428-C-CAA,7-55803970-G-A,7-55805495-C-G,7-55811904-A-G,7-55812407-T-C,7-55821556-T-C,7-55825157-C-G,7-55826775-C-G,7-55828834-G-A,7-55827309-A-G,7-55808805-A-G,7-55804561-T-C,7-55824205-A-G,7-55806087-G-T,7-55830778-A-ATTTTT,7-55835078-T-C,7-55884295-T-G","ENSG00000154978,ENSG00000164776,ENSG00000146731,ENSG00000132432,ENSG00000230191,ENSG00000224057,ENSG00000106153,ENSG00000129103,ENSG00000176826,ENSG00000146733,ENSG00000146648,ENSG00000132434,ENSG00000178665","ENSG00000230191,ENSG00000132434,ENSG00000206729,ENSG00000231317,ENSG00000226278,ENSG00000106153,ENSG00000230936,ENSG00000235207,ENSG00000224057,ENSG00000229909,ENSG00000232944,ENSG00000132432,ENSG00000230564,ENSG00000234844,ENSG00000227491,ENSG00000224370,ENSG00000235738,ENSG00000176826,ENSG00000178665,ENSG00000224971,ENSG00000282879,ENSG00000203462,ENSG00000261275,ENSG00000275853,ENSG00000224155,ENSG00000129103,ENSG00000233028,ENSG00000223475,ENSG00000218586,ENSG00000146731,ENSG00000228303,ENSG00000231299,ENSG00000237210,ENSG00000213067,ENSG00000154997,ENSG00000252857,ENSG00000154978,ENSG00000280890,ENSG00000225018,ENSG00000224947,ENSG00000286477,ENSG00000146648,ENSG00000225371,ENSG00000164776,ENSG00000273720,ENSG00000277253,ENSG00000202296,ENSG00000233977,ENSG00000237268,ENSG00000146733,ENSG00000206603,ENSG00000277174,ENSG00000223330,ENSG00000227499,ENSG00000226485,ENSG00000278205,ENSG00000285670,ENSG00000225270,ENSG00000225488,ENSG00000231394,ENSG00000223740,ENSG00000275875,ENSG00000271047,ENSG00000233288,ENSG00000237799,ENSG00000229762,ENSG00000234716,ENSG00000287019,ENSG00000231504,ENSG00000213650",ENSG00000146733,Liver eQTLs,train
20014741900092196-92196000007088,chr8,"8-27587944-G-C,8-27628886-G-A,8-27630152-G-A,8-27617390-G-C,8-27591849-G-A,8-27595100-T-C,8-27595365-G-A,8-27598042-GA-G,8-27598300-C-T,8-27623209-T-C,8-27624940-G-A,8-27600802-C-A,8-27581508-C-G,8-27581771-C-T,8-27582025-A-C,8-27603266-C-T,8-27609538-G-A,8-27631630-G-A,8-27625974-A-C,8-27617978-T-C,8-27618385-C-G,8-27621127-C-T,8-27590027-A-G,8-27613012-T-C,8-27587105-C-T,8-27586427-A-G,8-27616585-A-G,8-27603227-C-T,8-27614595-A-C,8-27613967-A-G,8-27613316-G-A,8-27699715-A-C,8-27631055-C-CT,8-27691229-T-TA,8-27673895-TTTTAA-T,8-27700045-A-C","ENSG00000234770,ENSG00000168081,ENSG00000253813,ENSG00000214050,ENSG00000168077,ENSG00000289323,ENSG00000240519,ENSG00000120907,ENSG00000104228,ENSG00000120915,ENSG00000186918,ENSG00000147419,ENSG00000120885,ENSG00000189233,ENSG00000168079,ENSG00000253888,ENSG00000012232,ENSG00000168078,ENSG00000134014,ENSG00000246339,ENSG00000120899,ENSG00000104290","ENSG00000253290,ENSG00000275115,ENSG00000012232,ENSG00000253397,ENSG00000265847,ENSG00000147419,ENSG00000168077,ENSG00000186918,ENSG00000221616,ENSG00000253567,ENSG00000253907,ENSG00000120899,ENSG00000253615,ENSG00000214050,ENSG00000104290,ENSG00000289323,ENSG00000265251,ENSG00000202242,ENSG00000253690,ENSG00000120915,ENSG00000215288,ENSG00000202411,ENSG00000120885,ENSG00000273836,ENSG00000240519,ENSG00000168079,ENSG00000253560,ENSG00000253813,ENSG00000120907,ENSG00000246339,ENSG00000168078,ENSG00000222862,ENSG00000134014,ENSG00000189233,ENSG00000253888,ENSG00000234770,ENSG00000250516,ENSG00000104228,ENSG00000253176,ENSG00000168081",ENSG00000147419,Liver eQTLs,train
20014781300092196-92196000007010,chr8,"8-144660575-C-G,8-144657269-G-C,8-144665680-C-A,8-144664808-C-T","ENSG00000167700,ENSG00000255182,ENSG00000179632,ENSG00000197353,ENSG00000179950,ENSG00000261150,ENSG00000173137,ENSG00000235173,ENSG00000071894,ENSG00000283992,ENSG00000261236,ENSG00000160948,ENSG00000178719,ENSG00000160882,ENSG00000272172,ENSG00000289161,ENSG00000279605,ENSG00000277494,ENSG00000179526,ENSG00000185122,ENSG00000255050,ENSG00000179886,ENSG00000185803,ENSG00000253716,ENSG00000160973,ENSG00000178814,ENSG00000147813,ENSG00000178896,ENSG00000104524,ENSG00000179091,ENSG00000247317,ENSG00000160972,ENSG00000178685,ENSG00000180155,ENSG00000181085,ENSG00000253741,ENSG00000158106,ENSG00000104518,ENSG00000104529,ENSG00000204791,ENSG00000287222,ENSG00000179832,ENSG00000255224,ENSG00000147804,ENSG00000197858,ENSG00000181638,ENSG00000187954,ENSG00000255343,ENSG00000180921,ENSG00000181097,ENSG00000130193,ENSG00000213563,ENSG00000167656,ENSG00000160949,ENSG00000185730,ENSG00000160959,ENSG00000186583,ENSG00000203499,ENSG00000104522,ENSG00000185189,ENSG00000184428,ENSG00000232600,ENSG00000167701,ENSG00000181135,ENSG00000182325,ENSG00000178209,ENSG00000285599,ENSG00000167653,ENSG00000160957,ENSG00000160932,ENSG00000179698,ENSG00000234616,ENSG00000167702,ENSG00000261587,ENSG00000250571,ENSG00000180900,ENSG00000288096,ENSG00000260428,ENSG00000254389,ENSG00000177335,ENSG00000253196,ENSG00000198576,ENSG00000183309,ENSG00000185000","ENSG00000261150,ENSG00000160949,ENSG00000283992,ENSG00000147813,ENSG00000158106,ENSG00000284054,ENSG00000104529,ENSG00000207574,ENSG00000254389,ENSG00000181135,ENSG00000179632,ENSG00000185189,ENSG00000198576,ENSG00000197353,ENSG00000254574,ENSG00000104524,ENSG00000160882,ENSG00000283764,ENSG00000104522,ENSG00000178685,ENSG00000185122,ENSG00000244307,ENSG00000160948,ENSG00000204791,ENSG00000284142,ENSG00000147804,ENSG00000160932,ENSG00000235173,ENSG00000261236,ENSG00000288096,ENSG00000284310,ENSG00000181638,ENSG00000071894,ENSG00000167701,ENSG00000253196,ENSG00000185803,ENSG00000255050,ENSG00000247317,ENSG00000187954,ENSG00000185730,ENSG00000179886,ENSG00000284229,ENSG00000178896,ENSG00000177335,ENSG00000184428,ENSG00000179832,ENSG00000284224,ENSG00000255224,ENSG00000186583,ENSG00000183309,ENSG00000104518,ENSG00000173137,ENSG00000167702,ENSG00000234616,ENSG00000160959,ENSG00000180921,ENSG00000254548,ENSG00000279605,ENSG00000178719,ENSG00000180155,ENSG00000167653,ENSG00000250571,ENSG00000289161,ENSG00000272172,ENSG00000255456,ENSG00000277888,ENSG00000255181,ENSG00000265393,ENSG00000283770,ENSG00000260428,ENSG00000276598,ENSG00000167656,ENSG00000255343,ENSG00000167700,ENSG00000185000,ENSG00000178814,ENSG00000285599,ENSG00000263612,ENSG00000232600,ENSG00000181085,ENSG00000284139,ENSG00000255182,ENSG00000253741,ENSG00000203499,ENSG00000182325,ENSG00000274772,ENSG00000287222,ENSG00000197858,ENSG00000261587,ENSG00000179526,ENSG00000181097,ENSG00000160957,ENSG00000213563,ENSG00000130193,ENSG00000255000,ENSG00000265660,ENSG00000180900,ENSG00000179950,ENSG00000277494,ENSG00000160972,ENSG00000179698,ENSG00000178209,ENSG00000160973,ENSG00000253716,ENSG00000255164,ENSG00000179091",ENSG00000147813,Liver eQTLs,train
20014799600092196-92196000007446,chr9,"9-70200015-G-A,9-70194173-A-T,9-70173899-G-A","ENSG00000234506,ENSG00000235832,ENSG00000187866,ENSG00000274026,ENSG00000154330,ENSG00000181778,ENSG00000235310,ENSG00000107242,ENSG00000147996","ENSG00000235310,ENSG00000224437,ENSG00000234506,ENSG00000278910,ENSG00000241174,ENSG00000225626,ENSG00000232086,ENSG00000223966,ENSG00000204711,ENSG00000181778,ENSG00000222465,ENSG00000187866,ENSG00000107242,ENSG00000207935,ENSG00000272232,ENSG00000154330,ENSG00000235832,ENSG00000274026,ENSG00000147996",ENSG00000147996,Liver eQTLs,train
20014833700092196-92196000007272,chr9,"9-130947633-T-C,9-130951772-T-C,9-130945700-A-C,9-130953511-C-T,9-130945787-C-A,9-130936530-T-C,9-130957322-A-C,9-130957275-T-A,9-130962936-C-CA,9-130968398-A-G,9-130951342-T-A,9-130955289-G-A,9-130957091-G-A,9-130955238-A-G,9-130955306-C-T,9-130957137-C-T","ENSG00000107021,ENSG00000136807,ENSG00000136856,ENSG00000160404,ENSG00000136854,ENSG00000106992,ENSG00000095319,ENSG00000287234,ENSG00000175854,ENSG00000160446,ENSG00000187024,ENSG00000171169,ENSG00000198917,ENSG00000188483,ENSG00000280758,ENSG00000167103,ENSG00000148341,ENSG00000268707,ENSG00000271833,ENSG00000228395,ENSG00000148356,ENSG00000167118,ENSG00000148343,ENSG00000234055,ENSG00000272696,ENSG00000234705,ENSG00000232850,ENSG00000167106,ENSG00000225032,ENSG00000227218,ENSG00000196152,ENSG00000228487,ENSG00000148339,ENSG00000201302,ENSG00000106991,ENSG00000119335,ENSG00000148337,ENSG00000167110,ENSG00000223478,ENSG00000160445,ENSG00000197694,ENSG00000171097,ENSG00000167114,ENSG00000119333,ENSG00000136802,ENSG00000136877,ENSG00000160447,ENSG00000148346,ENSG00000175287,ENSG00000148334,ENSG00000136811,ENSG00000119383,ENSG00000136830,ENSG00000223551,ENSG00000203286,ENSG00000136908,ENSG00000167136,ENSG00000234771,ENSG00000136840,ENSG00000167123,ENSG00000167130,ENSG00000167094,ENSG00000095321,ENSG00000095370,ENSG00000160401,ENSG00000267834,ENSG00000197958,ENSG00000136895,ENSG00000171159,ENSG00000160408,ENSG00000167112,ENSG00000175283,ENSG00000119392","ENSG00000095370,ENSG00000148339,ENSG00000223478,ENSG00000119392,ENSG00000232172,ENSG00000106991,ENSG00000234055,ENSG00000289000,ENSG00000196979,ENSG00000167103,ENSG00000198917,ENSG00000160445,ENSG00000286547,ENSG00000148337,ENSG00000136811,ENSG00000160446,ENSG00000160447,ENSG00000236658,ENSG00000167110,ENSG00000223551,ENSG00000197694,ENSG00000227218,ENSG00000148346,ENSG00000095321,ENSG00000148356,ENSG00000285287,ENSG00000240853,ENSG00000225032,ENSG00000277713,ENSG00000175854,ENSG00000268707,ENSG00000196152,ENSG00000119383,ENSG00000203286,ENSG00000171169,ENSG00000167123,ENSG00000271833,ENSG00000136840,ENSG00000107021,ENSG00000234771,ENSG00000148343,ENSG00000136830,ENSG00000130720,ENSG00000228395,ENSG00000230289,ENSG00000201302,ENSG00000167136,ENSG00000175283,ENSG00000236687,ENSG00000212395,ENSG00000136802,ENSG00000167118,ENSG00000267834,ENSG00000136807,ENSG00000160408,ENSG00000197958,ENSG00000095319,ENSG00000136856,ENSG00000148334,ENSG00000148341,ENSG00000171159,ENSG00000136895,ENSG00000160404,ENSG00000175287,ENSG00000167106,ENSG00000188483,ENSG00000171097,ENSG00000223188,ENSG00000264169,ENSG00000231587,ENSG00000280758,ENSG00000167094,ENSG00000232850,ENSG00000252622,ENSG00000187024,ENSG00000224797,ENSG00000287234,ENSG00000167114,ENSG00000167112,ENSG00000231018,ENSG00000272696,ENSG00000160401,ENSG00000228487,ENSG00000106992,ENSG00000252582,ENSG00000226987,ENSG00000235284,ENSG00000119333,ENSG00000136908,ENSG00000136854,ENSG00000270755,ENSG00000234705,ENSG00000167130,ENSG00000136877,ENSG00000119335",ENSG00000148337,Liver eQTLs,train
20014839600092196-92196000007325,chr9,"9-139373396-T-C,9-139374457-A-C,9-139374451-CA-C,9-139357273-A-T,9-139358425-C-G,9-139364940-G-A,9-139371405-G-C,9-139372224-T-C,9-139381128-G-A,9-139356987-T-C,9-139356738-C-T,9-139367566-G-A,9-139376668-T-C,9-139377405-C-A,9-139377499-G-A,9-139378914-T-C,9-139363539-C-T,9-139369062-C-T,9-139340802-C-T,9-139341612-T-C,9-139371342-G-A,9-139384521-T-G,9-139385099-C-T,9-139354097-G-A,9-139368953-G-A,9-139327858-G-A,9-139386640-T-C,9-139324737-C-A,9-139324029-C-T,9-139330158-G-A,9-139330701-G-A,9-139327062-G-A,9-139327064-A-G,9-139322444-C-CTA,9-139322927-C-T,9-139324513-GCCC-G,9-139324573-T-C,9-139387676-G-A,9-139386138-G-A,9-139327143-C-T,9-139331221-G-C,9-139327277-G-A,9-139327154-C-T,9-139324574-C-T","ENSG00000212864,ENSG00000288873,ENSG00000213590,ENSG00000169692,ENSG00000188163,ENSG00000198435,ENSG00000233198,ENSG00000148411,ENSG00000184925,ENSG00000213221,ENSG00000228544,ENSG00000176101,ENSG00000184709,ENSG00000130559,ENSG00000176058,ENSG00000122140,ENSG00000176248,ENSG00000226706,ENSG00000196366,ENSG00000188747,ENSG00000197191,ENSG00000279141,ENSG00000188229,ENSG00000196642,ENSG00000180549,ENSG00000148396,ENSG00000214402,ENSG00000107281,ENSG00000177943,ENSG00000268996,ENSG00000187713,ENSG00000165661,ENSG00000187796,ENSG00000177239,ENSG00000180539,ENSG00000054179,ENSG00000260193,ENSG00000127191,ENSG00000169583,ENSG00000197768,ENSG00000238058,ENSG00000130560,ENSG00000233016,ENSG00000267206,ENSG00000188986,ENSG00000187609,ENSG00000187922,ENSG00000165684,ENSG00000172889,ENSG00000197355,ENSG00000160360,ENSG00000213213,ENSG00000107331,ENSG00000238227,ENSG00000275329,ENSG00000232434,ENSG00000275549,ENSG00000228401,ENSG00000244187,ENSG00000260190,ENSG00000213212,ENSG00000107223,ENSG00000165716,ENSG00000225361,ENSG00000188566,ENSG00000165689,ENSG00000237886,ENSG00000054148,ENSG00000107317,ENSG00000107187,ENSG00000176978,ENSG00000159069,ENSG00000160345,ENSG00000188833,ENSG00000148362,ENSG00000148400,ENSG00000165802,ENSG00000186193,ENSG00000198113,ENSG00000260996,ENSG00000176919","ENSG00000196366,ENSG00000187922,ENSG00000054179,ENSG00000225361,ENSG00000176978,ENSG00000180549,ENSG00000213221,ENSG00000159069,ENSG00000148400,ENSG00000213590,ENSG00000197355,ENSG00000169692,ENSG00000130559,ENSG00000279141,ENSG00000238058,ENSG00000188747,ENSG00000233198,ENSG00000160345,ENSG00000107187,ENSG00000148362,ENSG00000267206,ENSG00000232434,ENSG00000288873,ENSG00000184709,ENSG00000244187,ENSG00000260996,ENSG00000238227,ENSG00000228544,ENSG00000107317,ENSG00000187796,ENSG00000226706,ENSG00000275549,ENSG00000260190,ENSG00000165716,ENSG00000228401,ENSG00000188163,ENSG00000198113,ENSG00000176248,ENSG00000160360,ENSG00000275329,ENSG00000268996,ENSG00000233016,ENSG00000054148,ENSG00000198435,ENSG00000188986,ENSG00000130560,ENSG00000186193,ENSG00000165802,ENSG00000188833,ENSG00000196642,ENSG00000212864,ENSG00000169583,ENSG00000172889,ENSG00000148396,ENSG00000165684,ENSG00000180539,ENSG00000107281,ENSG00000122140,ENSG00000213212,ENSG00000187713,ENSG00000165689,ENSG00000187609,ENSG00000214402,ENSG00000107331,ENSG00000177239,ENSG00000176101,ENSG00000197191,ENSG00000107223,ENSG00000148411,ENSG00000260193,ENSG00000177943,ENSG00000188566,ENSG00000176919,ENSG00000237886,ENSG00000213213,ENSG00000197768,ENSG00000176058,ENSG00000188229,ENSG00000127191,ENSG00000165661,ENSG00000184925",ENSG00000148396,Liver eQTLs,train
20014845900092196-92196000000837,chr10,"10-26997925-G-A,10-26997889-C-T,10-26997918-G-A,10-26998155-C-T,10-26998358-C-T,10-26997271-C-T,10-27002797-T-C,10-26999031-T-C,10-26999049-C-T,10-26992235-T-C,10-27002145-C-T,10-27002153-A-G,10-26992271-TTA-T,10-26992348-GAGGATCACTTTTGCTC-G,10-26993156-G-A,10-26993390-T-A,10-26993725-G-A,10-26993737-A-T,10-26993955-C-A,10-26994150-A-C,10-26994345-G-A,10-26994650-A-G,10-26994981-C-G,10-26995038-C-T,10-26995771-C-T,10-26996003-G-A,10-26996013-A-T,10-26992990-G-A","ENSG00000120539,ENSG00000233261,ENSG00000148459,ENSG00000136754,ENSG00000099246,ENSG00000107890,ENSG00000107897,ENSG00000136758,ENSG00000283709,ENSG00000077420","ENSG00000237956,ENSG00000227932,ENSG00000284951,ENSG00000107890,ENSG00000223027,ENSG00000099246,ENSG00000252639,ENSG00000234296,ENSG00000262412,ENSG00000077420,ENSG00000148459,ENSG00000289350,ENSG00000226016,ENSG00000213770,ENSG00000182077,ENSG00000206605,ENSG00000233261,ENSG00000234788,ENSG00000199733,ENSG00000215409,ENSG00000136758,ENSG00000235843,ENSG00000238021,ENSG00000199855,ENSG00000260151,ENSG00000207135,ENSG00000236894,ENSG00000230500,ENSG00000136754,ENSG00000200369,ENSG00000278830,ENSG00000251839,ENSG00000283709,ENSG00000120539,ENSG00000107897,ENSG00000136750,ENSG00000251810",ENSG00000148459,Liver eQTLs,train
20014846800092196-92196000000820,chr10,"10-15400417-A-G,10-15398744-T-C,10-15399696-G-C,10-15406305-A-C,10-15375654-C-T,10-15376516-C-T,10-15380825-C-T,10-15388903-C-T,10-15366362-G-A,10-15365175-C-T,10-15398464-G-C,10-15400183-C-T","ENSG00000065809,ENSG00000232739,ENSG00000152455,ENSG00000176236,ENSG00000152465,ENSG00000284024,ENSG00000152457,ENSG00000185267,ENSG00000151474,ENSG00000077943,ENSG00000152463,ENSG00000237032,ENSG00000197889,ENSG00000187522,ENSG00000152464,ENSG00000176244,ENSG00000272853,ENSG00000148481,ENSG00000148468","ENSG00000237913,ENSG00000065809,ENSG00000187522,ENSG00000284024,ENSG00000152464,ENSG00000272853,ENSG00000201260,ENSG00000232739,ENSG00000237032,ENSG00000228181,ENSG00000206448,ENSG00000148481,ENSG00000235623,ENSG00000148468,ENSG00000221371,ENSG00000185267,ENSG00000176236,ENSG00000152457,ENSG00000228547,ENSG00000197889,ENSG00000201766,ENSG00000152465,ENSG00000152455,ENSG00000252537,ENSG00000152463,ENSG00000226140,ENSG00000228312,ENSG00000236495,ENSG00000237470,ENSG00000176244,ENSG00000077943,ENSG00000182531,ENSG00000151474",ENSG00000148468,Liver eQTLs,train
20014908900092196-92196000001248,chr11,"11-34919052-TAGAC-T,11-34919867-G-A,11-34921399-C-T,11-34922541-T-TTTA,11-34923177-G-C,11-34923870-A-T,11-34924362-T-G,11-34924669-C-T,11-34924865-T-C,11-34925533-T-C,11-34925778-T-C,11-34927553-G-A,11-34928110-A-G,11-34928156-C-T,11-34928626-G-C,11-34929160-T-A,11-34930185-C-T,11-34931303-T-A,11-34931401-G-C,11-34932026-G-T,11-34932034-A-T,11-34933221-C-T,11-34933675-C-T,11-34933900-T-A,11-34933978-T-G,11-34934090-G-A,11-34934237-G-A,11-34934741-C-T,11-34934749-G-A,11-34934900-C-T,11-34935091-G-A,11-34935369-T-G,11-34935421-C-A,11-34935500-T-C,11-34935555-A-G,11-34935837-G-A,11-34936690-A-C,11-34937076-G-A,11-34937330-G-T,11-34937416-G-A,11-34937486-G-C,11-34937698-G-A,11-34938001-A-G,11-34938199-C-G,11-34938310-T-C,11-34938456-A-G,11-34938840-T-C,11-34938935-A-G,11-34939292-G-A,11-34939631-C-T,11-34940353-C-G,11-34940737-A-G,11-34940844-G-A,11-34941048-T-G,11-34941358-A-G,11-34941969-A-G,11-34943491-G-A,11-34943954-A-G,11-34944212-A-G,11-34945182-TC-T,11-34945977-A-T,11-34946303-A-G,11-34946307-G-A,11-34948827-G-C,11-34950861-A-G,11-34950904-A-G,11-34951606-T-C,11-34951945-A-G,11-34953524-A-G,11-34953529-G-A,11-34954715-A-G,11-34954893-A-G,11-34955407-A-G,11-34956500-A-G,11-34956616-G-A,11-34957273-C-T,11-34957351-T-C,11-34957816-A-G,11-34957822-A-C,11-34957838-G-A,11-34957910-C-G,11-34957937-A-G,11-34960175-T-C,11-34960419-T-C,11-34960725-G-C,11-34961064-G-A,11-34961158-A-G,11-34961161-A-G,11-34961410-T-C,11-34962154-A-G,11-34962333-G-A,11-34963102-A-G,11-34963459-T-C,11-34964325-G-T,11-34966492-T-C,11-34919087-T-C,11-34922438-A-G,11-34923990-T-C,11-34924509-CTAATCCTGGGAAATGATTTAACTGTTTA-C,11-34924891-C-T,11-34927442-T-C,11-34929860-A-G,11-34930504-G-GT,11-34934755-C-T,11-34935111-C-T,11-34935495-C-A,11-34935742-A-G,11-34936530-A-G,11-34937138-T-C,11-34937363-C-T,11-34938079-G-C,11-34938269-C-T,11-34938551-A-G,11-34941364-C-G,11-34942836-C-G,11-34945827-C-T,11-34947040-C-T,11-34947496-A-G,11-34948876-C-G,11-34950745-T-C,11-34952177-G-T,11-34953055-C-A,11-34955674-C-T,11-34956375-C-T,11-34957211-A-G,11-34957833-T-A,11-34961611-C-A,11-34934069-G-A,11-34948561-T-TA,11-34924297-T-C,11-34959058-A-G,11-34927720-T-TG,11-34949991-T-G,11-34952409-T-C,11-34931589-T-G,11-34920333-G-T,11-34949918-C-CT,11-34927722-T-G,11-34919112-G-GTT,11-34919112-G-GTT,11-34897627-G-C,11-34895100-T-C,11-34895812-A-G,11-34886601-T-A","ENSG00000135373,ENSG00000026508,ENSG00000255443,ENSG00000149089,ENSG00000149090,ENSG00000179431,ENSG00000110435,ENSG00000135372,ENSG00000121691,ENSG00000135387,ENSG00000110436,ENSG00000166326,ENSG00000166016","ENSG00000110436,ENSG00000166016,ENSG00000216708,ENSG00000255443,ENSG00000255271,ENSG00000255004,ENSG00000149090,ENSG00000149089,ENSG00000254669,ENSG00000285740,ENSG00000135372,ENSG00000186082,ENSG00000201867,ENSG00000254919,ENSG00000289526,ENSG00000135387,ENSG00000121691,ENSG00000251862,ENSG00000270491,ENSG00000135373,ENSG00000026508,ENSG00000110435,ENSG00000255427,ENSG00000271369,ENSG00000254686,ENSG00000254708,ENSG00000179431,ENSG00000255542,ENSG00000220204,ENSG00000215380,ENSG00000285705,ENSG00000166326",ENSG00000149089,Liver eQTLs,train
20014917900092196-92196000001269,chr11,"11-46986784-A-T,11-47190860-G-A,11-47196982-C-T,11-46960059-TC-T,11-46971539-T-C,11-46979023-A-G,11-47043706-T-TAA,11-47077246-T-A,11-47077837-C-T,11-47035761-G-A,11-46945227-G-A,11-46953154-T-G,11-46965526-C-T,11-46975125-T-C,11-46984629-C-T,11-46988983-A-C,11-46990587-C-T,11-46996598-G-GC,11-46996600-T-C,11-47002005-C-A,11-47003304-G-A,11-47015296-G-T,11-46952774-G-A,11-46957808-G-A,11-46980304-CT-C,11-46987701-C-G,11-47012747-GT-G,11-46958698-T-C,11-46965730-G-A,11-46966904-G-A,11-46978698-G-A,11-46982275-T-C,11-46982481-G-A,11-47002614-A-T,11-47003317-T-A,11-47036794-G-C,11-47041065-G-A,11-47044249-T-C,11-47044355-G-A,11-47047059-A-G,11-47054780-AT-A,11-47074479-T-C,11-47082122-C-A,11-47093084-T-C,11-47093465-C-G,11-47120299-C-A,11-47152186-CCTT-C,11-47109060-A-G,11-47121176-T-C,11-46976116-A-G,11-46944196-G-A,11-47116823-T-C,11-47129397-C-T,11-47109463-T-A,11-47115719-G-C,11-47130778-G-A,11-46962451-T-C,11-46976941-G-A,11-47071897-C-T,11-47141232-G-A,11-47144542-A-C,11-47011429-A-G,11-47019777-G-C,11-47129854-A-C,11-47099125-A-C,11-46984803-A-G,11-46998512-T-C,11-47037955-C-A,11-47013473-C-G,11-47158392-A-G,11-47167789-G-A,11-47008379-A-G,11-47203245-C-T,11-47203904-G-A,11-47212561-A-C,11-47204175-A-T,11-47206082-G-C,11-47219310-G-C,11-47203068-T-C,11-47204981-G-C,11-46911457-T-C,11-46915601-C-T,11-47233458-G-A,11-46939027-G-A,11-47240490-A-T,11-47185510-A-G,11-47174062-G-A,11-46915993-T-C,11-46924174-T-A,11-47236294-A-G,11-47236298-A-G,11-47172951-C-CA,11-47184117-T-G,11-47164208-G-C","ENSG00000110492,ENSG00000165912,ENSG00000165916,ENSG00000109919,ENSG00000157613,ENSG00000200090,ENSG00000123444,ENSG00000165923,ENSG00000149091,ENSG00000165915,ENSG00000109920,ENSG00000180423,ENSG00000134575,ENSG00000244313,ENSG00000149179,ENSG00000149187,ENSG00000175224,ENSG00000180210,ENSG00000110497,ENSG00000025434,ENSG00000270060,ENSG00000134571,ENSG00000066336,ENSG00000172247,ENSG00000110514,ENSG00000255197,ENSG00000256897,ENSG00000030066,ENSG00000110536,ENSG00000213619,ENSG00000135365,ENSG00000134574,ENSG00000165917,ENSG00000149182,ENSG00000175216","ENSG00000109920,ENSG00000265014,ENSG00000212135,ENSG00000165912,ENSG00000149182,ENSG00000256897,ENSG00000165916,ENSG00000110492,ENSG00000175216,ENSG00000252427,ENSG00000123444,ENSG00000165917,ENSG00000265559,ENSG00000271350,ENSG00000110497,ENSG00000286450,ENSG00000254780,ENSG00000252874,ENSG00000244313,ENSG00000264583,ENSG00000213619,ENSG00000263540,ENSG00000255269,ENSG00000200376,ENSG00000285658,ENSG00000255007,ENSG00000252941,ENSG00000256746,ENSG00000149187,ENSG00000254871,ENSG00000025434,ENSG00000165915,ENSG00000149179,ENSG00000149091,ENSG00000283338,ENSG00000255314,ENSG00000110536,ENSG00000110514,ENSG00000270072,ENSG00000109919,ENSG00000254653,ENSG00000165923,ENSG00000200090,ENSG00000066336,ENSG00000157613,ENSG00000264102,ENSG00000030066,ENSG00000175224,ENSG00000134575,ENSG00000255520,ENSG00000270060,ENSG00000271543,ENSG00000180423,ENSG00000172247,ENSG00000134574,ENSG00000134571,ENSG00000255197,ENSG00000135365,ENSG00000254639,ENSG00000180210",ENSG00000149179,Liver eQTLs,train
20014919600092196-92196000001450,chr11,"11-86037696-T-A,11-86039825-G-T,11-86038075-G-A,11-86062597-C-T,11-86055472-A-G,11-86064099-A-G,11-86029716-T-A,11-86033843-A-T,11-86039279-A-C,11-86019659-C-T,11-85957458-A-G,11-85994731-C-T,11-85982983-C-CT,11-86018056-T-A,11-85993833-G-A,11-85935753-G-T,11-85939286-C-A,11-85957314-C-G,11-85929490-G-A","ENSG00000137501,ENSG00000137504,ENSG00000073921,ENSG00000278989,ENSG00000171202,ENSG00000074266,ENSG00000150687,ENSG00000246523,ENSG00000149196,ENSG00000255471,ENSG00000149201,ENSG00000179071,ENSG00000151376,ENSG00000280339,ENSG00000255222,ENSG00000171204,ENSG00000150672,ENSG00000254783,ENSG00000174804,ENSG00000166575","ENSG00000074266,ENSG00000254502,ENSG00000254897,ENSG00000150672,ENSG00000254783,ENSG00000149201,ENSG00000254684,ENSG00000137501,ENSG00000254699,ENSG00000254748,ENSG00000269895,ENSG00000276669,ENSG00000149196,ENSG00000255203,ENSG00000151376,ENSG00000239856,ENSG00000255471,ENSG00000171204,ENSG00000255005,ENSG00000150687,ENSG00000271318,ENSG00000254727,ENSG00000137504,ENSG00000206583,ENSG00000246523,ENSG00000200877,ENSG00000280339,ENSG00000254733,ENSG00000150676,ENSG00000278989,ENSG00000171202,ENSG00000073921,ENSG00000255222,ENSG00000166575,ENSG00000197882,ENSG00000255250,ENSG00000179071,ENSG00000174804,ENSG00000254731",ENSG00000149196,Liver eQTLs,train
20014948500092196-92196000001310,chr11,"11-61581764-T-C,11-61571348-C-G,11-61589481-A-G,11-61592362-A-G,11-61593005-A-G,11-61596633-C-T,11-61588305-A-G,11-61557803-T-C,11-61614426-CT-C,11-61597972-A-G,11-61551927-A-C,11-61606683-G-A,11-61606642-A-G,11-61557826-T-C,11-61569306-C-G,11-61569830-C-T,11-61570783-T-C,11-61571478-T-C,11-61575158-A-G,11-61579463-A-G,11-61585144-A-G,11-61586328-C-CT,11-61551356-T-C,11-61542006-GA-G,11-61573684-T-C,11-61552680-G-T,11-61604814-C-A,11-61605499-T-A,11-61596322-CA-C,11-61609750-C-T,11-61610750-G-A,11-61593816-C-T,11-61594920-CT-C,11-61565908-T-C,11-61600342-A-C,11-61543961-T-C,11-61543499-T-C,11-61603510-C-A,11-61564299-G-T,11-61546592-A-G,11-61549025-G-A,11-61619829-C-A,11-61618608-A-G,11-61621556-G-C,11-61623140-C-T,11-61560081-G-A","ENSG00000162188,ENSG00000006118,ENSG00000149016,ENSG00000269176,ENSG00000183134,ENSG00000110446,ENSG00000229859,ENSG00000134780,ENSG00000110108,ENSG00000167996,ENSG00000167995,ENSG00000204950,ENSG00000167985,ENSG00000256591,ENSG00000185475,ENSG00000187049,ENSG00000168569,ENSG00000124942,ENSG00000168496,ENSG00000149485,ENSG00000110104,ENSG00000134824,ENSG00000149483,ENSG00000134825,ENSG00000149480,ENSG00000254772,ENSG00000162231,ENSG00000279246,ENSG00000162194,ENSG00000162174,ENSG00000110107,ENSG00000167986,ENSG00000204922,ENSG00000279878,ENSG00000013725,ENSG00000167992,ENSG00000256443,ENSG00000162222,ENSG00000149503,ENSG00000149476,ENSG00000177363,ENSG00000162227,ENSG00000167987,ENSG00000168002,ENSG00000162148,ENSG00000214753,ENSG00000255931,ENSG00000168000,ENSG00000149541,ENSG00000185670,ENSG00000289194,ENSG00000162144,ENSG00000279549,ENSG00000269463,ENSG00000149489,ENSG00000256713,ENSG00000185085,ENSG00000011347,ENSG00000110448,ENSG00000214756,ENSG00000089597,ENSG00000240823,ENSG00000279491,ENSG00000167994,ENSG00000162191,ENSG00000289562,ENSG00000149499,ENSG00000257052,ENSG00000149532","ENSG00000256813,ENSG00000266006,ENSG00000269463,ENSG00000200898,ENSG00000162222,ENSG00000229859,ENSG00000279491,ENSG00000162227,ENSG00000185670,ENSG00000167992,ENSG00000214782,ENSG00000167996,ENSG00000162191,ENSG00000162188,ENSG00000254772,ENSG00000013725,ENSG00000257058,ENSG00000149483,ENSG00000110448,ENSG00000124942,ENSG00000124935,ENSG00000240823,ENSG00000166959,ENSG00000181995,ENSG00000149489,ENSG00000255553,ENSG00000124939,ENSG00000276102,ENSG00000149021,ENSG00000168496,ENSG00000006118,ENSG00000187049,ENSG00000134780,ENSG00000279549,ENSG00000236607,ENSG00000279246,ENSG00000214756,ENSG00000134824,ENSG00000149499,ENSG00000269176,ENSG00000255959,ENSG00000183134,ENSG00000168515,ENSG00000204922,ENSG00000167985,ENSG00000289562,ENSG00000255446,ENSG00000177363,ENSG00000255126,ENSG00000250230,ENSG00000172689,ENSG00000149503,ENSG00000279878,ENSG00000229183,ENSG00000134825,ENSG00000256713,ENSG00000168569,ENSG00000167987,ENSG00000110104,ENSG00000167995,ENSG00000256591,ENSG00000011347,ENSG00000256443,ENSG00000149476,ENSG00000162174,ENSG00000255845,ENSG00000166961,ENSG00000168000,ENSG00000168002,ENSG00000149016,ENSG00000285656,ENSG00000185085,ENSG00000255118,ENSG00000214753,ENSG00000256196,ENSG00000277892,ENSG00000289194,ENSG00000250659,ENSG00000162144,ENSG00000110107,ENSG00000254404,ENSG00000149541,ENSG00000255931,ENSG00000167986,ENSG00000110446,ENSG00000257052,ENSG00000255213,ENSG00000256733,ENSG00000279632,ENSG00000162148,ENSG00000197745,ENSG00000255947,ENSG00000204950,ENSG00000149480,ENSG00000110108,ENSG00000162194,ENSG00000149485,ENSG00000149532,ENSG00000162231,ENSG00000185475,ENSG00000254424,ENSG00000207153,ENSG00000167994,ENSG00000089597",ENSG00000149485,Liver eQTLs,train
20015005400092196-92196000000841,chr10,"10-28592116-C-CA,10-28589839-A-T,10-28536447-C-G,10-28540638-C-T,10-28541611-A-AT,10-28556495-A-G,10-28501962-A-G,10-28534353-G-C,10-28527279-T-C,10-28531053-C-A,10-28524497-T-C,10-28533718-T-C,10-28508604-T-C,10-28535579-T-C,10-28538164-TA-T,10-28538374-C-T,10-28538783-C-T,10-28539173-T-C,10-28540660-G-T,10-28541396-A-G,10-28541472-T-C,10-28542087-G-A,10-28542123-C-T,10-28542699-T-C,10-28543716-C-T,10-28543735-G-T,10-28543735-G-T,10-28550030-T-C,10-28550602-A-ACTGT,10-28550759-T-G","ENSG00000150051,ENSG00000150054,ENSG00000095787,ENSG00000254635,ENSG00000095739,ENSG00000099246,ENSG00000120563","ENSG00000222666,ENSG00000286413,ENSG00000254635,ENSG00000207483,ENSG00000199402,ENSG00000237128,ENSG00000222705,ENSG00000226016,ENSG00000095787,ENSG00000201001,ENSG00000120563,ENSG00000236716,ENSG00000224439,ENSG00000275036,ENSG00000271220,ENSG00000282996,ENSG00000252401,ENSG00000251810,ENSG00000150051,ENSG00000231911,ENSG00000230500,ENSG00000212411,ENSG00000233472,ENSG00000150054,ENSG00000237746,ENSG00000207612,ENSG00000099246,ENSG00000095739,ENSG00000226395,ENSG00000235824",ENSG00000150054,Liver eQTLs,train
20015040300092196-92196000001894,chr13,"13-114147809-C-T,13-114164811-G-A,13-114180375-C-T,13-114186271-C-A","ENSG00000130177,ENSG00000139842,ENSG00000277159,ENSG00000126218,ENSG00000185989,ENSG00000231882,ENSG00000198176,ENSG00000230371,ENSG00000198824,ENSG00000235280,ENSG00000183087,ENSG00000068650,ENSG00000126216,ENSG00000283199,ENSG00000272695,ENSG00000283828,ENSG00000057593,ENSG00000153531,ENSG00000184497,ENSG00000225083,ENSG00000126226,ENSG00000139835,ENSG00000267868,ENSG00000276434,ENSG00000274922,ENSG00000260615,ENSG00000150401,ENSG00000169062,ENSG00000126231,ENSG00000150403,ENSG00000185896,ENSG00000126217,ENSG00000233695,ENSG00000276248,ENSG00000285672,ENSG00000186009","ENSG00000226158,ENSG00000237699,ENSG00000186009,ENSG00000283361,ENSG00000225083,ENSG00000184497,ENSG00000139835,ENSG00000229723,ENSG00000230371,ENSG00000126217,ENSG00000126218,ENSG00000229373,ENSG00000169062,ENSG00000283828,ENSG00000283199,ENSG00000130177,ENSG00000183087,ENSG00000139842,ENSG00000276434,ENSG00000226921,ENSG00000277942,ENSG00000126226,ENSG00000231882,ENSG00000267868,ENSG00000150403,ENSG00000272695,ENSG00000153531,ENSG00000276248,ENSG00000265450,ENSG00000283347,ENSG00000198176,ENSG00000233695,ENSG00000126216,ENSG00000232487,ENSG00000185896,ENSG00000279770,ENSG00000260615,ENSG00000150401,ENSG00000274922,ENSG00000185989,ENSG00000277159,ENSG00000274766,ENSG00000068650,ENSG00000057593,ENSG00000232662,ENSG00000264539,ENSG00000126231,ENSG00000202347,ENSG00000269125,ENSG00000198824,ENSG00000235280,ENSG00000285672,ENSG00000185974",ENSG00000150403,Liver eQTLs,train
20015078700092196-92196000001103,chr11,"11-112037384-A-G,11-112034725-G-A,11-112034988-C-G,11-112036149-A-G,11-112037653-G-A,11-112047456-A-T,11-112050326-A-T,11-112042197-C-T,11-112037554-C-A,11-112034739-A-C,11-112058276-C-T,11-112070174-G-A,11-112080424-T-C,11-112081208-A-C,11-112084061-T-C,11-112059277-C-T,11-112061441-T-A,11-112068758-G-A,11-112058408-G-A,11-112059715-T-C,11-112063254-C-T,11-112068285-A-G,11-112057306-A-G,11-112068593-G-A,11-112052071-A-AT,11-112076587-G-C,11-112084619-A-C,11-112071880-AT-A,11-112085019-G-A","ENSG00000150783,ENSG00000149300,ENSG00000086848,ENSG00000109846,ENSG00000255561,ENSG00000230911,ENSG00000137720,ENSG00000150768,ENSG00000204370,ENSG00000204381,ENSG00000170276,ENSG00000150782,ENSG00000170145,ENSG00000196167,ENSG00000149294,ENSG00000150779,ENSG00000235286,ENSG00000250303,ENSG00000137713,ENSG00000110777,ENSG00000150787,ENSG00000150764,ENSG00000150773,ENSG00000214290,ENSG00000150776,ENSG00000254990","ENSG00000271390,ENSG00000137707,ENSG00000255484,ENSG00000287006,ENSG00000271025,ENSG00000150787,ENSG00000150783,ENSG00000235286,ENSG00000149300,ENSG00000213233,ENSG00000206772,ENSG00000150773,ENSG00000086848,ENSG00000214290,ENSG00000238444,ENSG00000288070,ENSG00000254990,ENSG00000285769,ENSG00000170276,ENSG00000149294,ENSG00000264032,ENSG00000188771,ENSG00000150782,ENSG00000204370,ENSG00000253099,ENSG00000254638,ENSG00000150750,ENSG00000247416,ENSG00000204381,ENSG00000255428,ENSG00000255093,ENSG00000137713,ENSG00000288097,ENSG00000207811,ENSG00000150779,ENSG00000271584,ENSG00000254450,ENSG00000150768,ENSG00000212397,ENSG00000137720,ENSG00000255561,ENSG00000255286,ENSG00000150764,ENSG00000270202,ENSG00000223324,ENSG00000109846,ENSG00000238965,ENSG00000286028,ENSG00000170145,ENSG00000254626,ENSG00000196167,ENSG00000238998,ENSG00000255334,ENSG00000183644,ENSG00000250303,ENSG00000254980,ENSG00000287028,ENSG00000254949,ENSG00000110777,ENSG00000230911,ENSG00000150776",ENSG00000150787,Liver eQTLs,train
20015100600092196-92196000002649,chr16,"16-31131614-A-G,16-31147548-G-A,16-31149142-A-G,16-31112810-A-C,16-31115259-T-A,16-31110981-G-A,16-31128088-AAT-A,16-31129942-C-T,16-31117389-T-C,16-31125776-T-C,16-31131121-C-T,16-31103796-A-G,16-31104878-G-A,16-31107689-C-T,16-31088347-G-A,16-31081585-A-G,16-31088625-A-G,16-31121793-G-A,16-31129895-A-G,16-31137712-C-T,16-31141993-C-T,16-31145219-C-T,16-31117413-C-T,16-31140799-G-T,16-31114234-A-G,16-31104509-C-G,16-31084394-A-AGCTCCTC,16-31085470-T-C,16-31127013-AT-A,16-31128668-C-A,16-31118024-C-A,16-31124407-A-G,16-31128615-C-T,16-31014179-C-T,16-31070481-A-T,16-31079371-G-T,16-31066538-T-G,16-31075175-G-A,16-31069854-G-A,16-31037020-A-T,16-31042299-G-A,16-31048079-C-T,16-31053467-C-T,16-31025641-C-T,16-31038687-T-A,16-31048280-C-T,16-31131174-G-A,16-31074386-G-GC,16-31054040-G-C,16-31062701-C-A,16-31065918-T-A,16-31011183-A-G,16-31011821-T-G,16-31005947-G-GT,16-31062875-TA-T,16-31027833-A-AT,16-30979818-C-T,16-30969486-G-T,16-30982225-A-G","ENSG00000156860,ENSG00000156886,ENSG00000169955,ENSG00000261840,ENSG00000169221,ENSG00000156853,ENSG00000276867,ENSG00000103490,ENSG00000156858,ENSG00000156873,ENSG00000273724,ENSG00000274678,ENSG00000197302,ENSG00000260852,ENSG00000198064,ENSG00000140691,ENSG00000099364,ENSG00000005844,ENSG00000280211,ENSG00000180209,ENSG00000260219,ENSG00000102886,ENSG00000179958,ENSG00000180096,ENSG00000103507,ENSG00000280132,ENSG00000102879,ENSG00000183604,ENSG00000099365,ENSG00000169877,ENSG00000262766,ENSG00000275263,ENSG00000180035,ENSG00000260060,ENSG00000140675,ENSG00000102870,ENSG00000260083,ENSG00000278922,ENSG00000261474,ENSG00000089280,ENSG00000131797,ENSG00000288983,ENSG00000259810,ENSG00000278133,ENSG00000196118,ENSG00000275371,ENSG00000169217,ENSG00000140678,ENSG00000090238,ENSG00000179918,ENSG00000185947,ENSG00000080603,ENSG00000229809,ENSG00000167394,ENSG00000052344,ENSG00000260267,ENSG00000102882,ENSG00000150281,ENSG00000279196,ENSG00000260304,ENSG00000175938,ENSG00000140688,ENSG00000281991,ENSG00000176723,ENSG00000169896,ENSG00000179965,ENSG00000235560,ENSG00000103496,ENSG00000140682,ENSG00000169951,ENSG00000151006,ENSG00000103549,ENSG00000260625,ENSG00000099385,ENSG00000250616,ENSG00000132207,ENSG00000261052,ENSG00000274653,ENSG00000099381,ENSG00000197162,ENSG00000260911,ENSG00000169957,ENSG00000156885","ENSG00000179965,ENSG00000156885,ENSG00000260568,ENSG00000258130,ENSG00000197476,ENSG00000131797,ENSG00000222701,ENSG00000102882,ENSG00000222287,ENSG00000103496,ENSG00000276867,ENSG00000288983,ENSG00000261203,ENSG00000280132,ENSG00000259950,ENSG00000176723,ENSG00000180035,ENSG00000213547,ENSG00000180663,ENSG00000179918,ENSG00000261704,ENSG00000261346,ENSG00000052344,ENSG00000090238,ENSG00000180096,ENSG00000260628,ENSG00000169955,ENSG00000169221,ENSG00000156860,ENSG00000156886,ENSG00000175938,ENSG00000197302,ENSG00000260304,ENSG00000196118,ENSG00000275371,ENSG00000099364,ENSG00000099365,ENSG00000261245,ENSG00000261289,ENSG00000260911,ENSG00000252074,ENSG00000251706,ENSG00000260048,ENSG00000102886,ENSG00000280211,ENSG00000183604,ENSG00000274653,ENSG00000261475,ENSG00000089280,ENSG00000261474,ENSG00000259874,ENSG00000140682,ENSG00000262366,ENSG00000005844,ENSG00000260267,ENSG00000274678,ENSG00000102870,ENSG00000140688,ENSG00000260852,ENSG00000169957,ENSG00000261727,ENSG00000230447,ENSG00000261444,ENSG00000260010,ENSG00000179958,ENSG00000169877,ENSG00000260625,ENSG00000260219,ENSG00000156873,ENSG00000103507,ENSG00000140675,ENSG00000132207,ENSG00000235560,ENSG00000260472,ENSG00000261680,ENSG00000273724,ENSG00000140691,ENSG00000223931,ENSG00000169627,ENSG00000260722,ENSG00000279196,ENSG00000260060,ENSG00000169951,ENSG00000206755,ENSG00000150281,ENSG00000197162,ENSG00000270472,ENSG00000260218,ENSG00000185947,ENSG00000259810,ENSG00000260631,ENSG00000261052,ENSG00000274848,ENSG00000167394,ENSG00000103549,ENSG00000278887,ENSG00000262766,ENSG00000103490,ENSG00000278885,ENSG00000199787,ENSG00000169217,ENSG00000281991,ENSG00000278133,ENSG00000261840,ENSG00000169900,ENSG00000261359,ENSG00000261284,ENSG00000261741,ENSG00000260113,ENSG00000151006,ENSG00000260883,ENSG00000278922,ENSG00000237185,ENSG00000250616,ENSG00000229809,ENSG00000099385,ENSG00000169896,ENSG00000202476,ENSG00000266305,ENSG00000156853,ENSG00000140678,ENSG00000080603,ENSG00000260757,ENSG00000261457,ENSG00000099381,ENSG00000275263,ENSG00000156858,ENSG00000261648,ENSG00000198064,ENSG00000263343,ENSG00000102879,ENSG00000260083,ENSG00000180209",ENSG00000151006,Liver eQTLs,train
20015120800092196-92196000001001,chr10,"10-79579251-G-A,10-79558180-T-C,10-79531931-G-A,10-79532580-G-A,10-79529215-G-A,10-79529245-C-T,10-79529350-A-G,10-79534527-T-C,10-79540588-T-C,10-79540969-T-C,10-79546968-G-A,10-79566480-CT-C,10-79537965-C-T,10-79565655-G-A,10-79566407-T-C,10-79566632-G-A,10-79582623-C-A,10-79589904-C-T,10-79594754-T-TCACCAC,10-79599501-A-G,10-79594796-A-T,10-79594931-C-T,10-79596030-T-G,10-79566040-G-C,10-79582179-G-A,10-79582812-T-C,10-79585848-G-A,10-79591519-A-T,10-79594514-C-A,10-79549047-A-G,10-79558131-G-C,10-79571108-C-T,10-79574078-G-A,10-79577408-G-C,10-79580101-C-T,10-79617385-T-G,10-79617648-G-A,10-79625482-C-T,10-79625795-T-C,10-79625947-G-A,10-79635268-GAGA-G,10-79636161-C-T,10-79539318-C-CTA,10-79536465-T-C,10-79617511-C-G,10-79633807-G-A,10-79637709-C-T,10-79543308-T-G,10-79603688-T-C,10-79619402-A-G,10-79578244-G-C,10-79645070-C-A,10-79623378-C-G,10-79637991-T-C,10-79574263-A-C,10-79526766-T-C,10-79649653-G-T,10-79650351-G-C,10-79596675-A-G,10-79652395-C-T,10-79560803-C-G,10-79649050-A-G,10-79538276-TA-T,10-79552092-C-T,10-79590685-C-T,10-79588209-C-T,10-79566365-T-G,10-79657705-C-G","ENSG00000151208,ENSG00000156113,ENSG00000138326,ENSG00000233871,ENSG00000148606,ENSG00000228748,ENSG00000213513","ENSG00000225100,ENSG00000214695,ENSG00000219430,ENSG00000228683,ENSG00000235858,ENSG00000235924,ENSG00000232965,ENSG00000232950,ENSG00000227515,ENSG00000241317,ENSG00000224760,ENSG00000214584,ENSG00000170788,ENSG00000230171,ENSG00000236217,ENSG00000235426,ENSG00000151208,ENSG00000204437,ENSG00000271985,ENSG00000234319,ENSG00000229616,ENSG00000228748,ENSG00000213513,ENSG00000235705,ENSG00000229569,ENSG00000226676,ENSG00000138326,ENSG00000225827,ENSG00000233871,ENSG00000279359,ENSG00000259021,ENSG00000148606,ENSG00000234382,ENSG00000272489,ENSG00000156113",ENSG00000151208,Liver eQTLs,train
20015129200092196-92196000005683,chr5,"5-122868279-G-C,5-122848876-G-A,5-122887846-A-AT,5-122894948-GA-G,5-122869087-G-A,5-122932667-G-A,5-122933256-G-A,5-122824678-A-G,5-122877037-C-T,5-122882219-A-C,5-122882380-C-T,5-122882781-C-G,5-122884102-G-A,5-122885684-G-A,5-122888129-C-T,5-122888133-C-T,5-122889077-T-C,5-122890823-T-C,5-122896447-T-C,5-122896897-G-T,5-122827953-A-G,5-122828560-A-C,5-122833703-C-T,5-122834112-T-C,5-122839201-C-A,5-122924864-G-T,5-122927339-G-A,5-122908468-A-G,5-122858178-T-C,5-122858839-T-TCTA,5-122858907-A-T,5-122859765-T-C,5-122860462-G-A,5-122872040-A-G,5-122900604-C-T,5-122902603-A-G,5-122903793-G-A,5-122905495-G-GTGGATGTTC,5-122894428-C-T,5-122907042-G-A,5-122908361-A-G,5-122909345-G-C,5-122910278-T-G,5-122926427-G-A,5-122928815-G-T,5-122917860-T-C,5-122923328-G-A,5-122855416-G-A,5-122921773-A-G,5-122914004-A-T,5-122911995-A-G,5-122918742-T-C,5-122932733-CT-C,5-122928965-A-G,5-122880668-CTT-C,5-122833667-C-T,5-122839670-G-C,5-122857931-G-T,5-122922957-A-G,5-122946270-C-A,5-122944204-A-C,5-122944649-G-A,5-122944705-T-C,5-122958273-C-A,5-122949499-C-T,5-122838766-G-A,5-122969943-A-G,5-122961007-C-T,5-122961813-A-C,5-122961840-A-G,5-122969526-A-T,5-122858196-C-CA,5-122938630-A-G,5-122951287-G-GAAC,5-122950330-G-C,5-122981081-T-C,5-122963712-A-G,5-122949128-C-T,5-122954603-G-A,5-122958757-G-A,5-122963555-C-T","ENSG00000168944,ENSG00000151292,ENSG00000064652,ENSG00000168938,ENSG00000205302,ENSG00000288766,ENSG00000288890,ENSG00000250539,ENSG00000263432,ENSG00000061455","ENSG00000247311,ENSG00000249621,ENSG00000213655,ENSG00000168944,ENSG00000279772,ENSG00000064652,ENSG00000249610,ENSG00000061455,ENSG00000235275,ENSG00000272139,ENSG00000289054,ENSG00000287794,ENSG00000288766,ENSG00000151292,ENSG00000263432,ENSG00000250539,ENSG00000251538,ENSG00000249400,ENSG00000240058,ENSG00000168938,ENSG00000205302,ENSG00000288890,ENSG00000250803,ENSG00000276047",ENSG00000151292,Liver eQTLs,train
20015147000092196-92196000005420,chr4,"4-130030652-A-G,4-130031498-T-G,4-130033665-C-T,4-130034581-T-C,4-130035370-T-A,4-130035755-G-A,4-130035889-C-T,4-130036142-A-G,4-130036179-A-C,4-130036191-T-C,4-130036591-C-T,4-130037653-G-A,4-130038674-T-C,4-130038714-T-C,4-130038913-T-C,4-130020042-A-AG,4-130020791-T-C,4-130022069-C-T,4-130022161-C-A,4-130022347-C-T,4-130022448-G-A,4-130022875-C-A,4-130023759-A-T,4-130024726-T-TAC,4-130025037-T-G,4-130025873-T-A,4-130025913-G-GT,4-130029879-A-C,4-130018971-T-C,4-130022356-G-A,4-130023212-GT-G,4-130043436-C-T,4-130044425-A-G,4-130045321-G-C,4-130045592-T-G,4-130046216-A-T,4-130046217-T-G,4-130050091-A-G,4-130054469-T-C,4-130019312-C-T,4-130017919-G-A,4-130058670-T-C,4-130056680-T-G,4-130019352-T-G,4-129988405-A-C,4-129945525-G-A,4-129980630-C-T,4-129982377-A-G,4-129990164-T-A,4-129990658-T-TTTTA,4-129991464-G-T,4-129992337-A-G,4-130003237-T-C,4-130004079-A-G,4-130005096-G-A,4-130019599-G-T,4-130042232-A-C,4-130058979-G-A,4-130040437-T-C,4-129917368-A-G,4-129921170-G-T,4-129949906-A-T,4-129975969-T-C,4-130008092-T-C,4-129923879-T-C,4-129968621-C-T,4-129970673-C-T,4-129976478-T-C,4-129892905-C-T,4-129892905-C-T,4-129904130-A-G,4-129961179-A-G,4-129987071-A-C,4-129894649-G-A,4-129915063-C-A,4-129890790-T-C,4-129888787-G-T,4-129911111-TA-T,4-129885499-C-A,4-129879711-G-A,4-129875301-A-G,4-129878342-G-A,4-129868556-T-C,4-129912966-T-A","ENSG00000077684,ENSG00000248394,ENSG00000151466,ENSG00000251432,ENSG00000151470,ENSG00000164040","ENSG00000248394,ENSG00000280059,ENSG00000151470,ENSG00000077684,ENSG00000248958,ENSG00000287748,ENSG00000249018,ENSG00000248877,ENSG00000234125,ENSG00000251195,ENSG00000287924,ENSG00000250193,ENSG00000151466,ENSG00000281369,ENSG00000249618,ENSG00000250503,ENSG00000164040,ENSG00000251432,ENSG00000246876,ENSG00000251345,ENSG00000251326",ENSG00000151470,Liver eQTLs,train
20015164000092196-92196000000801,chr10,"10-134000091-G-A,10-133996225-G-A,10-133997031-C-T,10-133997292-G-C,10-134002827-TTCTC-T,10-134003701-T-C,10-133980712-C-CCGCG,10-133989118-C-T,10-133990861-T-G,10-134010043-G-A,10-134000883-C-G,10-133991937-G-GA,10-134005372-C-T,10-133982510-C-T,10-134002148-C-T,10-133987957-G-T,10-133990897-G-A,10-133992803-C-T,10-133996585-A-G,10-133981414-C-T,10-133982197-G-A,10-134025328-G-A,10-133981983-T-C,10-133993806-T-C,10-134031086-C-T,10-134031876-G-T,10-134017388-C-G,10-134011660-A-G,10-133995919-G-GT,10-134011192-C-T","ENSG00000171811,ENSG00000175470,ENSG00000277959,ENSG00000197177,ENSG00000151640,ENSG00000176171,ENSG00000165752,ENSG00000289039,ENSG00000273521,ENSG00000171813,ENSG00000068383,ENSG00000188385,ENSG00000148814,ENSG00000171798,ENSG00000232903","ENSG00000273327,ENSG00000278641,ENSG00000197177,ENSG00000171813,ENSG00000176171,ENSG00000275610,ENSG00000276164,ENSG00000068383,ENSG00000148814,ENSG00000276046,ENSG00000265395,ENSG00000230468,ENSG00000278790,ENSG00000151640,ENSG00000237635,ENSG00000278761,ENSG00000171794,ENSG00000213543,ENSG00000225899,ENSG00000280337,ENSG00000188385,ENSG00000171811,ENSG00000213147,ENSG00000273980,ENSG00000279626,ENSG00000175470,ENSG00000276904,ENSG00000289039,ENSG00000171798,ENSG00000284219,ENSG00000273521,ENSG00000233685,ENSG00000277959,ENSG00000277274,ENSG00000278664,ENSG00000235264,ENSG00000276964,ENSG00000274599,ENSG00000232903,ENSG00000165752,ENSG00000287327",ENSG00000151640,Liver eQTLs,train
20015168900092196-92196000004107,chr2,"2-191153556-A-G,2-191153551-A-C,2-191135006-T-A,2-191217257-A-G,2-191124102-A-G,2-191122968-C-T,2-191124282-G-A,2-191124868-G-A,2-191126246-C-A,2-191129255-C-T,2-191131684-C-T,2-191131691-T-C,2-191132359-G-A,2-191132846-G-A,2-191136383-A-T,2-191136731-C-T,2-191138018-C-G,2-191139718-T-C,2-191140287-C-T,2-191141593-T-C,2-191143109-T-C,2-191143118-G-T,2-191144009-T-C,2-191144829-G-T,2-191145365-GA-G,2-191146183-C-A,2-191146557-T-C,2-191147022-T-C,2-191147631-A-G,2-191149322-G-A,2-191150136-T-G,2-191150343-T-C,2-191152920-T-C,2-191153590-T-C,2-191157776-A-G,2-191158856-A-C,2-191159232-A-G,2-191159891-C-T,2-191160454-T-C,2-191161063-A-G,2-191161622-T-C,2-191161845-C-T,2-191162082-T-C,2-191162289-T-G,2-191162976-C-T,2-191163280-G-T,2-191163823-A-G,2-191164159-A-G,2-191165235-T-C,2-191165665-C-T,2-191167641-A-G,2-191167678-A-G,2-191121300-G-A,2-191122840-T-A,2-191124431-T-C,2-191169703-TCTAA-T,2-191169948-G-A,2-191128988-CT-C,2-191164228-G-GAT,2-191123329-A-G,2-191127437-T-C,2-191127572-C-T,2-191127573-A-T,2-191127710-C-G,2-191127837-CA-C,2-191128842-G-A,2-191128975-C-T,2-191130037-TATTTCACTGA-T,2-191133078-C-T,2-191133515-A-G,2-191137161-C-T,2-191137500-C-G,2-191139340-C-T,2-191132568-A-AG,2-191134043-C-T,2-191140879-C-T,2-191167328-G-A,2-191147437-A-G,2-191219115-T-TTCA,2-191219614-G-A,2-191220338-C-A,2-191224752-T-G,2-191216109-T-A,2-191231503-G-A,2-191135005-T-A,2-191214467-A-AT,2-191168924-C-T,2-191169757-A-C,2-191171014-G-C,2-191171103-T-C,2-191171436-G-A,2-191171658-T-G,2-191172264-T-C,2-191173600-G-A,2-191176982-G-T,2-191182289-A-C,2-191124098-T-G,2-191154536-C-T,2-191155688-C-G,2-191096928-T-A,2-191224208-G-A,2-191226932-T-C,2-191227073-A-G,2-191225687-C-T,2-191095506-C-T,2-191095738-T-A,2-191099495-C-G,2-191106696-C-T,2-191106988-C-T,2-191108091-T-G,2-191111955-G-A,2-191113009-T-G,2-191113655-C-A,2-191113816-T-C,2-191113819-C-T,2-191114062-T-C,2-191114229-T-C,2-191114235-G-A,2-191115808-C-A,2-191115831-C-T,2-191117206-G-A,2-191108872-T-C,2-191097688-AAAAT-A,2-191095926-C-T,2-191096057-G-C,2-191096074-T-C,2-191096404-A-G,2-191097168-T-C,2-191100253-A-C,2-191100723-T-C,2-191101087-T-TTAAA,2-191101867-C-G,2-191101928-T-C,2-191102817-T-C,2-191108436-G-A,2-191109200-A-G,2-191109533-C-T,2-191109870-C-A,2-191112584-C-T,2-191112797-G-C,2-191117640-C-T,2-191117653-A-G,2-191118580-T-C,2-191119299-A-G,2-191105195-T-G,2-191093283-A-AG,2-191093283-A-AG,2-191094570-A-AT,2-191098328-A-G,2-191099959-A-G,2-191109448-G-A,2-191116438-C-CAT,2-191158179-CAAAA-C,2-191089970-C-G,2-191078163-G-A,2-191072288-T-C,2-191073924-C-G,2-191077264-C-T,2-191086020-A-C,2-191086541-A-T,2-191087183-A-G,2-191074736-G-T,2-191088580-T-C,2-191075863-T-C,2-191086341-T-C,2-191088941-C-T,2-191089358-A-G,2-191089837-C-T,2-191091011-A-AG,2-191091275-T-C,2-191092034-A-G,2-191092773-C-T,2-191093239-G-C,2-191093265-A-C,2-191093654-T-C,2-191093945-C-T,2-191072611-AAAAAT-A,2-191072611-AAAAAT-A,2-191188213-A-G,2-191143127-G-A,2-191195482-T-C,2-191205302-C-T,2-191073199-A-G,2-191200243-T-TC,2-191066970-C-T,2-191062195-C-A,2-191064056-G-A,2-191065236-TTTTG-T,2-191066683-C-T,2-191069689-T-A,2-191075020-A-G,2-191079750-A-G,2-191080877-T-C,2-191081018-C-T,2-191085198-G-A,2-191067766-T-TTC,2-191068061-A-T,2-191068465-A-G,2-191078035-A-C,2-191082194-A-G,2-191082481-A-T,2-191083065-T-C,2-191084821-T-C,2-191084985-T-A,2-191085110-A-G,2-191193096-AC-A,2-191201564-A-C,2-191186197-CAT-C,2-191190053-C-G,2-191196735-T-A,2-191237953-T-C,2-191149069-A-C,2-191065595-G-T,2-191066913-T-C,2-191069434-G-A,2-191069476-C-T,2-191083874-C-CA,2-191122850-A-G,2-191129748-C-T,2-191139869-T-C,2-191141498-T-C,2-191151658-T-C,2-191153014-A-C,2-191164969-G-A,2-191179508-T-G,2-191062031-C-T,2-191102249-G-T,2-191095972-C-T,2-191102796-A-C,2-191208341-C-T,2-191127571-G-C,2-191172784-C-G,2-191182081-C-T,2-191062951-A-G,2-191064753-C-T,2-191102532-G-A,2-191112241-G-A,2-191113359-G-A,2-191116355-A-G,2-191098012-T-G,2-191064273-T-G,2-191065782-A-AGAT,2-191061408-A-G,2-191096992-C-A,2-191111387-G-A,2-191063071-G-C,2-191075447-G-A,2-191076656-G-A,2-191079890-T-C,2-191087504-C-T,2-191091270-G-A,2-191092603-C-T,2-191165429-C-T,2-191063445-A-ACAAT,2-191086758-C-T,2-191088614-G-A,2-191093105-C-T,2-191063305-C-T,2-191063763-C-A,2-191081687-G-A,2-191121185-T-C,2-191067233-T-C,2-191080875-G-C,2-191061633-G-T","ENSG00000273240,ENSG00000187699,ENSG00000138381,ENSG00000284052,ENSG00000253559,ENSG00000115419,ENSG00000115415,ENSG00000138378,ENSG00000233654,ENSG00000138386,ENSG00000128641,ENSG00000230611,ENSG00000227542,ENSG00000189362,ENSG00000280083,ENSG00000151690,ENSG00000288866,ENSG00000151689,ENSG00000115368,ENSG00000272979,ENSG00000138379,ENSG00000064933,ENSG00000151687,ENSG00000128699,ENSG00000204253,ENSG00000128694,ENSG00000138449","ENSG00000225884,ENSG00000138449,ENSG00000230686,ENSG00000189362,ENSG00000128641,ENSG00000253559,ENSG00000227542,ENSG00000273240,ENSG00000274845,ENSG00000230611,ENSG00000115415,ENSG00000138381,ENSG00000151687,ENSG00000115368,ENSG00000252130,ENSG00000128694,ENSG00000115419,ENSG00000251935,ENSG00000288582,ENSG00000207402,ENSG00000128699,ENSG00000187699,ENSG00000235852,ENSG00000233654,ENSG00000138379,ENSG00000151690,ENSG00000138378,ENSG00000288064,ENSG00000064933,ENSG00000204253,ENSG00000151689,ENSG00000138386,ENSG00000280083,ENSG00000213946,ENSG00000288866,ENSG00000272979,ENSG00000284052",ENSG00000151689,Liver eQTLs,train
20015194800092196-92196000001593,chr12,"12-129389458-T-C,12-129389283-A-C,12-129388263-G-A,12-129389626-T-TAAAC,12-129385106-G-A,12-129389777-C-T","ENSG00000151948,ENSG00000181234,ENSG00000279500,ENSG00000151952","ENSG00000256630,ENSG00000280051,ENSG00000286394,ENSG00000242963,ENSG00000256137,ENSG00000279343,ENSG00000256906,ENSG00000279478,ENSG00000277217,ENSG00000251536,ENSG00000279500,ENSG00000279193,ENSG00000256298,ENSG00000280196,ENSG00000259862,ENSG00000261650,ENSG00000256699,ENSG00000286246,ENSG00000151948,ENSG00000257025,ENSG00000181234,ENSG00000256085,ENSG00000276122,ENSG00000249196,ENSG00000151952",ENSG00000151948,Liver eQTLs,train
20015211700092196-92196000004029,chr2,"2-132260324-G-A,2-132254393-C-T,2-132254367-A-G,2-132261385-G-GTGACTATAGGCA,2-132257414-T-C,2-132254224-T-C,2-132254312-G-C,2-132251258-C-CA,2-132267459-C-T,2-132260299-G-A,2-132260299-G-A,2-132263407-C-T,2-132263411-T-G,2-132263238-T-G,2-132263229-AT-A,2-132257439-A-G,2-132251961-G-A,2-132261429-T-G,2-132261769-G-A,2-132259211-C-T,2-132260357-GTTTA-G,2-132250656-C-G,2-132250966-T-C,2-132251685-G-A,2-132251850-C-A,2-132251938-G-A,2-132251995-C-T,2-132252218-A-G,2-132252540-A-G,2-132252688-A-G,2-132252822-G-A,2-132253283-C-T,2-132253453-T-C,2-132253482-A-G,2-132253588-A-G,2-132253968-C-G,2-132253987-A-G,2-132254001-A-G,2-132254486-A-G,2-132254554-T-C,2-132255957-C-G,2-132256059-CTG-C,2-132256065-C-T,2-132256240-C-T,2-132256251-A-G,2-132256319-C-G,2-132256410-G-A,2-132256414-C-T,2-132256420-C-T,2-132256559-T-C,2-132256779-C-T,2-132256975-C-T,2-132257229-T-C,2-132257359-G-A,2-132257622-G-A,2-132257830-C-T,2-132258031-A-G,2-132258484-G-A,2-132258815-G-A,2-132259421-A-G,2-132259543-G-A,2-132259726-G-A,2-132259751-T-G,2-132259950-C-T,2-132260032-C-T,2-132260256-A-G,2-132260263-A-G,2-132260440-AGTGGCACGATCTTG-A,2-132260893-G-T,2-132260931-A-G,2-132261001-C-CTTT,2-132261259-C-A,2-132261624-C-T,2-132261643-C-A,2-132261667-C-A,2-132261783-C-G,2-132261948-C-T,2-132262229-G-A,2-132262357-G-A,2-132262486-T-C,2-132262656-G-GT,2-132263162-T-C,2-132263449-T-C,2-132263518-T-A,2-132263712-A-G,2-132263793-C-G,2-132264180-C-G,2-132264187-G-T,2-132264243-G-A,2-132264308-G-C,2-132264752-T-C,2-132264755-G-A,2-132265089-G-A,2-132265225-C-A,2-132265269-A-G,2-132265546-C-G,2-132265663-A-G,2-132265693-C-A,2-132265862-T-C,2-132266015-T-A,2-132266281-TG-T,2-132266301-C-T,2-132266303-C-A,2-132266315-A-T,2-132266340-A-G,2-132266419-C-T,2-132266794-A-C,2-132266916-A-G,2-132267264-C-T,2-132267439-C-T,2-132267749-C-T,2-132267871-G-A,2-132267882-A-C,2-132267895-A-T,2-132268094-G-A,2-132268145-G-A,2-132268179-C-T,2-132268741-T-A,2-132269281-T-A,2-132269567-G-C,2-132269570-T-C,2-132270145-C-T,2-132270175-C-T,2-132270282-G-A,2-132270576-A-G,2-132270805-A-G,2-132270940-C-T,2-132271199-T-C,2-132271409-G-A,2-132271429-T-G,2-132271566-T-C,2-132272009-A-G,2-132272052-G-A,2-132272095-G-A,2-132272114-G-A,2-132272149-G-A,2-132272158-T-A,2-132272160-G-A,2-132272326-A-G,2-132272472-C-T,2-132272512-A-T,2-132272664-C-T,2-132272917-G-A,2-132273092-T-G,2-132273426-GGAGTC-G,2-132273493-C-T,2-132274113-A-G,2-132274474-G-A,2-132275579-G-A,2-132275643-C-G,2-132275838-C-G,2-132276359-T-C,2-132276530-C-T,2-132277686-C-T,2-132277984-G-A,2-132279406-C-T,2-132279871-T-G,2-132280057-C-A,2-132259983-T-C,2-132262368-C-T,2-132262419-A-AG,2-132250093-T-G,2-132266738-C-A,2-132272235-GA-G,2-132255853-C-T,2-132272800-A-G,2-132272911-TC-T,2-132260297-G-A,2-132264547-G-A,2-132264500-T-A,2-132264501-A-T,2-132262398-C-T,2-132260290-C-T,2-132251787-C-T,2-132254681-A-G,2-132254985-A-T,2-132261058-C-T,2-132274077-A-G,2-132249605-G-A,2-132249600-G-A,2-132264334-C-CAAAA,2-132276412-A-G,2-132276435-C-T,2-132270136-C-T,2-132267456-G-C,2-132281246-C-G,2-132272563-C-T,2-132276254-A-G,2-132264492-C-T,2-132267458-T-G,2-132278713-T-C,2-132272856-A-C,2-132233063-G-A,2-132250941-T-C,2-132269231-G-A,2-132247549-C-T,2-132259374-A-G,2-132250578-G-C,2-132276039-C-T,2-132277465-G-A,2-132232537-C-T,2-132233317-G-A,2-132233525-G-A,2-132240666-A-G,2-132242494-G-A,2-132243019-C-T,2-132282077-C-T,2-132285356-C-A,2-132286155-G-C,2-132291170-A-G,2-132258593-A-G,2-132249169-G-A,2-132273621-G-A,2-132294248-C-T,2-132289071-T-G,2-132245231-G-T,2-132288853-G-A","ENSG00000136002,ENSG00000197927,ENSG00000287071,ENSG00000152102,ENSG00000287151,ENSG00000163040,ENSG00000152117,ENSG00000183840,ENSG00000115762,ENSG00000286833,ENSG00000075886,ENSG00000273073,ENSG00000213222","ENSG00000231431,ENSG00000283865,ENSG00000237910,ENSG00000152117,ENSG00000075886,ENSG00000233729,ENSG00000229203,ENSG00000284149,ENSG00000270930,ENSG00000273073,ENSG00000232760,ENSG00000183840,ENSG00000252705,ENSG00000244337,ENSG00000287071,ENSG00000235615,ENSG00000224679,ENSG00000234939,ENSG00000236516,ENSG00000276460,ENSG00000230803,ENSG00000186825,ENSG00000227661,ENSG00000230065,ENSG00000230992,ENSG00000233786,ENSG00000284659,ENSG00000286208,ENSG00000228721,ENSG00000283303,ENSG00000018607,ENSG00000231777,ENSG00000227275,ENSG00000288031,ENSG00000286833,ENSG00000202174,ENSG00000232742,ENSG00000223631,ENSG00000214077,ENSG00000221288,ENSG00000234576,ENSG00000152102,ENSG00000163046,ENSG00000233285,ENSG00000236590,ENSG00000163040,ENSG00000287151,ENSG00000284003,ENSG00000271179,ENSG00000197927,ENSG00000226831,ENSG00000279512,ENSG00000234480,ENSG00000287414,ENSG00000274353,ENSG00000236485,ENSG00000224425,ENSG00000251956,ENSG00000225594,ENSG00000232349,ENSG00000136002,ENSG00000284706,ENSG00000115762,ENSG00000235080,ENSG00000286068,ENSG00000227817,ENSG00000226886,ENSG00000200718,ENSG00000213222,ENSG00000227745",ENSG00000152117,Liver eQTLs,train
20015229200092196-92196000004375,chr2,"2-85643149-C-T,2-85645593-A-C,2-85645545-A-C,2-85658862-G-A,2-85658993-T-C,2-85638323-A-G,2-85637837-G-T,2-85659527-G-T","ENSG00000208772,ENSG00000235847,ENSG00000168899,ENSG00000168883,ENSG00000132313,ENSG00000286532,ENSG00000163541,ENSG00000034510,ENSG00000115423,ENSG00000287625,ENSG00000068615,ENSG00000115459,ENSG00000168887,ENSG00000270532,ENSG00000132300,ENSG00000152284,ENSG00000042445,ENSG00000213399,ENSG00000246575,ENSG00000232504,ENSG00000288858,ENSG00000176407,ENSG00000132305,ENSG00000168878,ENSG00000115525,ENSG00000115486,ENSG00000152292,ENSG00000068654,ENSG00000152291,ENSG00000168894,ENSG00000168874,ENSG00000115523,ENSG00000273080,ENSG00000168890,ENSG00000168906,ENSG00000186854,ENSG00000118640,ENSG00000272564","ENSG00000200241,ENSG00000200701,ENSG00000207207,ENSG00000273080,ENSG00000232504,ENSG00000288858,ENSG00000168878,ENSG00000225787,ENSG00000068615,ENSG00000168890,ENSG00000276281,ENSG00000270532,ENSG00000229648,ENSG00000168894,ENSG00000118640,ENSG00000176407,ENSG00000202537,ENSG00000115423,ENSG00000251974,ENSG00000163541,ENSG00000271014,ENSG00000231134,ENSG00000286532,ENSG00000287628,ENSG00000265420,ENSG00000203363,ENSG00000246575,ENSG00000115459,ENSG00000152291,ENSG00000252321,ENSG00000132300,ENSG00000168874,ENSG00000200563,ENSG00000235463,ENSG00000168883,ENSG00000152284,ENSG00000168899,ENSG00000213399,ENSG00000132305,ENSG00000115523,ENSG00000213400,ENSG00000244399,ENSG00000239143,ENSG00000235847,ENSG00000168887,ENSG00000152292,ENSG00000208772,ENSG00000042445,ENSG00000202382,ENSG00000199687,ENSG00000273196,ENSG00000115486,ENSG00000230299,ENSG00000132313,ENSG00000272564,ENSG00000199936,ENSG00000287625,ENSG00000186854,ENSG00000278783,ENSG00000068654,ENSG00000034510,ENSG00000115525,ENSG00000260840,ENSG00000168906,ENSG00000276362",ENSG00000152292,Liver eQTLs,train
20015234800092196-92196000005937,chr5,"5-81268070-C-G,5-81281364-ACT-A,5-81326622-G-A,5-81375335-A-C,5-81389950-T-C,5-81428261-C-A,5-81469082-G-T,5-81378294-C-T,5-81261923-A-G,5-81504600-G-T,5-81504841-C-T,5-81512947-TA-T,5-81322547-A-G,5-81359771-AC-A,5-81370760-T-C,5-81386035-C-T,5-81301825-AC-A,5-81351443-C-T,5-81359709-A-G,5-81377257-G-A,5-81447995-A-G,5-81448283-G-A,5-81457358-C-A,5-81550043-G-A,5-81553815-A-G,5-81555328-T-G,5-81466669-G-A,5-81492643-G-A,5-81434479-T-A,5-81296479-C-CT,5-81272732-T-C,5-81279021-C-G,5-81297077-A-G,5-81312399-A-G,5-81406770-C-T,5-81443520-T-G,5-81371755-A-G,5-81434790-G-C,5-81263522-T-A,5-81482522-A-G,5-81508792-G-C,5-81278375-T-C,5-81400264-A-C,5-81425592-T-C,5-81562141-ATCCT-A,5-81533735-C-T,5-81551659-G-A,5-81268499-G-A,5-81406404-G-C,5-81538046-T-A,5-81561325-C-T,5-81561369-T-C,5-81550377-CG-C,5-81491087-G-A,5-81385161-C-CA,5-81593654-C-T,5-81381997-A-T,5-81573992-C-T,5-81419343-T-TA,5-81416305-A-G,5-81610680-G-A","ENSG00000247572,ENSG00000286721,ENSG00000131730,ENSG00000131732,ENSG00000172497,ENSG00000248794,ENSG00000145687,ENSG00000152348","ENSG00000172497,ENSG00000236447,ENSG00000287938,ENSG00000271043,ENSG00000247572,ENSG00000265684,ENSG00000251828,ENSG00000244076,ENSG00000251374,ENSG00000145687,ENSG00000251001,ENSG00000227087,ENSG00000131732,ENSG00000249483,ENSG00000164299,ENSG00000248967,ENSG00000220157,ENSG00000131730,ENSG00000206774,ENSG00000214857,ENSG00000286721,ENSG00000248794,ENSG00000242706,ENSG00000240003,ENSG00000249772,ENSG00000152348,ENSG00000248569,ENSG00000249438,ENSG00000244630,ENSG00000248192",ENSG00000152348,Liver eQTLs,train
20015301200092196-92196000005513,chr4,"4-25064215-T-C,4-25062016-A-C,4-25063668-A-G,4-25063548-T-G,4-25059352-C-T,4-25059842-G-GT,4-25060151-G-C,4-25060385-A-G,4-25060536-T-C,4-25060758-T-C,4-25060908-C-T,4-25061165-A-C,4-25061475-G-A,4-25064311-G-A,4-25061157-T-A,4-25060844-G-A,4-25061899-C-T,4-25057662-G-C,4-25058802-C-A,4-25059034-C-T,4-25056765-G-A,4-25055592-G-A,4-25056349-A-G,4-25056018-C-T,4-25057028-G-A","ENSG00000168228,ENSG00000109610,ENSG00000109606,ENSG00000038210,ENSG00000157765,ENSG00000250317,ENSG00000281501,ENSG00000053900,ENSG00000181982,ENSG00000091490,ENSG00000153012,ENSG00000109618","ENSG00000207697,ENSG00000157765,ENSG00000249256,ENSG00000249320,ENSG00000242640,ENSG00000248444,ENSG00000109618,ENSG00000109606,ENSG00000238632,ENSG00000168228,ENSG00000038210,ENSG00000228154,ENSG00000091490,ENSG00000053900,ENSG00000251009,ENSG00000243005,ENSG00000250317,ENSG00000109610,ENSG00000271172,ENSG00000153012,ENSG00000248654,ENSG00000248608,ENSG00000248545,ENSG00000289201,ENSG00000251353,ENSG00000251638,ENSG00000278135,ENSG00000249277,ENSG00000248133,ENSG00000250050,ENSG00000281501,ENSG00000261121,ENSG00000181982,ENSG00000250541",ENSG00000153012,Liver eQTLs,train
20015309300092196-92196000003971,chr2,"2-111863438-T-C,2-111872148-A-G,2-111877297-T-C,2-111879100-A-G,2-111879381-C-A,2-111886914-C-T,2-111906510-G-A,2-111907214-G-A,2-111908262-G-A,2-111920741-G-T,2-111877346-T-TG,2-111884592-CT-C,2-111893869-A-T,2-111934219-C-T,2-111892984-A-G,2-111900598-A-G,2-111913998-TTTCA-T,2-111928373-A-C,2-111934117-CCCAAGG-C,2-111913737-C-CAT,2-111887703-T-A,2-111923630-T-G,2-111928436-G-T,2-111928436-G-T,2-111899277-GT-G,2-111912681-C-A,2-111912715-G-A","ENSG00000153093,ENSG00000286904,ENSG00000175701,ENSG00000144061,ENSG00000271590,ENSG00000175772,ENSG00000172965,ENSG00000230650,ENSG00000153208,ENSG00000153214,ENSG00000169679,ENSG00000184115,ENSG00000153094,ENSG00000230596,ENSG00000144063,ENSG00000153107","ENSG00000235258,ENSG00000280228,ENSG00000280878,ENSG00000144063,ENSG00000266063,ENSG00000172965,ENSG00000230650,ENSG00000153214,ENSG00000237583,ENSG00000230958,ENSG00000175772,ENSG00000286904,ENSG00000283698,ENSG00000115008,ENSG00000175701,ENSG00000287141,ENSG00000232277,ENSG00000144061,ENSG00000285016,ENSG00000225496,ENSG00000223973,ENSG00000153208,ENSG00000271590,ENSG00000225744,ENSG00000180152,ENSG00000169679,ENSG00000153093,ENSG00000230596,ENSG00000153094,ENSG00000227842,ENSG00000240350,ENSG00000228615,ENSG00000230499,ENSG00000236555,ENSG00000153107,ENSG00000270190,ENSG00000240183,ENSG00000229118,ENSG00000226928,ENSG00000184115,ENSG00000271635",ENSG00000153093,Liver eQTLs,train
20015311300092196-92196000005952,chr5,"5-95995733-G-T,5-95997266-T-C,5-96004363-T-C,5-96013931-C-T,5-95990057-C-T,5-95990869-G-A,5-95990871-C-T,5-96025847-A-G,5-96016569-A-G,5-96016616-C-T,5-96026085-G-T,5-96027252-G-T","ENSG00000113441,ENSG00000272021,ENSG00000153113,ENSG00000250240,ENSG00000058729,ENSG00000251000,ENSG00000118985,ENSG00000236882,ENSG00000272109,ENSG00000251409,ENSG00000249746,ENSG00000173221,ENSG00000250362,ENSG00000247121,ENSG00000248734,ENSG00000251348,ENSG00000249180,ENSG00000145757,ENSG00000164308,ENSG00000164292","ENSG00000272021,ENSG00000207578,ENSG00000251000,ENSG00000212259,ENSG00000153347,ENSG00000248734,ENSG00000206997,ENSG00000200884,ENSG00000236882,ENSG00000251409,ENSG00000153113,ENSG00000250240,ENSG00000249180,ENSG00000213716,ENSG00000250362,ENSG00000225165,ENSG00000251348,ENSG00000272109,ENSG00000247121,ENSG00000118985,ENSG00000113441,ENSG00000250955,ENSG00000164292,ENSG00000289337,ENSG00000249746,ENSG00000164308,ENSG00000173221,ENSG00000145757,ENSG00000250158,ENSG00000058729,ENSG00000227836",ENSG00000153113,Liver eQTLs,train
20015313200092196-92196000005426,chr4,"4-141329911-T-A,4-141337290-A-G,4-141330571-G-A,4-141328651-C-T,4-141344232-G-A,4-141309577-C-T,4-141352942-G-A,4-141314370-C-T,4-141325438-A-G,4-141334815-C-T,4-141348748-G-T,4-141296690-TGATATTGTG-T,4-141306692-T-C,4-141325437-C-T,4-141345042-A-T,4-141322236-C-T,4-141350256-G-C,4-141351711-C-T,4-141352328-C-G,4-141294814-G-C,4-141304509-A-G,4-141306582-T-C,4-141310226-T-G,4-141269918-GT-G,4-141290945-A-C,4-141284198-C-T,4-141278934-C-T,4-141279427-C-T,4-141281938-G-T,4-141278479-G-A","ENSG00000248810,ENSG00000286896,ENSG00000273472,ENSG00000272717,ENSG00000241923,ENSG00000153132,ENSG00000172007,ENSG00000249661,ENSG00000179387,ENSG00000286320,ENSG00000109445,ENSG00000085871,ENSG00000170153,ENSG00000145391,ENSG00000248863,ENSG00000109436,ENSG00000196782,ENSG00000273247,ENSG00000153130,ENSG00000178458","ENSG00000179387,ENSG00000145391,ENSG00000205301,ENSG00000109436,ENSG00000207155,ENSG00000286320,ENSG00000272717,ENSG00000085871,ENSG00000172007,ENSG00000273472,ENSG00000153132,ENSG00000250141,ENSG00000242134,ENSG00000196782,ENSG00000222613,ENSG00000280262,ENSG00000248747,ENSG00000286896,ENSG00000249661,ENSG00000248863,ENSG00000250835,ENSG00000109445,ENSG00000287449,ENSG00000170153,ENSG00000248810,ENSG00000109424,ENSG00000178458,ENSG00000250189,ENSG00000241923,ENSG00000273247,ENSG00000153130,ENSG00000248335,ENSG00000248621",ENSG00000153132,Liver eQTLs,train
20015317900092196-92196000001760,chr12,"12-65027421-A-G,12-65024951-G-C,12-65028492-G-A,12-65031566-T-A,12-65027969-G-A,12-65030544-G-A,12-65031766-C-G,12-65018121-T-G,12-65030890-G-A","ENSG00000184575,ENSG00000118600,ENSG00000177990,ENSG00000153179,ENSG00000135677,ENSG00000255566,ENSG00000174099,ENSG00000174106,ENSG00000183735,ENSG00000276853,ENSG00000174206,ENSG00000196935,ENSG00000111490,ENSG00000243024,ENSG00000255642","ENSG00000118600,ENSG00000255866,ENSG00000196935,ENSG00000238440,ENSG00000251788,ENSG00000250748,ENSG00000243024,ENSG00000277895,ENSG00000276853,ENSG00000256915,ENSG00000207099,ENSG00000221564,ENSG00000255566,ENSG00000213344,ENSG00000184575,ENSG00000256670,ENSG00000256293,ENSG00000286682,ENSG00000256083,ENSG00000276878,ENSG00000174099,ENSG00000250280,ENSG00000277945,ENSG00000215208,ENSG00000256314,ENSG00000280181,ENSG00000241749,ENSG00000183735,ENSG00000256268,ENSG00000174106,ENSG00000255700,ENSG00000255780,ENSG00000255886,ENSG00000111490,ENSG00000248995,ENSG00000174206,ENSG00000212298,ENSG00000153179,ENSG00000287618,ENSG00000243020,ENSG00000225195,ENSG00000255817,ENSG00000177990,ENSG00000255642,ENSG00000256199,ENSG00000198671,ENSG00000223294,ENSG00000135677",ENSG00000153179,Liver eQTLs,train
20015320800092196-92196000003973,chr2,"2-112689647-C-T,2-112702194-G-A,2-112698984-G-A,2-112700834-T-C,2-112712828-C-T,2-112726252-G-A,2-112761369-G-A,2-112681991-G-A,2-112683627-C-G,2-112684121-T-TGGTGAAACCCCGTCTCTACTA,2-112687273-C-T,2-112713903-GCTAC-G,2-112716930-A-T,2-112722418-G-T,2-112729917-G-A,2-112733692-A-C,2-112742124-G-C,2-112742129-A-G,2-112742401-A-G,2-112753524-C-CCAAAA,2-112754229-T-C,2-112763148-G-A,2-112688054-A-C,2-112790104-T-C,2-112779548-G-GA,2-112779732-G-T,2-112782358-T-G,2-112782371-G-A,2-112783327-T-C","ENSG00000153208,ENSG00000125630,ENSG00000188177,ENSG00000144136,ENSG00000125611,ENSG00000153214,ENSG00000237753,ENSG00000287937,ENSG00000172965,ENSG00000114999,ENSG00000286904,ENSG00000243389,ENSG00000153107,ENSG00000169607,ENSG00000125538,ENSG00000228251,ENSG00000286545,ENSG00000271590,ENSG00000144152,ENSG00000278962,ENSG00000144161,ENSG00000169629,ENSG00000153094","ENSG00000231943,ENSG00000226516,ENSG00000136696,ENSG00000287141,ENSG00000228615,ENSG00000136695,ENSG00000283698,ENSG00000144136,ENSG00000230958,ENSG00000125538,ENSG00000136697,ENSG00000225398,ENSG00000287937,ENSG00000278962,ENSG00000234148,ENSG00000236124,ENSG00000169607,ENSG00000227842,ENSG00000232090,ENSG00000136694,ENSG00000243389,ENSG00000202427,ENSG00000228251,ENSG00000144152,ENSG00000237753,ENSG00000153107,ENSG00000235258,ENSG00000153214,ENSG00000266063,ENSG00000236555,ENSG00000201805,ENSG00000172965,ENSG00000232277,ENSG00000233479,ENSG00000125630,ENSG00000234174,ENSG00000180152,ENSG00000144161,ENSG00000271590,ENSG00000227368,ENSG00000286545,ENSG00000285016,ENSG00000115008,ENSG00000169629,ENSG00000153094,ENSG00000286904,ENSG00000153208,ENSG00000125611,ENSG00000289035,ENSG00000240183,ENSG00000125571,ENSG00000114999,ENSG00000280228,ENSG00000188177,ENSG00000225496",ENSG00000153208,Liver eQTLs,train
20015329100092196-92196000006396,chr6,"6-46644875-C-T,6-46648129-A-G,6-46624656-A-T,6-46681900-T-G,6-46684222-C-T","ENSG00000112796,ENSG00000198087,ENSG00000069122,ENSG00000001561,ENSG00000270761,ENSG00000172348,ENSG00000146072,ENSG00000231769,ENSG00000112782,ENSG00000153291,ENSG00000146070","ENSG00000146070,ENSG00000229349,ENSG00000242973,ENSG00000112782,ENSG00000069122,ENSG00000225730,ENSG00000001561,ENSG00000216813,ENSG00000226541,ENSG00000146072,ENSG00000236164,ENSG00000153291,ENSG00000172348,ENSG00000271328,ENSG00000287485,ENSG00000231769,ENSG00000198087,ENSG00000230062,ENSG00000270761,ENSG00000212468,ENSG00000199762,ENSG00000112796",ENSG00000153291,Liver eQTLs,train
20015331700092196-92196000006981,chr8,"8-131083853-C-T,8-131084796-TCAGGTATGTCTTTATCAGCAGCGTGAAAACGGACTAATA-T,8-131064299-C-T,8-131069819-C-T,8-131074636-T-C,8-131129442-T-C,8-131048795-C-T,8-131076420-A-C,8-131085037-A-G,8-131099046-C-T,8-131258535-C-T,8-131099629-T-G,8-131187761-T-C,8-131096104-A-G,8-131121252-G-C,8-131115087-G-A,8-131099982-C-T,8-131255834-C-T,8-131115239-GCTGT-G,8-131108193-T-C,8-131102543-T-TA,8-131101643-G-A,8-131226092-A-G,8-131301457-A-C,8-131052403-G-A,8-131052868-C-T,8-131100960-G-T,8-131044465-C-T,8-131046105-TA-T,8-131036253-G-A,8-131037784-G-A,8-131039142-C-T,8-131039509-T-A,8-131040648-C-T","ENSG00000153310,ENSG00000286535,ENSG00000254317,ENSG00000280543,ENSG00000153317","ENSG00000254317,ENSG00000253407,ENSG00000253259,ENSG00000155897,ENSG00000280543,ENSG00000253507,ENSG00000286535,ENSG00000253117,ENSG00000287201,ENSG00000212342,ENSG00000153317,ENSG00000153310,ENSG00000254255,ENSG00000252158,ENSG00000253992,ENSG00000253656",ENSG00000153317,Liver eQTLs,train
20015340600092196-92196000002689,chr16,"16-4506232-G-A,16-4505331-C-T,16-4573040-A-G,16-4578732-A-G,16-4516092-T-C,16-4527109-T-C,16-4526292-A-G,16-4514655-G-A,16-4515145-A-C,16-4577090-A-G,16-4510426-T-C,16-4528634-T-C,16-4518392-G-A,16-4535307-T-A,16-4518205-G-A,16-4518458-A-G,16-4573938-A-G,16-4536934-T-A,16-4537693-T-C,16-4541924-T-C,16-4560929-G-C,16-4544505-C-T,16-4518754-A-G,16-4518558-A-G,16-4573332-C-T,16-4568043-G-A,16-4536621-T-C,16-4537670-T-C,16-4539030-T-A,16-4530862-T-C,16-4530919-C-T,16-4562351-T-C,16-4519140-C-G,16-4576798-A-C,16-4525265-C-T,16-4529613-A-G,16-4518948-T-A,16-4530597-T-C,16-4585883-AC-A,16-4587811-C-G,16-4560627-T-A,16-4534366-G-C,16-4549226-C-G,16-4583147-C-T,16-4587875-C-A,16-4587789-A-G,16-4586529-C-T,16-4588394-G-C,16-4576423-T-C,16-4562512-A-G,16-4593040-C-A","ENSG00000126602,ENSG00000103199,ENSG00000162104,ENSG00000166246,ENSG00000153406,ENSG00000090447,ENSG00000217930,ENSG00000262246,ENSG00000185739,ENSG00000033011,ENSG00000167984,ENSG00000285567,ENSG00000262712,ENSG00000263235,ENSG00000103184,ENSG00000118900,ENSG00000275056,ENSG00000288935,ENSG00000267795,ENSG00000102858,ENSG00000153446,ENSG00000103423,ENSG00000126603,ENSG00000280063,ENSG00000262185,ENSG00000168101,ENSG00000278434,ENSG00000118894,ENSG00000103174,ENSG00000262468,ENSG00000168096,ENSG00000140623,ENSG00000005339,ENSG00000263105,ENSG00000140632,ENSG00000205832,ENSG00000067836,ENSG00000168140,ENSG00000153443,ENSG00000089486,ENSG00000262686,ENSG00000213918,ENSG00000188827,ENSG00000118898,ENSG00000262312,ENSG00000103351","ENSG00000285567,ENSG00000103423,ENSG00000033011,ENSG00000162104,ENSG00000280063,ENSG00000276641,ENSG00000275056,ENSG00000102858,ENSG00000126602,ENSG00000153446,ENSG00000263955,ENSG00000185739,ENSG00000126603,ENSG00000103199,ENSG00000205832,ENSG00000262471,ENSG00000261007,ENSG00000278434,ENSG00000168140,ENSG00000267070,ENSG00000275515,ENSG00000118900,ENSG00000263105,ENSG00000260882,ENSG00000103184,ENSG00000262312,ENSG00000261612,ENSG00000153406,ENSG00000153443,ENSG00000140623,ENSG00000261789,ENSG00000262686,ENSG00000262712,ENSG00000103174,ENSG00000167984,ENSG00000089486,ENSG00000262246,ENSG00000213918,ENSG00000263159,ENSG00000261811,ENSG00000260817,ENSG00000140632,ENSG00000263235,ENSG00000118898,ENSG00000005339,ENSG00000168101,ENSG00000262516,ENSG00000288935,ENSG00000262468,ENSG00000090447,ENSG00000242278,ENSG00000267182,ENSG00000276754,ENSG00000267795,ENSG00000273963,ENSG00000217930,ENSG00000118894,ENSG00000188827,ENSG00000260431,ENSG00000168096,ENSG00000103351,ENSG00000067836,ENSG00000166246,ENSG00000262185",ENSG00000153406,Liver eQTLs,train
20015378600092196-92196000002853,chr16,"16-85030271-C-T,16-85034029-T-C,16-85034278-T-A,16-85038948-C-T,16-85040259-T-C,16-85040641-T-TAAGATGCTGAACCAAAATA,16-85040733-C-T,16-85040756-A-G,16-85041016-G-A,16-85041216-C-T,16-85041231-G-A,16-85041546-T-C,16-85041614-A-G,16-85041814-G-C,16-85042413-A-C,16-85042510-C-A,16-85042561-G-C,16-85042716-T-C,16-85042788-C-T,16-85043782-T-C,16-85030686-A-T,16-85031825-G-A,16-85032088-G-A,16-85032954-A-T,16-85033400-T-C,16-85033679-G-A,16-85034203-G-A,16-85034341-T-C,16-85043565-C-A,16-85028181-G-A,16-85029463-A-G,16-85031275-C-T,16-85027947-G-C,16-85029665-G-A,16-85044674-T-C,16-85046481-C-G,16-85035532-AT-A,16-85027085-TG-T,16-85028850-G-C","ENSG00000131148,ENSG00000270184,ENSG00000154102,ENSG00000278214,ENSG00000261286,ENSG00000131143,ENSG00000286510,ENSG00000140955,ENSG00000140943,ENSG00000103194,ENSG00000135686,ENSG00000179219,ENSG00000103187,ENSG00000263968,ENSG00000260018,ENSG00000275088,ENSG00000103175,ENSG00000103196,ENSG00000287787,ENSG00000140968,ENSG00000131153,ENSG00000285848,ENSG00000103160,ENSG00000153786,ENSG00000154099,ENSG00000103168,ENSG00000064270,ENSG00000140950,ENSG00000274677,ENSG00000131149","ENSG00000103196,ENSG00000260410,ENSG00000274134,ENSG00000179219,ENSG00000140950,ENSG00000214259,ENSG00000269898,ENSG00000268804,ENSG00000260858,ENSG00000260340,ENSG00000260504,ENSG00000135686,ENSG00000287946,ENSG00000270698,ENSG00000278716,ENSG00000275088,ENSG00000287787,ENSG00000285848,ENSG00000269667,ENSG00000286510,ENSG00000154102,ENSG00000131149,ENSG00000283416,ENSG00000153786,ENSG00000131153,ENSG00000131148,ENSG00000289551,ENSG00000103187,ENSG00000064270,ENSG00000270159,ENSG00000285040,ENSG00000168418,ENSG00000103168,ENSG00000260859,ENSG00000279907,ENSG00000263968,ENSG00000199350,ENSG00000103160,ENSG00000278214,ENSG00000270184,ENSG00000285163,ENSG00000260530,ENSG00000140955,ENSG00000261243,ENSG00000103175,ENSG00000266307,ENSG00000140943,ENSG00000261286,ENSG00000201361,ENSG00000103194,ENSG00000140968,ENSG00000285012,ENSG00000166558,ENSG00000260018,ENSG00000274677,ENSG00000285792,ENSG00000154099,ENSG00000131143",ENSG00000153786,Liver eQTLs,train
20015381400092196-92196000006682,chr7,"7-28259233-T-C,7-28239466-A-G,7-28255530-A-AAAAC","ENSG00000285081,ENSG00000272568,ENSG00000255690,ENSG00000286478,ENSG00000233830,ENSG00000235669,ENSG00000237065,ENSG00000106049,ENSG00000146592,ENSG00000106052,ENSG00000106066,ENSG00000153814,ENSG00000106069","ENSG00000279429,ENSG00000237065,ENSG00000272568,ENSG00000224322,ENSG00000146592,ENSG00000106069,ENSG00000228421,ENSG00000255690,ENSG00000233517,ENSG00000225286,ENSG00000106066,ENSG00000279655,ENSG00000287489,ENSG00000229452,ENSG00000106052,ENSG00000285412,ENSG00000235669,ENSG00000106049,ENSG00000153814,ENSG00000285162,ENSG00000229893,ENSG00000206623,ENSG00000174495,ENSG00000285081,ENSG00000236569,ENSG00000213781,ENSG00000233830,ENSG00000286478,ENSG00000213783",ENSG00000153814,Liver eQTLs,train
20015388500092196-92196000003576,chr19,19-34278318-T-C,"ENSG00000153896,ENSG00000105220,ENSG00000166359,ENSG00000130881,ENSG00000166398,ENSG00000153885,ENSG00000076650,ENSG00000126249,ENSG00000121289,ENSG00000289378,ENSG00000089335,ENSG00000267219,ENSG00000124302,ENSG00000268751,ENSG00000131941,ENSG00000274104,ENSG00000142279,ENSG00000267130,ENSG00000289539,ENSG00000153879,ENSG00000021488,ENSG00000131944,ENSG00000124299,ENSG00000205209,ENSG00000271049,ENSG00000277013,ENSG00000201967,ENSG00000279329,ENSG00000267296,ENSG00000197841,ENSG00000245848,ENSG00000257103,ENSG00000126261","ENSG00000166398,ENSG00000142279,ENSG00000264317,ENSG00000271049,ENSG00000271171,ENSG00000232429,ENSG00000267130,ENSG00000289378,ENSG00000279329,ENSG00000131944,ENSG00000153885,ENSG00000239253,ENSG00000271666,ENSG00000076650,ENSG00000270849,ENSG00000130881,ENSG00000270281,ENSG00000121289,ENSG00000266899,ENSG00000269037,ENSG00000245848,ENSG00000197841,ENSG00000124302,ENSG00000289539,ENSG00000153879,ENSG00000252230,ENSG00000240626,ENSG00000267296,ENSG00000249987,ENSG00000131941,ENSG00000126261,ENSG00000268751,ENSG00000267219,ENSG00000126249,ENSG00000257103,ENSG00000186008,ENSG00000277013,ENSG00000243864,ENSG00000153896,ENSG00000124299,ENSG00000270212,ENSG00000201967,ENSG00000266985,ENSG00000267024,ENSG00000205209,ENSG00000021488,ENSG00000166359,ENSG00000239210,ENSG00000287526,ENSG00000270624,ENSG00000089335,ENSG00000268683,ENSG00000274104,ENSG00000269303,ENSG00000105220",ENSG00000153885,Liver eQTLs,train
20015390200092196-92196000003587,chr19,"19-35617270-T-C,19-35618855-C-T,19-35619019-A-G,19-35626373-G-A,19-35614534-A-T,19-35615313-C-T,19-35615530-CG-C,19-35615995-C-T,19-35616086-C-T,19-35616315-G-A,19-35616316-C-T,19-35616464-G-C,19-35616562-C-G,19-35616663-A-G,19-35616692-C-T,19-35616953-T-C,19-35626349-C-T,19-35614272-A-G,19-35617639-C-G,19-35635231-C-T,19-35614274-G-A,19-35614274-G-A,19-35627468-C-G,19-35627514-G-C,19-35630362-A-G,19-35611309-T-G,19-35611824-T-A,19-35612168-T-A,19-35612549-T-C,19-35613484-C-T,19-35613623-G-A,19-35617122-A-G,19-35632634-G-A,19-35616016-G-A,19-35633236-G-A,19-35620588-T-C,19-35633503-C-G,19-35622492-C-T,19-35623925-T-C","ENSG00000179066,ENSG00000279329,ENSG00000105220,ENSG00000105677,ENSG00000236144,ENSG00000105258,ENSG00000279504,ENSG00000267796,ENSG00000266964,ENSG00000004776,ENSG00000011600,ENSG00000280106,ENSG00000161265,ENSG00000205155,ENSG00000126262,ENSG00000089327,ENSG00000126254,ENSG00000168661,ENSG00000272333,ENSG00000105695,ENSG00000205138,ENSG00000126264,ENSG00000153896,ENSG00000075702,ENSG00000089351,ENSG00000126261,ENSG00000197841,ENSG00000267698,ENSG00000270876,ENSG00000105668,ENSG00000105698,ENSG00000221946,ENSG00000280194,ENSG00000004777,ENSG00000126267,ENSG00000161277,ENSG00000257103,ENSG00000167604,ENSG00000188508,ENSG00000274104,ENSG00000271032,ENSG00000181392,ENSG00000271049,ENSG00000205209,ENSG00000105711,ENSG00000089356,ENSG00000153902,ENSG00000233214,ENSG00000105290,ENSG00000105270,ENSG00000126246,ENSG00000142279,ENSG00000267439,ENSG00000225872,ENSG00000105699,ENSG00000105707,ENSG00000189001,ENSG00000180884,ENSG00000105672,ENSG00000227392,ENSG00000268751,ENSG00000267049,ENSG00000271109,ENSG00000267219,ENSG00000126249,ENSG00000012124,ENSG00000105254,ENSG00000011590,ENSG00000105697,ENSG00000268947,ENSG00000105675,ENSG00000250799,ENSG00000279619,ENSG00000271366,ENSG00000126243,ENSG00000167595,ENSG00000249115,ENSG00000161249,ENSG00000089335,ENSG00000239382,ENSG00000166398","ENSG00000200179,ENSG00000270876,ENSG00000089356,ENSG00000270624,ENSG00000267786,ENSG00000221946,ENSG00000268751,ENSG00000153896,ENSG00000004777,ENSG00000105677,ENSG00000126243,ENSG00000180884,ENSG00000239382,ENSG00000205138,ENSG00000126262,ENSG00000167604,ENSG00000126266,ENSG00000161265,ENSG00000126264,ENSG00000269553,ENSG00000267142,ENSG00000279329,ENSG00000271109,ENSG00000188508,ENSG00000236144,ENSG00000126267,ENSG00000280106,ENSG00000243968,ENSG00000105707,ENSG00000233214,ENSG00000271666,ENSG00000267091,ENSG00000271032,ENSG00000226510,ENSG00000267796,ENSG00000267005,ENSG00000075702,ENSG00000283758,ENSG00000225872,ENSG00000189001,ENSG00000269037,ENSG00000280194,ENSG00000264400,ENSG00000105672,ENSG00000250799,ENSG00000289246,ENSG00000279504,ENSG00000268947,ENSG00000179066,ENSG00000142279,ENSG00000272333,ENSG00000252230,ENSG00000105675,ENSG00000105697,ENSG00000288731,ENSG00000105668,ENSG00000105254,ENSG00000268683,ENSG00000161277,ENSG00000012124,ENSG00000004776,ENSG00000270281,ENSG00000105698,ENSG00000205209,ENSG00000267190,ENSG00000161249,ENSG00000197841,ENSG00000279619,ENSG00000126246,ENSG00000105220,ENSG00000105679,ENSG00000105695,ENSG00000185897,ENSG00000089351,ENSG00000224910,ENSG00000011590,ENSG00000126251,ENSG00000126261,ENSG00000267439,ENSG00000280023,ENSG00000205155,ENSG00000105290,ENSG00000267113,ENSG00000181392,ENSG00000105270,ENSG00000089335,ENSG00000167595,ENSG00000105699,ENSG00000105258,ENSG00000271049,ENSG00000126254,ENSG00000257103,ENSG00000267219,ENSG00000267626,ENSG00000153902,ENSG00000269303,ENSG00000011600,ENSG00000267698,ENSG00000168661,ENSG00000228629,ENSG00000126249,ENSG00000166398,ENSG00000266964,ENSG00000227392,ENSG00000271366,ENSG00000274104,ENSG00000249115,ENSG00000105711,ENSG00000267049,ENSG00000284034,ENSG00000089327,ENSG00000271171",ENSG00000153902,Liver eQTLs,train
20015421700092196-92196000003190,chr17,"17-65421776-C-A,17-65421815-A-AT,17-65421815-A-AT,17-65422380-G-A,17-65422840-TTAAAA-T","ENSG00000186665,ENSG00000274712,ENSG00000285877,ENSG00000278740,ENSG00000274561,ENSG00000279573,ENSG00000267009,ENSG00000182481,ENSG00000265055,ENSG00000108932,ENSG00000197170,ENSG00000279880,ENSG00000196704,ENSG00000265100,ENSG00000277476,ENSG00000130935,ENSG00000198265,ENSG00000267731,ENSG00000171634,ENSG00000266473,ENSG00000267023,ENSG00000141337,ENSG00000278730,ENSG00000266717,ENSG00000279917,ENSG00000154217,ENSG00000237854","ENSG00000284368,ENSG00000278740,ENSG00000265055,ENSG00000267009,ENSG00000108932,ENSG00000186665,ENSG00000244044,ENSG00000279573,ENSG00000284242,ENSG00000272400,ENSG00000272134,ENSG00000278730,ENSG00000264630,ENSG00000277476,ENSG00000252653,ENSG00000130935,ENSG00000279880,ENSG00000279917,ENSG00000182481,ENSG00000266717,ENSG00000285877,ENSG00000266598,ENSG00000266473,ENSG00000272006,ENSG00000271974,ENSG00000196704,ENSG00000264840,ENSG00000272346,ENSG00000256826,ENSG00000271587,ENSG00000274712,ENSG00000267023,ENSG00000263520,ENSG00000141337,ENSG00000237854,ENSG00000265100,ENSG00000274561,ENSG00000267731,ENSG00000265031,ENSG00000171634,ENSG00000154217,ENSG00000270870,ENSG00000271779,ENSG00000265883,ENSG00000270714,ENSG00000252242,ENSG00000197170,ENSG00000266155,ENSG00000198265",ENSG00000154217,Liver eQTLs,train
20015458200092196-92196000007150,chr8,"8-74866217-T-C,8-74857165-C-T,8-74868374-G-A,8-74884255-C-T,8-74860155-G-A,8-74866919-G-A,8-74868909-A-G,8-74873968-G-A,8-74876293-A-T,8-74877620-AGTCCATCATAAT-A,8-74880374-G-C,8-74881674-G-A,8-74883701-G-T,8-74884530-G-T,8-74857767-C-T,8-74859123-T-G,8-74859563-T-C,8-74860756-T-G,8-74861484-G-A,8-74864021-C-T,8-74864598-A-C,8-74866391-T-G,8-74867927-C-G,8-74870647-A-G,8-74873578-G-A,8-74875342-C-T,8-74875358-A-G,8-74875565-A-T,8-74876281-C-T,8-74877533-C-T,8-74877808-A-C,8-74880319-A-G,8-74857808-A-T,8-74873669-C-T,8-74907295-A-T","ENSG00000253341,ENSG00000137558,ENSG00000154589,ENSG00000104369,ENSG00000121039,ENSG00000253636,ENSG00000154582,ENSG00000253339,ENSG00000104381,ENSG00000175606,ENSG00000147604,ENSG00000147601,ENSG00000040341,ENSG00000250295,ENSG00000104343,ENSG00000164764","ENSG00000137558,ENSG00000253712,ENSG00000251633,ENSG00000253339,ENSG00000207417,ENSG00000104343,ENSG00000254080,ENSG00000253229,ENSG00000164764,ENSG00000253115,ENSG00000121039,ENSG00000147604,ENSG00000253636,ENSG00000254238,ENSG00000154589,ENSG00000240047,ENSG00000147601,ENSG00000104381,ENSG00000104369,ENSG00000253983,ENSG00000154582,ENSG00000040341,ENSG00000283188,ENSG00000254043,ENSG00000212485,ENSG00000254023,ENSG00000266502,ENSG00000250295,ENSG00000253706,ENSG00000175606,ENSG00000286113,ENSG00000254349,ENSG00000253341,ENSG00000212348,ENSG00000253777,ENSG00000253596",ENSG00000154582,Liver eQTLs,train
20015471900092196-92196000004624,chr21,"21-26976557-C-T,21-26964488-G-A,21-26965100-C-A,21-26967585-C-G,21-26968010-CTGAG-C,21-26968476-C-A,21-26968497-G-A,21-26968612-G-A,21-26970570-CT-C,21-26970660-C-T,21-26971413-T-C,21-26971825-G-T,21-26972342-A-G,21-26972703-G-A,21-26973152-G-A,21-26973359-G-A,21-26973436-G-A,21-26974506-A-C,21-26977228-C-T,21-26977545-A-G,21-26978184-T-C,21-26978557-G-A,21-26976441-C-T,21-26976805-A-T,21-26972905-T-A,21-26963406-A-C,21-26965148-G-A,21-26965205-T-C,21-26965844-T-A,21-26969450-T-G,21-26970202-G-A,21-26973921-G-A,21-26974315-T-G,21-26975995-G-A,21-26964408-C-T,21-26965698-C-T,21-26965808-T-G,21-26965902-T-C,21-26968858-A-ATAAC,21-26969703-T-C,21-26970722-A-G,21-26971784-C-T,21-26972415-C-A,21-26972616-A-G,21-26973663-A-ATATACT,21-26975905-A-G,21-26977206-T-G,21-26977419-G-C,21-26978109-C-G,21-26978248-T-C,21-26981366-G-T,21-26982361-GA-G,21-26982980-C-T,21-26983867-C-A,21-26987261-C-T,21-26987423-G-GCT,21-26991114-G-A,21-27003903-G-C,21-26998474-T-C,21-26995347-C-T,21-26997490-G-A,21-26993474-A-G,21-26963316-T-G,21-26964828-G-A,21-26888772-T-C,21-26997754-A-G,21-26898644-T-C","ENSG00000154723,ENSG00000142192,ENSG00000154719,ENSG00000234883,ENSG00000154727,ENSG00000166265,ENSG00000273492,ENSG00000213885,ENSG00000154721","ENSG00000223563,ENSG00000234052,ENSG00000166265,ENSG00000231236,ENSG00000234083,ENSG00000197934,ENSG00000225298,ENSG00000206802,ENSG00000229025,ENSG00000215326,ENSG00000233300,ENSG00000154721,ENSG00000142192,ENSG00000213885,ENSG00000154719,ENSG00000154723,ENSG00000224541,ENSG00000266133,ENSG00000273115,ENSG00000154727,ENSG00000273492,ENSG00000219592,ENSG00000234883,ENSG00000236332,ENSG00000286902",ENSG00000154719,Liver eQTLs,train
20015488900092196-92196000003319,chr18,18-11905953-C-T,"ENSG00000260302,ENSG00000154864,ENSG00000257513,ENSG00000267199,ENSG00000101624,ENSG00000141404,ENSG00000267480,ENSG00000154889,ENSG00000273141,ENSG00000141401,ENSG00000176014,ENSG00000128789,ENSG00000134278,ENSG00000141391,ENSG00000255112,ENSG00000176194,ENSG00000141385,ENSG00000267249","ENSG00000267252,ENSG00000141391,ENSG00000176194,ENSG00000273119,ENSG00000141404,ENSG00000176014,ENSG00000267076,ENSG00000141385,ENSG00000181626,ENSG00000267564,ENSG00000212712,ENSG00000201466,ENSG00000200827,ENSG00000267247,ENSG00000266995,ENSG00000236396,ENSG00000267108,ENSG00000267663,ENSG00000289550,ENSG00000267143,ENSG00000267116,ENSG00000267733,ENSG00000134278,ENSG00000260302,ENSG00000251937,ENSG00000267199,ENSG00000154864,ENSG00000267643,ENSG00000267773,ENSG00000273141,ENSG00000272703,ENSG00000280302,ENSG00000267455,ENSG00000267480,ENSG00000101624,ENSG00000267333,ENSG00000267069,ENSG00000267371,ENSG00000279285,ENSG00000260759,ENSG00000141401,ENSG00000267249,ENSG00000128789,ENSG00000263682,ENSG00000283492,ENSG00000267051,ENSG00000286812,ENSG00000199702,ENSG00000267722,ENSG00000255112,ENSG00000267162,ENSG00000266961,ENSG00000267661,ENSG00000154889,ENSG00000257513,ENSG00000266955,ENSG00000267425,ENSG00000267292,ENSG00000267794,ENSG00000267478",ENSG00000154889,Liver eQTLs,train
20015491400092196-92196000003312,chr17,"17-9588450-T-G,17-9591571-TG-T,17-9597516-C-G,17-9597019-G-T,17-9595314-A-G,17-9597456-A-G,17-9593836-G-A,17-9588455-G-A,17-9587369-G-A,17-9590409-T-C,17-9585877-C-T,17-9586165-C-T,17-9586722-A-C,17-9587629-A-G,17-9587634-T-C,17-9587937-G-A,17-9587966-A-G,17-9590319-T-G,17-9590356-T-C,17-9588715-A-C,17-9593194-C-T,17-9593212-A-G,17-9600120-G-A,17-9593577-G-A,17-9593609-G-A,17-9591674-GT-G,17-9582214-T-C,17-9599802-G-C,17-9594439-CT-C,17-9599463-G-T,17-9584146-G-A,17-9599000-A-C,17-9599001-T-A,17-9600728-A-G,17-9601015-G-A,17-9602122-G-A,17-9599196-C-T,17-9599307-T-C,17-9600175-G-C,17-9601871-G-A,17-9598125-T-G,17-9597295-G-C","ENSG00000141506,ENSG00000065320,ENSG00000109061,ENSG00000109063,ENSG00000170310,ENSG00000271851,ENSG00000125414,ENSG00000276231,ENSG00000007237,ENSG00000065325,ENSG00000154914,ENSG00000161973,ENSG00000183318","ENSG00000263051,ENSG00000161973,ENSG00000170310,ENSG00000109063,ENSG00000265593,ENSG00000214978,ENSG00000283025,ENSG00000065325,ENSG00000133020,ENSG00000262296,ENSG00000006788,ENSG00000264424,ENSG00000263708,ENSG00000214970,ENSG00000271851,ENSG00000141506,ENSG00000225751,ENSG00000282882,ENSG00000262815,ENSG00000276231,ENSG00000183318,ENSG00000273388,ENSG00000241654,ENSG00000273816,ENSG00000266389,ENSG00000065320,ENSG00000007237,ENSG00000125414,ENSG00000272736,ENSG00000154914,ENSG00000109061,ENSG00000264067",ENSG00000154914,Liver eQTLs,train
20015515800092196-92196000007347,chr9,9-15305378-G-C,"ENSG00000213362,ENSG00000164989,ENSG00000147862,ENSG00000164946,ENSG00000225472,ENSG00000164985,ENSG00000175893,ENSG00000272871,ENSG00000214110,ENSG00000164975,ENSG00000273399,ENSG00000155158","ENSG00000207360,ENSG00000155158,ENSG00000225472,ENSG00000164975,ENSG00000237137,ENSG00000164946,ENSG00000286500,ENSG00000287708,ENSG00000273399,ENSG00000207433,ENSG00000251834,ENSG00000147869,ENSG00000234297,ENSG00000164989,ENSG00000251960,ENSG00000215236,ENSG00000240613,ENSG00000199814,ENSG00000215237,ENSG00000214110,ENSG00000272871,ENSG00000213362,ENSG00000283647,ENSG00000175893,ENSG00000231376,ENSG00000278754,ENSG00000164985,ENSG00000147862",ENSG00000155158,Liver eQTLs,train
20015592600092196-92196000006984,chr8,8-134062271-T-G,"ENSG00000155926,ENSG00000223697,ENSG00000008513,ENSG00000129292,ENSG00000289050,ENSG00000270137,ENSG00000104415,ENSG00000042832,ENSG00000261220,ENSG00000165071,ENSG00000129295,ENSG00000287736,ENSG00000104419,ENSG00000225259","ENSG00000283197,ENSG00000253165,ENSG00000207582,ENSG00000270137,ENSG00000212273,ENSG00000289316,ENSG00000276193,ENSG00000243537,ENSG00000254313,ENSG00000283176,ENSG00000253561,ENSG00000253970,ENSG00000253638,ENSG00000248492,ENSG00000223697,ENSG00000288067,ENSG00000271240,ENSG00000155926,ENSG00000261220,ENSG00000244413,ENSG00000008513,ENSG00000289050,ENSG00000253593,ENSG00000253916,ENSG00000165071,ENSG00000253627,ENSG00000199153,ENSG00000225259,ENSG00000129292,ENSG00000271048,ENSG00000287736,ENSG00000042832,ENSG00000104419,ENSG00000277576,ENSG00000104415,ENSG00000129295",ENSG00000155926,Liver eQTLs,train
20015595700092196-92196000001765,chr12,"12-66501409-A-G,12-66530019-G-C,12-66537334-A-G,12-66537544-C-A,12-66540603-G-A,12-66530032-G-A,12-66504392-T-C,12-66557162-C-T,12-66557817-T-G,12-66559345-G-C,12-66502665-A-T,12-66503632-C-T,12-66505330-C-T,12-66508494-C-T,12-66510122-C-T,12-66511370-T-C,12-66517944-G-A,12-66520583-C-T,12-66520624-T-C,12-66523888-C-T,12-66530434-TAC-T,12-66531603-T-C,12-66531620-CATT-C,12-66533329-A-G,12-66487989-C-T,12-66495474-T-C,12-66569030-C-T,12-66572370-A-G,12-66572429-A-G,12-66538901-C-T,12-66538988-G-A,12-66524201-C-T,12-66506631-T-C,12-66551898-C-T,12-66561788-C-G,12-66544256-G-A,12-66550491-C-A,12-66492251-T-G,12-66540497-T-C,12-66480440-C-T,12-66482191-G-A,12-66520116-T-TA,12-66472661-G-A,12-66485789-A-G,12-66554776-C-T,12-66575658-C-T,12-66578300-T-C,12-66509607-T-C,12-66574835-G-GA,12-66496803-T-C,12-66588349-G-C,12-66580735-G-A,12-66486338-G-GA,12-66462890-C-A,12-66475568-G-T,12-66462717-G-A","ENSG00000155957,ENSG00000127311,ENSG00000276853,ENSG00000174099,ENSG00000225422,ENSG00000174106,ENSG00000090376,ENSG00000139233","ENSG00000256083,ENSG00000279310,ENSG00000174106,ENSG00000203585,ENSG00000241749,ENSG00000213344,ENSG00000174099,ENSG00000256420,ENSG00000139233,ENSG00000250748,ENSG00000256072,ENSG00000256259,ENSG00000255976,ENSG00000251857,ENSG00000277945,ENSG00000256172,ENSG00000276878,ENSG00000256285,ENSG00000225422,ENSG00000127311,ENSG00000213343,ENSG00000257083,ENSG00000256915,ENSG00000155957,ENSG00000276853,ENSG00000255866,ENSG00000256355,ENSG00000256777,ENSG00000090376,ENSG00000256268,ENSG00000222744",ENSG00000155957,Liver eQTLs,train
20015604200092196-92196000000991,chr10,"10-75320989-A-C,10-75380079-A-AAAAG,10-75340790-C-A,10-75343098-A-C,10-75343811-T-C,10-75347530-C-T,10-75356112-A-G,10-75358193-C-T,10-75367922-A-G,10-75369185-T-C,10-75382270-T-C,10-75383009-T-C,10-75378787-G-A,10-75378904-A-G,10-75354911-T-TGACCTCAGGTGATCCACC,10-75393153-T-C,10-74938247-C-CAA,10-74938247-C-CAA,10-75015385-T-TTTTG,10-75015385-T-TTTTG,10-75388079-T-G,10-75392383-C-A,10-75388055-T-C,10-75350759-A-T,10-75363523-A-C,10-75373203-A-ATT,10-75339540-A-C,10-75319315-C-T,10-75369638-T-A,10-75377054-C-CA,10-75368023-C-CA,10-75326492-A-AAAAC,10-75347973-TTTTTTG-T,10-75324659-CAAAAAAAAAAAA-C,10-75350758-A-ATT,10-75340321-AT-A,10-75392299-G-A,10-75392599-G-A,10-75392980-A-G,10-75132286-G-A,10-75318464-C-G,10-75319083-C-T,10-75319354-A-C,10-75321404-C-G,10-75322058-CCA-C,10-75322074-T-C,10-75324097-A-G,10-75324415-A-G,10-75324440-A-G,10-75324475-C-A,10-75324892-T-TATC,10-75325308-A-G,10-75325443-C-T,10-75325857-G-A,10-75327298-T-C,10-75328398-A-G,10-75330461-AC-A,10-75332306-C-T,10-75332777-T-C,10-75334712-C-T,10-75334718-T-C,10-75336210-T-C,10-75336306-GA-G,10-75336454-C-T,10-75336476-C-T,10-75337374-T-C,10-75338033-T-C,10-75338275-T-C,10-75338394-T-C,10-75338832-C-T,10-75340305-T-G,10-75341096-C-T,10-75341862-C-CCT,10-75342397-C-T,10-75342423-T-C,10-75343228-A-G,10-75344365-G-C,10-75345648-G-A,10-75345764-G-T,10-75346402-C-G,10-75347301-T-A,10-75351027-A-C,10-75351542-G-A,10-75352809-A-G,10-75352880-GC-G,10-75353257-G-A,10-75353416-A-G,10-75354808-A-G,10-75354963-C-T,10-75355557-C-A,10-75355590-G-A,10-75357826-G-A,10-75358793-C-T,10-75359491-ATATATT-A,10-75359997-G-A,10-75360048-A-G,10-75361303-T-C,10-75362024-A-G,10-75362073-G-A,10-75363201-A-G,10-75363878-A-G,10-75364834-A-G,10-75364922-G-A,10-75365517-C-G,10-75365598-G-A,10-75366241-A-G,10-75366291-C-A,10-75366498-G-A,10-75366798-A-C,10-75367059-A-C,10-75367618-G-A,10-75368169-G-GA,10-75370048-A-G,10-75371195-G-A,10-75371497-G-A,10-75372739-C-A,10-75373008-G-A,10-75374735-C-T,10-75375215-TTAAA-T,10-75375821-A-C,10-75376044-C-T,10-75376366-C-A,10-75378451-G-A,10-75378527-G-A,10-75378734-A-G,10-75379162-CT-C,10-75379685-T-G,10-75380622-C-CAAA,10-75381059-A-G,10-75384705-T-C,10-75389123-C-T,10-75389886-A-G,10-75390330-C-T,10-75391823-C-A,10-74943922-T-G","ENSG00000268584,ENSG00000288559,ENSG00000166348,ENSG00000272589,ENSG00000035403,ENSG00000221817,ENSG00000122861,ENSG00000156110,ENSG00000213551,ENSG00000185009,ENSG00000196968,ENSG00000138315,ENSG00000172586,ENSG00000166343,ENSG00000176986,ENSG00000229659,ENSG00000177791,ENSG00000288823,ENSG00000221164,ENSG00000214655,ENSG00000242338,ENSG00000138279,ENSG00000215086,ENSG00000172650,ENSG00000236756,ENSG00000122882,ENSG00000138308,ENSG00000272599,ENSG00000279689,ENSG00000272630,ENSG00000148660,ENSG00000156026,ENSG00000272791,ENSG00000122884,ENSG00000156042,ENSG00000182180,ENSG00000250959,ENSG00000235316,ENSG00000107758,ENSG00000272140,ENSG00000213700,ENSG00000107745,ENSG00000227540,ENSG00000279088,ENSG00000166507","ENSG00000236842,ENSG00000272791,ENSG00000182180,ENSG00000227186,ENSG00000268584,ENSG00000268659,ENSG00000279689,ENSG00000172650,ENSG00000236797,ENSG00000107745,ENSG00000227540,ENSG00000250959,ENSG00000279814,ENSG00000272599,ENSG00000214655,ENSG00000148660,ENSG00000272589,ENSG00000138279,ENSG00000242338,ENSG00000156110,ENSG00000288559,ENSG00000213700,ENSG00000271710,ENSG00000176986,ENSG00000177791,ENSG00000213525,ENSG00000201954,ENSG00000278992,ENSG00000227271,ENSG00000156026,ENSG00000270087,ENSG00000156042,ENSG00000234149,ENSG00000237882,ENSG00000138315,ENSG00000221164,ENSG00000206756,ENSG00000215086,ENSG00000213551,ENSG00000265486,ENSG00000233313,ENSG00000272630,ENSG00000223428,ENSG00000107758,ENSG00000196968,ENSG00000236756,ENSG00000166343,ENSG00000138308,ENSG00000122861,ENSG00000272140,ENSG00000166507,ENSG00000185009,ENSG00000235316,ENSG00000122882,ENSG00000236900,ENSG00000288823,ENSG00000188716,ENSG00000213731,ENSG00000166348,ENSG00000221817,ENSG00000122884,ENSG00000272748,ENSG00000232342,ENSG00000207583,ENSG00000229659,ENSG00000035403,ENSG00000279088,ENSG00000285810,ENSG00000172586,ENSG00000232437",ENSG00000156042,Liver eQTLs,train
20015611300092196-92196000001000,chr10,"10-79062174-G-C,10-79062697-G-C,10-79065329-G-A,10-79050161-G-A,10-79050448-G-C,10-79050706-G-C,10-79053253-C-A,10-79053957-T-A,10-79046508-GGT-G,10-79049220-G-A,10-79044532-A-G,10-79040510-T-C,10-79060417-G-A","ENSG00000138326,ENSG00000148606,ENSG00000213513,ENSG00000151208,ENSG00000228748,ENSG00000233871,ENSG00000156113","ENSG00000156113,ENSG00000282863,ENSG00000235426,ENSG00000235924,ENSG00000228748,ENSG00000272489,ENSG00000214695,ENSG00000229569,ENSG00000219430,ENSG00000232965,ENSG00000214584,ENSG00000236217,ENSG00000204437,ENSG00000227515,ENSG00000225827,ENSG00000241317,ENSG00000148606,ENSG00000201393,ENSG00000226676,ENSG00000235705,ENSG00000213513,ENSG00000271985,ENSG00000229543,ENSG00000224760,ENSG00000225100,ENSG00000231957,ENSG00000259021,ENSG00000233871,ENSG00000288090,ENSG00000229616,ENSG00000228683,ENSG00000138326,ENSG00000151208,ENSG00000230229,ENSG00000282952,ENSG00000283096",ENSG00000156113,Liver eQTLs,train
20015638100092196-92196000002009,chr14,"14-102808655-G-C,14-102863099-G-A,14-102886561-G-C,14-102887816-C-T,14-102889098-G-A,14-102814945-G-A,14-102825340-G-A,14-102830175-A-G,14-102839338-A-G,14-102853150-T-C,14-102868633-C-T,14-102873886-A-G,14-102880454-T-C,14-102882307-G-A,14-102893756-C-T,14-102838896-G-A,14-102844064-A-G,14-102851234-C-A,14-102808330-C-T,14-102820787-C-T,14-102827643-C-T,14-102855276-C-T,14-102866409-G-A","ENSG00000166126,ENSG00000259515,ENSG00000100664,ENSG00000272444,ENSG00000197102,ENSG00000080824,ENSG00000196663,ENSG00000140153,ENSG00000271780,ENSG00000259088,ENSG00000288610,ENSG00000078304,ENSG00000258512,ENSG00000251533,ENSG00000258498,ENSG00000131323,ENSG00000289207,ENSG00000089902,ENSG00000270938,ENSG00000156381,ENSG00000080823,ENSG00000185215,ENSG00000272533,ENSG00000278071,ENSG00000198752,ENSG00000022976,ENSG00000205436,ENSG00000197406,ENSG00000259775,ENSG00000100865","ENSG00000259775,ENSG00000259161,ENSG00000259515,ENSG00000213176,ENSG00000240624,ENSG00000269910,ENSG00000259013,ENSG00000022976,ENSG00000080823,ENSG00000259428,ENSG00000289207,ENSG00000131323,ENSG00000272533,ENSG00000259525,ENSG00000259535,ENSG00000206969,ENSG00000271780,ENSG00000240457,ENSG00000197406,ENSG00000100865,ENSG00000156381,ENSG00000196663,ENSG00000259088,ENSG00000258498,ENSG00000202459,ENSG00000185215,ENSG00000100664,ENSG00000202275,ENSG00000258851,ENSG00000278071,ENSG00000140153,ENSG00000244691,ENSG00000201184,ENSG00000198752,ENSG00000270705,ENSG00000080824,ENSG00000266015,ENSG00000259508,ENSG00000288610,ENSG00000270938,ENSG00000258959,ENSG00000252469,ENSG00000243904,ENSG00000251533,ENSG00000166126,ENSG00000258512,ENSG00000230988,ENSG00000253096,ENSG00000259230,ENSG00000089902,ENSG00000197102,ENSG00000239224,ENSG00000272444,ENSG00000078304,ENSG00000289482,ENSG00000283071,ENSG00000205436",ENSG00000156381,Liver eQTLs,train
20015639800092196-92196000000754,chr10,10-104487382-C-T,"ENSG00000166272,ENSG00000269609,ENSG00000107882,ENSG00000148843,ENSG00000107862,ENSG00000148835,ENSG00000156374,ENSG00000171206,ENSG00000273108,ENSG00000148842,ENSG00000166189,ENSG00000166275,ENSG00000138111,ENSG00000214435,ENSG00000138172,ENSG00000198408,ENSG00000235266,ENSG00000213061,ENSG00000173915,ENSG00000077150,ENSG00000120049,ENSG00000272912,ENSG00000156398,ENSG00000272933,ENSG00000166197,ENSG00000138175,ENSG00000107874,ENSG00000198728,ENSG00000213277,ENSG00000226009,ENSG00000107872,ENSG00000148795,ENSG00000287419,ENSG00000076685,ENSG00000148840,ENSG00000120029,ENSG00000107954,ENSG00000059915,ENSG00000107833,ENSG00000138107,ENSG00000286575","ENSG00000226431,ENSG00000138107,ENSG00000107833,ENSG00000213277,ENSG00000107872,ENSG00000156395,ENSG00000107862,ENSG00000225768,ENSG00000226387,ENSG00000198408,ENSG00000148835,ENSG00000148842,ENSG00000138175,ENSG00000059915,ENSG00000269609,ENSG00000226009,ENSG00000138111,ENSG00000213061,ENSG00000287419,ENSG00000235470,ENSG00000120049,ENSG00000148843,ENSG00000266754,ENSG00000107882,ENSG00000173915,ENSG00000138172,ENSG00000228261,ENSG00000286575,ENSG00000237761,ENSG00000120029,ENSG00000156374,ENSG00000272933,ENSG00000148795,ENSG00000272912,ENSG00000235266,ENSG00000222503,ENSG00000166189,ENSG00000076685,ENSG00000166275,ENSG00000107954,ENSG00000208033,ENSG00000283788,ENSG00000273108,ENSG00000107874,ENSG00000148840,ENSG00000156398,ENSG00000214435,ENSG00000198728,ENSG00000171206,ENSG00000260461,ENSG00000166272,ENSG00000166197,ENSG00000266852,ENSG00000077150",ENSG00000156398,Liver eQTLs,train
20015651000092196-92196000000974,chr10,"10-70982136-T-TCA,10-70983629-A-G,10-70983936-G-C,10-70975897-C-T,10-70975916-C-T,10-70976833-G-A,10-70986723-T-G,10-70977308-T-G,10-70977395-A-C,10-70979924-A-T,10-70982941-C-T,10-70985267-G-C","ENSG00000213025,ENSG00000204130,ENSG00000156510,ENSG00000198954,ENSG00000156515,ENSG00000075073,ENSG00000107625,ENSG00000179774,ENSG00000122958,ENSG00000197467,ENSG00000156502,ENSG00000171224,ENSG00000122862,ENSG00000165732,ENSG00000042286,ENSG00000079332,ENSG00000233590,ENSG00000260400,ENSG00000138336,ENSG00000138346,ENSG00000165730,ENSG00000108187,ENSG00000156521,ENSG00000122912,ENSG00000099282,ENSG00000060339,ENSG00000096746,ENSG00000287306,ENSG00000229097,ENSG00000099284","ENSG00000197467,ENSG00000122862,ENSG00000289592,ENSG00000204130,ENSG00000096746,ENSG00000156502,ENSG00000179774,ENSG00000231366,ENSG00000285300,ENSG00000099284,ENSG00000138336,ENSG00000165732,ENSG00000122912,ENSG00000271409,ENSG00000107625,ENSG00000238446,ENSG00000138346,ENSG00000289362,ENSG00000287306,ENSG00000171224,ENSG00000223817,ENSG00000156521,ENSG00000224725,ENSG00000122958,ENSG00000232142,ENSG00000230526,ENSG00000108187,ENSG00000060339,ENSG00000260400,ENSG00000042286,ENSG00000099282,ENSG00000237512,ENSG00000156510,ENSG00000233590,ENSG00000259267,ENSG00000274824,ENSG00000229097,ENSG00000230661,ENSG00000079332,ENSG00000213025,ENSG00000198954,ENSG00000165730,ENSG00000166220,ENSG00000156515,ENSG00000075073",ENSG00000156510,Liver eQTLs,train
20015660300092196-92196000001291,chr11,"11-57483039-A-T,11-57454305-G-GT,11-57435211-C-T,11-57433327-C-T,11-57434122-C-A,11-57522200-CCCCT-C,11-57435296-G-A,11-57565800-C-T,11-57498232-C-T,11-57498460-C-CTTAAA,11-57499065-C-T,11-57465389-C-T,11-57471922-T-TA,11-57477889-C-T,11-57484660-G-A,11-57542820-A-AAC,11-57484130-G-C,11-57443842-G-A,11-57453043-C-T,11-57463155-C-T,11-57463767-T-C,11-57467035-C-G,11-57481155-G-A,11-57486651-G-A,11-57493622-C-A,11-57496820-C-T,11-57497011-C-A,11-57507983-C-T,11-57508678-G-C,11-57464945-T-A,11-57644334-A-G,11-57522823-C-G,11-57522840-C-T,11-57524089-C-G,11-57524310-G-A,11-57534542-C-G,11-57540458-C-A,11-57547000-T-C,11-57560452-A-C,11-57560772-CAG-C,11-57562169-A-G,11-57562525-G-A,11-57571883-C-T,11-57585662-C-T,11-57600285-C-T,11-57524700-G-C,11-57612041-GA-G,11-57480623-C-A,11-57557940-C-CCGCCTCCCTGATTTG,11-57484580-G-A,11-57621460-A-T,11-57488890-G-A,11-57641883-T-C,11-57642617-T-C,11-57654991-T-G,11-57497847-C-T,11-57510294-A-G,11-57527891-C-CT,11-57665336-A-C,11-57510823-G-T,11-57632799-G-C,11-57639017-G-A,11-57612960-T-C,11-57618068-A-T,11-57654605-C-G,11-57656902-C-T,11-57650796-T-C,11-57441788-G-GT,11-57657141-G-A,11-57661032-A-G,11-57663522-C-G,11-57450720-A-C,11-57640994-C-G,11-57448032-C-G,11-57668479-T-G,11-57679029-C-A,11-57679080-A-G,11-57668941-C-G,11-57675925-C-T,11-57676044-C-T,11-57667222-T-C,11-57676251-T-C,11-57421457-C-A,11-57424040-T-C,11-57675410-A-G,11-57570680-C-T","ENSG00000214872,ENSG00000183908,ENSG00000134817,ENSG00000213593,ENSG00000254602,ENSG00000109991,ENSG00000172409,ENSG00000205025,ENSG00000198561,ENSG00000149150,ENSG00000166793,ENSG00000149131,ENSG00000186652,ENSG00000110031,ENSG00000280010,ENSG00000197254,ENSG00000186907,ENSG00000156603,ENSG00000156587,ENSG00000186660,ENSG00000156599,ENSG00000149115,ENSG00000149136,ENSG00000134802,ENSG00000211450,ENSG00000269570,ENSG00000242689","ENSG00000272900,ENSG00000181282,ENSG00000254490,ENSG00000174914,ENSG00000172377,ENSG00000172464,ENSG00000273228,ENSG00000272676,ENSG00000109991,ENSG00000186509,ENSG00000211450,ENSG00000255146,ENSG00000181325,ENSG00000172772,ENSG00000186907,ENSG00000236541,ENSG00000181371,ENSG00000272569,ENSG00000255223,ENSG00000254411,ENSG00000255218,ENSG00000233499,ENSG00000172362,ENSG00000274150,ENSG00000242689,ENSG00000254589,ENSG00000197887,ENSG00000255096,ENSG00000255431,ENSG00000222998,ENSG00000186660,ENSG00000255083,ENSG00000255433,ENSG00000180475,ENSG00000238041,ENSG00000254603,ENSG00000254749,ENSG00000273255,ENSG00000280204,ENSG00000149131,ENSG00000134802,ENSG00000254752,ENSG00000156575,ENSG00000255131,ENSG00000286704,ENSG00000213593,ENSG00000254602,ENSG00000255485,ENSG00000254662,ENSG00000197254,ENSG00000186513,ENSG00000149150,ENSG00000181296,ENSG00000269570,ENSG00000172365,ENSG00000149136,ENSG00000208009,ENSG00000272685,ENSG00000156599,ENSG00000172457,ENSG00000205025,ENSG00000254853,ENSG00000252070,ENSG00000186652,ENSG00000254834,ENSG00000172409,ENSG00000110031,ENSG00000255012,ENSG00000200817,ENSG00000273408,ENSG00000232511,ENSG00000254953,ENSG00000254601,ENSG00000166793,ENSG00000274770,ENSG00000279051,ENSG00000183908,ENSG00000241356,ENSG00000254795,ENSG00000255333,ENSG00000156603,ENSG00000254660,ENSG00000280010,ENSG00000149115,ENSG00000166693,ENSG00000156587,ENSG00000185701,ENSG00000186508,ENSG00000180714,ENSG00000255266,ENSG00000172769,ENSG00000134817,ENSG00000198561,ENSG00000172459,ENSG00000255172,ENSG00000197786,ENSG00000254825,ENSG00000197866,ENSG00000214872",ENSG00000156603,Liver eQTLs,train
20015679500092196-92196000006967,chr8,"8-124454966-C-T,8-124454579-C-T,8-124452430-C-T,8-124453543-T-A,8-124451601-G-T,8-124457857-G-A,8-124457847-T-A,8-124456289-C-CT,8-124437488-C-T,8-124437800-G-A,8-124437975-C-T,8-124438062-C-G,8-124438615-G-T,8-124438635-C-T,8-124438720-A-G,8-124439026-A-G,8-124439715-T-G,8-124439818-G-T,8-124440174-A-G,8-124440730-G-A,8-124441432-A-G,8-124441930-C-A,8-124442187-A-G,8-124442602-C-A,8-124442978-T-A,8-124443293-T-C,8-124443306-G-A,8-124443604-T-A,8-124443659-G-T,8-124443669-C-A,8-124444013-G-T,8-124444014-C-T,8-124444496-A-G,8-124444736-G-T,8-124444752-G-A,8-124444839-T-C,8-124445016-G-A,8-124445074-C-T,8-124445135-A-G,8-124445269-C-G,8-124446556-T-G,8-124446796-T-C,8-124446813-T-C,8-124446901-G-C,8-124446930-A-G,8-124446937-G-A,8-124447069-T-C,8-124447362-T-C,8-124447799-A-G,8-124448121-T-G,8-124448342-G-A,8-124448452-A-G,8-124448525-A-G,8-124448736-A-G,8-124448804-T-A,8-124449268-G-A,8-124449466-C-T,8-124449672-T-G,8-124449712-G-A,8-124449742-C-G,8-124450116-C-T,8-124450185-T-C,8-124450364-G-T,8-124450631-T-C,8-124450725-G-A,8-124451004-G-T,8-124451511-T-C,8-124451787-C-T,8-124451876-G-A,8-124452703-G-A,8-124453029-A-C,8-124453280-C-CA,8-124453662-T-C,8-124453799-A-G,8-124453979-T-C,8-124454007-T-C,8-124454475-A-G,8-124454489-C-T,8-124454811-G-A,8-124455097-G-A,8-124455155-A-G,8-124455299-G-T,8-124455361-A-G,8-124455487-T-A,8-124455550-G-A,8-124456727-A-G,8-124456837-C-A,8-124457038-G-C,8-124457718-T-C,8-124457770-C-CA,8-124457780-G-T,8-124457926-G-A,8-124458166-A-G,8-124458650-C-T,8-124458776-T-TGTGTCTGTACA,8-124459015-C-T,8-124459159-G-T,8-124459271-TTCTG-T,8-124459384-C-CT,8-124459463-A-T,8-124459582-G-GT,8-124459865-A-C,8-124459915-G-C,8-124460045-C-T,8-124460110-A-G,8-124460112-C-T,8-124460483-A-G,8-124460512-C-T,8-124460513-A-G,8-124460546-A-G,8-124460581-G-A,8-124460753-T-A,8-124460870-G-A,8-124461074-T-G,8-124461271-T-C,8-124461272-G-C,8-124461333-G-A,8-124461366-G-A,8-124461447-A-G,8-124461509-T-C,8-124461665-G-T,8-124461666-A-T,8-124461753-C-T,8-124461941-C-T,8-124461974-A-G,8-124462087-T-C,8-124462377-C-G,8-124462725-G-C,8-124462744-T-A,8-124462957-A-G,8-124463005-CTT-C,8-124463175-T-G,8-124463311-G-A,8-124463480-G-A,8-124463768-A-G,8-124463839-A-C,8-124464172-C-T,8-124466051-T-C,8-124467822-G-A,8-124469490-A-G,8-124472489-G-A,8-124470337-C-G,8-124455070-A-G,8-124458405-G-T,8-124459585-C-T,8-124453203-C-T,8-124440818-G-GT,8-124436851-T-C,8-124436414-G-T,8-124436810-C-T,8-124462050-A-G,8-124462685-A-G,8-124436487-AT-A,8-124436544-A-G,8-124436312-GT-G,8-124436069-G-A,8-124435427-G-A,8-124435852-G-A,8-124435814-C-T,8-124436110-T-TTTA,8-124456308-G-A,8-124435391-G-A,8-124433158-C-T,8-124433271-T-C,8-124433376-T-C,8-124433427-T-C,8-124433579-C-A,8-124434089-C-CG,8-124434172-G-A,8-124434300-C-T,8-124433303-G-A,8-124434809-A-G,8-124421397-A-G,8-124421623-A-G,8-124422520-A-AT,8-124422520-A-AT","ENSG00000189376,ENSG00000165156,ENSG00000204949,ENSG00000147689,ENSG00000104537,ENSG00000255325,ENSG00000176853,ENSG00000136986,ENSG00000156802,ENSG00000287657,ENSG00000254294,ENSG00000272384,ENSG00000156804,ENSG00000156795,ENSG00000156787,ENSG00000178764,ENSG00000253819,ENSG00000164983","ENSG00000254113,ENSG00000250727,ENSG00000253819,ENSG00000254249,ENSG00000253513,ENSG00000156795,ENSG00000181171,ENSG00000253868,ENSG00000250428,ENSG00000156802,ENSG00000156787,ENSG00000253227,ENSG00000214814,ENSG00000165156,ENSG00000255313,ENSG00000156804,ENSG00000255325,ENSG00000287657,ENSG00000176853,ENSG00000253286,ENSG00000178764,ENSG00000147689,ENSG00000242170,ENSG00000263735,ENSG00000286955,ENSG00000254000,ENSG00000284087,ENSG00000272384,ENSG00000214803,ENSG00000136986,ENSG00000278374,ENSG00000204949,ENSG00000237586,ENSG00000164983,ENSG00000254294,ENSG00000251840,ENSG00000104537,ENSG00000189376,ENSG00000206724,ENSG00000253885",ENSG00000156795,Liver eQTLs,train
20015688500092196-92196000002657,chr16,"16-31548814-G-A,16-31532298-A-G,16-31540030-T-C,16-31543187-C-T,16-31549044-G-T,16-31550532-G-C,16-31551941-G-T,16-31551981-TC-T,16-31552727-A-G,16-31553036-C-A,16-31556410-T-A,16-31558081-G-A,16-31558494-C-T,16-31519048-A-G,16-31548267-C-A,16-31574933-C-T,16-31574802-T-C,16-31577159-T-C,16-31564715-CTT-C,16-31564928-T-C,16-31565724-A-T,16-31565780-C-T,16-31568177-A-T,16-31573465-C-T,16-31574502-C-T,16-31575310-C-T,16-31575583-T-G,16-31575767-C-T,16-31576461-A-T,16-31577426-C-T,16-31577785-A-G,16-31578239-A-G,16-31581421-A-G,16-31581572-C-G,16-31581638-A-C,16-31581766-T-TGCACTCCA,16-31583406-G-T,16-31584639-A-G,16-31585163-C-T,16-31588733-C-T,16-31589071-G-A,16-31590773-T-C,16-31591087-C-T,16-31594119-TA-T,16-31594605-T-C,16-31594606-G-A,16-31595322-C-T,16-31596269-G-A,16-31596365-C-T,16-31600927-T-A,16-31601279-C-T,16-31601502-A-G,16-31603156-G-T,16-31603289-T-C,16-31604180-C-A,16-31604674-A-G,16-31604939-C-A,16-31606202-A-G,16-31606677-A-G,16-31608107-A-ATT,16-31608972-C-T,16-31609290-C-T,16-31615193-G-A,16-31615366-G-A,16-31615868-T-A,16-31616644-A-G,16-31618587-A-C,16-31619202-A-G,16-31620053-G-C,16-31620248-A-G,16-31620556-C-T,16-31622537-C-A,16-31622985-T-G,16-31624291-G-A,16-31634148-A-G,16-31581064-T-C,16-31584001-C-T,16-31581519-C-CA,16-31552347-G-T,16-31552714-C-T,16-31557261-G-T,16-31632792-C-T,16-31633798-C-T,16-31633856-G-A,16-31544237-G-C","ENSG00000279196,ENSG00000089280,ENSG00000197162,ENSG00000178226,ENSG00000260083,ENSG00000102870,ENSG00000052344,ENSG00000156860,ENSG00000103507,ENSG00000259810,ENSG00000156853,ENSG00000169951,ENSG00000197302,ENSG00000262766,ENSG00000280132,ENSG00000260911,ENSG00000232748,ENSG00000261840,ENSG00000261474,ENSG00000103510,ENSG00000274678,ENSG00000151006,ENSG00000103496,ENSG00000281991,ENSG00000229809,ENSG00000156873,ENSG00000156858,ENSG00000140688,ENSG00000140675,ENSG00000103549,ENSG00000260304,ENSG00000099365,ENSG00000169896,ENSG00000260060,ENSG00000176723,ENSG00000103490,ENSG00000275263,ENSG00000080603,ENSG00000175938,ENSG00000280211,ENSG00000167397,ENSG00000150281,ENSG00000260852,ENSG00000196118,ENSG00000140678,ENSG00000167394,ENSG00000260267,ENSG00000230267,ENSG00000278133,ENSG00000131797,ENSG00000280160,ENSG00000099385,ENSG00000185947,ENSG00000169877,ENSG00000099381,ENSG00000156885,ENSG00000260625,ENSG00000156886,ENSG00000140682,ENSG00000140691,ENSG00000288983,ENSG00000167395,ENSG00000099364,ENSG00000276867,ENSG00000099377","ENSG00000169900,ENSG00000080603,ENSG00000261233,ENSG00000260540,ENSG00000151006,ENSG00000280160,ENSG00000150281,ENSG00000099381,ENSG00000260866,ENSG00000232748,ENSG00000196118,ENSG00000260584,ENSG00000197162,ENSG00000260575,ENSG00000261541,ENSG00000259822,ENSG00000206755,ENSG00000261727,ENSG00000140675,ENSG00000140688,ENSG00000279196,ENSG00000178226,ENSG00000197302,ENSG00000279997,ENSG00000261704,ENSG00000223931,ENSG00000260649,ENSG00000260757,ENSG00000140691,ENSG00000103510,ENSG00000213547,ENSG00000260625,ENSG00000260883,ENSG00000261474,ENSG00000089280,ENSG00000156886,ENSG00000274678,ENSG00000261457,ENSG00000131797,ENSG00000167397,ENSG00000261840,ENSG00000286473,ENSG00000099385,ENSG00000260083,ENSG00000180663,ENSG00000260847,ENSG00000103549,ENSG00000280211,ENSG00000229809,ENSG00000260218,ENSG00000260568,ENSG00000288983,ENSG00000156873,ENSG00000052344,ENSG00000205456,ENSG00000259810,ENSG00000260911,ENSG00000260402,ENSG00000167394,ENSG00000278885,ENSG00000156885,ENSG00000252074,ENSG00000103490,ENSG00000169951,ENSG00000262366,ENSG00000185947,ENSG00000278133,ENSG00000261245,ENSG00000260516,ENSG00000260304,ENSG00000261289,ENSG00000156858,ENSG00000274848,ENSG00000275263,ENSG00000230447,ENSG00000261127,ENSG00000103507,ENSG00000099364,ENSG00000175938,ENSG00000099365,ENSG00000261475,ENSG00000261359,ENSG00000260060,ENSG00000262766,ENSG00000263343,ENSG00000102870,ENSG00000261741,ENSG00000260631,ENSG00000222287,ENSG00000140682,ENSG00000260307,ENSG00000281991,ENSG00000237185,ENSG00000156860,ENSG00000260327,ENSG00000259874,ENSG00000260344,ENSG00000260472,ENSG00000261648,ENSG00000260010,ENSG00000140678,ENSG00000169877,ENSG00000260852,ENSG00000260048,ENSG00000261680,ENSG00000197476,ENSG00000260628,ENSG00000167395,ENSG00000169896,ENSG00000260722,ENSG00000270472,ENSG00000099377,ENSG00000259950,ENSG00000260113,ENSG00000230267,ENSG00000280132,ENSG00000260662,ENSG00000103496,ENSG00000156853,ENSG00000276867,ENSG00000260267,ENSG00000261284,ENSG00000176723",ENSG00000156885,Liver eQTLs,train
20015693100092196-92196000005165,chr3,"3-184532028-A-G,3-184533531-G-A,3-184537505-G-A,3-184540291-G-T","ENSG00000273403,ENSG00000163898,ENSG00000229704,ENSG00000175182,ENSG00000289500,ENSG00000229638,ENSG00000180834,ENSG00000145191,ENSG00000214160,ENSG00000228205,ENSG00000114770,ENSG00000145198,ENSG00000156931,ENSG00000286086,ENSG00000163904,ENSG00000273181,ENSG00000114859,ENSG00000175166,ENSG00000272721,ENSG00000073803,ENSG00000161203,ENSG00000182580,ENSG00000161202,ENSG00000163888,ENSG00000090534,ENSG00000163900,ENSG00000175193,ENSG00000090539,ENSG00000272922,ENSG00000187068,ENSG00000114867,ENSG00000163882,ENSG00000177383,ENSG00000113790,ENSG00000272970,ENSG00000284753,ENSG00000161204","ENSG00000163898,ENSG00000238020,ENSG00000145191,ENSG00000113790,ENSG00000178084,ENSG00000156931,ENSG00000161202,ENSG00000272922,ENSG00000272721,ENSG00000272970,ENSG00000175182,ENSG00000263932,ENSG00000283625,ENSG00000223358,ENSG00000233576,ENSG00000284753,ENSG00000273403,ENSG00000289500,ENSG00000207351,ENSG00000186090,ENSG00000163900,ENSG00000163904,ENSG00000230215,ENSG00000163888,ENSG00000212158,ENSG00000214160,ENSG00000229704,ENSG00000163882,ENSG00000182580,ENSG00000273181,ENSG00000223882,ENSG00000161203,ENSG00000234371,ENSG00000233441,ENSG00000145198,ENSG00000090539,ENSG00000286086,ENSG00000175193,ENSG00000229638,ENSG00000114867,ENSG00000228205,ENSG00000264614,ENSG00000161204,ENSG00000177383,ENSG00000187068,ENSG00000227509,ENSG00000114859,ENSG00000114770,ENSG00000221120,ENSG00000175166,ENSG00000090534,ENSG00000243584,ENSG00000073803,ENSG00000180834,ENSG00000186038,ENSG00000229433,ENSG00000288576",ENSG00000156931,Liver eQTLs,train
20015731500092196-92196000002766,chr16,"16-69377553-A-G,16-69397393-T-C","ENSG00000141076,ENSG00000132612,ENSG00000261556,ENSG00000102908,ENSG00000157315,ENSG00000103018,ENSG00000168802,ENSG00000141101,ENSG00000279693,ENSG00000258429,ENSG00000132604,ENSG00000090857,ENSG00000198373,ENSG00000157322,ENSG00000132603,ENSG00000039068,ENSG00000090861,ENSG00000103047,ENSG00000103044,ENSG00000181019,ENSG00000157349,ENSG00000255185,ENSG00000260459,ENSG00000184939,ENSG00000103056,ENSG00000213380,ENSG00000168807,ENSG00000223496,ENSG00000260290,ENSG00000266801,ENSG00000226232","ENSG00000260577,ENSG00000261527,ENSG00000241183,ENSG00000102908,ENSG00000252040,ENSG00000261556,ENSG00000168802,ENSG00000286140,ENSG00000103018,ENSG00000141101,ENSG00000260860,ENSG00000262136,ENSG00000271129,ENSG00000265648,ENSG00000199979,ENSG00000181019,ENSG00000141076,ENSG00000157322,ENSG00000199263,ENSG00000287760,ENSG00000274698,ENSG00000261395,ENSG00000207083,ENSG00000208017,ENSG00000275504,ENSG00000252443,ENSG00000247228,ENSG00000260290,ENSG00000202497,ENSG00000241334,ENSG00000039068,ENSG00000266801,ENSG00000201164,ENSG00000090861,ENSG00000090857,ENSG00000200164,ENSG00000132603,ENSG00000260459,ENSG00000279693,ENSG00000226232,ENSG00000168807,ENSG00000277003,ENSG00000252640,ENSG00000184939,ENSG00000198373,ENSG00000258429,ENSG00000239118,ENSG00000103044,ENSG00000255185,ENSG00000223496,ENSG00000261145,ENSG00000157315,ENSG00000260999,ENSG00000157349,ENSG00000260084,ENSG00000265113,ENSG00000103047,ENSG00000213380,ENSG00000132604,ENSG00000132612,ENSG00000103056,ENSG00000200558",ENSG00000157315,Liver eQTLs,train
20015737900092196-92196000002097,chr14,"14-24768947-AG-A,14-24768952-A-C,14-24768949-G-C,14-24755308-C-T,14-24755313-C-T,14-24755507-C-T,14-24755872-C-T,14-24756385-T-C,14-24756569-C-T,14-24757595-A-G,14-24757646-T-C,14-24758151-G-C,14-24758467-T-C,14-24758563-G-A,14-24758929-T-C,14-24759102-A-G,14-24759226-C-G,14-24759678-T-G,14-24762222-C-G,14-24762882-C-G,14-24765063-A-T,14-24765684-G-A,14-24767142-A-T,14-24767767-G-A,14-24765622-G-A,14-24770369-A-G,14-24772822-G-A,14-24768534-G-T,14-24786060-G-A,14-24761690-C-T,14-24759319-G-C","ENSG00000092098,ENSG00000100911,ENSG00000100448,ENSG00000129467,ENSG00000092010,ENSG00000100842,ENSG00000139908,ENSG00000225766,ENSG00000213906,ENSG00000100908,ENSG00000258727,ENSG00000168952,ENSG00000092330,ENSG00000136367,ENSG00000100949,ENSG00000157326,ENSG00000100445,ENSG00000100884,ENSG00000157379,ENSG00000196943,ENSG00000288100,ENSG00000129535,ENSG00000092009,ENSG00000092054,ENSG00000205978,ENSG00000258643,ENSG00000157306,ENSG00000100897,ENSG00000259321,ENSG00000100918,ENSG00000100968,ENSG00000213920,ENSG00000139914,ENSG00000259431,ENSG00000213928,ENSG00000258744,ENSG00000276698,ENSG00000100889,ENSG00000129465,ENSG00000100926,ENSG00000100441,ENSG00000197616,ENSG00000196497,ENSG00000235194,ENSG00000287481,ENSG00000092096,ENSG00000186648,ENSG00000215256,ENSG00000092295,ENSG00000129460,ENSG00000254505,ENSG00000213983,ENSG00000166091,ENSG00000288820,ENSG00000100938,ENSG00000100450,ENSG00000100453,ENSG00000274002,ENSG00000129559,ENSG00000139899,ENSG00000278784,ENSG00000199804,ENSG00000092051,ENSG00000100867,ENSG00000100836,ENSG00000187630","ENSG00000100884,ENSG00000222931,ENSG00000213920,ENSG00000197616,ENSG00000215256,ENSG00000196497,ENSG00000157306,ENSG00000100448,ENSG00000285727,ENSG00000259321,ENSG00000186648,ENSG00000092098,ENSG00000258098,ENSG00000276698,ENSG00000259431,ENSG00000100867,ENSG00000187630,ENSG00000278784,ENSG00000288820,ENSG00000092051,ENSG00000257976,ENSG00000129460,ENSG00000100836,ENSG00000258643,ENSG00000274002,ENSG00000100450,ENSG00000254505,ENSG00000157326,ENSG00000129535,ENSG00000100453,ENSG00000213983,ENSG00000100842,ENSG00000100968,ENSG00000100441,ENSG00000139899,ENSG00000225766,ENSG00000287481,ENSG00000258275,ENSG00000258657,ENSG00000100949,ENSG00000157379,ENSG00000129465,ENSG00000168952,ENSG00000259334,ENSG00000258887,ENSG00000100911,ENSG00000100897,ENSG00000129559,ENSG00000100889,ENSG00000100445,ENSG00000283290,ENSG00000092295,ENSG00000258727,ENSG00000213906,ENSG00000100908,ENSG00000129467,ENSG00000092330,ENSG00000288100,ENSG00000199804,ENSG00000139908,ENSG00000136367,ENSG00000092096,ENSG00000092009,ENSG00000205978,ENSG00000092054,ENSG00000092010,ENSG00000235194,ENSG00000100918,ENSG00000213928,ENSG00000196943,ENSG00000139914,ENSG00000257179,ENSG00000166091,ENSG00000100938,ENSG00000283856,ENSG00000258744,ENSG00000100926",ENSG00000157379,Liver eQTLs,train
20015742600092196-92196000005576,chr4,"4-57219592-G-A,4-57222048-T-A,4-57222426-A-G,4-57230019-T-C,4-57230593-G-A,4-57242271-C-T,4-57245237-C-T,4-57214772-C-T,4-57225788-A-G,4-57230473-A-C,4-57235474-G-C,4-57230550-T-C,4-57254335-A-G,4-57234316-A-C,4-57207188-G-A,4-57208170-C-T,4-57194329-G-T,4-57200984-C-CGTT,4-57252878-C-G,4-57189498-G-A,4-57194929-A-G,4-57222781-C-A,4-57229210-T-C,4-57239180-C-T,4-57214407-C-T,4-57221958-A-T,4-57255073-T-C,4-57247862-A-G,4-57193762-G-A,4-57274679-C-T,4-57261028-A-T,4-57261031-A-T,4-57205788-A-G,4-57208204-T-C,4-57217795-C-G,4-57223682-C-T,4-57231624-A-C,4-57236331-C-T,4-57239991-GTT-G,4-57239994-C-G,4-57239998-T-A,4-57239999-A-AT,4-57240001-T-C,4-57187445-T-C,4-57290993-T-A,4-57256391-A-G,4-57258290-T-C,4-57264426-T-C,4-57268643-C-G,4-57269646-A-AAAAG,4-57271109-A-G,4-57274743-T-A,4-57278167-G-A,4-57278315-A-T,4-57279180-T-TCA,4-57270197-T-C,4-57273554-A-G,4-57274911-T-C,4-57278636-T-C,4-57290126-A-G,4-57296304-A-C,4-57250084-T-TA,4-57297996-C-T,4-57203152-T-C,4-57202812-A-C,4-57186824-T-A,4-57186686-A-T,4-57276619-G-C,4-57294638-C-T,4-57286036-C-T,4-57299147-C-T","ENSG00000289393,ENSG00000047315,ENSG00000270147,ENSG00000249700,ENSG00000157426,ENSG00000287382,ENSG00000269949,ENSG00000269921,ENSG00000174780,ENSG00000171476,ENSG00000109265,ENSG00000272969,ENSG00000090989,ENSG00000084093,ENSG00000273257,ENSG00000128050,ENSG00000084092,ENSG00000248590,ENSG00000163453,ENSG00000134851,ENSG00000128059,ENSG00000286599,ENSG00000134852,ENSG00000174799","ENSG00000269921,ENSG00000174799,ENSG00000265894,ENSG00000278226,ENSG00000270147,ENSG00000250192,ENSG00000248660,ENSG00000240545,ENSG00000248590,ENSG00000174780,ENSG00000273257,ENSG00000251703,ENSG00000249831,ENSG00000171476,ENSG00000227040,ENSG00000252489,ENSG00000286093,ENSG00000289393,ENSG00000134852,ENSG00000241250,ENSG00000249693,ENSG00000128050,ENSG00000163453,ENSG00000272969,ENSG00000243920,ENSG00000286599,ENSG00000109265,ENSG00000251459,ENSG00000047315,ENSG00000249700,ENSG00000280285,ENSG00000285998,ENSG00000084092,ENSG00000249105,ENSG00000134851,ENSG00000287382,ENSG00000090989,ENSG00000250324,ENSG00000250384,ENSG00000288944,ENSG00000269949,ENSG00000248505,ENSG00000157426,ENSG00000084093,ENSG00000251799,ENSG00000128059",ENSG00000157426,Liver eQTLs,train
20015763700092196-92196000003277,chr17,"17-79268733-T-C,17-79271126-C-T,17-79273446-C-T,17-79271054-T-C,17-79274702-TACAC-T,17-79266355-C-T,17-79263827-G-A,17-79260196-G-A,17-79271591-G-A,17-79259417-C-T,17-79257138-G-A,17-79257674-T-C,17-79259303-C-T,17-79260586-C-A,17-79263397-C-T","ENSG00000182676,ENSG00000264548,ENSG00000169689,ENSG00000183684,ENSG00000175866,ENSG00000185168,ENSG00000141577,ENSG00000280248,ENSG00000287737,ENSG00000183048,ENSG00000226137,ENSG00000215644,ENSG00000169718,ENSG00000169696,ENSG00000262814,ENSG00000265678,ENSG00000263167,ENSG00000225663,ENSG00000141526,ENSG00000262877,ENSG00000167302,ENSG00000263069,ENSG00000184009,ENSG00000141551,ENSG00000187531,ENSG00000279692,ENSG00000176108,ENSG00000185269,ENSG00000186765,ENSG00000169733,ENSG00000169683,ENSG00000182446,ENSG00000185624,ENSG00000280407,ENSG00000157637,ENSG00000169710,ENSG00000266074,ENSG00000176155,ENSG00000262979,ENSG00000185298,ENSG00000169727,ENSG00000264569,ENSG00000276101,ENSG00000183010,ENSG00000265692,ENSG00000185504,ENSG00000260005,ENSG00000214087,ENSG00000279187,ENSG00000279372,ENSG00000289182,ENSG00000265688,ENSG00000262049,ENSG00000263731,ENSG00000197063,ENSG00000280351,ENSG00000169738,ENSG00000173818,ENSG00000181409,ENSG00000141564,ENSG00000260563,ENSG00000275902,ENSG00000278876,ENSG00000287431,ENSG00000185359,ENSG00000224877,ENSG00000169750,ENSG00000262873,ENSG00000204237,ENSG00000275888,ENSG00000185332,ENSG00000185813,ENSG00000141552,ENSG00000262223,ENSG00000185527,ENSG00000260369,ENSG00000141522,ENSG00000182612","ENSG00000262223,ENSG00000265692,ENSG00000280407,ENSG00000197063,ENSG00000275888,ENSG00000169738,ENSG00000182676,ENSG00000186765,ENSG00000169689,ENSG00000260369,ENSG00000279372,ENSG00000260005,ENSG00000167302,ENSG00000182446,ENSG00000215644,ENSG00000280248,ENSG00000260563,ENSG00000243426,ENSG00000224877,ENSG00000265688,ENSG00000267770,ENSG00000141564,ENSG00000267432,ENSG00000266074,ENSG00000275516,ENSG00000263167,ENSG00000289182,ENSG00000183048,ENSG00000252391,ENSG00000184009,ENSG00000265678,ENSG00000262768,ENSG00000187531,ENSG00000279692,ENSG00000185269,ENSG00000264569,ENSG00000185813,ENSG00000266711,ENSG00000263069,ENSG00000267491,ENSG00000225663,ENSG00000280351,ENSG00000262814,ENSG00000185624,ENSG00000185298,ENSG00000267355,ENSG00000185527,ENSG00000185332,ENSG00000157637,ENSG00000264548,ENSG00000176155,ENSG00000169750,ENSG00000278876,ENSG00000226137,ENSG00000263278,ENSG00000263731,ENSG00000183010,ENSG00000287737,ENSG00000262049,ENSG00000182612,ENSG00000185168,ENSG00000262873,ENSG00000183684,ENSG00000169718,ENSG00000141552,ENSG00000275902,ENSG00000141551,ENSG00000262343,ENSG00000185359,ENSG00000169696,ENSG00000276101,ENSG00000262877,ENSG00000175866,ENSG00000169683,ENSG00000200063,ENSG00000181409,ENSG00000287431,ENSG00000141526,ENSG00000176108,ENSG00000173818,ENSG00000169727,ENSG00000169710,ENSG00000279187,ENSG00000204237,ENSG00000243870,ENSG00000141577,ENSG00000185504,ENSG00000141522,ENSG00000265561,ENSG00000266665,ENSG00000169733,ENSG00000262979,ENSG00000214087",ENSG00000157637,Liver eQTLs,train
20015792700092196-92196000006746,chr7,"7-4849344-C-T,7-4819009-C-T,7-4819007-G-C,7-4819008-T-A,7-4819005-A-G,7-4819001-TTA-T,7-4838609-TC-T,7-4812352-T-A,7-4812993-C-T,7-4815541-C-A,7-4823205-G-A,7-4829172-C-T,7-4835697-G-A,7-4836599-T-C,7-4848798-C-T,7-4856101-C-T,7-4835501-T-G,7-4864193-GCTCT-G,7-4827160-G-C,7-4838476-G-A,7-4831266-T-G,7-4839623-CA-C,7-4810110-C-T,7-4828981-G-T,7-4829292-G-A,7-4827060-T-G,7-4833898-A-G","ENSG00000146587,ENSG00000242802,ENSG00000075618,ENSG00000075624,ENSG00000286874,ENSG00000182095,ENSG00000011275,ENSG00000283991,ENSG00000273084,ENSG00000234432,ENSG00000164916,ENSG00000157954,ENSG00000272719,ENSG00000241269,ENSG00000272953,ENSG00000273313,ENSG00000157927,ENSG00000155034,ENSG00000196204,ENSG00000164638","ENSG00000272595,ENSG00000261809,ENSG00000241269,ENSG00000196204,ENSG00000207973,ENSG00000228974,ENSG00000146587,ENSG00000206895,ENSG00000202039,ENSG00000272719,ENSG00000264474,ENSG00000213935,ENSG00000283419,ENSG00000136297,ENSG00000270822,ENSG00000155034,ENSG00000157927,ENSG00000182095,ENSG00000242802,ENSG00000286874,ENSG00000157954,ENSG00000075618,ENSG00000218823,ENSG00000164638,ENSG00000234432,ENSG00000283991,ENSG00000164916,ENSG00000011275,ENSG00000075624,ENSG00000273084,ENSG00000273313,ENSG00000275328,ENSG00000237738,ENSG00000272953",ENSG00000157927,Liver eQTLs,train
20015840600092196-92196000006143,chr6,"6-26285683-T-C,6-26285867-C-T,6-26276650-A-G,6-26302572-A-C,6-26302573-A-C,6-26286149-G-T,6-26287043-G-T,6-26289203-T-C,6-26329103-T-A,6-26262916-T-C,6-26267568-C-T,6-26271713-A-T,6-26279235-G-C,6-26279907-A-G,6-26282322-T-C,6-26285560-A-G,6-26288609-C-G,6-26289605-A-G,6-26293470-C-T,6-26336224-A-C,6-26290377-G-A,6-26277133-C-T,6-26277268-G-A,6-26277408-C-A,6-26278436-C-T,6-26279296-T-C,6-26283866-CAT-C,6-26284417-T-C,6-26287256-C-T,6-26287862-C-T,6-26289122-A-T,6-26336696-G-T,6-26299900-C-T,6-26289435-A-G,6-26264588-CA-C,6-26292855-C-A,6-26293338-C-A,6-26286870-CT-C,6-26303319-T-C","ENSG00000277224,ENSG00000124549,ENSG00000228223,ENSG00000124635,ENSG00000112812,ENSG00000216331,ENSG00000274750,ENSG00000217275,ENSG00000124568,ENSG00000272462,ENSG00000274290,ENSG00000182952,ENSG00000026950,ENSG00000197409,ENSG00000124564,ENSG00000180596,ENSG00000187837,ENSG00000181315,ENSG00000079689,ENSG00000010704,ENSG00000197903,ENSG00000146039,ENSG00000224843,ENSG00000124508,ENSG00000285571,ENSG00000276966,ENSG00000272468,ENSG00000196866,ENSG00000168405,ENSG00000158406,ENSG00000158373,ENSG00000287966,ENSG00000112763,ENSG00000112343,ENSG00000197061,ENSG00000146109,ENSG00000186470,ENSG00000180573,ENSG00000111801,ENSG00000168298,ENSG00000241549,ENSG00000275713,ENSG00000277075,ENSG00000112337,ENSG00000287080,ENSG00000276180,ENSG00000124575,ENSG00000196787,ENSG00000273802,ENSG00000277157,ENSG00000272810","ENSG00000274618,ENSG00000219770,ENSG00000124610,ENSG00000182952,ENSG00000274997,ENSG00000124508,ENSG00000168298,ENSG00000287966,ENSG00000207490,ENSG00000284688,ENSG00000124635,ENSG00000287080,ENSG00000146109,ENSG00000270935,ENSG00000010704,ENSG00000278588,ENSG00000277157,ENSG00000112763,ENSG00000224447,ENSG00000216331,ENSG00000265565,ENSG00000124549,ENSG00000220581,ENSG00000158406,ENSG00000168405,ENSG00000273802,ENSG00000217159,ENSG00000217408,ENSG00000158373,ENSG00000174572,ENSG00000224843,ENSG00000124557,ENSG00000276966,ENSG00000271071,ENSG00000180596,ENSG00000178762,ENSG00000217275,ENSG00000284607,ENSG00000278637,ENSG00000275846,ENSG00000286522,ENSG00000216436,ENSG00000112343,ENSG00000196787,ENSG00000111801,ENSG00000222800,ENSG00000112337,ENSG00000286933,ENSG00000275713,ENSG00000228223,ENSG00000261584,ENSG00000026950,ENSG00000218690,ENSG00000278463,ENSG00000186470,ENSG00000242387,ENSG00000277410,ENSG00000277775,ENSG00000277720,ENSG00000197903,ENSG00000181315,ENSG00000197061,ENSG00000241549,ENSG00000277224,ENSG00000272810,ENSG00000079689,ENSG00000146047,ENSG00000197409,ENSG00000220875,ENSG00000124575,ENSG00000218281,ENSG00000289447,ENSG00000285571,ENSG00000272462,ENSG00000187837,ENSG00000276180,ENSG00000180573,ENSG00000216762,ENSG00000196866,ENSG00000199289,ENSG00000273983,ENSG00000287050,ENSG00000274290,ENSG00000112812,ENSG00000124564,ENSG00000146039,ENSG00000274750,ENSG00000234816,ENSG00000272468,ENSG00000124568,ENSG00000276410,ENSG00000275663,ENSG00000207286,ENSG00000277075,ENSG00000243307",ENSG00000158406,Liver eQTLs,train
20015844500092196-92196000004555,chr20,"20-48092076-A-G,20-48092454-T-A,20-48101751-C-G,20-48101348-T-C","ENSG00000177410,ENSG00000124216,ENSG00000124212,ENSG00000277449,ENSG00000124201,ENSG00000226284,ENSG00000197818,ENSG00000244687,ENSG00000158470,ENSG00000124126,ENSG00000124207,ENSG00000124214,ENSG00000158445,ENSG00000240849,ENSG00000229222,ENSG00000158480,ENSG00000124226,ENSG00000172216,ENSG00000237595,ENSG00000231742,ENSG00000124228,ENSG00000233077,ENSG00000203999,ENSG00000224397,ENSG00000124198","ENSG00000289072,ENSG00000287443,ENSG00000158470,ENSG00000226284,ENSG00000224397,ENSG00000124214,ENSG00000288083,ENSG00000202186,ENSG00000158445,ENSG00000203999,ENSG00000277449,ENSG00000286179,ENSG00000233077,ENSG00000124216,ENSG00000237595,ENSG00000228503,ENSG00000238452,ENSG00000276923,ENSG00000229853,ENSG00000172216,ENSG00000237423,ENSG00000124226,ENSG00000251770,ENSG00000227431,ENSG00000264901,ENSG00000124212,ENSG00000215448,ENSG00000229222,ENSG00000287107,ENSG00000158480,ENSG00000124198,ENSG00000238785,ENSG00000230758,ENSG00000286063,ENSG00000236874,ENSG00000234075,ENSG00000177410,ENSG00000124228,ENSG00000231742,ENSG00000197818,ENSG00000244687,ENSG00000124126,ENSG00000124201,ENSG00000224565,ENSG00000238950,ENSG00000215450,ENSG00000234967,ENSG00000124207,ENSG00000274261,ENSG00000281460,ENSG00000240849,ENSG00000229522,ENSG00000201742,ENSG00000281365,ENSG00000289329",ENSG00000158445,Liver eQTLs,train
20015848300092196-92196000001395,chr11,"11-71495700-A-G,11-71495481-A-G,11-71495372-G-C,11-71495565-C-A,11-71486113-C-T,11-71486152-C-T,11-71486620-T-C,11-71487509-T-C,11-71496121-C-T,11-71484845-C-T,11-71482496-C-G,11-71483724-C-T,11-71476060-G-T,11-71482174-C-T,11-71483179-C-T,11-71498134-C-T,11-71500078-G-A,11-71500460-G-A,11-71490031-G-A,11-71498591-C-G,11-71494655-C-T,11-71496244-T-G,11-71496377-T-G,11-71496890-C-T,11-71497649-C-T,11-71498174-T-C,11-71498291-T-C,11-71498348-C-G,11-71498387-A-G,11-71498411-A-G,11-71498500-G-T,11-71498562-G-C,11-71498601-G-T,11-71498648-A-G,11-71498880-G-A,11-71498902-G-A,11-71499625-T-G,11-71503108-C-T,11-71495806-A-G,11-71495841-T-C,11-71496812-C-T,11-71497414-G-T,11-71497631-C-T,11-71498180-T-C,11-71498224-T-C,11-71498354-T-A,11-71498363-C-A,11-71498567-A-C,11-71498671-G-C,11-71498694-A-G,11-71499755-A-G,11-71501144-T-C,11-71502531-G-C,11-71491026-A-G,11-71491052-C-A,11-71492491-C-A,11-71493197-G-A,11-71497343-A-G,11-71487199-G-A,11-71488821-C-A,11-71490633-C-G,11-71470410-G-A,11-71499193-C-T,11-71499206-A-G,11-71499230-C-G,11-71499280-T-C,11-71491984-C-G,11-71491988-C-A,11-71492618-T-C,11-71494147-G-A,11-71476777-T-A,11-71482290-C-A,11-71494625-C-G,11-71533440-G-A,11-71465967-A-C,11-71463929-A-G,11-71465974-G-T,11-71509782-C-T,11-71509196-C-T,11-71461391-A-G,11-71495512-A-G,11-71469338-C-A,11-71468000-T-C,11-71477070-A-G,11-71477298-T-C,11-71480947-C-T,11-71481663-C-T,11-71478016-T-C,11-71460575-G-A,11-71481746-G-T,11-71478333-T-C,11-71477335-C-G","ENSG00000248671,ENSG00000254682,ENSG00000165458,ENSG00000184154,ENSG00000162105,ENSG00000172893,ENSG00000284844,ENSG00000204572,ENSG00000165457,ENSG00000137496,ENSG00000227467,ENSG00000244411,ENSG00000214534,ENSG00000186642,ENSG00000241233,ENSG00000149357,ENSG00000255843,ENSG00000110195,ENSG00000137522,ENSG00000254593,ENSG00000172890,ENSG00000245148,ENSG00000254924,ENSG00000137497,ENSG00000254997,ENSG00000286555,ENSG00000162129,ENSG00000110203,ENSG00000186635,ENSG00000228915,ENSG00000256633,ENSG00000254469,ENSG00000158483,ENSG00000110200","ENSG00000254469,ENSG00000162105,ENSG00000244411,ENSG00000263742,ENSG00000254924,ENSG00000162129,ENSG00000263744,ENSG00000284844,ENSG00000245148,ENSG00000255415,ENSG00000241233,ENSG00000252902,ENSG00000172890,ENSG00000184055,ENSG00000184154,ENSG00000204572,ENSG00000228286,ENSG00000248903,ENSG00000165458,ENSG00000255672,ENSG00000204971,ENSG00000254972,ENSG00000278349,ENSG00000184276,ENSG00000186642,ENSG00000207012,ENSG00000254805,ENSG00000255261,ENSG00000284625,ENSG00000172893,ENSG00000286555,ENSG00000214534,ENSG00000280089,ENSG00000227467,ENSG00000204571,ENSG00000255860,ENSG00000255843,ENSG00000256403,ENSG00000186635,ENSG00000254593,ENSG00000225805,ENSG00000236262,ENSG00000137497,ENSG00000254997,ENSG00000256739,ENSG00000239481,ENSG00000149357,ENSG00000172900,ENSG00000165462,ENSG00000171671,ENSG00000257075,ENSG00000237408,ENSG00000255157,ENSG00000255562,ENSG00000254682,ENSG00000213365,ENSG00000256633,ENSG00000207196,ENSG00000137496,ENSG00000255296,ENSG00000228915,ENSG00000249387,ENSG00000158483,ENSG00000255319,ENSG00000137522,ENSG00000110203,ENSG00000285933,ENSG00000256518,ENSG00000165457,ENSG00000248671,ENSG00000110195,ENSG00000110200,ENSG00000285864",ENSG00000158483,Liver eQTLs,train
20015871700092196-92196000002870,chr16,"16-88772746-C-T,16-88774921-C-T,16-88776499-G-T,16-88777995-C-T,16-88778831-C-T,16-88770224-A-T","ENSG00000275734,ENSG00000179588,ENSG00000015413,ENSG00000261118,ENSG00000260121,ENSG00000289151,ENSG00000176715,ENSG00000051523,ENSG00000205037,ENSG00000167515,ENSG00000158717,ENSG00000167526,ENSG00000260259,ENSG00000198931,ENSG00000205022,ENSG00000278341,ENSG00000129993,ENSG00000167508,ENSG00000268218,ENSG00000158545,ENSG00000167522,ENSG00000261744,ENSG00000104731,ENSG00000259881,ENSG00000259877,ENSG00000167523,ENSG00000174177,ENSG00000261253,ENSG00000270385,ENSG00000197912,ENSG00000225614,ENSG00000103335,ENSG00000158792,ENSG00000260630,ENSG00000259803,ENSG00000260279,ENSG00000131165,ENSG00000172530,ENSG00000141012,ENSG00000103257,ENSG00000170100,ENSG00000224888,ENSG00000174990,ENSG00000167513,ENSG00000178773,ENSG00000129910,ENSG00000185669,ENSG00000185324","ENSG00000141012,ENSG00000174177,ENSG00000260279,ENSG00000261193,ENSG00000129910,ENSG00000158717,ENSG00000260166,ENSG00000178773,ENSG00000278598,ENSG00000167508,ENSG00000260177,ENSG00000256982,ENSG00000167523,ENSG00000261692,ENSG00000167526,ENSG00000260259,ENSG00000170100,ENSG00000124391,ENSG00000289151,ENSG00000174990,ENSG00000131165,ENSG00000167522,ENSG00000252887,ENSG00000051523,ENSG00000261118,ENSG00000172530,ENSG00000261253,ENSG00000205015,ENSG00000167515,ENSG00000103335,ENSG00000205037,ENSG00000260420,ENSG00000104731,ENSG00000158545,ENSG00000263456,ENSG00000259803,ENSG00000270832,ENSG00000185669,ENSG00000261744,ENSG00000278341,ENSG00000275734,ENSG00000289563,ENSG00000260443,ENSG00000287351,ENSG00000259881,ENSG00000185324,ENSG00000205022,ENSG00000176715,ENSG00000197912,ENSG00000260617,ENSG00000259989,ENSG00000179588,ENSG00000103257,ENSG00000284585,ENSG00000260162,ENSG00000225614,ENSG00000259877,ENSG00000261273,ENSG00000260121,ENSG00000129993,ENSG00000015413,ENSG00000198931,ENSG00000270385,ENSG00000224888,ENSG00000167513,ENSG00000158792,ENSG00000260630,ENSG00000268218",ENSG00000158717,Liver eQTLs,train
20015885600092196-92196000007064,chr8,"8-21918089-A-C,8-21925214-C-G,8-21920052-T-C,8-21937870-G-A,8-21937441-G-A,8-21929240-G-A,8-21917222-T-C,8-21927460-C-G,8-21928332-C-T,8-21930098-T-C,8-21930280-C-T,8-21939435-C-T,8-21940431-T-C,8-21940452-G-A,8-21940818-G-A,8-21932281-C-T,8-21931487-A-T,8-21934681-A-C,8-21931661-A-G,8-21934564-TG-T,8-21934769-C-G","ENSG00000168453,ENSG00000168484,ENSG00000008853,ENSG00000147439,ENSG00000130227,ENSG00000104635,ENSG00000179388,ENSG00000168481,ENSG00000168487,ENSG00000158941,ENSG00000253200,ENSG00000120910,ENSG00000168490,ENSG00000287467,ENSG00000254064,ENSG00000158856,ENSG00000197181,ENSG00000241852,ENSG00000275074,ENSG00000168476,ENSG00000254272,ENSG00000168546,ENSG00000120896,ENSG00000245025,ENSG00000120913,ENSG00000147443,ENSG00000168495,ENSG00000134020,ENSG00000251034","ENSG00000168495,ENSG00000248738,ENSG00000168484,ENSG00000253125,ENSG00000177725,ENSG00000254230,ENSG00000253142,ENSG00000120913,ENSG00000201761,ENSG00000168476,ENSG00000254040,ENSG00000254064,ENSG00000134020,ENSG00000280215,ENSG00000287812,ENSG00000286346,ENSG00000253200,ENSG00000208037,ENSG00000158856,ENSG00000168546,ENSG00000273484,ENSG00000130227,ENSG00000179388,ENSG00000168487,ENSG00000168453,ENSG00000147439,ENSG00000287467,ENSG00000104635,ENSG00000251034,ENSG00000120910,ENSG00000158941,ENSG00000197181,ENSG00000254272,ENSG00000254334,ENSG00000168481,ENSG00000275074,ENSG00000120896,ENSG00000245025,ENSG00000253866,ENSG00000008853,ENSG00000147443,ENSG00000168490,ENSG00000254026,ENSG00000241852",ENSG00000158856,Liver eQTLs,train
20015886500092196-92196000002592,chr16,"16-24824248-G-A,16-24844629-A-G,16-24845143-G-A,16-24747787-G-C,16-24756172-G-A,16-24759131-A-G,16-24760511-C-T,16-24767303-G-T,16-24767574-C-A,16-24772680-G-C,16-24784531-A-G,16-24788645-T-A,16-24794064-G-A,16-24801737-G-A,16-24802325-C-T,16-24819806-A-G,16-24831727-C-T,16-24837905-G-A,16-24838862-A-G,16-24736408-G-C,16-24842818-C-G,16-24830750-T-C,16-24856208-G-A,16-24822320-CAG-C,16-24834581-G-C,16-24788915-T-A,16-24803242-T-C,16-24840381-C-T,16-24733141-A-G,16-24737741-G-A,16-24793432-C-T,16-24812512-G-A,16-24835168-G-A,16-24730230-T-C,16-24856775-G-A,16-24790282-A-C,16-24848471-A-G,16-24838497-T-G","ENSG00000263326,ENSG00000103375,ENSG00000262155,ENSG00000275494,ENSG00000090905,ENSG00000260448,ENSG00000155592,ENSG00000205629,ENSG00000262587,ENSG00000166501,ENSG00000261669,ENSG00000140750,ENSG00000274925,ENSG00000158865,ENSG00000289171,ENSG00000122257","ENSG00000262587,ENSG00000274925,ENSG00000158865,ENSG00000006116,ENSG00000266166,ENSG00000261669,ENSG00000260072,ENSG00000260690,ENSG00000205629,ENSG00000260264,ENSG00000103375,ENSG00000182601,ENSG00000260714,ENSG00000260448,ENSG00000261636,ENSG00000275494,ENSG00000262155,ENSG00000239081,ENSG00000166501,ENSG00000155592,ENSG00000289171,ENSG00000224310,ENSG00000263326,ENSG00000279202,ENSG00000140750,ENSG00000279554,ENSG00000090905,ENSG00000274466,ENSG00000122257,ENSG00000201541,ENSG00000279276,ENSG00000285882",ENSG00000158865,Liver eQTLs,train
20015926100092196-92196000004653,chr21,"21-37847489-G-A,21-37847341-C-A,21-37847375-A-G","ENSG00000185917,ENSG00000157540,ENSG00000273199,ENSG00000185808,ENSG00000159231,ENSG00000159259,ENSG00000159256,ENSG00000230479,ENSG00000157538,ENSG00000289001,ENSG00000189089,ENSG00000233393,ENSG00000236830,ENSG00000272948,ENSG00000142197,ENSG00000226054,ENSG00000242553,ENSG00000182670,ENSG00000286517,ENSG00000231106,ENSG00000233818,ENSG00000159216,ENSG00000237646,ENSG00000159228,ENSG00000228107,ENSG00000159261,ENSG00000228677,ENSG00000224790,ENSG00000159267,ENSG00000183145","ENSG00000270652,ENSG00000184029,ENSG00000182670,ENSG00000287470,ENSG00000270835,ENSG00000287637,ENSG00000215734,ENSG00000159228,ENSG00000223806,ENSG00000286517,ENSG00000142197,ENSG00000286717,ENSG00000159256,ENSG00000231123,ENSG00000199806,ENSG00000159267,ENSG00000185917,ENSG00000228107,ENSG00000263969,ENSG00000159259,ENSG00000272948,ENSG00000207416,ENSG00000226054,ENSG00000231480,ENSG00000212136,ENSG00000242553,ENSG00000159261,ENSG00000159231,ENSG00000233213,ENSG00000231106,ENSG00000157540,ENSG00000233818,ENSG00000273199,ENSG00000233393,ENSG00000228677,ENSG00000189089,ENSG00000231231,ENSG00000230479,ENSG00000159216,ENSG00000198054,ENSG00000157538,ENSG00000183145,ENSG00000223608,ENSG00000185808,ENSG00000273210,ENSG00000289001,ENSG00000233316,ENSG00000224790,ENSG00000289538,ENSG00000237646,ENSG00000226012,ENSG00000236830",ENSG00000159261,Liver eQTLs,train
20015939800092196-92196000002726,chr16,"16-55906088-T-C,16-55906090-C-A,16-55906063-T-C","ENSG00000159461,ENSG00000205358,ENSG00000102900,ENSG00000187193,ENSG00000205361,ENSG00000205360,ENSG00000087250,ENSG00000205364,ENSG00000169688,ENSG00000087245,ENSG00000169715,ENSG00000272372,ENSG00000167005,ENSG00000260765,ENSG00000125144,ENSG00000260549,ENSG00000205362,ENSG00000245694,ENSG00000255986,ENSG00000087253,ENSG00000198417,ENSG00000159398,ENSG00000198848,ENSG00000228695,ENSG00000087258,ENSG00000260135,ENSG00000125148,ENSG00000246379,ENSG00000125124,ENSG00000103546,ENSG00000261429,ENSG00000087263","ENSG00000261439,ENSG00000260765,ENSG00000285775,ENSG00000259283,ENSG00000205358,ENSG00000205361,ENSG00000260041,ENSG00000087245,ENSG00000289307,ENSG00000263207,ENSG00000259725,ENSG00000240760,ENSG00000102900,ENSG00000245694,ENSG00000125124,ENSG00000239555,ENSG00000246379,ENSG00000228695,ENSG00000087258,ENSG00000125144,ENSG00000274508,ENSG00000125148,ENSG00000159398,ENSG00000255986,ENSG00000205362,ENSG00000260135,ENSG00000260621,ENSG00000260147,ENSG00000169715,ENSG00000187193,ENSG00000283471,ENSG00000198848,ENSG00000272372,ENSG00000261429,ENSG00000205364,ENSG00000087250,ENSG00000279523,ENSG00000102891,ENSG00000169688,ENSG00000205360,ENSG00000103546,ENSG00000087263,ENSG00000207649,ENSG00000159461,ENSG00000283423,ENSG00000260549,ENSG00000279764,ENSG00000287866,ENSG00000259711,ENSG00000198417,ENSG00000087253,ENSG00000279030,ENSG00000167005,ENSG00000265281",ENSG00000159398,Liver eQTLs,train
20015973300092196-92196000005511,chr4,"4-2405338-C-A,4-2387498-G-C,4-2379676-G-T,4-2353834-T-A,4-2382697-G-A,4-2397436-C-T","ENSG00000168936,ENSG00000087274,ENSG00000125386,ENSG00000123933,ENSG00000087269,ENSG00000251075,ENSG00000206113,ENSG00000130997,ENSG00000197386,ENSG00000163950,ENSG00000087266,ENSG00000244459,ENSG00000109736,ENSG00000168884,ENSG00000188981,ENSG00000174137,ENSG00000168924,ENSG00000214367,ENSG00000013810,ENSG00000125388,ENSG00000159733,ENSG00000063978,ENSG00000249673,ENSG00000243449,ENSG00000109685,ENSG00000185049,ENSG00000068078,ENSG00000159788","ENSG00000206738,ENSG00000287099,ENSG00000168884,ENSG00000087274,ENSG00000087266,ENSG00000248155,ENSG00000163950,ENSG00000243449,ENSG00000239247,ENSG00000109685,ENSG00000284587,ENSG00000068078,ENSG00000249077,ENSG00000130997,ENSG00000168924,ENSG00000248843,ENSG00000168936,ENSG00000125388,ENSG00000063978,ENSG00000250623,ENSG00000197386,ENSG00000013810,ENSG00000244459,ENSG00000087269,ENSG00000188981,ENSG00000214367,ENSG00000109736,ENSG00000251148,ENSG00000125386,ENSG00000206113,ENSG00000174137,ENSG00000159788,ENSG00000251075,ENSG00000207009,ENSG00000199335,ENSG00000123933,ENSG00000235608,ENSG00000249673,ENSG00000159733,ENSG00000185049",ENSG00000159733,Liver eQTLs,train
20015989900092196-92196000007393,chr9,"9-35801436-C-T,9-35793707-C-T,9-35797827-C-T,9-35798067-T-C,9-35807542-C-T,9-35778744-A-G,9-35791470-C-A,9-35783931-T-A,9-35788570-G-GA,9-35807401-AGCTGGGGCC-A,9-35804461-C-T,9-35812623-G-T,9-35779425-G-A,9-35841071-C-T,9-35843003-C-G,9-35786616-C-T,9-35785716-A-T,9-35733698-TAAAA-T,9-35762938-TGTCTTGCCAGAG-T,9-35731004-C-T,9-35788239-T-C,9-35734903-T-G,9-35779333-A-C,9-35796992-T-C,9-35798710-A-G,9-35799072-A-G,9-35801233-T-C,9-35801856-C-A,9-35802092-G-C,9-35802583-C-T,9-35805134-T-C,9-35807644-A-G,9-35811485-ACCAGGACCAGAG-A,9-35780329-C-T,9-35790578-AG-A,9-35786889-A-G,9-35789720-T-C,9-35786312-G-A,9-35789119-GT-G,9-35789171-C-T,9-35789610-A-T,9-35789938-G-A,9-35790151-A-G","ENSG00000137133,ENSG00000288586,ENSG00000137103,ENSG00000165280,ENSG00000159899,ENSG00000122705,ENSG00000213866,ENSG00000215283,ENSG00000107140,ENSG00000159921,ENSG00000005238,ENSG00000215187,ENSG00000107175,ENSG00000279608,ENSG00000137098,ENSG00000137101,ENSG00000165282,ENSG00000137075,ENSG00000287868,ENSG00000228307,ENSG00000122694,ENSG00000286782,ENSG00000174038,ENSG00000165283,ENSG00000137078,ENSG00000122707,ENSG00000137076,ENSG00000137094,ENSG00000107185,ENSG00000159884,ENSG00000070610,ENSG00000281491,ENSG00000235387,ENSG00000196196,ENSG00000221829,ENSG00000198722,ENSG00000107159,ENSG00000122733,ENSG00000137135,ENSG00000198853,ENSG00000165304","ENSG00000198853,ENSG00000165282,ENSG00000235387,ENSG00000137094,ENSG00000279608,ENSG00000179443,ENSG00000122733,ENSG00000284195,ENSG00000235619,ENSG00000165283,ENSG00000288571,ENSG00000122705,ENSG00000137135,ENSG00000159921,ENSG00000137103,ENSG00000185972,ENSG00000005238,ENSG00000222760,ENSG00000122694,ENSG00000198722,ENSG00000278889,ENSG00000107140,ENSG00000215198,ENSG00000137078,ENSG00000159899,ENSG00000273945,ENSG00000221829,ENSG00000196196,ENSG00000165304,ENSG00000215283,ENSG00000215187,ENSG00000287868,ENSG00000107175,ENSG00000228307,ENSG00000225639,ENSG00000159884,ENSG00000227933,ENSG00000070610,ENSG00000287368,ENSG00000213866,ENSG00000137076,ENSG00000215199,ENSG00000287514,ENSG00000269900,ENSG00000276730,ENSG00000107185,ENSG00000286782,ENSG00000288586,ENSG00000236110,ENSG00000137075,ENSG00000174038,ENSG00000241568,ENSG00000281491,ENSG00000122707,ENSG00000233148,ENSG00000231393,ENSG00000107159,ENSG00000263892,ENSG00000137098,ENSG00000233659,ENSG00000234181,ENSG00000187791,ENSG00000243136,ENSG00000165280,ENSG00000243641,ENSG00000257198,ENSG00000137101,ENSG00000279083,ENSG00000137133",ENSG00000159899,Liver eQTLs,train
20016011100092196-92196000003485,chr19,19-17137789-A-C,"ENSG00000099331,ENSG00000130313,ENSG00000167461,ENSG00000085872,ENSG00000127533,ENSG00000130303,ENSG00000273654,ENSG00000130300,ENSG00000105643,ENSG00000105393,ENSG00000160117,ENSG00000130309,ENSG00000074855,ENSG00000099330,ENSG00000105072,ENSG00000105085,ENSG00000105058,ENSG00000254503,ENSG00000130307,ENSG00000179913,ENSG00000127220,ENSG00000269720,ENSG00000279529,ENSG00000248099,ENSG00000127528,ENSG00000160113,ENSG00000268087,ENSG00000269439,ENSG00000279198,ENSG00000280332,ENSG00000007080,ENSG00000269044,ENSG00000167460,ENSG00000130299,ENSG00000130312,ENSG00000167483,ENSG00000105640,ENSG00000130311,ENSG00000127511,ENSG00000267904,ENSG00000160111,ENSG00000279748,ENSG00000188051,ENSG00000269053,ENSG00000127526,ENSG00000269481,ENSG00000130475,ENSG00000207166,ENSG00000105639,ENSG00000130304,ENSG00000127527,ENSG00000269243,ENSG00000072954,ENSG00000196684,ENSG00000072958,ENSG00000269815,ENSG00000130479,ENSG00000214046,ENSG00000141971,ENSG00000053501,ENSG00000282851,ENSG00000269399,ENSG00000131351","ENSG00000130307,ENSG00000268087,ENSG00000207166,ENSG00000130309,ENSG00000248099,ENSG00000099331,ENSG00000268985,ENSG00000279748,ENSG00000130312,ENSG00000269752,ENSG00000099330,ENSG00000279977,ENSG00000127533,ENSG00000269350,ENSG00000263595,ENSG00000269481,ENSG00000273654,ENSG00000160117,ENSG00000264250,ENSG00000269815,ENSG00000214046,ENSG00000105058,ENSG00000280332,ENSG00000105085,ENSG00000243771,ENSG00000188051,ENSG00000252591,ENSG00000141977,ENSG00000289330,ENSG00000127528,ENSG00000130299,ENSG00000127527,ENSG00000254503,ENSG00000007080,ENSG00000269799,ENSG00000072958,ENSG00000130475,ENSG00000269439,ENSG00000105393,ENSG00000127220,ENSG00000131351,ENSG00000267275,ENSG00000289333,ENSG00000269836,ENSG00000130311,ENSG00000282851,ENSG00000053501,ENSG00000240106,ENSG00000130300,ENSG00000085872,ENSG00000160113,ENSG00000072954,ENSG00000269085,ENSG00000127526,ENSG00000279198,ENSG00000160111,ENSG00000269399,ENSG00000269044,ENSG00000167461,ENSG00000130313,ENSG00000105640,ENSG00000105639,ENSG00000269053,ENSG00000269419,ENSG00000167460,ENSG00000171773,ENSG00000279300,ENSG00000279617,ENSG00000105072,ENSG00000275901,ENSG00000269066,ENSG00000074855,ENSG00000130479,ENSG00000130303,ENSG00000105643,ENSG00000141971,ENSG00000196684,ENSG00000268056,ENSG00000269720,ENSG00000167483,ENSG00000277825,ENSG00000179913,ENSG00000267904,ENSG00000130304,ENSG00000279529,ENSG00000269736,ENSG00000127511,ENSG00000269243",ENSG00000160111,Liver eQTLs,train
20016019000092196-92196000004675,chr21,"21-43956054-T-C,21-43952141-T-C,21-43953078-A-C,21-43953654-C-G,21-43953728-A-G,21-43954542-T-C,21-43963982-A-C,21-43955427-A-G,21-43957325-A-G,21-43957549-A-G,21-43959770-A-G,21-43962258-C-T,21-43943286-T-A,21-43974948-T-C,21-43979444-C-CAGA","ENSG00000160183,ENSG00000235772,ENSG00000289322,ENSG00000225431,ENSG00000183421,ENSG00000289513,ENSG00000160193,ENSG00000160199,ENSG00000160200,ENSG00000232401,ENSG00000160179,ENSG00000160201,ENSG00000160181,ENSG00000160185,ENSG00000160190,ENSG00000173276,ENSG00000141956,ENSG00000233056,ENSG00000237989,ENSG00000157617,ENSG00000160191,ENSG00000236384,ENSG00000160194,ENSG00000177398,ENSG00000142178,ENSG00000185186,ENSG00000160180,ENSG00000237232,ENSG00000184385,ENSG00000160182","ENSG00000237604,ENSG00000160201,ENSG00000160193,ENSG00000214326,ENSG00000233056,ENSG00000205445,ENSG00000215455,ENSG00000289144,ENSG00000142178,ENSG00000234289,ENSG00000183421,ENSG00000224100,ENSG00000160183,ENSG00000236384,ENSG00000275799,ENSG00000266692,ENSG00000229880,ENSG00000289513,ENSG00000237864,ENSG00000225637,ENSG00000272804,ENSG00000281420,ENSG00000228120,ENSG00000232124,ENSG00000221864,ENSG00000157617,ENSG00000278158,ENSG00000160185,ENSG00000287507,ENSG00000187766,ENSG00000221837,ENSG00000213440,ENSG00000160199,ENSG00000226543,ENSG00000241123,ENSG00000278433,ENSG00000160200,ENSG00000188155,ENSG00000212933,ENSG00000286549,ENSG00000160191,ENSG00000177398,ENSG00000236663,ENSG00000232969,ENSG00000141956,ENSG00000205439,ENSG00000232010,ENSG00000285413,ENSG00000232401,ENSG00000160194,ENSG00000189169,ENSG00000187175,ENSG00000237989,ENSG00000252606,ENSG00000160179,ENSG00000221859,ENSG00000235772,ENSG00000160182,ENSG00000199598,ENSG00000232777,ENSG00000160180,ENSG00000160190,ENSG00000215454,ENSG00000160181,ENSG00000212935,ENSG00000173276,ENSG00000236382,ENSG00000243489,ENSG00000185186,ENSG00000276647,ENSG00000264452,ENSG00000184385,ENSG00000225431,ENSG00000289322,ENSG00000223975,ENSG00000234030,ENSG00000237232",ENSG00000160190,Liver eQTLs,train
20016019400092196-92196000004679,chr21,21-44323720-C-T,"ENSG00000160216,ENSG00000160194,ENSG00000160209,ENSG00000225431,ENSG00000160213,ENSG00000289322,ENSG00000184385,ENSG00000160181,ENSG00000160191,ENSG00000289546,ENSG00000160201,ENSG00000160185,ENSG00000160190,ENSG00000160188,ENSG00000160182,ENSG00000157617,ENSG00000160193,ENSG00000237232,ENSG00000173276,ENSG00000160208,ENSG00000160180,ENSG00000185186,ENSG00000160200,ENSG00000160183,ENSG00000237989,ENSG00000235772,ENSG00000160179,ENSG00000160207,ENSG00000160214,ENSG00000215458,ENSG00000160199,ENSG00000177398,ENSG00000142178,ENSG00000233056","ENSG00000234880,ENSG00000278158,ENSG00000160185,ENSG00000232969,ENSG00000160213,ENSG00000157617,ENSG00000289144,ENSG00000288842,ENSG00000237989,ENSG00000272804,ENSG00000177398,ENSG00000160180,ENSG00000160214,ENSG00000160216,ENSG00000160182,ENSG00000212933,ENSG00000221837,ENSG00000205439,ENSG00000281420,ENSG00000286262,ENSG00000235772,ENSG00000189169,ENSG00000160190,ENSG00000287507,ENSG00000160183,ENSG00000236382,ENSG00000261706,ENSG00000275799,ENSG00000160181,ENSG00000252606,ENSG00000215458,ENSG00000237232,ENSG00000215455,ENSG00000188155,ENSG00000160193,ENSG00000233056,ENSG00000223975,ENSG00000199598,ENSG00000243489,ENSG00000226543,ENSG00000160208,ENSG00000205445,ENSG00000160201,ENSG00000215454,ENSG00000267857,ENSG00000276647,ENSG00000285413,ENSG00000160209,ENSG00000264452,ENSG00000232010,ENSG00000187175,ENSG00000237604,ENSG00000229880,ENSG00000289546,ENSG00000187766,ENSG00000278433,ENSG00000160191,ENSG00000184385,ENSG00000142178,ENSG00000221864,ENSG00000234030,ENSG00000241123,ENSG00000225637,ENSG00000160199,ENSG00000213440,ENSG00000225431,ENSG00000237864,ENSG00000173276,ENSG00000266692,ENSG00000214326,ENSG00000160194,ENSG00000160179,ENSG00000212935,ENSG00000160188,ENSG00000275874,ENSG00000160200,ENSG00000232124,ENSG00000221859,ENSG00000160207,ENSG00000234289,ENSG00000289322,ENSG00000185186",ENSG00000160194,Liver eQTLs,train
20016021300092196-92196000004688,chr21,"21-45201832-G-A,21-45197169-CT-C","ENSG00000233056,ENSG00000229356,ENSG00000160209,ENSG00000275993,ENSG00000160226,ENSG00000260256,ENSG00000160233,ENSG00000225331,ENSG00000160208,ENSG00000215458,ENSG00000160201,ENSG00000142185,ENSG00000160207,ENSG00000289546,ENSG00000235890,ENSG00000175894,ENSG00000160194,ENSG00000160216,ENSG00000160193,ENSG00000142182,ENSG00000160199,ENSG00000160221,ENSG00000184441,ENSG00000224747,ENSG00000280433,ENSG00000185186,ENSG00000237989,ENSG00000228709,ENSG00000280179,ENSG00000287088,ENSG00000277352,ENSG00000141959,ENSG00000241945,ENSG00000223431,ENSG00000227999,ENSG00000160214,ENSG00000142178,ENSG00000182912,ENSG00000160218,ENSG00000160200,ENSG00000160213,ENSG00000274225","ENSG00000142185,ENSG00000221837,ENSG00000232010,ENSG00000228709,ENSG00000187175,ENSG00000215454,ENSG00000276633,ENSG00000225331,ENSG00000160221,ENSG00000205445,ENSG00000243489,ENSG00000223431,ENSG00000229356,ENSG00000212933,ENSG00000228355,ENSG00000275167,ENSG00000275993,ENSG00000289546,ENSG00000287088,ENSG00000275874,ENSG00000160209,ENSG00000286262,ENSG00000188155,ENSG00000185186,ENSG00000280179,ENSG00000233056,ENSG00000286082,ENSG00000215455,ENSG00000160193,ENSG00000160200,ENSG00000235890,ENSG00000227438,ENSG00000175894,ENSG00000215458,ENSG00000286594,ENSG00000160214,ENSG00000184441,ENSG00000160226,ENSG00000160207,ENSG00000266692,ENSG00000189169,ENSG00000236382,ENSG00000277352,ENSG00000160194,ENSG00000228930,ENSG00000280433,ENSG00000275799,ENSG00000241945,ENSG00000182912,ENSG00000221859,ENSG00000288842,ENSG00000229880,ENSG00000228235,ENSG00000260256,ENSG00000142182,ENSG00000160233,ENSG00000205424,ENSG00000261706,ENSG00000233767,ENSG00000232969,ENSG00000160218,ENSG00000274225,ENSG00000275139,ENSG00000241123,ENSG00000224747,ENSG00000160199,ENSG00000289448,ENSG00000267857,ENSG00000212935,ENSG00000276647,ENSG00000237989,ENSG00000264452,ENSG00000227999,ENSG00000289144,ENSG00000232124,ENSG00000228404,ENSG00000142178,ENSG00000229382,ENSG00000160216,ENSG00000237664,ENSG00000226115,ENSG00000160208,ENSG00000160201,ENSG00000187766,ENSG00000272804,ENSG00000278158,ENSG00000141959,ENSG00000205439,ENSG00000160213,ENSG00000221864,ENSG00000234880",ENSG00000160213,Liver eQTLs,train
20016022600092196-92196000004696,chr21,"21-45759355-T-C,21-45759746-T-A,21-45759045-C-T,21-45759197-G-C,21-45758909-T-G,21-45766944-G-A,21-45760630-TTC-T,21-45758545-TG-T,21-45757631-G-A,21-45757888-G-A,21-45758617-G-GC,21-45759689-C-T,21-45763811-G-A,21-45766965-G-A,21-45767007-G-A,21-45767381-C-T","ENSG00000142185,ENSG00000183250,ENSG00000142178,ENSG00000160218,ENSG00000235890,ENSG00000276529,ENSG00000175894,ENSG00000160216,ENSG00000228709,ENSG00000235374,ENSG00000289546,ENSG00000186866,ENSG00000227039,ENSG00000260256,ENSG00000223431,ENSG00000225331,ENSG00000185186,ENSG00000160255,ENSG00000184787,ENSG00000223768,ENSG00000273027,ENSG00000277352,ENSG00000287088,ENSG00000183255,ENSG00000160233,ENSG00000272825,ENSG00000184900,ENSG00000160221,ENSG00000142182,ENSG00000160209,ENSG00000141959,ENSG00000289009,ENSG00000241945,ENSG00000215458,ENSG00000237989,ENSG00000274225,ENSG00000160214,ENSG00000182912,ENSG00000229356,ENSG00000182586,ENSG00000227999,ENSG00000236519,ENSG00000160213,ENSG00000160208,ENSG00000160256,ENSG00000224747,ENSG00000160207,ENSG00000160223,ENSG00000197381,ENSG00000160226","ENSG00000289009,ENSG00000228404,ENSG00000237664,ENSG00000225043,ENSG00000235890,ENSG00000160221,ENSG00000277352,ENSG00000160216,ENSG00000274225,ENSG00000228930,ENSG00000160214,ENSG00000260256,ENSG00000160207,ENSG00000183250,ENSG00000275167,ENSG00000234880,ENSG00000229382,ENSG00000286082,ENSG00000227999,ENSG00000160209,ENSG00000202239,ENSG00000261706,ENSG00000184787,ENSG00000160223,ENSG00000275139,ENSG00000225331,ENSG00000160218,ENSG00000175894,ENSG00000275874,ENSG00000223692,ENSG00000289546,ENSG00000160226,ENSG00000227438,ENSG00000287088,ENSG00000276529,ENSG00000286262,ENSG00000226115,ENSG00000286224,ENSG00000276633,ENSG00000235374,ENSG00000160255,ENSG00000233767,ENSG00000223431,ENSG00000224747,ENSG00000183255,ENSG00000228709,ENSG00000212932,ENSG00000142182,ENSG00000205424,ENSG00000215458,ENSG00000267857,ENSG00000182586,ENSG00000223768,ENSG00000227039,ENSG00000229356,ENSG00000241945,ENSG00000237989,ENSG00000197381,ENSG00000286594,ENSG00000289448,ENSG00000228235,ENSG00000182912,ENSG00000228355,ENSG00000185186,ENSG00000160208,ENSG00000288842,ENSG00000236519,ENSG00000160256,ENSG00000160213,ENSG00000141959,ENSG00000272825,ENSG00000184900,ENSG00000273027,ENSG00000186866,ENSG00000142185,ENSG00000142178,ENSG00000160233",ENSG00000160226,Liver eQTLs,train
20016044700092196-92196000007280,chr9,"9-131465481-C-G,9-131465481-C-G,9-131465481-C-G,9-131466489-G-T,9-131466489-G-T,9-131466489-G-T,9-131468740-G-A,9-131468740-G-A,9-131468740-G-A,9-131513370-A-G,9-131513370-A-G,9-131513370-A-G,9-131497832-C-T,9-131497832-C-T,9-131497832-C-T,9-131510406-C-T,9-131510406-C-T,9-131510406-C-T,9-131508118-TTTTA-T,9-131508118-TTTTA-T,9-131508118-TTTTA-T","ENSG00000167130,ENSG00000119335,ENSG00000106991,ENSG00000234771,ENSG00000223551,ENSG00000203286,ENSG00000148331,ENSG00000171159,ENSG00000167123,ENSG00000179082,ENSG00000106976,ENSG00000233901,ENSG00000167136,ENSG00000160445,ENSG00000095370,ENSG00000188483,ENSG00000187024,ENSG00000167112,ENSG00000167113,ENSG00000160408,ENSG00000228395,ENSG00000136811,ENSG00000175854,ENSG00000234705,ENSG00000136877,ENSG00000223478,ENSG00000267834,ENSG00000095319,ENSG00000148335,ENSG00000287234,ENSG00000224307,ENSG00000171097,ENSG00000198917,ENSG00000119392,ENSG00000148346,ENSG00000204054,ENSG00000148334,ENSG00000167106,ENSG00000167114,ENSG00000280758,ENSG00000167103,ENSG00000136807,ENSG00000225032,ENSG00000272696,ENSG00000148343,ENSG00000268707,ENSG00000175283,ENSG00000234055,ENSG00000119383,ENSG00000167118,ENSG00000197694,ENSG00000160447,ENSG00000167110,ENSG00000167094,ENSG00000227218,ENSG00000171169,ENSG00000148337,ENSG00000148341,ENSG00000160401,ENSG00000107021,ENSG00000136840,ENSG00000148339,ENSG00000136908,ENSG00000136802,ENSG00000175287,ENSG00000119333,ENSG00000232850,ENSG00000160404,ENSG00000106992,ENSG00000095321","ENSG00000230289,ENSG00000223551,ENSG00000223478,ENSG00000252582,ENSG00000119333,ENSG00000224797,ENSG00000285287,ENSG00000228395,ENSG00000160408,ENSG00000234705,ENSG00000268707,ENSG00000175287,ENSG00000175283,ENSG00000148331,ENSG00000171097,ENSG00000106991,ENSG00000187024,ENSG00000148334,ENSG00000234055,ENSG00000252521,ENSG00000119383,ENSG00000171159,ENSG00000167130,ENSG00000212395,ENSG00000227218,ENSG00000136840,ENSG00000236658,ENSG00000167123,ENSG00000236687,ENSG00000225032,ENSG00000231587,ENSG00000119392,ENSG00000136908,ENSG00000167094,ENSG00000197694,ENSG00000235284,ENSG00000252622,ENSG00000106976,ENSG00000267834,ENSG00000160401,ENSG00000224307,ENSG00000167118,ENSG00000233901,ENSG00000277713,ENSG00000280758,ENSG00000232172,ENSG00000240853,ENSG00000289000,ENSG00000160445,ENSG00000188483,ENSG00000148343,ENSG00000136877,ENSG00000136802,ENSG00000095370,ENSG00000107021,ENSG00000119335,ENSG00000160447,ENSG00000204054,ENSG00000226987,ENSG00000231018,ENSG00000203286,ENSG00000148335,ENSG00000286547,ENSG00000160404,ENSG00000198917,ENSG00000148346,ENSG00000095321,ENSG00000167113,ENSG00000136807,ENSG00000130720,ENSG00000167110,ENSG00000167136,ENSG00000148341,ENSG00000148339,ENSG00000167114,ENSG00000148337,ENSG00000188523,ENSG00000136811,ENSG00000167106,ENSG00000272696,ENSG00000179082,ENSG00000287234,ENSG00000234771,ENSG00000095319,ENSG00000167112,ENSG00000167103,ENSG00000106992,ENSG00000232850,ENSG00000171169,ENSG00000175854",ENSG00000160447,Liver eQTLs,train
20016093200092196-92196000006997,chr8,"8-144081376-T-C,8-144081906-T-C,8-144082184-C-T,8-144082285-T-C,8-144075281-C-T,8-144077243-A-T,8-144077253-T-C,8-144077940-G-A,8-144078386-T-TA,8-144079304-A-G,8-144079588-G-A,8-144075814-CA-C,8-144080781-C-G,8-144081101-T-C,8-144081153-T-C,8-144081249-C-T,8-144082195-G-A,8-144066773-T-C,8-144073039-C-T,8-144073103-G-A,8-144071958-G-T,8-144072001-A-G,8-144074869-TA-T,8-144071840-A-G,8-144075070-C-CAGA","ENSG00000179886,ENSG00000130193,ENSG00000272172,ENSG00000171045,ENSG00000104524,ENSG00000179950,ENSG00000254389,ENSG00000253716,ENSG00000285599,ENSG00000289161,ENSG00000181790,ENSG00000104529,ENSG00000255050,ENSG00000279605,ENSG00000160882,ENSG00000203499,ENSG00000181085,ENSG00000198576,ENSG00000147813,ENSG00000250571,ENSG00000234616,ENSG00000287576,ENSG00000254812,ENSG00000181097,ENSG00000181135,ENSG00000255343,ENSG00000167653,ENSG00000180900,ENSG00000253196,ENSG00000104522,ENSG00000180155,ENSG00000184428,ENSG00000181638,ENSG00000167656,ENSG00000178209,ENSG00000185730,ENSG00000253741,ENSG00000283992,ENSG00000204839,ENSG00000177335,ENSG00000158106,ENSG00000197353,ENSG00000178719,ENSG00000261150,ENSG00000277494,ENSG00000185189,ENSG00000288096,ENSG00000287222,ENSG00000183309,ENSG00000180921,ENSG00000104518,ENSG00000160932,ENSG00000014164","ENSG00000285599,ENSG00000255050,ENSG00000284054,ENSG00000178209,ENSG00000284139,ENSG00000284310,ENSG00000184428,ENSG00000250571,ENSG00000183309,ENSG00000207574,ENSG00000179950,ENSG00000255181,ENSG00000265393,ENSG00000283992,ENSG00000254859,ENSG00000104522,ENSG00000130193,ENSG00000255000,ENSG00000255456,ENSG00000167656,ENSG00000284229,ENSG00000276598,ENSG00000180921,ENSG00000181085,ENSG00000180900,ENSG00000254812,ENSG00000179886,ENSG00000274772,ENSG00000263612,ENSG00000254389,ENSG00000180155,ENSG00000212221,ENSG00000171045,ENSG00000160932,ENSG00000283764,ENSG00000289161,ENSG00000287576,ENSG00000287222,ENSG00000014164,ENSG00000284142,ENSG00000261150,ENSG00000181135,ENSG00000255343,ENSG00000272172,ENSG00000277888,ENSG00000254574,ENSG00000177335,ENSG00000203499,ENSG00000167653,ENSG00000185730,ENSG00000277494,ENSG00000279605,ENSG00000253741,ENSG00000181638,ENSG00000178719,ENSG00000185189,ENSG00000234616,ENSG00000181097,ENSG00000147813,ENSG00000197353,ENSG00000265660,ENSG00000104524,ENSG00000104518,ENSG00000104529,ENSG00000204839,ENSG00000244307,ENSG00000254548,ENSG00000255164,ENSG00000198576,ENSG00000160882,ENSG00000253716,ENSG00000284224,ENSG00000253931,ENSG00000288096,ENSG00000253196,ENSG00000181790,ENSG00000283770,ENSG00000158106,ENSG00000254338",ENSG00000160932,Liver eQTLs,train
20016094800092196-92196000007026,chr8,"8-145653903-G-C,8-145642886-C-T","ENSG00000160972,ENSG00000167700,ENSG00000147799,ENSG00000197363,ENSG00000014164,ENSG00000167702,ENSG00000181097,ENSG00000160949,ENSG00000286681,ENSG00000289161,ENSG00000287222,ENSG00000287576,ENSG00000170619,ENSG00000180900,ENSG00000181085,ENSG00000255343,ENSG00000255182,ENSG00000147804,ENSG00000196378,ENSG00000179526,ENSG00000161016,ENSG00000255050,ENSG00000204839,ENSG00000180921,ENSG00000179832,ENSG00000255085,ENSG00000235173,ENSG00000255224,ENSG00000182325,ENSG00000186583,ENSG00000182307,ENSG00000183309,ENSG00000179886,ENSG00000104518,ENSG00000160948,ENSG00000178685,ENSG00000254812,ENSG00000255559,ENSG00000260428,ENSG00000261150,ENSG00000104524,ENSG00000185000,ENSG00000203499,ENSG00000179950,ENSG00000261587,ENSG00000197858,ENSG00000160957,ENSG00000178896,ENSG00000185189,ENSG00000178719,ENSG00000160973,ENSG00000213563,ENSG00000179698,ENSG00000071894,ENSG00000147789,ENSG00000160959,ENSG00000170631,ENSG00000185122,ENSG00000104522,ENSG00000178814,ENSG00000288096,ENSG00000261236,ENSG00000185803,ENSG00000147813,ENSG00000181135,ENSG00000196922,ENSG00000187954,ENSG00000279605,ENSG00000173137,ENSG00000179632,ENSG00000198169,ENSG00000196150,ENSG00000104529,ENSG00000285599,ENSG00000178209,ENSG00000179091,ENSG00000232600,ENSG00000167701","ENSG00000198169,ENSG00000160948,ENSG00000279605,ENSG00000287222,ENSG00000196378,ENSG00000160959,ENSG00000196922,ENSG00000255343,ENSG00000167702,ENSG00000204839,ENSG00000160973,ENSG00000187954,ENSG00000178685,ENSG00000179526,ENSG00000286681,ENSG00000261236,ENSG00000255164,ENSG00000244307,ENSG00000255182,ENSG00000235173,ENSG00000185189,ENSG00000181097,ENSG00000283764,ENSG00000161016,ENSG00000179886,ENSG00000255000,ENSG00000274772,ENSG00000287576,ENSG00000179632,ENSG00000213563,ENSG00000167700,ENSG00000147813,ENSG00000179832,ENSG00000255050,ENSG00000181135,ENSG00000104522,ENSG00000255085,ENSG00000104518,ENSG00000261150,ENSG00000185122,ENSG00000179698,ENSG00000182325,ENSG00000179950,ENSG00000196150,ENSG00000261587,ENSG00000170619,ENSG00000186583,ENSG00000170631,ENSG00000178896,ENSG00000288096,ENSG00000232600,ENSG00000071894,ENSG00000147799,ENSG00000197858,ENSG00000197363,ENSG00000167701,ENSG00000147789,ENSG00000263612,ENSG00000185803,ENSG00000160972,ENSG00000180900,ENSG00000285599,ENSG00000255559,ENSG00000203499,ENSG00000014164,ENSG00000255224,ENSG00000104529,ENSG00000180921,ENSG00000160949,ENSG00000104524,ENSG00000183309,ENSG00000260428,ENSG00000179091,ENSG00000181085,ENSG00000185000,ENSG00000173137,ENSG00000147804,ENSG00000178719,ENSG00000182307,ENSG00000289161,ENSG00000178209,ENSG00000178814,ENSG00000160957,ENSG00000254812",ENSG00000160948,Liver eQTLs,train
20016096100092196-92196000003467,chr19,"19-14800350-A-C,19-14800444-CCAAGCA-C,19-14804064-G-A,19-14797729-CATG-C,19-14805320-G-A","ENSG00000105011,ENSG00000279203,ENSG00000011243,ENSG00000132017,ENSG00000105131,ENSG00000187912,ENSG00000131355,ENSG00000011451,ENSG00000072071,ENSG00000141867,ENSG00000123136,ENSG00000105127,ENSG00000273218,ENSG00000187867,ENSG00000141854,ENSG00000099797,ENSG00000074181,ENSG00000123146,ENSG00000141858,ENSG00000269516,ENSG00000186529,ENSG00000160951,ENSG00000161031,ENSG00000269378,ENSG00000104998,ENSG00000099795,ENSG00000105137,ENSG00000132002,ENSG00000186204,ENSG00000105122,ENSG00000160961,ENSG00000132016,ENSG00000105135,ENSG00000132024,ENSG00000105141,ENSG00000127507,ENSG00000132005,ENSG00000123159,ENSG00000123143,ENSG00000072062,ENSG00000267519,ENSG00000224543,ENSG00000104979,ENSG00000267169,ENSG00000132000,ENSG00000037757,ENSG00000104957,ENSG00000279716,ENSG00000132003,ENSG00000171954,ENSG00000228887","ENSG00000105131,ENSG00000267406,ENSG00000105127,ENSG00000266913,ENSG00000185385,ENSG00000269552,ENSG00000105122,ENSG00000160951,ENSG00000268189,ENSG00000127507,ENSG00000268673,ENSG00000072062,ENSG00000171136,ENSG00000132002,ENSG00000160961,ENSG00000266770,ENSG00000267147,ENSG00000268564,ENSG00000267961,ENSG00000011243,ENSG00000131355,ENSG00000105011,ENSG00000123143,ENSG00000171954,ENSG00000105137,ENSG00000176923,ENSG00000269787,ENSG00000268834,ENSG00000269765,ENSG00000104979,ENSG00000132016,ENSG00000187556,ENSG00000132000,ENSG00000207585,ENSG00000252661,ENSG00000269678,ENSG00000269516,ENSG00000267723,ENSG00000104957,ENSG00000141858,ENSG00000187912,ENSG00000171942,ENSG00000132005,ENSG00000267135,ENSG00000275432,ENSG00000094661,ENSG00000132024,ENSG00000123136,ENSG00000186204,ENSG00000127529,ENSG00000171936,ENSG00000099795,ENSG00000104998,ENSG00000198367,ENSG00000267670,ENSG00000141867,ENSG00000279716,ENSG00000132003,ENSG00000269378,ENSG00000123146,ENSG00000273218,ENSG00000188269,ENSG00000228887,ENSG00000011451,ENSG00000267169,ENSG00000240803,ENSG00000224543,ENSG00000172148,ENSG00000072071,ENSG00000266951,ENSG00000267519,ENSG00000279203,ENSG00000161031,ENSG00000105141,ENSG00000243066,ENSG00000141854,ENSG00000105135,ENSG00000099797,ENSG00000207613,ENSG00000127515,ENSG00000269635,ENSG00000186529,ENSG00000132017,ENSG00000275711,ENSG00000287254,ENSG00000187867,ENSG00000243488,ENSG00000160994,ENSG00000074181,ENSG00000172519,ENSG00000123159,ENSG00000037757",ENSG00000160961,Liver eQTLs,train
20016124300092196-92196000003626,chr19,"19-39471550-T-G,19-39471655-ATGGGCTTCCC-A,19-39474781-A-ATGG,19-39474314-A-T,19-39475599-C-T,19-39475827-G-A,19-39477644-G-A,19-39477835-T-A,19-39478574-G-C,19-39485356-T-A,19-39479368-A-C,19-39483796-C-T,19-39484081-C-T,19-39485204-C-T","ENSG00000179751,ENSG00000267892,ENSG00000130402,ENSG00000178982,ENSG00000188505,ENSG00000288919,ENSG00000241983,ENSG00000128626,ENSG00000176396,ENSG00000105202,ENSG00000182472,ENSG00000167642,ENSG00000013275,ENSG00000196218,ENSG00000269246,ENSG00000188766,ENSG00000130244,ENSG00000104814,ENSG00000268756,ENSG00000104825,ENSG00000128016,ENSG00000187994,ENSG00000105193,ENSG00000105197,ENSG00000006712,ENSG00000105205,ENSG00000269688,ENSG00000161243,ENSG00000269486,ENSG00000063322,ENSG00000179168,ENSG00000130669,ENSG00000104835,ENSG00000099341,ENSG00000196235,ENSG00000167645,ENSG00000275395,ENSG00000171747,ENSG00000176401,ENSG00000262484,ENSG00000179134,ENSG00000130755,ENSG00000187534,ENSG00000269653,ENSG00000167641,ENSG00000178934,ENSG00000105204,ENSG00000090924,ENSG00000104823,ENSG00000068903,ENSG00000128011,ENSG00000099338,ENSG00000171777,ENSG00000104824,ENSG00000288770,ENSG00000276445,ENSG00000099337","ENSG00000268756,ENSG00000130244,ENSG00000267375,ENSG00000130755,ENSG00000196218,ENSG00000230086,ENSG00000268153,ENSG00000241983,ENSG00000090924,ENSG00000128626,ENSG00000130402,ENSG00000171747,ENSG00000167645,ENSG00000063322,ENSG00000243581,ENSG00000178982,ENSG00000206674,ENSG00000269792,ENSG00000272395,ENSG00000269688,ENSG00000130669,ENSG00000128011,ENSG00000188505,ENSG00000267892,ENSG00000178934,ENSG00000105193,ENSG00000277510,ENSG00000275395,ENSG00000068903,ENSG00000249861,ENSG00000269050,ENSG00000213921,ENSG00000104835,ENSG00000104814,ENSG00000268510,ENSG00000272311,ENSG00000213926,ENSG00000099338,ENSG00000269584,ENSG00000288770,ENSG00000013275,ENSG00000105197,ENSG00000288919,ENSG00000006712,ENSG00000186838,ENSG00000262484,ENSG00000207281,ENSG00000104824,ENSG00000269519,ENSG00000277453,ENSG00000182472,ENSG00000167642,ENSG00000268088,ENSG00000239320,ENSG00000269445,ENSG00000268243,ENSG00000171777,ENSG00000269588,ENSG00000179751,ENSG00000187994,ENSG00000188766,ENSG00000161243,ENSG00000276445,ENSG00000207631,ENSG00000278813,ENSG00000099337,ENSG00000104823,ENSG00000269246,ENSG00000275652,ENSG00000206925,ENSG00000128016,ENSG00000104825,ENSG00000196235,ENSG00000267992,ENSG00000269172,ENSG00000269188,ENSG00000006659,ENSG00000182393,ENSG00000269296,ENSG00000269653,ENSG00000105204,ENSG00000179134,ENSG00000244253,ENSG00000240320,ENSG00000277759,ENSG00000167641,ENSG00000266559,ENSG00000105205,ENSG00000176396,ENSG00000179168,ENSG00000207296,ENSG00000197110,ENSG00000176401,ENSG00000183709,ENSG00000105198,ENSG00000099341,ENSG00000269486,ENSG00000267291,ENSG00000105202,ENSG00000187534,ENSG00000268055",ENSG00000161243,Liver eQTLs,train
20016126500092196-92196000003595,chr19,"19-36240614-G-A,19-36216056-G-T,19-36240725-G-A,19-36232923-T-C,19-36235928-A-C,19-36246418-C-G,19-36232420-C-T,19-36234489-T-C,19-36235431-A-G,19-36236909-G-C,19-36239484-A-G,19-36254702-C-T,19-36254830-A-AG,19-36217810-G-A,19-36254427-C-T,19-36230174-T-C,19-36244753-G-C,19-36264030-G-A,19-36204427-C-T","ENSG00000168661,ENSG00000126262,ENSG00000179066,ENSG00000011600,ENSG00000105675,ENSG00000268947,ENSG00000089351,ENSG00000153902,ENSG00000105672,ENSG00000167635,ENSG00000272333,ENSG00000089327,ENSG00000105290,ENSG00000250799,ENSG00000181007,ENSG00000181392,ENSG00000225872,ENSG00000280194,ENSG00000239382,ENSG00000012124,ENSG00000126243,ENSG00000271032,ENSG00000161281,ENSG00000271366,ENSG00000105270,ENSG00000196357,ENSG00000266973,ENSG00000167604,ENSG00000267309,ENSG00000105677,ENSG00000279504,ENSG00000004777,ENSG00000205155,ENSG00000126267,ENSG00000279619,ENSG00000221946,ENSG00000276071,ENSG00000189001,ENSG00000126264,ENSG00000180884,ENSG00000232677,ENSG00000271109,ENSG00000280106,ENSG00000105254,ENSG00000126254,ENSG00000142065,ENSG00000161298,ENSG00000267049,ENSG00000161265,ENSG00000105699,ENSG00000267698,ENSG00000186020,ENSG00000153896,ENSG00000249115,ENSG00000126247,ENSG00000105711,ENSG00000167595,ENSG00000004776,ENSG00000089356,ENSG00000267796,ENSG00000161277,ENSG00000105695,ENSG00000266964,ENSG00000105258,ENSG00000161249,ENSG00000188508,ENSG00000105698,ENSG00000267053,ENSG00000225975,ENSG00000105668,ENSG00000254004,ENSG00000233527,ENSG00000205138,ENSG00000227392,ENSG00000186017,ENSG00000075702,ENSG00000011590,ENSG00000270760,ENSG00000233214,ENSG00000236144,ENSG00000105697,ENSG00000197808,ENSG00000189042,ENSG00000105707,ENSG00000267439,ENSG00000270876","ENSG00000167595,ENSG00000200179,ENSG00000105711,ENSG00000105697,ENSG00000188508,ENSG00000161298,ENSG00000004776,ENSG00000189042,ENSG00000089327,ENSG00000189001,ENSG00000275547,ENSG00000105668,ENSG00000283758,ENSG00000271366,ENSG00000267142,ENSG00000225872,ENSG00000226510,ENSG00000227392,ENSG00000236144,ENSG00000105699,ENSG00000105258,ENSG00000126251,ENSG00000233527,ENSG00000186017,ENSG00000161265,ENSG00000105677,ENSG00000267439,ENSG00000254004,ENSG00000105270,ENSG00000267049,ENSG00000105254,ENSG00000267786,ENSG00000267698,ENSG00000126267,ENSG00000105695,ENSG00000243968,ENSG00000267309,ENSG00000105672,ENSG00000168661,ENSG00000105698,ENSG00000267113,ENSG00000289246,ENSG00000153902,ENSG00000267626,ENSG00000272333,ENSG00000233214,ENSG00000126264,ENSG00000126243,ENSG00000225975,ENSG00000011600,ENSG00000267005,ENSG00000276071,ENSG00000267353,ENSG00000167604,ENSG00000288731,ENSG00000105675,ENSG00000197808,ENSG00000089351,ENSG00000280106,ENSG00000126247,ENSG00000186020,ENSG00000161249,ENSG00000011590,ENSG00000004777,ENSG00000268947,ENSG00000267796,ENSG00000181392,ENSG00000270760,ENSG00000142065,ENSG00000266964,ENSG00000249115,ENSG00000284034,ENSG00000180884,ENSG00000267345,ENSG00000105707,ENSG00000280194,ENSG00000267091,ENSG00000205155,ENSG00000269553,ENSG00000232677,ENSG00000105679,ENSG00000179066,ENSG00000181007,ENSG00000126266,ENSG00000012124,ENSG00000267190,ENSG00000221946,ENSG00000279504,ENSG00000239382,ENSG00000075702,ENSG00000267672,ENSG00000205138,ENSG00000105290,ENSG00000267260,ENSG00000196357,ENSG00000153896,ENSG00000266973,ENSG00000279619,ENSG00000264400,ENSG00000271109,ENSG00000161281,ENSG00000167635,ENSG00000161277,ENSG00000270876,ENSG00000280023,ENSG00000089356,ENSG00000126254,ENSG00000228629,ENSG00000267053,ENSG00000126262,ENSG00000271032,ENSG00000206669,ENSG00000267437,ENSG00000224910,ENSG00000250799,ENSG00000185897,ENSG00000243297",ENSG00000161265,Liver eQTLs,train
20016139500092196-92196000003045,chr17,"17-37830447-T-A,17-37829570-C-G,17-37829571-C-A,17-37829604-C-T,17-37832704-A-G,17-37833035-A-G,17-37833328-A-G,17-37832735-T-C,17-37827163-A-G,17-37834357-A-C,17-37834541-T-C,17-37834977-G-T,17-37834998-C-T,17-37835240-C-T,17-37835755-T-C,17-37833567-G-C,17-37833600-G-A,17-37833632-T-C,17-37833805-T-C,17-37833842-T-C,17-37831613-G-A,17-37832279-C-T,17-37831304-C-G,17-37834715-G-A,17-37836581-G-A,17-37838716-G-A,17-37838751-G-A,17-37834367-G-A,17-37836243-C-T,17-37836353-T-C,17-37853097-C-T,17-37868715-C-T,17-37879762-G-A,17-37884037-C-G,17-37877447-C-G,17-37832093-T-C,17-37832103-C-A,17-37832315-T-A,17-37832366-G-A,17-37830900-A-G,17-37831035-A-G,17-37828787-G-A,17-37841211-G-C,17-37843681-C-T,17-37846521-T-C,17-37829129-A-G,17-37880525-A-ATTTTTTTTT,17-37839493-T-C,17-37838301-A-G,17-37815899-G-A,17-37813856-G-C,17-37814080-G-A,17-37821435-G-T,17-37870378-G-A,17-37866005-C-T,17-37876835-A-G,17-37879030-A-G,17-37824339-G-A,17-37854507-G-T,17-37853118-A-G,17-37848675-T-G,17-37858678-A-G,17-37853048-C-T,17-37850569-C-T,17-37850571-C-T,17-37877412-G-A,17-37843550-T-C,17-37843859-G-A,17-37846512-A-T,17-37848677-A-G,17-37828072-C-T,17-37828496-T-C,17-37828745-A-G","ENSG00000141753,ENSG00000275665,ENSG00000108306,ENSG00000167258,ENSG00000188895,ENSG00000002834,ENSG00000273604,ENSG00000125686,ENSG00000266088,ENSG00000279199,ENSG00000067191,ENSG00000141741,ENSG00000167914,ENSG00000161381,ENSG00000108298,ENSG00000278834,ENSG00000171475,ENSG00000277182,ENSG00000273559,ENSG00000108352,ENSG00000141738,ENSG00000183153,ENSG00000173991,ENSG00000161395,ENSG00000275023,ENSG00000213424,ENSG00000108344,ENSG00000131748,ENSG00000141736,ENSG00000286443,ENSG00000073605,ENSG00000126353,ENSG00000141744,ENSG00000008838,ENSG00000264968,ENSG00000252699,ENSG00000108349,ENSG00000131771,ENSG00000126351,ENSG00000094804,ENSG00000172057,ENSG00000277791,ENSG00000273576,ENSG00000265666,ENSG00000277969,ENSG00000108342,ENSG00000278918,ENSG00000125691,ENSG00000131759,ENSG00000161405,ENSG00000131747,ENSG00000277258,ENSG00000277972,ENSG00000276293,ENSG00000126368,ENSG00000073584,ENSG00000263874,ENSG00000199293","ENSG00000108306,ENSG00000108352,ENSG00000274611,ENSG00000126368,ENSG00000274663,ENSG00000172057,ENSG00000289110,ENSG00000131771,ENSG00000141753,ENSG00000277341,ENSG00000277182,ENSG00000273965,ENSG00000274244,ENSG00000275173,ENSG00000286443,ENSG00000276326,ENSG00000275238,ENSG00000141738,ENSG00000141736,ENSG00000276707,ENSG00000002834,ENSG00000273706,ENSG00000108344,ENSG00000213424,ENSG00000275839,ENSG00000167258,ENSG00000276054,ENSG00000131748,ENSG00000141741,ENSG00000277911,ENSG00000275006,ENSG00000161405,ENSG00000274607,ENSG00000125691,ENSG00000273604,ENSG00000278505,ENSG00000125686,ENSG00000131747,ENSG00000008838,ENSG00000274419,ENSG00000278834,ENSG00000126351,ENSG00000188895,ENSG00000274284,ENSG00000073605,ENSG00000277501,ENSG00000276293,ENSG00000274996,ENSG00000277488,ENSG00000067191,ENSG00000277579,ENSG00000277258,ENSG00000273513,ENSG00000183153,ENSG00000126353,ENSG00000173991,ENSG00000263874,ENSG00000277972,ENSG00000171475,ENSG00000273627,ENSG00000161381,ENSG00000273559,ENSG00000273576,ENSG00000266088,ENSG00000141744,ENSG00000278299,ENSG00000265666,ENSG00000161395,ENSG00000278918,ENSG00000252699,ENSG00000199293,ENSG00000108342,ENSG00000278599,ENSG00000264968,ENSG00000279199,ENSG00000275023,ENSG00000277268,ENSG00000277969,ENSG00000108298,ENSG00000274054,ENSG00000073584,ENSG00000131759,ENSG00000167914,ENSG00000275665,ENSG00000276715,ENSG00000108349,ENSG00000277791,ENSG00000094804",ENSG00000161395,Liver eQTLs,train
20016164300092196-92196000003759,chr19,"19-50505019-AC-A,19-50510678-A-G,19-50511108-T-C,19-50496486-C-G,19-50515117-T-C,19-50487115-G-A,19-50496882-C-T,19-50500922-C-A,19-50498875-G-GC,19-50482910-C-T,19-50515919-G-T,19-50474556-A-G,19-50474562-C-T,19-50467654-GT-G,19-50493283-A-T,19-50468582-T-C,19-50514478-G-A,19-50515418-G-T,19-50481082-A-T,19-50468495-T-C,19-50468936-A-G,19-50470550-G-GT,19-50467260-A-G,19-50467872-CCT-C,19-50468365-T-C,19-50468923-C-T,19-50468978-A-G,19-50469121-G-A,19-50470486-T-C,19-50470528-C-T,19-50470850-C-T,19-50475174-A-C,19-50475075-G-A,19-50475076-T-A,19-50475077-C-T,19-50475208-C-T,19-50475211-T-G,19-50475215-G-A,19-50475259-G-C,19-50471300-T-G,19-50472313-AAC-A,19-50472510-G-A,19-50472653-T-C,19-50475458-T-A,19-50475466-G-A,19-50476219-T-C,19-50476426-C-T,19-50476553-C-T,19-50476871-C-G,19-50477230-C-T,19-50477499-G-A,19-50477675-A-G,19-50477700-C-T,19-50477710-C-T,19-50477890-A-G,19-50478068-C-G,19-50478182-G-T,19-50478309-T-C,19-50478354-T-C,19-50478641-G-A,19-50478784-G-T,19-50478932-T-C,19-50478962-C-T,19-50479078-C-T,19-50479141-G-A,19-50479238-T-C,19-50479239-G-A,19-50479428-C-T,19-50479497-C-T,19-50479546-G-C,19-50479658-G-A,19-50479703-A-G,19-50479759-T-A,19-50479999-A-G,19-50467971-C-T,19-50468042-T-C,19-50474558-G-A,19-50475017-G-A,19-50472235-G-T,19-50476467-A-G,19-50479639-T-C,19-50482173-T-G,19-50482232-C-T,19-50482614-CA-C,19-50483071-C-T,19-50519231-T-C,19-50519249-C-T,19-50520157-G-GAGC,19-50486063-G-A,19-50478282-T-C,19-50474553-G-A,19-50467814-A-G,19-50480960-G-A,19-50526254-A-G,19-50518033-G-C,19-50518122-G-A,19-50518360-T-C,19-50529738-C-G,19-50537043-C-T,19-50529054-C-T","ENSG00000200530,ENSG00000269404,ENSG00000126458,ENSG00000180279,ENSG00000161671,ENSG00000269194,ENSG00000177380,ENSG00000126461,ENSG00000104872,ENSG00000197813,ENSG00000268047,ENSG00000142534,ENSG00000142541,ENSG00000161640,ENSG00000104946,ENSG00000104901,ENSG00000039650,ENSG00000131398,ENSG00000169136,ENSG00000104888,ENSG00000269352,ENSG00000104960,ENSG00000167751,ENSG00000142552,ENSG00000063127,ENSG00000131408,ENSG00000131409,ENSG00000126456,ENSG00000268006,ENSG00000126464,ENSG00000104852,ENSG00000130528,ENSG00000104826,ENSG00000142515,ENSG00000104973,ENSG00000105357,ENSG00000269091,ENSG00000090554,ENSG00000126453,ENSG00000104894,ENSG00000142528,ENSG00000167748,ENSG00000243829,ENSG00000268686,ENSG00000142546,ENSG00000104870,ENSG00000167747,ENSG00000086967,ENSG00000161677,ENSG00000169169,ENSG00000074219,ENSG00000204653,ENSG00000221916,ENSG00000224420,ENSG00000105053,ENSG00000126467,ENSG00000104863,ENSG00000104951,ENSG00000131401,ENSG00000213024,ENSG00000142530,ENSG00000126457,ENSG00000161618,ENSG00000204666,ENSG00000200259,ENSG00000161643,ENSG00000269392,ENSG00000010361,ENSG00000130529,ENSG00000062822,ENSG00000126460,ENSG00000131400,ENSG00000196961,ENSG00000105472,ENSG00000204673","ENSG00000197588,ENSG00000284114,ENSG00000039650,ENSG00000267990,ENSG00000267968,ENSG00000177380,ENSG00000161671,ENSG00000269392,ENSG00000179213,ENSG00000268686,ENSG00000268390,ENSG00000269181,ENSG00000126456,ENSG00000104951,ENSG00000131401,ENSG00000104894,ENSG00000129455,ENSG00000167754,ENSG00000142546,ENSG00000200259,ENSG00000269021,ENSG00000104863,ENSG00000126460,ENSG00000161640,ENSG00000131409,ENSG00000269540,ENSG00000276270,ENSG00000161677,ENSG00000126467,ENSG00000204673,ENSG00000167748,ENSG00000213022,ENSG00000126461,ENSG00000142541,ENSG00000274306,ENSG00000142528,ENSG00000269404,ENSG00000090554,ENSG00000207073,ENSG00000268957,ENSG00000186474,ENSG00000268006,ENSG00000105472,ENSG00000220988,ENSG00000278617,ENSG00000126457,ENSG00000142534,ENSG00000074219,ENSG00000126453,ENSG00000268336,ENSG00000267984,ENSG00000131398,ENSG00000224420,ENSG00000235034,ENSG00000180279,ENSG00000105357,ENSG00000104870,ENSG00000228674,ENSG00000142511,ENSG00000267905,ENSG00000167747,ENSG00000204666,ENSG00000269495,ENSG00000010361,ENSG00000268581,ENSG00000268047,ENSG00000161643,ENSG00000269253,ENSG00000213024,ENSG00000243829,ENSG00000130529,ENSG00000269352,ENSG00000268595,ENSG00000221916,ENSG00000268889,ENSG00000268144,ENSG00000105370,ENSG00000126458,ENSG00000169169,ENSG00000131408,ENSG00000268231,ENSG00000268711,ENSG00000284711,ENSG00000269091,ENSG00000169136,ENSG00000276002,ENSG00000167751,ENSG00000204653,ENSG00000197813,ENSG00000196961,ENSG00000142530,ENSG00000161618,ENSG00000206599,ENSG00000104946,ENSG00000267879,ENSG00000268906,ENSG00000063127,ENSG00000269565,ENSG00000221241,ENSG00000261341,ENSG00000267890,ENSG00000130528,ENSG00000269194,ENSG00000161652,ENSG00000105053,ENSG00000268652,ENSG00000086967,ENSG00000142515,ENSG00000213822,ENSG00000200530,ENSG00000104888,ENSG00000104960,ENSG00000268375,ENSG00000142552,ENSG00000279676,ENSG00000265954,ENSG00000104826,ENSG00000174562,ENSG00000268318,ENSG00000276729,ENSG00000104973,ENSG00000104872,ENSG00000131400,ENSG00000104901,ENSG00000126464,ENSG00000104852,ENSG00000062822",ENSG00000161643,Liver eQTLs,train
20016186000092196-92196000003457,chr19,"19-13002563-T-G,19-13036677-G-A,19-13038415-G-A,19-13069398-C-A,19-13022859-C-A,19-13054781-G-T,19-13058061-ACT-A,19-13053034-A-C","ENSG00000248406,ENSG00000179271,ENSG00000214189,ENSG00000105612,ENSG00000104774,ENSG00000268945,ENSG00000196646,ENSG00000178464,ENSG00000223547,ENSG00000095066,ENSG00000269560,ENSG00000188033,ENSG00000188868,ENSG00000173875,ENSG00000234773,ENSG00000104915,ENSG00000132004,ENSG00000037757,ENSG00000267274,ENSG00000234848,ENSG00000105613,ENSG00000213290,ENSG00000234750,ENSG00000196757,ENSG00000160888,ENSG00000105583,ENSG00000257591,ENSG00000104903,ENSG00000198342,ENSG00000095059,ENSG00000105610,ENSG00000198356,ENSG00000257446,ENSG00000197054,ENSG00000197647,ENSG00000008441,ENSG00000179218,ENSG00000196466,ENSG00000242852,ENSG00000167815,ENSG00000242615,ENSG00000141837,ENSG00000105576,ENSG00000219665,ENSG00000123154,ENSG00000104907,ENSG00000197857,ENSG00000160877,ENSG00000249709,ENSG00000267519,ENSG00000104957,ENSG00000171223,ENSG00000180855,ENSG00000285583,ENSG00000179115,ENSG00000179262,ENSG00000132003,ENSG00000132010,ENSG00000104979,ENSG00000123144,ENSG00000161860","ENSG00000179115,ENSG00000212576,ENSG00000263800,ENSG00000268945,ENSG00000231361,ENSG00000267212,ENSG00000242615,ENSG00000160877,ENSG00000188868,ENSG00000173875,ENSG00000267582,ENSG00000267610,ENSG00000209702,ENSG00000178464,ENSG00000267519,ENSG00000234848,ENSG00000257591,ENSG00000104774,ENSG00000267735,ENSG00000188033,ENSG00000171223,ENSG00000223547,ENSG00000266721,ENSG00000037757,ENSG00000104979,ENSG00000248406,ENSG00000123154,ENSG00000207613,ENSG00000123144,ENSG00000161860,ENSG00000180855,ENSG00000187556,ENSG00000207585,ENSG00000132003,ENSG00000234003,ENSG00000196757,ENSG00000283980,ENSG00000196646,ENSG00000105583,ENSG00000232579,ENSG00000266770,ENSG00000132026,ENSG00000234750,ENSG00000105613,ENSG00000267417,ENSG00000267424,ENSG00000179271,ENSG00000219665,ENSG00000197054,ENSG00000141837,ENSG00000214189,ENSG00000160888,ENSG00000267004,ENSG00000249709,ENSG00000267274,ENSG00000104957,ENSG00000105610,ENSG00000285583,ENSG00000267062,ENSG00000167815,ENSG00000008441,ENSG00000197857,ENSG00000104907,ENSG00000104903,ENSG00000179218,ENSG00000197647,ENSG00000235686,ENSG00000105576,ENSG00000104889,ENSG00000095059,ENSG00000276181,ENSG00000132004,ENSG00000274417,ENSG00000257446,ENSG00000234773,ENSG00000198356,ENSG00000196466,ENSG00000242852,ENSG00000269560,ENSG00000179262,ENSG00000267633,ENSG00000095066,ENSG00000252546,ENSG00000236483,ENSG00000266975,ENSG00000104915,ENSG00000212497,ENSG00000198342,ENSG00000105612,ENSG00000230321,ENSG00000213290,ENSG00000132010,ENSG00000199444",ENSG00000161860,Liver eQTLs,train
20016191200092196-92196000006367,chr6,"6-41105721-A-C,6-41096544-T-C,6-41096566-T-C,6-41068257-CA-C,6-41068500-G-A,6-41068580-G-C,6-41069193-C-G,6-41069194-C-G,6-41076198-A-G,6-41076267-G-C,6-41076693-CT-C,6-41077224-T-C,6-41077891-A-T,6-41081034-CA-C,6-41086655-T-A,6-41090170-A-G,6-41090249-T-C,6-41091587-G-C,6-41093907-G-A,6-41094335-T-G,6-41099165-T-C,6-41100861-C-G,6-41102083-G-A,6-41103527-G-C,6-41103950-C-T,6-41105030-T-A,6-41106543-T-G,6-41106855-A-G,6-41107828-G-C,6-41119520-G-C,6-41121034-G-C,6-41121097-G-A,6-41068789-C-A,6-41074571-G-A,6-41076392-A-G,6-41077921-C-T,6-41079634-G-A,6-41080001-C-T,6-41080888-G-GC,6-41091307-C-A,6-41093639-A-T,6-41097482-A-T,6-41098510-AG-A,6-41099527-G-C,6-41101828-G-T,6-41106213-A-C,6-41109864-A-G,6-41113528-T-G,6-41113920-T-C,6-41079779-C-T,6-41080381-C-T,6-41088143-T-C,6-41097342-C-T,6-41113377-G-A,6-41089783-T-C,6-41090020-T-A,6-41052874-A-C,6-41053945-CA-C,6-41058317-A-T,6-41058490-A-G,6-41058968-G-A,6-41059169-G-A,6-41059873-C-T,6-41060212-C-G,6-41063065-C-T,6-41058913-A-T,6-41059458-T-G,6-41097197-G-A,6-41082590-T-A,6-41095817-A-G,6-41111281-A-G,6-41068600-A-G,6-41068601-A-C,6-41055455-T-TA,6-41117824-G-A,6-41015508-C-A,6-41016321-G-A,6-41027649-C-T,6-41032397-C-T,6-41041947-T-A,6-41055628-G-T,6-41064853-C-A,6-41068541-G-T,6-41068995-G-T,6-41070321-A-G,6-41082165-G-C,6-41089310-G-A,6-41090682-C-T,6-41099562-T-A,6-41099788-T-C,6-41071494-C-CA,6-41071494-C-CA,6-41013724-T-G,6-41015088-T-C,6-41017395-G-A,6-41017567-G-A,6-41022717-T-A,6-41047022-G-A,6-41026891-G-A,6-41111302-T-A,6-41111492-A-G,6-41049310-C-T,6-41031302-T-C,6-41097153-G-C,6-41078600-C-T","ENSG00000214736,ENSG00000137218,ENSG00000112195,ENSG00000112578,ENSG00000001167,ENSG00000124602,ENSG00000234753,ENSG00000164663,ENSG00000137166,ENSG00000096088,ENSG00000124701,ENSG00000161912,ENSG00000124596,ENSG00000112576,ENSG00000095970,ENSG00000137413,ENSG00000124731,ENSG00000112212,ENSG00000161911,ENSG00000278224,ENSG00000184106,ENSG00000112559,ENSG00000124641,ENSG00000112561","ENSG00000278745,ENSG00000137166,ENSG00000001167,ENSG00000223946,ENSG00000095970,ENSG00000279284,ENSG00000137413,ENSG00000124641,ENSG00000164663,ENSG00000227131,ENSG00000096264,ENSG00000236075,ENSG00000204091,ENSG00000206977,ENSG00000112578,ENSG00000218809,ENSG00000204092,ENSG00000213461,ENSG00000227516,ENSG00000156564,ENSG00000161912,ENSG00000269387,ENSG00000124731,ENSG00000124596,ENSG00000226917,ENSG00000226070,ENSG00000096088,ENSG00000226454,ENSG00000207371,ENSG00000124701,ENSG00000112212,ENSG00000234753,ENSG00000112576,ENSG00000212176,ENSG00000266494,ENSG00000252767,ENSG00000124602,ENSG00000112559,ENSG00000214736,ENSG00000274256,ENSG00000137218,ENSG00000278224,ENSG00000206745,ENSG00000230913,ENSG00000161911,ENSG00000225690,ENSG00000184106,ENSG00000206875,ENSG00000231102,ENSG00000112561,ENSG00000112195,ENSG00000280371,ENSG00000237947",ENSG00000161912,Liver eQTLs,train
20016199600092196-92196000002779,chr16,"16-709630-A-C,16-708275-C-A,16-709826-C-T,16-711572-C-T,16-707748-C-T,16-712154-G-A,16-717085-C-T,16-708071-G-C,16-701303-C-T,16-702677-C-G,16-706534-G-A,16-700970-C-T,16-701296-G-C,16-701656-C-T,16-706668-G-A,16-705920-G-C,16-719326-AG-A,16-736438-C-T,16-736447-A-C,16-735794-A-G,16-720041-C-T,16-720986-G-A,16-730830-C-T,16-740404-C-G,16-746488-G-T,16-746884-A-C,16-746914-G-A,16-747454-T-C,16-747738-T-C,16-740682-C-T,16-741581-A-C,16-746611-G-T,16-750107-C-T","ENSG00000257108,ENSG00000127586,ENSG00000228779,ENSG00000103326,ENSG00000103260,ENSG00000206172,ENSG00000007520,ENSG00000269482,ENSG00000007384,ENSG00000007541,ENSG00000103148,ENSG00000116176,ENSG00000260807,ENSG00000280231,ENSG00000090581,ENSG00000007392,ENSG00000086506,ENSG00000261505,ENSG00000007376,ENSG00000103202,ENSG00000161980,ENSG00000127585,ENSG00000260051,ENSG00000172236,ENSG00000234769,ENSG00000103152,ENSG00000280327,ENSG00000103249,ENSG00000172366,ENSG00000206177,ENSG00000260710,ENSG00000260403,ENSG00000103254,ENSG00000279930,ENSG00000086504,ENSG00000185615,ENSG00000276931,ENSG00000161999,ENSG00000196557,ENSG00000103227,ENSG00000140983,ENSG00000260394,ENSG00000162004,ENSG00000274751,ENSG00000129925,ENSG00000130731,ENSG00000277010,ENSG00000287855,ENSG00000059145,ENSG00000167930,ENSG00000260284,ENSG00000197599,ENSG00000242173,ENSG00000174109,ENSG00000161996,ENSG00000161981,ENSG00000260022,ENSG00000007516,ENSG00000197253,ENSG00000226942,ENSG00000260646,ENSG00000242612,ENSG00000103126,ENSG00000262528,ENSG00000095917,ENSG00000131634,ENSG00000090565,ENSG00000197562,ENSG00000228201,ENSG00000236829,ENSG00000076344,ENSG00000100726,ENSG00000005513,ENSG00000277142,ENSG00000007545,ENSG00000268836,ENSG00000260425,ENSG00000187535,ENSG00000188536,ENSG00000102854,ENSG00000103275","ENSG00000278995,ENSG00000242173,ENSG00000161980,ENSG00000260702,ENSG00000260496,ENSG00000280231,ENSG00000130731,ENSG00000174109,ENSG00000103249,ENSG00000188536,ENSG00000130656,ENSG00000228201,ENSG00000266124,ENSG00000206172,ENSG00000260132,ENSG00000090565,ENSG00000260646,ENSG00000162004,ENSG00000261294,ENSG00000219027,ENSG00000279136,ENSG00000007520,ENSG00000007541,ENSG00000277142,ENSG00000161996,ENSG00000005513,ENSG00000172236,ENSG00000206178,ENSG00000228779,ENSG00000278739,ENSG00000184471,ENSG00000236829,ENSG00000257108,ENSG00000260051,ENSG00000261430,ENSG00000103275,ENSG00000261505,ENSG00000103152,ENSG00000276931,ENSG00000260807,ENSG00000287855,ENSG00000131634,ENSG00000161999,ENSG00000206168,ENSG00000103227,ENSG00000231439,ENSG00000103260,ENSG00000269482,ENSG00000100726,ENSG00000127586,ENSG00000007516,ENSG00000187535,ENSG00000102854,ENSG00000261659,ENSG00000196364,ENSG00000103202,ENSG00000201034,ENSG00000197253,ENSG00000007376,ENSG00000161981,ENSG00000127588,ENSG00000007545,ENSG00000185615,ENSG00000260989,ENSG00000219274,ENSG00000274751,ENSG00000140983,ENSG00000095917,ENSG00000207243,ENSG00000103326,ENSG00000275438,ENSG00000172366,ENSG00000086506,ENSG00000076344,ENSG00000279930,ENSG00000161992,ENSG00000007384,ENSG00000226942,ENSG00000225323,ENSG00000086504,ENSG00000260394,ENSG00000262528,ENSG00000129925,ENSG00000266235,ENSG00000260182,ENSG00000103148,ENSG00000196557,ENSG00000280327,ENSG00000230428,ENSG00000260022,ENSG00000234769,ENSG00000059145,ENSG00000259840,ENSG00000197562,ENSG00000260991,ENSG00000260710,ENSG00000261564,ENSG00000103126,ENSG00000260425,ENSG00000277010,ENSG00000103254,ENSG00000226890,ENSG00000127585,ENSG00000162006,ENSG00000090581,ENSG00000273551,ENSG00000268836,ENSG00000206177,ENSG00000116176,ENSG00000260403,ENSG00000242612,ENSG00000260284,ENSG00000197599,ENSG00000167930,ENSG00000007392,ENSG00000260532",ENSG00000161996,Liver eQTLs,train
20016199900092196-92196000002796,chr16,"16-731725-T-G,16-730955-A-T,16-728514-G-A,16-737269-C-T,16-741688-A-G,16-726907-C-T","ENSG00000161980,ENSG00000188536,ENSG00000206177,ENSG00000277010,ENSG00000269482,ENSG00000005513,ENSG00000242612,ENSG00000260710,ENSG00000161999,ENSG00000007545,ENSG00000007520,ENSG00000103245,ENSG00000260051,ENSG00000262528,ENSG00000103266,ENSG00000236829,ENSG00000127580,ENSG00000280327,ENSG00000257108,ENSG00000280231,ENSG00000129925,ENSG00000277142,ENSG00000103126,ENSG00000234769,ENSG00000140983,ENSG00000127586,ENSG00000162004,ENSG00000090565,ENSG00000276931,ENSG00000260022,ENSG00000197599,ENSG00000103269,ENSG00000130731,ENSG00000260284,ENSG00000102854,ENSG00000196557,ENSG00000274751,ENSG00000206172,ENSG00000197562,ENSG00000103202,ENSG00000007384,ENSG00000059145,ENSG00000206053,ENSG00000161996,ENSG00000228201,ENSG00000103275,ENSG00000103253,ENSG00000260425,ENSG00000268836,ENSG00000103326,ENSG00000287855,ENSG00000103152,ENSG00000242173,ENSG00000187535,ENSG00000007516,ENSG00000260646,ENSG00000197253,ENSG00000167930,ENSG00000161981,ENSG00000007392,ENSG00000103260,ENSG00000131634,ENSG00000279930,ENSG00000103148,ENSG00000086504,ENSG00000172236,ENSG00000007376,ENSG00000007541,ENSG00000260394,ENSG00000260403,ENSG00000228779,ENSG00000076344,ENSG00000100726,ENSG00000260807,ENSG00000116176,ENSG00000261505,ENSG00000127578,ENSG00000127585,ENSG00000090581,ENSG00000086506,ENSG00000103249,ENSG00000103227,ENSG00000174109,ENSG00000095917,ENSG00000103254,ENSG00000226942,ENSG00000185615","ENSG00000219274,ENSG00000276931,ENSG00000130731,ENSG00000161999,ENSG00000161981,ENSG00000269482,ENSG00000184471,ENSG00000261505,ENSG00000161980,ENSG00000090565,ENSG00000116176,ENSG00000007516,ENSG00000226890,ENSG00000161992,ENSG00000260284,ENSG00000206053,ENSG00000260051,ENSG00000260807,ENSG00000260646,ENSG00000167930,ENSG00000005513,ENSG00000206172,ENSG00000140983,ENSG00000278995,ENSG00000103269,ENSG00000226942,ENSG00000095917,ENSG00000260710,ENSG00000266124,ENSG00000260394,ENSG00000103245,ENSG00000196557,ENSG00000277010,ENSG00000236829,ENSG00000185615,ENSG00000260425,ENSG00000129925,ENSG00000103249,ENSG00000257108,ENSG00000260702,ENSG00000103254,ENSG00000260022,ENSG00000100726,ENSG00000059145,ENSG00000201034,ENSG00000260991,ENSG00000261430,ENSG00000076344,ENSG00000103266,ENSG00000103126,ENSG00000277142,ENSG00000266235,ENSG00000228201,ENSG00000261399,ENSG00000231439,ENSG00000228779,ENSG00000260403,ENSG00000280231,ENSG00000103227,ENSG00000260132,ENSG00000174109,ENSG00000225323,ENSG00000234769,ENSG00000197562,ENSG00000262528,ENSG00000207243,ENSG00000197599,ENSG00000090581,ENSG00000127588,ENSG00000007520,ENSG00000187535,ENSG00000274751,ENSG00000206168,ENSG00000127585,ENSG00000287855,ENSG00000007392,ENSG00000206177,ENSG00000261564,ENSG00000130656,ENSG00000127578,ENSG00000259840,ENSG00000261659,ENSG00000007376,ENSG00000103202,ENSG00000279930,ENSG00000127580,ENSG00000278739,ENSG00000172236,ENSG00000230428,ENSG00000103275,ENSG00000007545,ENSG00000260496,ENSG00000103148,ENSG00000206178,ENSG00000086506,ENSG00000260532,ENSG00000007541,ENSG00000131634,ENSG00000007384,ENSG00000242612,ENSG00000260989,ENSG00000162006,ENSG00000103152,ENSG00000161996,ENSG00000275438,ENSG00000103253,ENSG00000280327,ENSG00000242173,ENSG00000196364,ENSG00000103260,ENSG00000273551,ENSG00000188536,ENSG00000127586,ENSG00000103326,ENSG00000279136,ENSG00000197253,ENSG00000162004,ENSG00000219027,ENSG00000268836,ENSG00000261294,ENSG00000260182,ENSG00000102854,ENSG00000086504",ENSG00000161999,Liver eQTLs,train
20016217400092196-92196000001311,chr11,"11-62104937-T-G,11-62105391-C-T,11-62084822-T-A,11-62094493-G-A,11-62097259-C-T,11-62098387-A-C,11-62100880-A-C,11-62103711-A-G,11-62105925-G-A,11-62108248-C-G,11-62084671-AAAAC-A,11-62077785-C-A,11-62078931-A-G,11-62081181-A-C,11-62081329-A-C,11-62081329-A-C,11-62103420-T-C,11-62087343-T-C,11-62107249-G-C,11-62067818-C-T,11-62083530-C-T,11-62102408-C-T,11-62098735-T-C,11-62109473-T-A,11-62110105-TG-T,11-62103893-C-CAG,11-62129312-G-C,11-62156572-G-A,11-62071939-CT-C,11-62131717-G-GTGTC,11-62156312-C-T,11-62131660-G-C,11-62073980-C-G,11-62119495-G-C,11-62121623-C-T,11-62125014-A-G,11-62126494-A-G,11-62127577-T-C,11-62112290-A-T,11-62085083-A-G,11-62111662-T-C,11-62136152-C-G,11-62136877-T-C,11-62137578-AT-A,11-62143941-T-C,11-62061735-GA-G,11-62137245-G-A,11-62151875-G-C,11-62113090-C-T,11-62055703-A-G,11-62115622-A-T,11-62169772-C-T,11-62171627-A-G,11-62160725-G-T,11-62161659-T-C,11-62161170-C-G,11-62166832-G-A,11-62100353-G-A,11-62117959-A-G,11-62131524-G-A,11-62107508-C-T,11-62118947-C-T,11-62155914-G-A,11-62162389-T-C,11-62175817-CT-C","ENSG00000196600,ENSG00000279878,ENSG00000254772,ENSG00000184999,ENSG00000149480,ENSG00000289268,ENSG00000168000,ENSG00000256690,ENSG00000133316,ENSG00000162227,ENSG00000204950,ENSG00000124942,ENSG00000011347,ENSG00000162191,ENSG00000279246,ENSG00000177363,ENSG00000162148,ENSG00000134825,ENSG00000279491,ENSG00000162231,ENSG00000149485,ENSG00000167986,ENSG00000162236,ENSG00000124915,ENSG00000214753,ENSG00000134780,ENSG00000149499,ENSG00000255717,ENSG00000162188,ENSG00000185670,ENSG00000149541,ENSG00000168002,ENSG00000255931,ENSG00000089597,ENSG00000149532,ENSG00000185475,ENSG00000256443,ENSG00000214756,ENSG00000197658,ENSG00000240823,ENSG00000289562,ENSG00000168569,ENSG00000167994,ENSG00000185085,ENSG00000162194,ENSG00000289194,ENSG00000167985,ENSG00000162174,ENSG00000204922,ENSG00000162144,ENSG00000149503,ENSG00000256591,ENSG00000124920,ENSG00000221968,ENSG00000149489,ENSG00000167995,ENSG00000162222,ENSG00000149483,ENSG00000134824,ENSG00000168003,ENSG00000256847,ENSG00000187049,ENSG00000167996,ENSG00000269463,ENSG00000269176,ENSG00000168496,ENSG00000149016","ENSG00000276102,ENSG00000149489,ENSG00000124920,ENSG00000255717,ENSG00000187049,ENSG00000168496,ENSG00000204950,ENSG00000167996,ENSG00000221968,ENSG00000257058,ENSG00000255931,ENSG00000254772,ENSG00000134825,ENSG00000256443,ENSG00000162191,ENSG00000133316,ENSG00000167994,ENSG00000200898,ENSG00000162227,ENSG00000255118,ENSG00000162174,ENSG00000255126,ENSG00000167985,ENSG00000255213,ENSG00000167995,ENSG00000241082,ENSG00000250230,ENSG00000149541,ENSG00000252361,ENSG00000278615,ENSG00000089597,ENSG00000167986,ENSG00000162222,ENSG00000214753,ENSG00000011347,ENSG00000149452,ENSG00000255947,ENSG00000185085,ENSG00000266006,ENSG00000149485,ENSG00000168515,ENSG00000255553,ENSG00000168000,ENSG00000279632,ENSG00000279491,ENSG00000256041,ENSG00000279878,ENSG00000149483,ENSG00000197901,ENSG00000184999,ENSG00000162144,ENSG00000124939,ENSG00000289268,ENSG00000256591,ENSG00000277892,ENSG00000289562,ENSG00000149499,ENSG00000269463,ENSG00000284535,ENSG00000134824,ENSG00000256847,ENSG00000257002,ENSG00000285656,ENSG00000255446,ENSG00000279246,ENSG00000162231,ENSG00000177363,ENSG00000250659,ENSG00000204922,ENSG00000168002,ENSG00000285388,ENSG00000149503,ENSG00000124915,ENSG00000254404,ENSG00000289194,ENSG00000162188,ENSG00000162148,ENSG00000149016,ENSG00000254424,ENSG00000269176,ENSG00000236607,ENSG00000197745,ENSG00000134780,ENSG00000256690,ENSG00000196600,ENSG00000197658,ENSG00000274066,ENSG00000214756,ENSG00000149480,ENSG00000124942,ENSG00000168569,ENSG00000162194,ENSG00000253547,ENSG00000149532,ENSG00000168003,ENSG00000185670,ENSG00000240823,ENSG00000185475,ENSG00000149021,ENSG00000254964,ENSG00000162236,ENSG00000229183,ENSG00000124935",ENSG00000162174,Liver eQTLs,train
20016295100092196-92196000004365,chr2,"2-80805494-A-G,2-80805522-G-A,2-80805858-T-A,2-80805342-A-T,2-80805880-A-G,2-80806183-TTA-T",ENSG00000162951,ENSG00000162951,ENSG00000162951,Liver eQTLs,train
20016298100092196-92196000004040,chr2,"2-14549105-G-A,2-14556905-A-G,2-14565653-A-G,2-14556911-G-A,2-14565735-T-C,2-14566116-T-C,2-14549849-C-T,2-14550883-T-C,2-14558592-G-T,2-14565063-T-C,2-14565068-G-T,2-14543106-T-C,2-14581868-C-A,2-14579051-G-C,2-14582925-G-A,2-14588878-T-C,2-14591055-T-C,2-14577183-C-T",ENSG00000162981,ENSG00000162981,ENSG00000162981,Liver eQTLs,train
20016299400092196-92196000004311,chr2,2-55459373-T-G,"ENSG00000055813,ENSG00000240401,ENSG00000238018,ENSG00000162994,ENSG00000289606,ENSG00000138035,ENSG00000115355,ENSG00000115306,ENSG00000163001,ENSG00000085760,ENSG00000115310,ENSG00000162997,ENSG00000115380,ENSG00000233251,ENSG00000143947,ENSG00000214595,ENSG00000275052,ENSG00000227799","ENSG00000240401,ENSG00000115310,ENSG00000085760,ENSG00000163001,ENSG00000272180,ENSG00000207548,ENSG00000162997,ENSG00000289627,ENSG00000227799,ENSG00000138035,ENSG00000199395,ENSG00000115355,ENSG00000115306,ENSG00000285519,ENSG00000238619,ENSG00000211520,ENSG00000115380,ENSG00000233594,ENSG00000252507,ENSG00000206964,ENSG00000143947,ENSG00000200086,ENSG00000202344,ENSG00000055813,ENSG00000239189,ENSG00000238493,ENSG00000226702,ENSG00000207798,ENSG00000238018,ENSG00000289606,ENSG00000162994,ENSG00000214595,ENSG00000231334,ENSG00000229805,ENSG00000228108,ENSG00000233251,ENSG00000275052",ENSG00000162994,Liver eQTLs,train
20016302900092196-92196000004089,chr2,"2-17920545-A-G,2-17927275-C-T,2-17932873-G-A,2-17933275-T-C,2-17935780-T-C,2-17937283-A-G,2-17938501-A-G,2-17959099-T-G,2-17960410-G-T,2-17962450-A-G,2-17965931-G-A,2-17967281-T-G,2-17932833-G-T,2-17932113-CA-C,2-17970731-A-G,2-17989500-G-A,2-17989466-T-G,2-17895937-C-T,2-17883529-G-C,2-17884174-C-T,2-17887049-C-T,2-17888457-G-A,2-17898326-C-T,2-17981589-G-A,2-17981258-C-T,2-17914056-G-T,2-17873391-C-T,2-17855377-A-G,2-17872726-CA-C,2-17898953-A-T,2-17899584-T-G,2-17981684-G-T,2-17860983-C-T,2-17864680-A-G,2-17865916-T-C,2-17873722-G-A,2-17874459-C-T,2-17874706-A-G,2-17885738-C-G,2-17886653-T-G,2-17889705-A-G,2-17913965-CA-C,2-17828683-C-T,2-17838601-C-T,2-17910351-C-T,2-17883451-T-C,2-17904290-G-A,2-17866653-CTCA-C,2-17879411-T-C,2-17866395-G-GAA,2-17959543-GTA-G,2-17874177-C-G,2-17841243-A-C,2-17889266-C-T","ENSG00000163029,ENSG00000185013,ENSG00000214842,ENSG00000240857,ENSG00000260331","ENSG00000260331,ENSG00000151379,ENSG00000237670,ENSG00000185013,ENSG00000236348,ENSG00000287849,ENSG00000240857,ENSG00000224626,ENSG00000287881,ENSG00000163029,ENSG00000214843,ENSG00000212455,ENSG00000207170,ENSG00000214842,ENSG00000222842",ENSG00000163029,Liver eQTLs,train
20016303200092196-92196000004082,chr2,"2-17700575-C-CA,2-17709968-G-A,2-17712696-A-T,2-17722654-G-A,2-17735861-A-T,2-17738199-C-T,2-17727679-G-GT,2-17725275-A-G,2-17737762-T-G,2-17752538-G-A,2-17762452-A-G,2-17741525-G-C,2-17733480-C-A,2-17675779-A-T,2-17729315-C-T,2-17673407-GA-G,2-17768612-G-A,2-17681685-G-A,2-17649059-G-A,2-17682537-C-T,2-17626707-T-C,2-17627814-C-G,2-17631634-T-C,2-17634055-G-C,2-17641617-A-G,2-17646019-G-A,2-17675735-G-T,2-17678048-T-C,2-17676091-A-C,2-17663441-C-T,2-17665734-A-G,2-17672215-T-C,2-17675359-T-C,2-17675377-T-G,2-17675992-T-G,2-17687731-G-GA,2-17780423-G-C,2-17780691-T-A,2-17782556-A-T,2-17787899-A-G,2-17793697-T-C,2-17794472-T-G,2-17811378-A-C,2-17775840-G-A,2-17775930-G-C,2-17776426-C-T,2-17793128-C-T,2-17804905-G-C,2-17813090-A-C,2-17646201-G-T,2-17623986-A-C,2-17685488-C-T,2-17624482-G-A,2-17626262-G-C,2-17633207-A-G,2-17811354-C-A,2-17796165-C-T","ENSG00000197872,ENSG00000163029,ENSG00000178295,ENSG00000163032,ENSG00000170745","ENSG00000236348,ENSG00000214843,ENSG00000223536,ENSG00000222842,ENSG00000224604,ENSG00000163032,ENSG00000151379,ENSG00000212455,ENSG00000287881,ENSG00000237670,ENSG00000207170,ENSG00000178295,ENSG00000197872,ENSG00000287849,ENSG00000163029,ENSG00000170745",ENSG00000163032,Liver eQTLs,train
20016305300092196-92196000004174,chr2,"2-230955612-G-A,2-230962721-T-C,2-230970127-A-G,2-230972272-G-A,2-230976949-C-T,2-230979025-T-G,2-230978469-G-A,2-230982309-G-A,2-230982325-C-T,2-230995447-C-T,2-230992194-T-C,2-230983286-T-C,2-230975209-GATAT-G,2-230983547-G-T,2-230966077-A-T,2-230988148-G-A,2-230988463-G-T,2-230962763-C-T,2-230962709-C-T,2-230962872-C-T,2-230960605-G-A,2-230961778-G-T,2-230962879-A-G,2-230964021-T-C,2-230966151-G-C,2-230966397-T-A,2-230966689-C-T,2-230967286-T-C,2-230967436-T-A,2-230970901-T-C,2-230971623-C-T,2-230972382-T-G,2-230975506-T-A,2-230976129-G-A,2-230978116-C-G,2-230978378-C-T,2-230980187-T-C,2-230980275-T-C,2-230982970-T-C,2-230985558-T-A,2-230986348-C-T,2-230988152-A-T,2-230988772-G-A,2-230963507-C-T,2-230965990-G-A,2-230971965-G-A,2-230974920-G-A,2-230979421-A-G,2-230981636-A-G,2-230981762-T-C,2-230982088-A-G,2-230985607-T-G,2-230990660-G-A,2-230992080-T-C,2-230963243-A-T,2-230963242-A-T,2-230997271-T-C,2-230997300-A-C,2-230963244-A-T,2-231014346-AT-A,2-231017020-C-T,2-231004546-T-A,2-230997313-G-A,2-230997590-G-A,2-230983718-T-TTA","ENSG00000163053,ENSG00000153827,ENSG00000079263,ENSG00000153832,ENSG00000135916,ENSG00000153823,ENSG00000261829,ENSG00000135932,ENSG00000204128,ENSG00000279964,ENSG00000067066,ENSG00000135899,ENSG00000243650,ENSG00000185404,ENSG00000173692","ENSG00000204128,ENSG00000173692,ENSG00000201574,ENSG00000206885,ENSG00000231494,ENSG00000228884,ENSG00000185404,ENSG00000163053,ENSG00000233538,ENSG00000243650,ENSG00000232520,ENSG00000239202,ENSG00000261829,ENSG00000163273,ENSG00000270891,ENSG00000135916,ENSG00000230047,ENSG00000153827,ENSG00000283451,ENSG00000153832,ENSG00000183022,ENSG00000199400,ENSG00000206725,ENSG00000283164,ENSG00000235419,ENSG00000079263,ENSG00000235013,ENSG00000172799,ENSG00000135932,ENSG00000286399,ENSG00000222246,ENSG00000250011,ENSG00000223198,ENSG00000135899,ENSG00000207280,ENSG00000201044,ENSG00000263641,ENSG00000173699,ENSG00000153823,ENSG00000177673,ENSG00000289157,ENSG00000067066,ENSG00000279964,ENSG00000283202,ENSG00000199791,ENSG00000202400",ENSG00000163053,Liver eQTLs,train
20016329300092196-92196000005558,chr4,"4-48016438-GA-G,4-48016875-A-G,4-48018170-C-T,4-48018229-A-G,4-48023324-A-AG,4-48023326-A-T,4-48023327-G-GATT,4-48023330-C-CG,4-48023331-C-CA,4-48024380-T-C,4-48025298-C-T,4-48026348-TGCAGTGGTGTGATC-T,4-48026560-A-C,4-48028097-G-A,4-48028442-G-A,4-48028789-A-G,4-48028977-C-T,4-48030036-T-C,4-48030289-G-C,4-48030289-G-C,4-48031499-G-A,4-48031902-GA-G,4-48032356-A-G,4-48019323-G-A,4-48025095-G-T,4-48038716-G-A,4-48039902-A-T","ENSG00000242262,ENSG00000145247,ENSG00000145244,ENSG00000145248,ENSG00000074966,ENSG00000169019,ENSG00000145246,ENSG00000163293,ENSG00000075539,ENSG00000109180,ENSG00000259959,ENSG00000109182,ENSG00000109171,ENSG00000170448,ENSG00000135605","ENSG00000202014,ENSG00000109180,ENSG00000109182,ENSG00000242431,ENSG00000075539,ENSG00000277388,ENSG00000248256,ENSG00000259959,ENSG00000145248,ENSG00000170448,ENSG00000182223,ENSG00000283499,ENSG00000145247,ENSG00000163293,ENSG00000145244,ENSG00000286294,ENSG00000282904,ENSG00000252913,ENSG00000260918,ENSG00000074966,ENSG00000200269,ENSG00000135605,ENSG00000109171,ENSG00000251722,ENSG00000169019,ENSG00000145246,ENSG00000242262,ENSG00000251334",ENSG00000163293,Liver eQTLs,train
20016332000092196-92196000005358,chr3,"3-88107179-T-C,3-88103776-G-A,3-88244841-C-G,3-88171228-A-C,3-88274030-G-C,3-88127450-T-C","ENSG00000175105,ENSG00000179021,ENSG00000163320,ENSG00000083937","ENSG00000264119,ENSG00000242705,ENSG00000207316,ENSG00000083937,ENSG00000175105,ENSG00000239572,ENSG00000283434,ENSG00000242365,ENSG00000241861,ENSG00000200703,ENSG00000242159,ENSG00000240902,ENSG00000179021,ENSG00000288780,ENSG00000241535,ENSG00000239829,ENSG00000221059,ENSG00000240255,ENSG00000163320,ENSG00000179097",ENSG00000163320,Liver eQTLs,train
20016338900092196-92196000005006,chr3,"3-119118860-T-A,3-119118860-T-A,3-119118860-T-A,3-119143383-C-T,3-119143383-C-T,3-119143383-C-T,3-119119879-G-A,3-119119879-G-A,3-119119879-G-A,3-119121679-T-C,3-119121679-T-C,3-119121679-T-C,3-119131387-G-A,3-119131387-G-A,3-119131387-G-A,3-119131922-T-C,3-119131922-T-C,3-119131922-T-C,3-119136267-C-G,3-119136267-C-G,3-119136267-C-G,3-119136287-T-G,3-119136287-T-G,3-119136287-T-G,3-119137854-C-A,3-119137854-C-A,3-119137854-C-A,3-119139768-A-G,3-119139768-A-G,3-119139768-A-G,3-119139955-T-C,3-119139955-T-C,3-119139955-T-C,3-119140262-A-T,3-119140262-A-T,3-119140262-A-T,3-119158073-G-A,3-119158073-G-A,3-119158073-G-A,3-119161575-C-T,3-119161575-C-T,3-119161575-C-T,3-119168012-GTTAATT-G,3-119168012-GTTAATT-G,3-119168012-GTTAATT-G,3-119168640-A-C,3-119168640-A-C,3-119168640-A-C,3-119168790-A-G,3-119168790-A-G,3-119168790-A-G,3-119181168-CA-C,3-119181168-CA-C,3-119181168-CA-C,3-119183678-C-A,3-119183678-C-A,3-119183678-C-A,3-119188213-G-T,3-119188213-G-T,3-119188213-G-T,3-119191830-G-A,3-119191830-G-A,3-119191830-G-A,3-119196437-G-A,3-119196437-G-A,3-119196437-G-A,3-119205217-T-G,3-119205217-T-G,3-119205217-T-G,3-119206620-C-T,3-119206620-C-T,3-119206620-C-T,3-119117934-G-A,3-119117934-G-A,3-119117934-G-A,3-119179575-A-G,3-119179575-A-G,3-119179575-A-G,3-119182347-C-T,3-119182347-C-T,3-119182347-C-T,3-119192876-AT-A,3-119192876-AT-A,3-119192876-AT-A,3-119195373-A-T,3-119195373-A-T,3-119195373-A-T,3-119227659-T-C,3-119227659-T-C,3-119227659-T-C,3-119217109-G-C,3-119217109-G-C,3-119217109-G-C,3-119232937-A-G,3-119232937-A-G,3-119232937-A-G,3-119233802-C-T,3-119233802-C-T,3-119233802-C-T,3-119239211-G-GA,3-119239211-G-GA,3-119239211-G-GA,3-119240285-G-A,3-119240285-G-A,3-119240285-G-A,3-119246477-T-C,3-119246477-T-C,3-119246477-T-C,3-119250269-C-T,3-119250269-C-T,3-119250269-C-T,3-119241270-AGAG-A,3-119241270-AGAG-A,3-119241270-AGAG-A","ENSG00000082701,ENSG00000183833,ENSG00000240471,ENSG00000138495,ENSG00000286584,ENSG00000031081,ENSG00000242622,ENSG00000121577,ENSG00000144852,ENSG00000121578,ENSG00000113845,ENSG00000272662,ENSG00000163428,ENSG00000163389,ENSG00000176142,ENSG00000121594,ENSG00000144837,ENSG00000144843","ENSG00000113845,ENSG00000243276,ENSG00000240471,ENSG00000289134,ENSG00000121578,ENSG00000241546,ENSG00000241155,ENSG00000239994,ENSG00000121577,ENSG00000242622,ENSG00000144852,ENSG00000288662,ENSG00000240254,ENSG00000239835,ENSG00000163428,ENSG00000121594,ENSG00000272662,ENSG00000288667,ENSG00000286584,ENSG00000163424,ENSG00000138495,ENSG00000163389,ENSG00000242829,ENSG00000144837,ENSG00000176142,ENSG00000286660,ENSG00000144843,ENSG00000183833,ENSG00000082701,ENSG00000244308,ENSG00000031081,ENSG00000207310,ENSG00000239877,ENSG00000272967",ENSG00000163389,Liver eQTLs,train
20016352100092196-92196000004162,chr2,"2-220108423-C-T,2-220113728-G-A,2-220130890-G-A","ENSG00000286154,ENSG00000144579,ENSG00000074582,ENSG00000127838,ENSG00000175084,ENSG00000135913,ENSG00000225062,ENSG00000127831,ENSG00000144591,ENSG00000115661,ENSG00000163482,ENSG00000163501,ENSG00000288819,ENSG00000243910,ENSG00000163481,ENSG00000114923,ENSG00000123999,ENSG00000229525,ENSG00000163516,ENSG00000272555,ENSG00000135929,ENSG00000123992,ENSG00000144580,ENSG00000135924,ENSG00000158552,ENSG00000144567,ENSG00000135925,ENSG00000115556,ENSG00000135926,ENSG00000115657,ENSG00000127824,ENSG00000261338,ENSG00000072195,ENSG00000163521,ENSG00000213901,ENSG00000144589,ENSG00000115568,ENSG00000135912,ENSG00000158428,ENSG00000124006,ENSG00000127837,ENSG00000115649,ENSG00000198925,ENSG00000188760,ENSG00000018280,ENSG00000123989,ENSG00000187736,ENSG00000224090,ENSG00000179921,ENSG00000115596","ENSG00000144579,ENSG00000231802,ENSG00000175084,ENSG00000223903,ENSG00000232789,ENSG00000135925,ENSG00000225911,ENSG00000288902,ENSG00000115596,ENSG00000074582,ENSG00000163501,ENSG00000286095,ENSG00000286199,ENSG00000188760,ENSG00000179921,ENSG00000135913,ENSG00000286154,ENSG00000144580,ENSG00000127838,ENSG00000115649,ENSG00000234638,ENSG00000123989,ENSG00000267919,ENSG00000187736,ENSG00000127824,ENSG00000124006,ENSG00000265252,ENSG00000280323,ENSG00000163482,ENSG00000288819,ENSG00000115661,ENSG00000163516,ENSG00000227432,ENSG00000182698,ENSG00000236451,ENSG00000127831,ENSG00000272555,ENSG00000135924,ENSG00000072195,ENSG00000228909,ENSG00000144589,ENSG00000225062,ENSG00000123992,ENSG00000207647,ENSG00000261338,ENSG00000227308,ENSG00000286272,ENSG00000135929,ENSG00000235337,ENSG00000229525,ENSG00000266518,ENSG00000163521,ENSG00000213901,ENSG00000114923,ENSG00000123999,ENSG00000127837,ENSG00000224819,ENSG00000228973,ENSG00000224090,ENSG00000243910,ENSG00000115657,ENSG00000018280,ENSG00000135912,ENSG00000115568,ENSG00000163481,ENSG00000144591,ENSG00000222678,ENSG00000135926,ENSG00000239498,ENSG00000230432,ENSG00000287529,ENSG00000158552,ENSG00000198925,ENSG00000158428,ENSG00000144567,ENSG00000115556",ENSG00000163521,Liver eQTLs,train
20016357600092196-92196000005224,chr3,"3-19987539-G-T,3-19988437-G-C,3-20042834-C-T","ENSG00000144566,ENSG00000163576,ENSG00000183977,ENSG00000183960,ENSG00000129810,ENSG00000114166,ENSG00000289138","ENSG00000144566,ENSG00000163576,ENSG00000206807,ENSG00000289138,ENSG00000271898,ENSG00000266745,ENSG00000183960,ENSG00000199577,ENSG00000201545,ENSG00000232953,ENSG00000114166,ENSG00000129810,ENSG00000183977",ENSG00000163576,Liver eQTLs,train
20016368200092196-92196000005539,chr4,"4-39449824-G-A,4-39449824-G-A,4-39449824-G-A,4-39449824-G-A,4-39449824-G-A,4-39453730-G-C,4-39453730-G-C,4-39453730-G-C,4-39453730-G-C,4-39453730-G-C,4-39454321-G-A,4-39454321-G-A,4-39454321-G-A,4-39454321-G-A,4-39454321-G-A,4-39455378-A-G,4-39455378-A-G,4-39455378-A-G,4-39455378-A-G,4-39455378-A-G,4-39457153-C-T,4-39457153-C-T,4-39457153-C-T,4-39457153-C-T,4-39457153-C-T,4-39457430-T-C,4-39457430-T-C,4-39457430-T-C,4-39457430-T-C,4-39457430-T-C,4-39457870-T-TG,4-39457870-T-TG,4-39457870-T-TG,4-39457870-T-TG,4-39457870-T-TG,4-39458051-A-G,4-39458051-A-G,4-39458051-A-G,4-39458051-A-G,4-39458051-A-G,4-39458765-G-T,4-39458765-G-T,4-39458765-G-T,4-39458765-G-T,4-39458765-G-T,4-39458765-G-T,4-39458765-G-T,4-39458765-G-T,4-39458765-G-T,4-39458765-G-T,4-39459724-T-C,4-39459724-T-C,4-39459724-T-C,4-39459724-T-C,4-39459724-T-C,4-39447779-A-G,4-39447779-A-G,4-39447779-A-G,4-39447779-A-G,4-39447779-A-G,4-39446549-G-A,4-39446549-G-A,4-39446549-G-A,4-39446549-G-A,4-39446549-G-A,4-39452499-T-C,4-39452499-T-C,4-39452499-T-C,4-39452499-T-C,4-39452499-T-C,4-39445899-A-ATTCTCTTAAAAT,4-39445899-A-ATTCTCTTAAAAT,4-39445899-A-ATTCTCTTAAAAT,4-39445899-A-ATTCTCTTAAAAT,4-39445899-A-ATTCTCTTAAAAT,4-39446058-C-A,4-39446058-C-A,4-39446058-C-A,4-39446058-C-A,4-39446058-C-A","ENSG00000249207,ENSG00000174123,ENSG00000157796,ENSG00000109787,ENSG00000286349,ENSG00000249064,ENSG00000109814,ENSG00000224097,ENSG00000078177,ENSG00000255458,ENSG00000249348,ENSG00000163682,ENSG00000197712,ENSG00000174130,ENSG00000078140,ENSG00000121897,ENSG00000249685,ENSG00000163683,ENSG00000205794,ENSG00000168421,ENSG00000250893,ENSG00000121895,ENSG00000180610,ENSG00000035928,ENSG00000174125,ENSG00000109790,ENSG00000287262,ENSG00000231160,ENSG00000121892,ENSG00000260296","ENSG00000078140,ENSG00000197712,ENSG00000206675,ENSG00000201863,ENSG00000231707,ENSG00000174130,ENSG00000109814,ENSG00000163683,ENSG00000249348,ENSG00000121895,ENSG00000224097,ENSG00000121892,ENSG00000249667,ENSG00000222230,ENSG00000249685,ENSG00000250893,ENSG00000248977,ENSG00000271958,ENSG00000163682,ENSG00000249207,ENSG00000035928,ENSG00000264621,ENSG00000207944,ENSG00000109787,ENSG00000255458,ENSG00000180610,ENSG00000271278,ENSG00000078177,ENSG00000249019,ENSG00000239010,ENSG00000174123,ENSG00000238797,ENSG00000252796,ENSG00000250568,ENSG00000174125,ENSG00000249241,ENSG00000286349,ENSG00000109790,ENSG00000121897,ENSG00000157796,ENSG00000231160,ENSG00000205794,ENSG00000249534,ENSG00000252970,ENSG00000252975,ENSG00000250338,ENSG00000287262,ENSG00000168421,ENSG00000200455,ENSG00000222592,ENSG00000251635,ENSG00000243260,ENSG00000260296,ENSG00000174343,ENSG00000249064",ENSG00000163682,Liver eQTLs,train
20016386400092196-92196000005088,chr3,"3-139392922-T-C,3-139392368-T-C,3-139392951-C-T,3-139385257-G-A","ENSG00000114115,ENSG00000272656,ENSG00000163864,ENSG00000184432,ENSG00000051382,ENSG00000175110,ENSG00000178631,ENSG00000248932,ENSG00000158258","ENSG00000051382,ENSG00000163864,ENSG00000178631,ENSG00000175110,ENSG00000248932,ENSG00000281473,ENSG00000242321,ENSG00000114115,ENSG00000184432,ENSG00000158258,ENSG00000251471,ENSG00000206260,ENSG00000242244,ENSG00000272656,ENSG00000206262,ENSG00000239207,ENSG00000232416,ENSG00000283418,ENSG00000183770,ENSG00000174715,ENSG00000250543,ENSG00000233701,ENSG00000184814,ENSG00000286988,ENSG00000244578,ENSG00000201600,ENSG00000248790,ENSG00000261763,ENSG00000251137,ENSG00000250161",ENSG00000163864,Liver eQTLs,train
20016394500092196-92196000005421,chr4,4-1324279-AT-A,"ENSG00000178222,ENSG00000214367,ENSG00000168993,ENSG00000174227,ENSG00000013810,ENSG00000272885,ENSG00000127419,ENSG00000145214,ENSG00000273179,ENSG00000185049,ENSG00000168936,ENSG00000251595,ENSG00000286705,ENSG00000127418,ENSG00000185619,ENSG00000280927,ENSG00000272588,ENSG00000163950,ENSG00000131127,ENSG00000174137,ENSG00000130997,ENSG00000244459,ENSG00000109685,ENSG00000215375,ENSG00000133256,ENSG00000159674,ENSG00000169026,ENSG00000127415,ENSG00000123933,ENSG00000068078,ENSG00000178950,ENSG00000249592,ENSG00000272927,ENSG00000168924,ENSG00000145217,ENSG00000163945,ENSG00000182903,ENSG00000243449,ENSG00000169020","ENSG00000127418,ENSG00000013810,ENSG00000251535,ENSG00000251652,ENSG00000251595,ENSG00000131127,ENSG00000248416,ENSG00000109685,ENSG00000273238,ENSG00000178950,ENSG00000251639,ENSG00000145217,ENSG00000243449,ENSG00000250623,ENSG00000169020,ENSG00000174227,ENSG00000283183,ENSG00000185049,ENSG00000253399,ENSG00000214367,ENSG00000130997,ENSG00000272927,ENSG00000133256,ENSG00000163950,ENSG00000178222,ENSG00000174137,ENSG00000251148,ENSG00000127419,ENSG00000182903,ENSG00000249592,ENSG00000207009,ENSG00000207642,ENSG00000260262,ENSG00000286705,ENSG00000239247,ENSG00000215367,ENSG00000280927,ENSG00000127415,ENSG00000244459,ENSG00000273179,ENSG00000215375,ENSG00000168924,ENSG00000212458,ENSG00000235608,ENSG00000250259,ENSG00000249025,ENSG00000169026,ENSG00000185619,ENSG00000168993,ENSG00000168936,ENSG00000284587,ENSG00000163945,ENSG00000123933,ENSG00000145214,ENSG00000272588,ENSG00000159674,ENSG00000272885,ENSG00000068078",ENSG00000163945,Liver eQTLs,train
20016399300092196-92196000005587,chr4,"4-6697673-T-C,4-6696460-G-A,4-6696524-T-C,4-6697176-A-G,4-6697554-C-G,4-6697766-T-G,4-6697795-A-C,4-6697822-C-T,4-6696694-CTT-C","ENSG00000170846,ENSG00000072840,ENSG00000163993,ENSG00000013288,ENSG00000173040,ENSG00000184985,ENSG00000179010,ENSG00000173011,ENSG00000286176,ENSG00000287104,ENSG00000245468,ENSG00000186222,ENSG00000170871,ENSG00000072832,ENSG00000251580,ENSG00000132405,ENSG00000109519,ENSG00000173013,ENSG00000246526,ENSG00000109501","ENSG00000251408,ENSG00000072840,ENSG00000179010,ENSG00000173011,ENSG00000287104,ENSG00000109519,ENSG00000170871,ENSG00000288588,ENSG00000202392,ENSG00000287786,ENSG00000072832,ENSG00000170846,ENSG00000200867,ENSG00000109501,ENSG00000173040,ENSG00000286176,ENSG00000263631,ENSG00000289414,ENSG00000184985,ENSG00000264658,ENSG00000246526,ENSG00000173013,ENSG00000132405,ENSG00000266690,ENSG00000013288,ENSG00000245468,ENSG00000287331,ENSG00000249896,ENSG00000251580,ENSG00000163993,ENSG00000279859,ENSG00000186222",ENSG00000163993,Liver eQTLs,train
20016404800092196-92196000005289,chr3,"3-48342669-C-T,3-48363595-A-G,3-48372282-T-C,3-48374734-T-G,3-48346866-AT-A,3-48357208-C-T,3-48372470-T-C,3-48366895-AT-A,3-48353626-A-G,3-48337206-C-T,3-48339549-G-A,3-48340045-C-T,3-48342882-C-T,3-48343290-C-T,3-48343877-G-A,3-48345449-A-T,3-48349023-T-C,3-48350375-A-G,3-48351683-A-G,3-48352313-G-A,3-48354211-G-A,3-48360433-A-G,3-48364101-C-T,3-48367537-A-G,3-48369034-G-A,3-48372646-C-T,3-48373689-A-G,3-48377276-C-T,3-48377875-A-G,3-48335857-C-T,3-48338173-C-T,3-48338487-A-G,3-48339618-A-G,3-48339699-C-T,3-48343087-C-T,3-48343261-G-A,3-48343708-T-C,3-48343858-G-A,3-48343920-C-T,3-48344675-C-T,3-48345511-C-T,3-48346955-GCAAT-G,3-48346985-G-T,3-48347168-T-G,3-48348163-A-C,3-48348564-A-C,3-48350366-G-A,3-48351560-G-A,3-48351618-G-T,3-48352055-TC-T,3-48355024-A-G,3-48356797-G-A,3-48358754-T-G,3-48360017-C-G,3-48360862-C-T,3-48362097-G-C,3-48362369-A-T,3-48362750-C-T,3-48364677-C-T,3-48365218-G-C,3-48366971-C-A,3-48367819-C-T,3-48367835-C-T,3-48369464-T-A,3-48370416-C-T,3-48370769-A-C,3-48373214-T-G,3-48373262-G-A,3-48373343-C-T,3-48374077-G-A,3-48374374-G-GA,3-48374874-A-G,3-48375740-T-C,3-48377611-G-C,3-48377921-T-C,3-48377922-G-A,3-48378500-G-A,3-48349503-G-A,3-48333446-G-A,3-48339360-A-G,3-48349314-C-T,3-48353543-G-A,3-48357281-A-G,3-48360992-T-G,3-48287879-A-G,3-48293524-G-C,3-48297992-TG-T,3-48301074-G-A,3-48301614-A-C,3-48303669-A-G,3-48305456-C-T,3-48320332-G-A,3-48323489-G-A,3-48331286-G-C,3-48282494-T-C,3-48282651-TGCGC-T,3-48282695-A-G,3-48378147-T-A,3-48282021-C-A,3-48330559-A-ATT,3-48287449-A-C,3-48277194-T-TA,3-48277194-T-TA,3-48333342-T-C,3-48297560-C-T,3-48301172-C-A,3-48306531-T-G,3-48312060-G-C,3-48312402-T-C,3-48313418-T-C,3-48324466-T-A,3-48326433-T-C,3-48327577-C-T,3-48327573-T-C,3-48308891-T-A,3-48295700-C-T,3-48319558-C-T,3-48270955-T-C,3-48272536-T-G,3-48323364-T-C,3-48327729-T-C,3-48328812-T-C,3-48323890-G-A,3-48325281-G-A,3-48327450-C-T,3-48327751-G-A,3-48329036-A-C,3-48329900-A-G,3-48330037-T-C,3-48237087-A-C,3-48316877-CGA-C,3-48258638-A-G,3-48259108-A-G,3-48259667-C-G,3-48250899-T-A,3-48228906-C-A,3-48229624-C-T,3-48236507-G-A,3-48249420-C-G,3-48233201-TA-T,3-48202440-G-A,3-48217657-T-C,3-48219537-A-G,3-48228994-A-C,3-48240289-G-A,3-48255220-A-G,3-48256462-CA-C,3-48323133-T-G,3-48309828-C-G,3-48214438-A-G,3-48215253-G-A,3-48239202-T-C,3-48219917-CAG-C,3-48286765-C-T,3-48293078-G-A,3-48375434-C-T,3-48349031-A-C,3-48297611-A-G,3-48299439-T-C,3-48306835-A-G,3-48312229-A-G,3-48312658-T-C,3-48370580-G-A,3-48335808-T-C,3-48344234-C-CCT,3-48358255-C-T,3-48375685-C-T,3-48246679-G-A,3-48233335-C-CAT,3-48233185-C-CAT,3-48204768-C-T,3-48227082-A-AG,3-48237104-T-G,3-48276077-A-T","ENSG00000164051,ENSG00000225697,ENSG00000178537,ENSG00000114646,ENSG00000164054,ENSG00000260236,ENSG00000272434,ENSG00000008300,ENSG00000172046,ENSG00000172053,ENSG00000235236,ENSG00000178057,ENSG00000164049,ENSG00000221883,ENSG00000185909,ENSG00000213672,ENSG00000076201,ENSG00000289043,ENSG00000280173,ENSG00000232112,ENSG00000068745,ENSG00000114268,ENSG00000178035,ENSG00000114270,ENSG00000224424,ENSG00000173473,ENSG00000271161,ENSG00000047849,ENSG00000178252,ENSG00000114650,ENSG00000164048,ENSG00000177352,ENSG00000178467,ENSG00000010256,ENSG00000225399,ENSG00000198218,ENSG00000132153,ENSG00000178149,ENSG00000164050,ENSG00000164047,ENSG00000177479,ENSG00000244380,ENSG00000188315,ENSG00000172037,ENSG00000164053,ENSG00000114302,ENSG00000163832,ENSG00000270441,ENSG00000289507,ENSG00000285416","ENSG00000214773,ENSG00000231884,ENSG00000114268,ENSG00000264633,ENSG00000010256,ENSG00000265483,ENSG00000235695,ENSG00000172053,ENSG00000164054,ENSG00000270285,ENSG00000236980,ENSG00000198218,ENSG00000265078,ENSG00000270538,ENSG00000225697,ENSG00000178537,ENSG00000076201,ENSG00000236768,ENSG00000284488,ENSG00000047849,ENSG00000225399,ENSG00000271161,ENSG00000164048,ENSG00000183396,ENSG00000272434,ENSG00000114650,ENSG00000278799,ENSG00000235627,ENSG00000163832,ENSG00000164053,ENSG00000260236,ENSG00000114270,ENSG00000253056,ENSG00000177352,ENSG00000221585,ENSG00000224895,ENSG00000199032,ENSG00000132153,ENSG00000235236,ENSG00000172037,ENSG00000114646,ENSG00000244732,ENSG00000114302,ENSG00000270441,ENSG00000252466,ENSG00000221883,ENSG00000164050,ENSG00000178057,ENSG00000178035,ENSG00000185909,ENSG00000178252,ENSG00000199476,ENSG00000068745,ENSG00000164051,ENSG00000164049,ENSG00000232112,ENSG00000285416,ENSG00000274420,ENSG00000172046,ENSG00000178467,ENSG00000213672,ENSG00000244380,ENSG00000241461,ENSG00000188315,ENSG00000280173,ENSG00000277483,ENSG00000229453,ENSG00000008300,ENSG00000289043,ENSG00000164047,ENSG00000173473,ENSG00000284575,ENSG00000284251,ENSG00000228350,ENSG00000177479,ENSG00000289507,ENSG00000207605,ENSG00000178149,ENSG00000199591,ENSG00000224424",ENSG00000164048,Liver eQTLs,train
20016408800092196-92196000005312,chr3,"3-52276883-A-G,3-52279951-T-G,3-52274742-A-C,3-52276901-C-T,3-52278241-C-T,3-52280378-C-T,3-52328533-G-A,3-52313067-CT-C,3-52351553-T-G,3-52359972-C-T,3-52286349-G-C,3-52290474-C-G,3-52293312-C-G,3-52294175-A-G,3-52296022-TG-T,3-52298116-T-C,3-52298161-C-A,3-52298986-T-C,3-52305286-C-T,3-52309338-A-G,3-52313214-T-G,3-52313454-C-A,3-52331266-C-G,3-52332292-A-G,3-52334593-T-C,3-52338590-T-C,3-52305605-GT-G,3-52272028-A-C,3-52286585-G-A,3-52290550-A-G,3-52293859-A-G,3-52303213-G-A,3-52307496-T-C,3-52312976-C-T,3-52318056-G-A,3-52318281-C-A,3-52321688-GA-G,3-52323344-G-A,3-52325039-G-A,3-52328024-G-A,3-52331793-A-G,3-52337754-C-T,3-52345459-A-G,3-52303600-G-C,3-52269616-C-T,3-52343679-C-T,3-52397419-G-A,3-52397701-G-A,3-52432214-G-A,3-52432610-G-A,3-52420901-G-A,3-52481406-A-G,3-52354061-A-G,3-52367172-G-C,3-52391473-G-A,3-52343742-A-G,3-52341126-G-A,3-52307291-A-T,3-52494588-T-A,3-52483787-GA-G,3-52478389-C-T,3-52217956-G-A,3-52397539-C-T,3-52404111-G-A,3-52454262-T-G,3-52379110-G-A,3-52382822-C-T,3-52396944-G-A,3-52409421-A-G,3-52414639-C-G,3-52420414-G-A,3-52428988-C-A,3-52451474-T-C,3-52490511-T-TGCCA,3-52286886-C-G,3-52309341-ATAT-A,3-52309827-G-A,3-52321976-C-A,3-52328607-C-T,3-52488517-C-T,3-52489627-G-T,3-52519854-G-C,3-52477866-T-C,3-52254277-C-A","ENSG00000239732,ENSG00000248487,ENSG00000055955,ENSG00000213533,ENSG00000164082,ENSG00000090097,ENSG00000163932,ENSG00000145041,ENSG00000163933,ENSG00000286419,ENSG00000163939,ENSG00000010322,ENSG00000288988,ENSG00000114902,ENSG00000023330,ENSG00000242142,ENSG00000164081,ENSG00000275956,ENSG00000162267,ENSG00000164087,ENSG00000279144,ENSG00000055957,ENSG00000162244,ENSG00000114767,ENSG00000114854,ENSG00000239557,ENSG00000239799,ENSG00000163938,ENSG00000010319,ENSG00000114779,ENSG00000114904,ENSG00000164080,ENSG00000114841,ENSG00000168237,ENSG00000243989,ENSG00000180929,ENSG00000243224,ENSG00000280422,ENSG00000164088,ENSG00000287707,ENSG00000168268,ENSG00000168273,ENSG00000010318,ENSG00000280003,ENSG00000010327,ENSG00000247596,ENSG00000259956,ENSG00000289519,ENSG00000242797,ENSG00000164091,ENSG00000041880,ENSG00000280417,ENSG00000163935,ENSG00000163930,ENSG00000164086,ENSG00000016864,ENSG00000145050,ENSG00000272573","ENSG00000114779,ENSG00000168268,ENSG00000010327,ENSG00000163939,ENSG00000248487,ENSG00000272573,ENSG00000221518,ENSG00000114854,ENSG00000214681,ENSG00000055957,ENSG00000010319,ENSG00000271137,ENSG00000280904,ENSG00000285749,ENSG00000162244,ENSG00000222345,ENSG00000114841,ENSG00000199150,ENSG00000243224,ENSG00000243989,ENSG00000239799,ENSG00000239557,ENSG00000285685,ENSG00000287707,ENSG00000213533,ENSG00000242797,ENSG00000168273,ENSG00000163935,ENSG00000010318,ENSG00000016864,ENSG00000163930,ENSG00000280417,ENSG00000163932,ENSG00000221015,ENSG00000164087,ENSG00000214686,ENSG00000280422,ENSG00000229972,ENSG00000164081,ENSG00000259956,ENSG00000145050,ENSG00000286531,ENSG00000023330,ENSG00000164088,ENSG00000279144,ENSG00000114904,ENSG00000280003,ENSG00000164091,ENSG00000173389,ENSG00000055955,ENSG00000212452,ENSG00000247596,ENSG00000041880,ENSG00000239732,ENSG00000163933,ENSG00000252768,ENSG00000241789,ENSG00000180929,ENSG00000289519,ENSG00000145041,ENSG00000164080,ENSG00000224792,ENSG00000212493,ENSG00000275789,ENSG00000288988,ENSG00000164086,ENSG00000010322,ENSG00000164082,ENSG00000163938,ENSG00000168237,ENSG00000114902,ENSG00000275956,ENSG00000114767,ENSG00000162267,ENSG00000090097,ENSG00000184345,ENSG00000235455,ENSG00000286419,ENSG00000242142,ENSG00000201595",ENSG00000164088,Liver eQTLs,train
20016425100092196-92196000005912,chr5,"5-76119365-A-G,5-76119105-A-G,5-76119049-A-C,5-76117065-T-C,5-76119712-G-A,5-76104512-G-T,5-76118333-G-A,5-76108252-C-A,5-76115665-G-C,5-76125067-A-C,5-76109195-T-C,5-76114963-C-T,5-76107799-A-G,5-76109387-T-A,5-76102513-G-T,5-76108739-T-G,5-76124326-TA-T,5-76125802-A-G,5-76106963-T-C,5-76107152-T-C,5-76111386-G-T,5-76120381-C-T,5-76106442-C-T,5-76107988-C-T,5-76110217-G-A,5-76128334-C-T,5-76099277-T-C,5-76120864-A-G,5-76126506-A-G,5-76125076-C-G,5-76124477-AT-A,5-76127135-G-A,5-76097276-C-G,5-76133259-A-C,5-76135511-A-G,5-76098602-A-T","ENSG00000251400,ENSG00000113231,ENSG00000164252,ENSG00000145708,ENSG00000145703,ENSG00000244363,ENSG00000164251,ENSG00000213763,ENSG00000164220,ENSG00000250802,ENSG00000171643,ENSG00000164253,ENSG00000254893,ENSG00000181104,ENSG00000132846","ENSG00000164251,ENSG00000228367,ENSG00000264391,ENSG00000254893,ENSG00000250802,ENSG00000250348,ENSG00000171643,ENSG00000247372,ENSG00000145703,ENSG00000244363,ENSG00000251419,ENSG00000249301,ENSG00000251107,ENSG00000252833,ENSG00000251235,ENSG00000278237,ENSG00000250574,ENSG00000251400,ENSG00000252684,ENSG00000164252,ENSG00000207333,ENSG00000277188,ENSG00000251668,ENSG00000213763,ENSG00000251663,ENSG00000251078,ENSG00000113231,ENSG00000248127,ENSG00000251342,ENSG00000251724,ENSG00000132846,ENSG00000249777,ENSG00000181104,ENSG00000164253,ENSG00000248684,ENSG00000145708,ENSG00000164220",ENSG00000164251,Liver eQTLs,train
20016430700092196-92196000005954,chr5,"5-96125314-A-T,5-96130014-T-C,5-96131733-G-A,5-96134113-A-G,5-96123055-A-G,5-96123160-T-C,5-96124447-G-C,5-96124959-T-G,5-96125465-G-A,5-96127905-T-C,5-96129512-A-G,5-96133427-C-T,5-96133712-A-C,5-96133920-C-T,5-96128400-G-T,5-96130015-G-C,5-96138812-A-G,5-96138861-C-T,5-96138767-T-C,5-96137496-G-A,5-96137804-A-G,5-96137840-A-G,5-96137882-A-G,5-96151968-C-A,5-96161942-T-G,5-96147777-T-C","ENSG00000272021,ENSG00000113441,ENSG00000118985,ENSG00000164307,ENSG00000249746,ENSG00000153113,ENSG00000173221,ENSG00000251409,ENSG00000236882,ENSG00000250362,ENSG00000251000,ENSG00000248734,ENSG00000247121,ENSG00000249180,ENSG00000058729","ENSG00000118985,ENSG00000236882,ENSG00000225165,ENSG00000207578,ENSG00000272021,ENSG00000213701,ENSG00000250362,ENSG00000212259,ENSG00000248734,ENSG00000113441,ENSG00000251409,ENSG00000164307,ENSG00000249746,ENSG00000250955,ENSG00000153347,ENSG00000249180,ENSG00000289337,ENSG00000250158,ENSG00000206997,ENSG00000251000,ENSG00000200884,ENSG00000227836,ENSG00000153113,ENSG00000213716,ENSG00000058729,ENSG00000247121,ENSG00000173221",ENSG00000164307,Liver eQTLs,train
20016448800092196-92196000006107,chr6,"6-168720686-A-AG,6-168720686-A-AG,6-168720686-A-AG,6-168720691-T-C,6-168720691-T-C,6-168720691-T-C,6-168720697-T-G,6-168720697-T-G,6-168720697-T-G,6-168720828-A-C,6-168720828-A-C,6-168720828-A-C,6-168721597-T-C,6-168721597-T-C,6-168721597-T-C,6-168721950-T-A,6-168721950-T-A,6-168721950-T-A,6-168720825-TG-T,6-168720825-TG-T,6-168720825-TG-T,6-168721221-G-A,6-168721221-G-A,6-168721221-G-A,6-168722025-G-T,6-168722025-G-T,6-168722025-G-T","ENSG00000234647,ENSG00000287594,ENSG00000198221,ENSG00000125337,ENSG00000146521,ENSG00000226445,ENSG00000224417,ENSG00000269155,ENSG00000287056,ENSG00000213065,ENSG00000112562,ENSG00000203688,ENSG00000153303,ENSG00000130396,ENSG00000164488,ENSG00000217447,ENSG00000272549,ENSG00000186340,ENSG00000120440","ENSG00000233085,ENSG00000223485,ENSG00000146521,ENSG00000237987,ENSG00000286826,ENSG00000203688,ENSG00000269155,ENSG00000224999,ENSG00000260771,ENSG00000226445,ENSG00000235815,ENSG00000280665,ENSG00000285917,ENSG00000235994,ENSG00000217447,ENSG00000287056,ENSG00000287594,ENSG00000230711,ENSG00000229720,ENSG00000153303,ENSG00000289090,ENSG00000272549,ENSG00000225879,ENSG00000261039,ENSG00000279810,ENSG00000120440,ENSG00000234519,ENSG00000112562,ENSG00000224417,ENSG00000125337,ENSG00000186340,ENSG00000285212,ENSG00000228361,ENSG00000130396,ENSG00000213065,ENSG00000198221,ENSG00000234647,ENSG00000164488",ENSG00000164488,Liver eQTLs,train
20016461500092196-92196000005697,chr5,"5-134076812-G-A,5-134077442-C-A,5-134079281-G-A,5-134080856-G-A,5-133990326-AAAT-A,5-134005332-AT-A,5-134036784-G-A,5-134052008-A-C,5-134070027-C-T,5-134002282-GAA-G,5-133920206-G-T,5-133932165-G-A,5-133939541-T-A,5-133947011-T-C,5-133937378-G-T,5-133937378-G-T,5-133979933-A-G,5-133925785-C-T,5-134106761-CTCTT-C,5-134098758-A-T,5-134084999-C-T,5-133924478-T-C,5-133931864-T-A,5-134103063-C-T,5-134135076-A-G,5-134135533-G-A,5-134136333-C-T,5-134148186-A-AG,5-134160040-T-C,5-134160995-A-G,5-134178994-T-G,5-134180945-G-C,5-134199105-C-A,5-133916150-C-T,5-133916719-A-T,5-133925375-TTTTG-T,5-133920817-A-G,5-133930528-G-A,5-133923910-T-G,5-133936194-G-A,5-133983326-A-T,5-133907554-C-G,5-134112475-C-T,5-133921925-G-A,5-133919951-G-GA,5-133920678-G-C,5-133920854-T-C,5-133921081-A-T,5-133921811-T-C,5-133922901-T-C,5-133925276-A-T,5-133926501-A-G,5-133926593-T-C,5-133929998-T-C,5-133930157-G-C,5-133939357-T-C,5-133942492-T-C,5-133943937-G-T,5-133922285-T-C","ENSG00000270021,ENSG00000279799,ENSG00000145832,ENSG00000251169,ENSG00000198868,ENSG00000113615,ENSG00000247627,ENSG00000113648,ENSG00000152705,ENSG00000181904,ENSG00000113583,ENSG00000164615,ENSG00000270177,ENSG00000113558,ENSG00000271737,ENSG00000237190,ENSG00000145833,ENSG00000249119,ENSG00000224186,ENSG00000213585,ENSG00000250564,ENSG00000132570,ENSG00000113575,ENSG00000119048,ENSG00000145824,ENSG00000248923,ENSG00000152700,ENSG00000069011,ENSG00000244921,ENSG00000006837,ENSG00000081059,ENSG00000113621,ENSG00000043143","ENSG00000145833,ENSG00000280104,ENSG00000247627,ENSG00000249478,ENSG00000152705,ENSG00000132570,ENSG00000113648,ENSG00000270021,ENSG00000250409,ENSG00000221287,ENSG00000244921,ENSG00000145832,ENSG00000113621,ENSG00000181904,ENSG00000207459,ENSG00000249073,ENSG00000279197,ENSG00000069011,ENSG00000222266,ENSG00000213585,ENSG00000237190,ENSG00000250994,ENSG00000207222,ENSG00000198868,ENSG00000152700,ENSG00000251243,ENSG00000250564,ENSG00000239615,ENSG00000113615,ENSG00000266751,ENSG00000279799,ENSG00000241179,ENSG00000081059,ENSG00000270892,ENSG00000277619,ENSG00000119048,ENSG00000113575,ENSG00000248245,ENSG00000043143,ENSG00000251616,ENSG00000288758,ENSG00000251169,ENSG00000248923,ENSG00000240611,ENSG00000113583,ENSG00000240250,ENSG00000145824,ENSG00000113558,ENSG00000224186,ENSG00000249119,ENSG00000250244,ENSG00000270177,ENSG00000006837,ENSG00000164615,ENSG00000201298,ENSG00000271128,ENSG00000271737",ENSG00000164615,Liver eQTLs,train
20016466900092196-92196000006784,chr7,"7-64482282-T-C,7-64480165-G-C,7-64481211-A-C,7-64481505-CAG-C,7-64496716-C-T,7-64508144-G-A,7-64510484-G-A,7-64513229-G-T,7-64519161-G-T,7-64519182-G-C,7-64522633-G-A,7-64537604-T-C,7-64539747-G-T,7-64541681-G-T,7-64547939-G-C,7-64559025-C-T,7-64571818-T-C,7-64572483-A-G,7-64540405-T-A,7-64953677-C-T,7-64957497-A-G,7-64520997-C-T,7-64520959-C-A,7-64501925-G-A,7-64947302-G-A,7-64948884-C-CA,7-64953787-A-T,7-64547832-C-T,7-64449816-T-G,7-64435377-TAAGAAA-T,7-64457608-G-A,7-64944952-G-A,7-64563489-A-AAAAAC,7-64961320-CT-C,7-64969503-TATTTC-T,7-64969612-TTCA-T,7-64435956-A-G,7-64474629-C-T,7-64460675-A-T,7-64416559-C-G,7-64419612-G-A,7-64447612-A-G,7-64459715-G-A,7-64427576-C-T,7-64925829-T-C,7-64520961-C-A,7-64505507-A-C,7-64520988-G-A,7-64571839-G-C,7-64971725-C-T,7-64431714-T-C,7-64550539-G-T,7-64481170-G-C,7-64483597-T-C,7-64483806-C-A,7-64493994-C-T,7-64494617-G-A,7-64496080-T-C,7-64503073-G-A,7-64506843-T-G,7-64512964-G-A,7-64521120-G-A,7-64525709-A-C,7-64527303-T-G,7-64529658-G-A,7-64537021-G-A,7-64539403-G-C,7-64541022-G-A,7-64545884-A-G,7-64550201-A-G,7-64563702-TTCTC-T,7-64563771-C-T,7-64568486-T-C,7-64570604-G-T,7-64493962-G-A,7-64502086-C-T,7-64511256-A-G,7-64513509-G-A,7-64516648-G-T,7-64542027-GAT-G,7-64542442-G-A,7-64516736-C-T,7-64566610-C-T,7-64974708-CA-C,7-64535417-T-C,7-64689057-T-TTA,7-64688392-C-T,7-64688945-G-A,7-64687958-TTA-T,7-64688483-C-T,7-64688011-A-ATATAT,7-64860110-G-A,7-64798258-G-C,7-64801851-T-C,7-64564088-T-A,7-64446519-G-A,7-64917109-T-C,7-64926823-G-A,7-64771069-T-C,7-64773722-A-T,7-64781660-C-A,7-64781711-A-C,7-64783432-C-T,7-64942286-C-A,7-64477444-T-C,7-64427932-G-A,7-64806272-A-G,7-64787725-G-A,7-64415252-G-A,7-64427705-C-T,7-64498368-C-A,7-64914870-G-T,7-64836862-CT-C,7-64647860-G-A,7-64647990-G-A,7-64435489-A-T,7-64415262-T-G,7-64429823-T-C,7-64433265-G-A,7-64436700-G-T,7-64447455-C-T,7-64447463-T-G,7-64449081-A-G,7-64450713-T-C,7-64450927-G-GT,7-64453634-G-A,7-64460557-AG-A,7-64882376-T-C,7-64790406-T-C,7-64840219-A-G,7-64843025-G-A,7-64866075-T-C,7-64866144-T-C,7-64871753-A-C,7-64876079-G-A,7-64879412-C-T,7-64879625-A-G,7-64879701-G-A,7-64880552-G-A,7-64882501-C-T,7-64882703-T-C,7-64882879-C-A,7-64884327-G-A,7-64885736-C-T,7-64894781-G-A,7-64895317-A-C,7-64906307-G-A,7-64442904-G-A,7-64536000-T-C,7-64877430-T-C,7-64879604-T-G,7-64881162-G-T,7-64942289-C-A,7-64481547-G-A,7-64730642-G-A,7-64730706-G-A,7-64735666-G-T,7-64748677-A-T,7-64757311-C-T,7-64761479-G-A,7-64764772-T-C,7-64490841-G-C,7-64491188-GAGA-G,7-64775320-C-T,7-64777342-G-A,7-64779759-A-G,7-64781159-ATTG-A,7-64783235-T-A,7-64783439-CT-C,7-64785827-A-G,7-64786318-T-C,7-64790669-G-A,7-64415191-CTG-C,7-64494788-A-T,7-64440562-T-C,7-64638716-C-T,7-64411367-T-C,7-64895997-C-CTAAG,7-64899653-A-T,7-64543900-C-T,7-64428923-A-C,7-64427810-A-G,7-64885560-A-T,7-64493338-C-T,7-64411148-G-T,7-64862322-CATTT-C,7-64487625-T-C,7-64493654-A-G,7-64494261-T-C,7-64504812-A-G,7-64510183-C-G,7-64516272-A-G,7-64522519-C-T,7-64535631-C-A,7-64540675-C-G,7-64541010-T-A,7-64541235-C-T,7-64544767-T-C,7-64487555-C-T,7-64488594-C-T,7-64491684-G-A,7-64492932-C-G,7-64510201-A-G,7-64512239-C-T,7-64517149-C-G,7-64532115-C-T,7-64538486-C-T,7-64541049-G-T,7-64542177-G-A,7-64551864-C-T,7-64562410-G-C,7-64428841-T-A,7-64496892-C-A,7-64711703-G-GT,7-64653177-G-A,7-64411386-G-T,7-64755122-CG-C,7-64421467-T-TA,7-64410459-T-G,7-64427146-C-CA,7-64639111-C-T,7-64430872-C-G,7-64735671-A-T,7-64417826-C-A,7-64419559-G-A,7-64426807-G-C,7-64451426-C-T,7-64452830-C-T,7-64455399-G-A,7-64435692-T-A,7-64955495-TCACTC-T,7-64741666-G-A,7-64745719-C-A,7-64747078-C-G,7-64753269-G-C,7-64761455-C-T,7-64761611-T-C,7-64561863-C-T,7-64433703-T-C,7-64528646-C-G,7-64568934-C-T,7-64462326-A-C,7-64470807-C-T,7-64734478-G-C,7-64516103-C-T,7-64484439-G-A,7-64564792-C-T,7-64565283-G-A,7-64733781-G-GA,7-64733749-TA-T,7-64632836-C-T,7-64648805-A-G,7-64751848-T-G,7-64648827-C-T,7-64536891-G-C,7-64481966-G-A,7-64486813-C-T,7-64488252-A-C,7-64502621-T-G,7-64506602-G-T,7-64506904-T-G,7-64508481-G-T,7-64512370-T-G,7-64516681-G-A,7-64518873-C-T,7-64532354-A-G,7-64536179-C-T,7-64536853-C-G,7-64540548-G-A,7-64562912-G-C,7-64640357-A-T,7-64649683-A-G,7-64650558-C-A,7-64650963-T-C,7-64651762-G-A,7-64654571-A-T,7-64656119-G-T,7-64790768-A-G,7-64464998-A-C,7-64470842-G-A,7-64643161-A-T,7-64563772-G-A,7-64615530-C-T,7-64564147-A-G,7-64550618-GAT-G,7-64674586-G-A,7-64761275-T-C,7-64752838-A-G,7-64754479-C-T,7-64465502-G-A,7-64639324-G-A,7-64737086-C-T,7-64737116-C-T,7-64745413-G-A,7-64471881-T-G,7-64737545-A-G,7-64741772-T-C,7-64743183-G-T,7-64750626-T-C,7-64752578-A-T,7-64753427-A-G,7-64754971-C-T,7-64756869-C-T,7-64759913-T-A,7-64760534-C-T,7-64762751-C-T,7-64762769-C-T,7-64763033-T-A,7-64763167-G-A,7-64477979-C-T,7-64740133-CT-C,7-64653060-G-A,7-64564787-A-C,7-64739240-T-C,7-64743364-C-T,7-64746213-A-G,7-64746527-C-T,7-64747729-AT-A,7-64621688-C-T,7-64605389-G-A,7-64619441-A-G,7-64606235-A-G,7-64606363-A-G,7-64607284-C-T,7-64762875-G-C,7-64766993-G-A,7-64623320-C-T,7-64622864-G-A,7-64765176-A-G,7-64556575-C-T,7-64768278-C-T,7-64779851-A-G,7-64771443-G-A,7-64771887-C-T,7-64768313-C-G,7-64768324-T-C,7-64768560-C-T,7-64768573-G-A,7-64768741-T-C,7-64769031-C-T,7-64769156-TA-T,7-64769259-G-A,7-64769344-A-G,7-64769862-T-G,7-64770462-G-A,7-64770496-C-T,7-64770850-A-C,7-64771126-A-G,7-64771172-A-G,7-64771191-C-T,7-64771705-T-G,7-64529777-G-A,7-64641479-T-G,7-64671823-G-GA,7-64677052-TC-T,7-64681511-A-G,7-64683848-A-G,7-64684073-C-T,7-64691780-A-T,7-64694241-T-A,7-64687000-G-A,7-64692740-T-TTA,7-64641471-T-G,7-64647551-G-A,7-64671366-T-C,7-64680883-G-A,7-64684528-T-C,7-64694563-A-C,7-64698500-C-T,7-64692651-C-G,7-64699105-G-A,7-64646603-G-T,7-64656388-G-A,7-64685676-T-G,7-64645801-C-G,7-64895097-A-ATG,7-64620451-T-G,7-64888700-AC-A,7-64889244-GGAGA-G,7-64890954-T-A,7-64891419-T-A,7-64891534-C-T,7-64891546-A-G,7-64892211-G-A,7-64892398-C-T,7-64892404-C-T,7-64892514-A-G,7-64892516-A-G,7-64892837-G-T,7-64892878-A-G,7-64893470-T-C,7-64893686-T-C,7-64893716-T-C,7-64893877-A-G,7-64893890-A-G,7-64894175-C-T,7-64894282-G-A,7-64894471-G-A,7-64894599-C-T,7-64894603-G-C,7-64894623-CAT-C,7-64894636-T-C,7-64894697-A-G,7-64894819-T-TGACACCTGTGTCAC,7-64894841-C-T,7-64895142-C-CCTGA,7-64895213-T-C,7-64895269-C-T,7-64895354-A-G,7-64895494-C-T,7-64895554-AATT-A,7-64895562-C-CAT,7-64895570-A-G,7-64895664-A-AGTGT,7-64895799-G-A,7-64895860-A-T,7-64895916-C-G,7-64896291-C-G,7-64893233-C-G,7-64615105-T-A,7-64893237-G-A,7-64610245-T-A,7-64897303-T-C,7-64895755-CCTGA-C,7-64721546-A-G,7-64615152-G-A,7-64718484-A-G,7-64718429-T-C,7-64895823-T-C,7-64895619-A-G,7-64700289-G-A,7-64718498-C-T,7-64608231-T-A,7-64619491-T-C,7-64617614-T-C,7-64620753-T-A,7-64605363-CAAAAT-C,7-64604864-AATG-A,7-64605986-GATGAA-G,7-64667586-C-T,7-64655126-T-C,7-64661372-A-G,7-64973825-G-C,7-64974636-A-G,7-64721312-GA-G,7-64606433-G-GATGAA,7-64723071-G-A","ENSG00000241258,ENSG00000213462,ENSG00000198039,ENSG00000126522,ENSG00000236529,ENSG00000169919,ENSG00000152926,ENSG00000196715,ENSG00000164669,ENSG00000234338,ENSG00000229886,ENSG00000146757,ENSG00000272693,ENSG00000197008,ENSG00000287985,ENSG00000196247,ENSG00000234444,ENSG00000173041,ENSG00000228653,ENSG00000271550","ENSG00000234234,ENSG00000231264,ENSG00000224172,ENSG00000226411,ENSG00000289108,ENSG00000152926,ENSG00000277206,ENSG00000272693,ENSG00000213462,ENSG00000235720,ENSG00000287985,ENSG00000173041,ENSG00000227397,ENSG00000196715,ENSG00000230386,ENSG00000226767,ENSG00000287869,ENSG00000201165,ENSG00000226342,ENSG00000230052,ENSG00000207344,ENSG00000276650,ENSG00000241149,ENSG00000235646,ENSG00000248704,ENSG00000238124,ENSG00000146757,ENSG00000223558,ENSG00000224458,ENSG00000176232,ENSG00000196247,ENSG00000228014,ENSG00000198039,ENSG00000271550,ENSG00000182722,ENSG00000230252,ENSG00000232727,ENSG00000234700,ENSG00000213643,ENSG00000225451,ENSG00000235349,ENSG00000126522,ENSG00000224669,ENSG00000277544,ENSG00000275667,ENSG00000164669,ENSG00000248315,ENSG00000213642,ENSG00000223974,ENSG00000213644,ENSG00000271466,ENSG00000228564,ENSG00000278577,ENSG00000236299,ENSG00000287317,ENSG00000229881,ENSG00000223614,ENSG00000286456,ENSG00000197008,ENSG00000282381,ENSG00000169919,ENSG00000189316,ENSG00000213645,ENSG00000235421,ENSG00000287588,ENSG00000236529,ENSG00000236574,ENSG00000237026,ENSG00000233385,ENSG00000223476,ENSG00000235227,ENSG00000276475,ENSG00000223845,ENSG00000231556,ENSG00000227035,ENSG00000230639,ENSG00000229886,ENSG00000234444,ENSG00000286397,ENSG00000287699,ENSG00000228660,ENSG00000241258,ENSG00000197123,ENSG00000232906,ENSG00000234338,ENSG00000233173,ENSG00000228653,ENSG00000229064",ENSG00000164669,Liver eQTLs,train
20016468400092196-92196000007157,chr8,"8-81877396-A-G,8-81876049-A-G,8-81875712-T-TTTGA,8-81876393-C-T,8-81875339-G-C,8-81875332-GGC-G,8-81872711-C-T","ENSG00000251867,ENSG00000147586,ENSG00000237264,ENSG00000188856,ENSG00000272264,ENSG00000254689,ENSG00000076641,ENSG00000170323,ENSG00000133731,ENSG00000104497,ENSG00000280193,ENSG00000147588,ENSG00000260317,ENSG00000253598,ENSG00000076554,ENSG00000104231,ENSG00000164687,ENSG00000205189,ENSG00000253760,ENSG00000253214,ENSG00000164684,ENSG00000254162,ENSG00000164695","ENSG00000254151,ENSG00000240427,ENSG00000133731,ENSG00000253503,ENSG00000205189,ENSG00000254177,ENSG00000254014,ENSG00000253598,ENSG00000104497,ENSG00000289242,ENSG00000254027,ENSG00000253214,ENSG00000076554,ENSG00000272425,ENSG00000076641,ENSG00000253374,ENSG00000254162,ENSG00000205184,ENSG00000286763,ENSG00000260317,ENSG00000188856,ENSG00000251867,ENSG00000164684,ENSG00000254394,ENSG00000254123,ENSG00000104231,ENSG00000253677,ENSG00000272264,ENSG00000164695,ENSG00000280193,ENSG00000237264,ENSG00000253760,ENSG00000164687,ENSG00000205186,ENSG00000197416,ENSG00000254060,ENSG00000147586,ENSG00000147588,ENSG00000254689,ENSG00000253859,ENSG00000170323",ENSG00000164684,Liver eQTLs,train
20016469500092196-92196000007160,chr8,"8-82659306-T-C,8-82659661-G-T,8-82661120-C-G,8-82665476-TGTGA-T,8-82668818-A-G,8-82653644-A-G,8-82657745-A-G,8-82667320-A-G,8-82670771-G-A","ENSG00000104497,ENSG00000104231,ENSG00000170323,ENSG00000253598,ENSG00000133731,ENSG00000254689,ENSG00000253214,ENSG00000237264,ENSG00000164695,ENSG00000147588,ENSG00000280193,ENSG00000164687,ENSG00000076641,ENSG00000164684","ENSG00000253598,ENSG00000253581,ENSG00000164695,ENSG00000170323,ENSG00000254394,ENSG00000147588,ENSG00000133731,ENSG00000076641,ENSG00000253898,ENSG00000164687,ENSG00000253503,ENSG00000104497,ENSG00000237264,ENSG00000274116,ENSG00000253423,ENSG00000164684,ENSG00000280193,ENSG00000254123,ENSG00000104231,ENSG00000254689,ENSG00000254189,ENSG00000253836,ENSG00000253214",ENSG00000164695,Liver eQTLs,train
20016471300092196-92196000006890,chr7,"7-97920623-A-G,7-97929081-A-G,7-97929573-TC-T,7-97949814-C-T,7-97951321-C-T,7-98007541-C-CAT,7-98013107-A-C,7-98023153-T-C,7-98033492-T-C,7-97915635-T-G,7-97915637-A-G,7-97991125-A-G,7-97946299-C-CT,7-97974851-G-A,7-97990106-T-C,7-97977268-G-A,7-97984321-TG-T,7-97993362-T-A,7-97956184-CA-C,7-97986430-T-C,7-97939987-T-A,7-98015049-G-T,7-98005538-A-G","ENSG00000243554,ENSG00000196367,ENSG00000070669,ENSG00000238228,ENSG00000284707,ENSG00000106236,ENSG00000006453,ENSG00000185467,ENSG00000183444,ENSG00000284627,ENSG00000214389,ENSG00000180535,ENSG00000198742,ENSG00000164715,ENSG00000164713,ENSG00000286305","ENSG00000232032,ENSG00000105880,ENSG00000198742,ENSG00000164713,ENSG00000180535,ENSG00000183444,ENSG00000284707,ENSG00000284627,ENSG00000213455,ENSG00000006453,ENSG00000231859,ENSG00000286305,ENSG00000070669,ENSG00000232097,ENSG00000223402,ENSG00000135175,ENSG00000244318,ENSG00000226046,ENSG00000196367,ENSG00000207204,ENSG00000224475,ENSG00000231812,ENSG00000106236,ENSG00000266318,ENSG00000238228,ENSG00000006377,ENSG00000231764,ENSG00000266668,ENSG00000243554,ENSG00000226744,ENSG00000164715,ENSG00000266019,ENSG00000199475,ENSG00000214389,ENSG00000185467,ENSG00000224551,ENSG00000288889,ENSG00000277946",ENSG00000164713,Liver eQTLs,train
20016481800092196-92196000006859,chr7,"7-772025-G-A,7-767487-C-G,7-776817-C-A,7-776818-C-T,7-832603-T-C,7-775823-G-C,7-775075-G-A,7-782866-A-C,7-797132-C-T,7-823834-C-T,7-807380-G-A,7-797505-C-A,7-816188-T-TG,7-808213-A-G,7-808588-C-T,7-808810-C-G,7-809920-T-C,7-810219-T-C,7-810469-C-T,7-819224-C-T,7-803342-G-A,7-780859-T-G,7-821383-G-C,7-775395-G-T,7-776484-T-TTG,7-776484-T-TTG,7-758196-G-A","ENSG00000164818,ENSG00000164850,ENSG00000242611,ENSG00000240093,ENSG00000178381,ENSG00000105963,ENSG00000197461,ENSG00000164828,ENSG00000229043,ENSG00000239857,ENSG00000223855,ENSG00000237181,ENSG00000073067,ENSG00000273230,ENSG00000164855,ENSG00000240230,ENSG00000164880,ENSG00000146540,ENSG00000164877,ENSG00000164849,ENSG00000226291,ENSG00000177706,ENSG00000157778,ENSG00000249852,ENSG00000198517,ENSG00000240859,ENSG00000225981,ENSG00000230487,ENSG00000282572,ENSG00000287342,ENSG00000225968,ENSG00000242474","ENSG00000157778,ENSG00000273644,ENSG00000230444,ENSG00000197461,ENSG00000249852,ENSG00000287342,ENSG00000273230,ENSG00000234471,ENSG00000233082,ENSG00000261795,ENSG00000205971,ENSG00000225981,ENSG00000164853,ENSG00000240230,ENSG00000232325,ENSG00000073067,ENSG00000249574,ENSG00000225968,ENSG00000240093,ENSG00000164849,ENSG00000283061,ENSG00000164818,ENSG00000177706,ENSG00000242474,ENSG00000231927,ENSG00000240859,ENSG00000105963,ENSG00000164850,ENSG00000225146,ENSG00000242611,ENSG00000239715,ENSG00000287883,ENSG00000282572,ENSG00000286764,ENSG00000164877,ENSG00000231476,ENSG00000164828,ENSG00000146540,ENSG00000234977,ENSG00000164880,ENSG00000199023,ENSG00000178381,ENSG00000237181,ENSG00000164855,ENSG00000248767,ENSG00000239857,ENSG00000229380,ENSG00000230487,ENSG00000223855,ENSG00000226291,ENSG00000198517,ENSG00000229043",ENSG00000164818,Liver eQTLs,train
20016527100092196-92196000007374,chr9,9-33467577-T-C,"ENSG00000197579,ENSG00000198876,ENSG00000235481,ENSG00000165271,ENSG00000107201,ENSG00000086065,ENSG00000236184,ENSG00000231991,ENSG00000122692,ENSG00000164972,ENSG00000137074,ENSG00000165272,ENSG00000165269,ENSG00000225693,ENSG00000165006,ENSG00000086062,ENSG00000107341,ENSG00000137073,ENSG00000164978,ENSG00000010438,ENSG00000233554,ENSG00000164976,ENSG00000235453,ENSG00000186638,ENSG00000086061,ENSG00000232303,ENSG00000228352,ENSG00000107262,ENSG00000086102,ENSG00000286322,ENSG00000164970","ENSG00000233776,ENSG00000086102,ENSG00000010438,ENSG00000238886,ENSG00000272113,ENSG00000240215,ENSG00000270542,ENSG00000228072,ENSG00000227383,ENSG00000122692,ENSG00000207032,ENSG00000200834,ENSG00000228352,ENSG00000226801,ENSG00000137073,ENSG00000236796,ENSG00000215206,ENSG00000279336,ENSG00000227301,ENSG00000229207,ENSG00000235481,ENSG00000231991,ENSG00000233554,ENSG00000286322,ENSG00000164970,ENSG00000200544,ENSG00000281128,ENSG00000165271,ENSG00000183938,ENSG00000239392,ENSG00000164976,ENSG00000122728,ENSG00000232303,ENSG00000204982,ENSG00000287063,ENSG00000225123,ENSG00000238300,ENSG00000287495,ENSG00000251748,ENSG00000107262,ENSG00000165006,ENSG00000234122,ENSG00000164972,ENSG00000165272,ENSG00000224802,ENSG00000252164,ENSG00000229063,ENSG00000275651,ENSG00000197579,ENSG00000186638,ENSG00000086062,ENSG00000252224,ENSG00000222426,ENSG00000198876,ENSG00000107201,ENSG00000205274,ENSG00000238001,ENSG00000165269,ENSG00000223807,ENSG00000188133,ENSG00000231165,ENSG00000222259,ENSG00000288949,ENSG00000122711,ENSG00000225693,ENSG00000230867,ENSG00000223394,ENSG00000235453,ENSG00000223440,ENSG00000230516,ENSG00000107341,ENSG00000086061,ENSG00000086065,ENSG00000234373,ENSG00000164978,ENSG00000236184,ENSG00000137074",ENSG00000165271,Liver eQTLs,train
20016531200092196-92196000000834,chr10,"10-23760752-C-G,10-23782010-A-T,10-23780353-G-C,10-23783728-G-A,10-23799818-A-G,10-23802824-A-G,10-23805829-C-T,10-23806687-G-A,10-23797174-A-G,10-23785362-T-C,10-23788086-G-T,10-23806382-A-G,10-23806720-T-C,10-23796534-G-A,10-23781797-A-G,10-23784211-T-C,10-23802927-TA-T,10-23785999-A-G,10-23794240-G-T,10-23794804-C-T,10-23794978-G-C,10-23795123-A-G,10-23795199-G-A,10-23795335-TAAAAC-T,10-23795507-C-A,10-23795529-T-C,10-23795612-A-G,10-23798572-T-C,10-23798928-G-A,10-23799368-T-C,10-23799473-A-G,10-23799725-G-C,10-23800478-G-A,10-23800658-C-A,10-23800947-T-C,10-23801360-A-G,10-23801711-G-A,10-23802005-A-G,10-23804407-C-T,10-23804769-C-T,10-23797760-G-A,10-23763253-T-C,10-23784108-A-ATTTTAT,10-23763629-A-C,10-23799444-T-C,10-23781152-C-T,10-23781691-CAG-C,10-23788291-A-C,10-23766782-C-T,10-23770360-G-A,10-23763444-T-C,10-23763500-T-C,10-23767334-T-C,10-23767427-A-G,10-23767718-TTGCC-T,10-23767853-C-T,10-23768713-C-T,10-23768897-T-C,10-23769904-C-T,10-23769904-C-T,10-23770781-A-G,10-23771549-T-C,10-23773870-T-C,10-23765846-C-T,10-23784410-C-T,10-23789218-G-A,10-23798050-A-G,10-23797775-A-G,10-23802046-A-G,10-23774834-A-G,10-23776463-C-T,10-23785135-T-C,10-23788819-C-T,10-23762125-T-C,10-23776811-A-G,10-23791534-T-C,10-23791956-T-C,10-23798576-T-C,10-23801555-C-T,10-23804215-C-A,10-23805839-A-T,10-23778458-C-A,10-23778429-A-G,10-23779283-G-T,10-23801342-C-G,10-23807420-TTTCC-T,10-23764185-C-G,10-23787298-T-C,10-23787284-G-T,10-23763508-G-A,10-23763918-A-C,10-23763844-T-C,10-23778598-T-A,10-23778610-A-T,10-23770658-G-A,10-23770848-A-G,10-23808646-G-A,10-23767059-G-GA,10-23760147-G-A,10-23802952-G-T,10-23803003-C-T,10-23749512-T-C,10-23749192-G-T,10-23742383-G-A,10-23743726-C-T,10-23749731-G-A,10-23741665-T-C,10-23746371-G-A,10-23751487-A-G,10-23751504-T-G,10-23751875-A-G,10-23752038-G-A,10-23752636-G-T,10-23754488-T-A,10-23754810-G-T,10-23755039-G-A,10-23756998-G-A,10-23766137-C-T,10-23767073-A-T,10-23753230-T-A,10-23753230-T-A,10-23753229-T-TA,10-23803020-C-T,10-23769507-T-G,10-23763097-T-G,10-23741645-A-G,10-23745727-G-A,10-23746951-A-G,10-23753611-T-C,10-23753617-C-T,10-23757232-A-G,10-23757870-A-G,10-23758788-A-G,10-23743235-A-T,10-23739583-C-A,10-23740971-A-G,10-23774715-G-A,10-23737236-A-G,10-23720555-G-A,10-23735459-T-C,10-23736523-G-A,10-23716367-T-A,10-23723000-T-C,10-23713792-T-G,10-23734738-A-G,10-23733526-C-CT","ENSG00000165312,ENSG00000120549,ENSG00000150867,ENSG00000148450","ENSG00000277563,ENSG00000148450,ENSG00000165312,ENSG00000286951,ENSG00000207930,ENSG00000286924,ENSG00000223928,ENSG00000206842,ENSG00000120549,ENSG00000150867,ENSG00000199535,ENSG00000287124,ENSG00000227537,ENSG00000264574,ENSG00000252049,ENSG00000286442,ENSG00000168267,ENSG00000289188,ENSG00000165309,ENSG00000224215,ENSG00000223131",ENSG00000165312,Liver eQTLs,train
20016542400092196-92196000001004,chr10,"10-81184520-C-T,10-81178171-T-C,10-81180962-C-T,10-81181099-C-T,10-81181631-C-T,10-81182802-G-A,10-81180767-C-T,10-81183428-A-G,10-81186229-C-A,10-81186077-C-T","ENSG00000273372,ENSG00000122852,ENSG00000237523,ENSG00000280355,ENSG00000278616,ENSG00000108175,ENSG00000133678,ENSG00000253626,ENSG00000122359,ENSG00000165424,ENSG00000188199,ENSG00000133661,ENSG00000133665,ENSG00000230091,ENSG00000151224,ENSG00000185303,ENSG00000283101,ENSG00000225484,ENSG00000272447,ENSG00000122378,ENSG00000189129,ENSG00000234743,ENSG00000283913,ENSG00000224596,ENSG00000242600,ENSG00000108179,ENSG00000244733","ENSG00000242600,ENSG00000225484,ENSG00000279359,ENSG00000233353,ENSG00000122359,ENSG00000108179,ENSG00000122378,ENSG00000224596,ENSG00000235858,ENSG00000133665,ENSG00000283913,ENSG00000122852,ENSG00000189129,ENSG00000151224,ENSG00000108175,ENSG00000227209,ENSG00000280355,ENSG00000272447,ENSG00000234382,ENSG00000231060,ENSG00000231082,ENSG00000244733,ENSG00000233703,ENSG00000188199,ENSG00000234743,ENSG00000226466,ENSG00000234319,ENSG00000133678,ENSG00000165424,ENSG00000287358,ENSG00000253626,ENSG00000278616,ENSG00000230091,ENSG00000185303,ENSG00000283101,ENSG00000273372,ENSG00000232950,ENSG00000170788,ENSG00000133661,ENSG00000237523",ENSG00000165424,Liver eQTLs,train
20016547100092196-92196000000945,chr10,"10-54534613-A-G,10-54533873-A-G,10-54531685-G-C,10-54535020-T-C,10-54535840-T-G,10-54536083-G-C","ENSG00000227121,ENSG00000107984,ENSG00000165471","ENSG00000223800,ENSG00000221594,ENSG00000227121,ENSG00000224697,ENSG00000228048,ENSG00000236958,ENSG00000165471,ENSG00000233805,ENSG00000252252,ENSG00000234173,ENSG00000107984",ENSG00000165471,Liver eQTLs,train
20016556800092196-92196000000902,chr10,"10-4868120-T-G,10-4865554-A-G,10-4865622-A-G,10-4865751-C-T,10-4867313-A-T,10-4866482-C-G,10-4867711-T-C","ENSG00000198610,ENSG00000224251,ENSG00000196139,ENSG00000108021,ENSG00000228291,ENSG00000231039,ENSG00000264006,ENSG00000224034,ENSG00000187134,ENSG00000205488,ENSG00000165568,ENSG00000287848,ENSG00000196372,ENSG00000151631,ENSG00000151632,ENSG00000178363,ENSG00000231298,ENSG00000225418,ENSG00000173848,ENSG00000270427,ENSG00000242147","ENSG00000264006,ENSG00000287848,ENSG00000151631,ENSG00000287566,ENSG00000231298,ENSG00000287235,ENSG00000228291,ENSG00000287246,ENSG00000227101,ENSG00000187134,ENSG00000287023,ENSG00000231039,ENSG00000239148,ENSG00000286687,ENSG00000198610,ENSG00000238840,ENSG00000224382,ENSG00000228685,ENSG00000226005,ENSG00000230096,ENSG00000239142,ENSG00000178462,ENSG00000242147,ENSG00000225418,ENSG00000151632,ENSG00000224034,ENSG00000196372,ENSG00000178363,ENSG00000280450,ENSG00000205488,ENSG00000224251,ENSG00000288922,ENSG00000108021,ENSG00000178473,ENSG00000196139,ENSG00000270427,ENSG00000225269,ENSG00000165568,ENSG00000236990,ENSG00000240577,ENSG00000223987,ENSG00000274809,ENSG00000173848",ENSG00000165568,Liver eQTLs,train
20016567800092196-92196000001030,chr10,"10-85888300-C-T,10-85898172-C-G,10-85898455-G-A,10-85899259-T-A,10-85899779-C-T,10-85906828-AT-A,10-85908955-T-A,10-85910311-C-G,10-85887865-G-A,10-85899713-C-T","ENSG00000107771,ENSG00000165678,ENSG00000178429,ENSG00000148600","ENSG00000212332,ENSG00000252292,ENSG00000287057,ENSG00000230962,ENSG00000270002,ENSG00000224504,ENSG00000178429,ENSG00000200487,ENSG00000223993,ENSG00000237267,ENSG00000278333,ENSG00000122375,ENSG00000230507,ENSG00000199104,ENSG00000148600,ENSG00000234942,ENSG00000223064,ENSG00000280134,ENSG00000288218,ENSG00000165678,ENSG00000279910,ENSG00000286359,ENSG00000270874,ENSG00000107771,ENSG00000236606",ENSG00000165678,Liver eQTLs,train
20016573000092196-92196000000973,chr10,"10-70586459-T-C,10-70603360-G-A,10-70599221-C-T,10-70587193-C-G,10-70599126-G-A,10-70601760-G-GGT,10-70586998-G-C,10-70587148-G-A,10-70553457-G-A,10-70482737-T-C,10-70493039-G-A,10-70508874-T-C,10-70566371-G-A,10-70474361-A-C,10-70477779-A-C,10-70478713-C-A,10-70481214-G-A,10-70482693-A-C,10-70486582-G-A,10-70493634-T-G,10-70499412-C-G,10-70501910-G-A,10-70519747-A-G,10-70521132-C-T,10-70522931-C-T,10-70524689-A-G,10-70527832-T-C,10-70529963-A-G,10-70531644-G-GA,10-70536319-G-A,10-70544831-T-C,10-70545279-G-A,10-70546223-C-T,10-70552676-G-C,10-70561731-G-A,10-70563079-G-A,10-70565659-C-T,10-70566150-G-A,10-70570948-C-T,10-70573834-G-A,10-70577675-T-C,10-70578138-T-A,10-70484856-G-A,10-70553475-G-GT,10-70575398-G-A,10-70585132-C-T,10-70518365-C-CGT,10-70561525-G-A,10-70516744-A-G,10-70521124-A-G,10-70571693-C-CT,10-70583555-C-T,10-70574867-A-AAT,10-70580477-T-C,10-70493123-C-T,10-70559700-CTG-C,10-70577656-GC-G","ENSG00000179774,ENSG00000108176,ENSG00000099282,ENSG00000287306,ENSG00000171224,ENSG00000197467,ENSG00000096746,ENSG00000226318,ENSG00000213025,ENSG00000138336,ENSG00000156510,ENSG00000260400,ENSG00000122958,ENSG00000122912,ENSG00000156515,ENSG00000122862,ENSG00000060339,ENSG00000165732,ENSG00000156502,ENSG00000075073,ENSG00000096717,ENSG00000108187,ENSG00000138346,ENSG00000165730,ENSG00000272892,ENSG00000107625,ENSG00000204130,ENSG00000198954,ENSG00000148634,ENSG00000233590","ENSG00000166220,ENSG00000235524,ENSG00000165732,ENSG00000075073,ENSG00000156515,ENSG00000223817,ENSG00000060339,ENSG00000108176,ENSG00000138336,ENSG00000156510,ENSG00000122958,ENSG00000107625,ENSG00000226794,ENSG00000224725,ENSG00000179774,ENSG00000260400,ENSG00000165730,ENSG00000232142,ENSG00000231152,ENSG00000230469,ENSG00000285300,ENSG00000197467,ENSG00000237512,ENSG00000156502,ENSG00000198954,ENSG00000235803,ENSG00000108187,ENSG00000171224,ENSG00000122912,ENSG00000272892,ENSG00000099282,ENSG00000213025,ENSG00000096746,ENSG00000233590,ENSG00000204130,ENSG00000231366,ENSG00000271409,ENSG00000287306,ENSG00000138346,ENSG00000230755,ENSG00000289362,ENSG00000122862,ENSG00000289193,ENSG00000148634,ENSG00000226318,ENSG00000259267,ENSG00000096717,ENSG00000230661",ENSG00000165730,Liver eQTLs,train
20016587400092196-92196000000878,chr10,"10-46908136-A-T,10-46910192-G-A,10-46936980-C-T,10-46931731-G-A,10-46930830-C-T,10-46943199-G-T,10-46910196-A-C,10-46910553-T-C,10-46915386-A-T,10-46906753-C-G,10-46932208-C-CCAG","ENSG00000279058,ENSG00000263761,ENSG00000204172,ENSG00000204176,ENSG00000188234,ENSG00000273363,ENSG00000272430,ENSG00000264230,ENSG00000229927,ENSG00000165507,ENSG00000172671,ENSG00000239883,ENSG00000172661,ENSG00000273760,ENSG00000265190,ENSG00000189014,ENSG00000263639,ENSG00000128815,ENSG00000231187,ENSG00000264404,ENSG00000165511,ENSG00000251079,ENSG00000231964,ENSG00000226937,ENSG00000237840,ENSG00000107551,ENSG00000165512,ENSG00000270258,ENSG00000276850,ENSG00000165406,ENSG00000265366,ENSG00000204175,ENSG00000266412,ENSG00000204177,ENSG00000266217,ENSG00000107643,ENSG00000215097,ENSG00000266524,ENSG00000204179,ENSG00000264204,ENSG00000289092,ENSG00000265354,ENSG00000012779,ENSG00000165874,ENSG00000128805","ENSG00000264217,ENSG00000289299,ENSG00000215097,ENSG00000204177,ENSG00000224919,ENSG00000270369,ENSG00000237840,ENSG00000107643,ENSG00000280012,ENSG00000274186,ENSG00000204174,ENSG00000279058,ENSG00000165507,ENSG00000128815,ENSG00000251079,ENSG00000289636,ENSG00000231187,ENSG00000107551,ENSG00000204175,ENSG00000265354,ENSG00000189014,ENSG00000273225,ENSG00000273363,ENSG00000276850,ENSG00000265733,ENSG00000128805,ENSG00000204172,ENSG00000264230,ENSG00000265190,ENSG00000265203,ENSG00000263761,ENSG00000150175,ENSG00000263639,ENSG00000270258,ENSG00000189090,ENSG00000289092,ENSG00000165511,ENSG00000264204,ENSG00000229927,ENSG00000266217,ENSG00000252877,ENSG00000274209,ENSG00000204176,ENSG00000264404,ENSG00000273760,ENSG00000172671,ENSG00000266524,ENSG00000165874,ENSG00000188234,ENSG00000213412,ENSG00000231964,ENSG00000172661,ENSG00000276544,ENSG00000165512,ENSG00000012779,ENSG00000204179,ENSG00000239883,ENSG00000266412,ENSG00000263482,ENSG00000165406,ENSG00000226937,ENSG00000272430,ENSG00000265366",ENSG00000165874,Liver eQTLs,train
20016603500092196-92196000002394,chr15,"15-58723479-T-C,15-58723939-G-A,15-58723675-C-T,15-58723426-A-G,15-58722590-G-GC,15-58726968-C-CGCTGCTCCAAAGAGCAGCT,15-58726744-G-C,15-58727325-A-G,15-58730498-C-T,15-58731153-G-C","ENSG00000259674,ENSG00000245975,ENSG00000157450,ENSG00000276772,ENSG00000263155,ENSG00000171989,ENSG00000128918,ENSG00000166035,ENSG00000259476,ENSG00000259293,ENSG00000259732,ENSG00000128923,ENSG00000103569,ENSG00000157483,ENSG00000259250,ENSG00000259600,ENSG00000288745,ENSG00000259353,ENSG00000255529,ENSG00000137776,ENSG00000282100,ENSG00000261265,ENSG00000259379,ENSG00000137878,ENSG00000277229,ENSG00000157456","ENSG00000259476,ENSG00000270986,ENSG00000259238,ENSG00000200070,ENSG00000166035,ENSG00000128918,ENSG00000274719,ENSG00000243780,ENSG00000259285,ENSG00000259750,ENSG00000259732,ENSG00000286897,ENSG00000261265,ENSG00000288745,ENSG00000259738,ENSG00000263155,ENSG00000157456,ENSG00000157483,ENSG00000259379,ENSG00000277229,ENSG00000245975,ENSG00000259393,ENSG00000137776,ENSG00000128923,ENSG00000200252,ENSG00000259674,ENSG00000259250,ENSG00000259293,ENSG00000259353,ENSG00000227161,ENSG00000201704,ENSG00000259600,ENSG00000259402,ENSG00000182625,ENSG00000103569,ENSG00000259735,ENSG00000157450,ENSG00000278513,ENSG00000255529,ENSG00000241640,ENSG00000199512,ENSG00000171989,ENSG00000137878,ENSG00000259477,ENSG00000259626,ENSG00000282100,ENSG00000199730,ENSG00000240934,ENSG00000259651,ENSG00000259173,ENSG00000276772,ENSG00000253030",ENSG00000166035,Liver eQTLs,train
20016603700092196-92196000001482,chr11,"11-95593997-A-G,11-95588415-TTTTA-T,11-95591872-A-G,11-95587640-G-A,11-95591351-C-T,11-95664683-G-A,11-95665194-G-A,11-95670421-T-C,11-95674137-G-A,11-95674163-G-T,11-95655856-A-C,11-95601168-G-A,11-95603051-G-A,11-95604531-T-C,11-95620336-T-A,11-95625764-A-G,11-95638073-T-C,11-95630602-G-A,11-95678001-G-A,11-95656199-A-T,11-95643632-T-C,11-95584261-C-T","ENSG00000184384,ENSG00000149231,ENSG00000149218,ENSG00000183340,ENSG00000150316,ENSG00000245552,ENSG00000077458,ENSG00000166037,ENSG00000087053,ENSG00000263465,ENSG00000149212,ENSG00000186280,ENSG00000270689","ENSG00000263465,ENSG00000256469,ENSG00000183340,ENSG00000255929,ENSG00000274486,ENSG00000255653,ENSG00000149212,ENSG00000235268,ENSG00000149231,ENSG00000213368,ENSG00000150316,ENSG00000257012,ENSG00000233536,ENSG00000288789,ENSG00000285921,ENSG00000245552,ENSG00000184384,ENSG00000255666,ENSG00000242993,ENSG00000255679,ENSG00000222578,ENSG00000273600,ENSG00000250390,ENSG00000270689,ENSG00000186280,ENSG00000256779,ENSG00000255605,ENSG00000255855,ENSG00000282834,ENSG00000254587,ENSG00000166037,ENSG00000087053,ENSG00000149218,ENSG00000077458,ENSG00000256684,ENSG00000285842,ENSG00000200411",ENSG00000166037,Liver eQTLs,train
20016613000092196-92196000001858,chr12,"12-99038708-C-CCCACAGCGCCTT,12-99043207-A-G,12-99044157-G-A,12-99044920-C-T,12-99029299-A-G,12-99059900-A-G,12-99071023-T-C,12-99085026-C-A,12-99085027-C-A,12-99088223-A-T,12-99017217-C-CTCA,12-99023846-G-A,12-99097911-T-G,12-99115668-C-G,12-99127431-T-G,12-99060813-G-A,12-99020928-G-T,12-99025911-C-T,12-99031051-G-T,12-99072233-G-A,12-99120070-T-G,12-99124597-T-TA,12-99034042-G-A,12-99034489-T-C","ENSG00000227825,ENSG00000120802,ENSG00000120868,ENSG00000212443,ENSG00000245017,ENSG00000257167,ENSG00000075415,ENSG00000166130","ENSG00000286056,ENSG00000120868,ENSG00000227825,ENSG00000166130,ENSG00000075415,ENSG00000180219,ENSG00000201296,ENSG00000245017,ENSG00000257167,ENSG00000257580,ENSG00000212443,ENSG00000258312,ENSG00000287675,ENSG00000225185,ENSG00000258204,ENSG00000120802,ENSG00000257458,ENSG00000202324,ENSG00000258039",ENSG00000166130,Liver eQTLs,train
20016616500092196-92196000002014,chr14,"14-104011429-G-A,14-104017793-G-A,14-103999750-C-T,14-104006693-G-T,14-104018651-A-G,14-104013073-GAC-G,14-103992096-C-G,14-104008159-C-T,14-104008136-CAGG-C,14-104004968-C-T,14-104006342-C-T,14-104006716-T-C,14-104006414-C-G,14-103996205-T-C,14-104000518-G-T,14-104002234-G-A,14-103991478-T-A,14-103997248-C-A,14-103996733-C-G","ENSG00000126215,ENSG00000205436,ENSG00000272533,ENSG00000270108,ENSG00000269958,ENSG00000278071,ENSG00000166126,ENSG00000198752,ENSG00000259775,ENSG00000166165,ENSG00000089902,ENSG00000075413,ENSG00000256053,ENSG00000288610,ENSG00000246451,ENSG00000156411,ENSG00000166166,ENSG00000259515,ENSG00000289207,ENSG00000126214,ENSG00000258913,ENSG00000269940,ENSG00000088808,ENSG00000100664,ENSG00000166183,ENSG00000066735,ENSG00000185215,ENSG00000100711,ENSG00000270938,ENSG00000260285,ENSG00000131323,ENSG00000251533,ENSG00000156414,ENSG00000227729","ENSG00000246451,ENSG00000253096,ENSG00000213176,ENSG00000240624,ENSG00000100664,ENSG00000075413,ENSG00000156411,ENSG00000283071,ENSG00000269910,ENSG00000205436,ENSG00000258913,ENSG00000258858,ENSG00000166183,ENSG00000239365,ENSG00000202275,ENSG00000270705,ENSG00000185215,ENSG00000100711,ENSG00000244691,ENSG00000166126,ENSG00000258851,ENSG00000258534,ENSG00000252469,ENSG00000198752,ENSG00000222761,ENSG00000259515,ENSG00000207568,ENSG00000259775,ENSG00000156414,ENSG00000278071,ENSG00000270108,ENSG00000288610,ENSG00000066735,ENSG00000258748,ENSG00000288459,ENSG00000126215,ENSG00000227729,ENSG00000259428,ENSG00000126214,ENSG00000089902,ENSG00000259535,ENSG00000269958,ENSG00000131323,ENSG00000259525,ENSG00000269940,ENSG00000251533,ENSG00000256053,ENSG00000260792,ENSG00000166165,ENSG00000259067,ENSG00000242894,ENSG00000272533,ENSG00000265291,ENSG00000213159,ENSG00000088808,ENSG00000260285,ENSG00000201184,ENSG00000270938,ENSG00000289207,ENSG00000166166,ENSG00000258598,ENSG00000243904",ENSG00000166165,Liver eQTLs,train
20016626300092196-92196000003154,chr17,"17-53066609-T-C,17-53045243-G-A,17-53068930-A-G,17-53019712-T-C,17-53044383-AAAT-A,17-53033007-T-G,17-53041857-A-G,17-53035602-C-T,17-53038430-A-G,17-53039315-C-T,17-53043050-T-C,17-53025480-T-C,17-53036028-C-T,17-53021955-A-G,17-53029614-A-G,17-53022049-T-C,17-53039325-CT-C,17-53007655-T-G,17-53008873-T-G,17-53039483-G-A,17-53022714-A-T,17-53012379-G-T,17-53011172-A-G,17-53062553-G-A,17-53050025-C-T,17-53057715-G-A,17-53005586-C-T,17-53018825-T-G,17-53018824-C-T,17-53099514-C-T,17-53094754-G-A,17-53095046-A-G,17-53095366-G-A,17-53151290-A-G,17-53090474-A-C,17-53147716-T-G,17-53094122-T-C,17-53095061-G-C,17-53072993-A-C,17-53096771-T-C,17-53076447-T-TG,17-53097808-CTGTT-C,17-53127255-C-G,17-53113768-T-TAG","ENSG00000108924,ENSG00000236319,ENSG00000108960,ENSG00000275710,ENSG00000141179,ENSG00000166260,ENSG00000279059,ENSG00000263096,ENSG00000166292,ENSG00000141198,ENSG00000166263","ENSG00000263096,ENSG00000166263,ENSG00000226364,ENSG00000141198,ENSG00000262518,ENSG00000263189,ENSG00000262271,ENSG00000227011,ENSG00000108960,ENSG00000236319,ENSG00000141200,ENSG00000166260,ENSG00000108924,ENSG00000141179,ENSG00000166292,ENSG00000262384,ENSG00000263252,ENSG00000279059,ENSG00000275710,ENSG00000263317",ENSG00000166263,Liver eQTLs,train
20016632100092196-92196000000989,chr10,"10-74901138-T-C,10-74930276-A-G,10-74917480-C-CA,10-74920041-CA-C,10-74875759-AT-A,10-74920049-A-G,10-74896912-T-TA,10-74930282-A-AAAAAT,10-74939180-T-TTCTG,10-74938733-G-T,10-74872654-C-CT,10-74940940-A-T,10-74910034-C-G,10-74872178-CT-C,10-74890247-C-T,10-74929392-A-T,10-74925376-G-GT,10-75094342-C-CT,10-74869153-C-T,10-74869637-G-A,10-74875102-T-C,10-74883668-C-T,10-74885830-T-C,10-74886043-T-C,10-74889270-G-A,10-74890449-T-A,10-74892589-A-C,10-74894375-T-C,10-74895245-G-C,10-74896664-T-C,10-74897271-C-T,10-74901927-G-A,10-74902028-A-T,10-74903148-A-G,10-74903409-T-A,10-74905061-T-C,10-74907005-CAAT-C,10-74908865-G-A,10-74910452-C-T,10-74912434-C-T,10-74913459-G-C,10-74916002-T-G,10-74916173-T-A,10-74917613-A-G,10-74918550-G-A,10-74921064-A-G,10-74924249-G-A,10-74926220-C-T,10-74926306-A-G,10-74928317-AG-A,10-74951080-T-C,10-74934801-AAAAC-A,10-74895525-A-T,10-74900783-C-T,10-74991399-T-A,10-74862983-A-G,10-74863419-C-T,10-74864388-T-C,10-74864504-A-G,10-74865103-G-A,10-74865282-A-G,10-74865383-A-C,10-74865567-C-T,10-74866583-G-A,10-74866783-T-G,10-74868280-T-C,10-74868417-G-T,10-74869729-C-T,10-74869791-G-A,10-74870507-A-C,10-74870769-T-C,10-74870853-T-G,10-74870854-A-C,10-74871742-A-G,10-74872475-A-G,10-74872731-T-C,10-74873746-A-G,10-74875212-G-GC,10-74875213-T-C,10-74876048-T-C,10-74876175-A-T,10-74876315-G-A,10-74878351-G-T,10-74879374-A-C,10-74879640-A-G,10-74880653-G-A,10-74883217-C-A,10-74883654-T-C,10-74883756-T-C,10-74883844-GC-G,10-74885588-A-G,10-74886392-GC-G,10-74887413-G-A,10-74888994-A-G,10-74889223-T-C,10-74891189-C-G,10-74893418-A-G,10-74893533-A-T,10-74893963-G-C,10-74894258-T-C,10-74895790-T-C,10-74897691-A-C,10-74897816-C-T,10-74898256-T-G,10-74898465-T-C,10-74898482-A-G,10-74898711-T-C,10-74898714-T-TTTGAG,10-74899134-C-G,10-74899845-A-C,10-74900935-T-C,10-74902354-T-C,10-74903510-A-G,10-74904491-C-A,10-74904859-C-T,10-74905920-A-C,10-74906464-A-G,10-74906547-A-G,10-74906880-C-CTA,10-74907390-T-G,10-74909097-C-CA,10-74909155-C-T,10-74909582-A-G,10-74909801-A-C,10-74910023-A-C,10-74910469-A-G,10-74910548-G-A,10-74910835-G-A,10-74911095-C-T,10-74912004-T-C,10-74913082-T-C,10-74914256-T-G,10-74914302-A-T,10-74914399-T-C,10-74917409-G-A,10-74918268-T-C,10-74918401-A-C,10-74918486-C-G,10-74920436-C-T,10-74921082-C-G,10-74921992-T-C,10-74922627-A-G,10-74922748-T-A,10-74923132-A-G,10-74923562-C-T,10-74923791-C-T,10-74925559-T-TA,10-74925602-G-A,10-74925828-G-A,10-74927069-A-G,10-74927484-A-G,10-74931632-T-C,10-74931731-G-A,10-74931850-G-GTTA,10-74932454-C-T,10-74932676-C-T,10-74933189-T-TAGAG,10-74933202-C-A,10-74934314-T-C,10-74934442-C-T,10-74935038-A-G,10-74935391-G-A,10-74935722-G-C,10-74936310-T-A,10-74936522-T-C,10-74936770-C-T,10-74937506-A-T,10-74938039-T-C,10-74938107-G-A,10-74939727-C-A,10-74940081-T-C,10-74940688-A-G,10-74940827-C-T,10-74941699-G-A,10-74941706-T-A,10-74944774-G-A,10-74945739-T-C,10-74948072-G-A,10-74949172-G-C,10-74951029-T-C,10-74951218-T-C,10-74951489-G-A,10-74963401-A-ATTT,10-74963401-A-ATTT,10-74855280-TAA-T,10-74941991-A-T,10-75234194-T-A,10-74896738-TTA-T,10-75074974-CAAAA-C,10-75000698-T-C,10-75083780-C-G,10-75067747-CAAA-C,10-75105664-A-T,10-74969657-AT-A,10-74861794-C-CAA,10-74862047-C-A,10-75133789-A-G,10-74935691-G-A,10-75083871-T-G,10-74975154-T-A,10-74861232-C-G,10-75055147-A-G,10-74860767-A-T,10-74988367-A-AT,10-75064617-AC-A,10-75098197-T-A,10-75063965-T-C,10-75044430-T-TG,10-75059463-A-T,10-75016364-T-A,10-75030176-C-T,10-75030167-C-T,10-75030170-T-C,10-75030192-T-C,10-75030193-C-T,10-75030179-C-T,10-75030200-C-T,10-74859344-G-T,10-75055061-A-G,10-75073606-G-A,10-75021834-T-TGTA,10-75013023-ATT-A,10-75028442-G-A,10-75044826-C-T,10-75021826-TG-T,10-75042395-A-G,10-75011300-AT-A,10-75011309-T-A,10-75042392-A-C,10-75042393-G-A,10-75159905-CACAA-C,10-74882967-A-T,10-74895426-C-T,10-74901265-G-T,10-74924054-G-A,10-74931982-G-C,10-74953040-T-A,10-74872008-G-A,10-74872802-C-T,10-74890321-T-G,10-74893932-A-G,10-74894796-A-G,10-74909188-A-G,10-74950306-G-A,10-74950538-A-C,10-74953412-C-G,10-75154043-C-T,10-75063349-GA-G,10-74956839-G-A,10-74956950-T-TG,10-74957204-G-GT,10-74957286-A-G,10-74957896-G-A,10-74958512-G-A,10-74959222-T-C,10-74959244-A-G,10-74960524-G-A,10-74961662-C-T,10-74961737-A-T,10-74962052-T-TAGC,10-74962974-C-G,10-74965092-CCA-C,10-74965466-T-C,10-74965815-A-G,10-74965896-A-G,10-74965963-A-G,10-74966614-G-A,10-74967091-A-G,10-74969078-T-C,10-74969575-T-C,10-74970785-T-A,10-74971691-A-C,10-74977339-A-C,10-74981292-G-T,10-74985515-A-G,10-74987475-G-A,10-74991561-A-G,10-74997839-T-C,10-75002177-A-G,10-75003093-C-T,10-75006115-AT-A,10-75006804-A-G,10-75010996-T-C,10-75014313-T-C,10-75017905-A-G,10-75021682-T-A,10-75023000-A-AG,10-75027598-A-G,10-75035257-T-C,10-75036294-C-G,10-75037403-A-G,10-75038714-C-G,10-75058316-C-T,10-75059500-T-C,10-75059565-G-A,10-75062164-C-G,10-75067403-A-C,10-75068177-A-G,10-75071418-C-T,10-75076059-T-G,10-75076504-T-C,10-75077548-C-T,10-75078136-T-G,10-75079081-C-T,10-75083447-T-C,10-75083459-T-C,10-75084762-T-C,10-75087428-C-T,10-75089190-C-T,10-75089464-C-G,10-75095707-T-TG,10-75097196-A-C,10-75099579-T-TCA,10-75102638-T-G,10-75103697-T-C,10-75109267-T-C,10-75110068-G-A,10-75110074-A-ATAACATACTTACCTATGTGG,10-75110345-C-T,10-75115117-A-G,10-75118003-C-G,10-75122238-T-C,10-75123399-G-A,10-75131013-C-T,10-75133893-T-C,10-75134804-T-C,10-75135411-G-GA,10-75141746-G-C,10-75142077-A-ATCTCAT,10-75132553-C-G,10-75094823-T-C,10-75094818-CTT-C,10-74931992-C-T,10-74932277-C-T,10-74932323-G-T,10-74933142-A-G,10-74936893-C-T,10-74938144-G-C,10-74942632-G-T,10-74944229-A-G,10-74946444-G-A,10-74953929-G-A,10-74852144-C-G,10-75062604-C-T,10-75211831-T-A,10-74846670-T-C,10-74844900-T-TA,10-75240933-T-C,10-75071020-C-CTG,10-75071020-C-CTG,10-74991977-G-GA,10-75132950-A-G,10-75250828-G-A,10-75159578-C-CA,10-74954530-C-T,10-74789400-G-T,10-75000937-A-G,10-74832978-CTTT-C,10-75243896-C-CA,10-75146651-C-T,10-75147857-G-A,10-75155997-G-A,10-75156036-C-T,10-75157284-T-C,10-75157347-G-C,10-75157501-A-C,10-75158772-A-G,10-75159535-A-G,10-75159617-T-C,10-75160478-A-T,10-75164914-C-T,10-75171856-A-G,10-75173889-A-G,10-75220933-T-C,10-75221285-A-C,10-75232994-G-T,10-75233982-G-GTA,10-75234826-C-T,10-75261621-A-G,10-74874262-T-C,10-74805631-C-CAAA,10-75152152-C-CA,10-75152152-C-CA,10-74975873-A-ATCT,10-74981124-T-TAG,10-74981126-T-G,10-74983290-A-G,10-74984482-G-A,10-74984503-C-T,10-74986243-A-G,10-74986567-AC-A,10-74989281-T-C,10-74989341-T-G,10-74990789-A-G,10-74992157-A-C,10-74992173-A-G,10-74993884-A-T,10-74995511-C-T,10-74995827-G-A,10-74995970-CA-C,10-74997915-T-C,10-75002279-G-A,10-75005552-G-A,10-75007275-A-C,10-75007588-A-C,10-75013883-CCT-C,10-75014042-G-A,10-75014463-C-G,10-75015582-C-A,10-75015587-G-A,10-75016427-C-T,10-75016444-A-G,10-75017628-T-C,10-75018873-T-C,10-75019264-C-A,10-75022070-A-C,10-75022341-T-A,10-75023248-A-G,10-75023823-C-T,10-75025114-A-G,10-75025252-G-C,10-75026656-AT-A,10-75027209-G-C,10-75027962-A-G,10-75031778-A-G,10-75032855-AT-A,10-75032930-C-T,10-75034177-T-C,10-75036478-T-C,10-75036686-C-T,10-75036859-A-G,10-75037268-C-T,10-75038612-A-G,10-75038696-G-A,10-75039021-A-G,10-75040658-C-T,10-75041553-A-T,10-75041982-C-T,10-75042789-C-T,10-75043507-T-G,10-75044837-T-C,10-75045724-G-C,10-75046063-G-A,10-75046843-G-T,10-75047784-C-T,10-75048759-G-A,10-75049112-T-C,10-75049407-A-T,10-75051984-T-C,10-75053202-GT-G,10-75054568-T-C,10-75055948-T-C,10-75056637-G-A,10-75058601-G-C,10-75060237-C-T,10-75060378-C-T,10-75060659-T-G,10-75061156-T-A,10-75061455-C-T,10-75063119-A-G,10-75064776-C-T,10-75066739-C-CT,10-75067838-G-A,10-75069575-C-T,10-75069872-T-C,10-75071041-T-C,10-75071579-C-T,10-75072029-C-T,10-75072199-G-C,10-75072957-C-T,10-75073188-T-C,10-75074658-T-C,10-75074676-T-G,10-75075491-C-T,10-75075901-G-A,10-75076608-G-A,10-75077296-T-C,10-75078264-G-C,10-75080045-A-G,10-75080216-G-A,10-75082401-G-GATTCA,10-75082959-A-T,10-75083537-T-C,10-75084081-G-A,10-75084651-C-G,10-75088989-A-G,10-75089778-A-G,10-75090164-T-C,10-75090820-C-A,10-75091257-C-G,10-75091792-T-A,10-75092070-T-C,10-75092686-T-C,10-75094399-G-A,10-75094463-G-A,10-75095349-G-A,10-75098431-C-A,10-75098924-T-C,10-75099470-G-A,10-75100594-C-T,10-75101629-A-G,10-75101690-A-G,10-75104659-G-A,10-75105712-T-C,10-75106324-T-C,10-74976062-T-C,10-74977535-A-G,10-74977781-C-T,10-74980072-G-T,10-74981127-C-A,10-74981240-G-A,10-74981311-C-T,10-74983852-G-A,10-74984884-C-T,10-74985936-T-C,10-74986174-A-G,10-74987178-A-G,10-74987394-A-G,10-74989450-G-A,10-74990127-A-T,10-74992983-A-G,10-74994513-T-C,10-74995711-C-T,10-74995736-G-A,10-74998993-G-T,10-74999361-A-G,10-75002171-TAA-T,10-75002171-TAA-T,10-75002316-CT-C,10-75006437-G-A,10-75007418-C-A,10-75010081-T-C,10-75014320-G-A,10-75015930-C-T,10-75016852-T-C,10-75020063-A-G,10-75021556-T-C,10-75022304-G-A,10-75025074-A-G,10-75025253-G-T,10-75025377-T-C,10-75026718-A-AT,10-75030867-G-T,10-75031207-T-C,10-75031417-C-T,10-75032163-G-A,10-75032379-C-A,10-75036752-CT-C,10-75036973-C-T,10-75037386-A-G,10-75041057-G-C,10-75041210-A-G,10-75043268-GTGT-G,10-75043358-T-C,10-75043796-A-G,10-75045974-G-A,10-75046530-A-T,10-75047686-G-T,10-75048998-T-C,10-75050158-G-A,10-75054325-C-T,10-75054972-G-A,10-75056114-A-G,10-75056523-A-C,10-75056737-T-C,10-75056863-A-C,10-75057583-T-A,10-75058357-T-C,10-75059112-T-C,10-75059955-C-A,10-75060527-A-G,10-75060576-C-T,10-75060918-A-T,10-75063901-A-G,10-75064567-G-A,10-75066258-G-A,10-75066736-C-T,10-75067654-GC-G,10-75069213-A-G,10-75070161-T-A,10-75070616-A-C,10-75071412-A-G,10-75071795-T-C,10-75072066-G-A,10-75072118-T-C,10-75072744-A-C,10-75072931-T-C,10-75074062-A-G,10-75076350-G-A,10-75076821-T-G,10-75076970-T-C,10-75077652-T-C,10-75079280-C-A,10-75079397-G-A,10-75080609-A-G,10-75081600-T-G,10-75084299-C-T,10-75085119-G-A,10-75085868-A-G,10-75089377-C-A,10-75089951-T-C,10-75089972-G-C,10-75090186-C-T,10-75090318-A-G,10-75093061-G-A,10-75093376-A-AG,10-75094192-C-T,10-75094702-C-T,10-75095253-G-A,10-75096153-T-C,10-75096491-A-G,10-75097308-A-T,10-75098144-A-G,10-75098967-C-T,10-75101497-C-T,10-75101947-C-T,10-75101955-C-T,10-75102485-T-C,10-75102860-C-T,10-75105324-G-A,10-75105697-A-G,10-75129985-C-A,10-74830950-CAA-C,10-74991044-CTAAA-C,10-75145784-T-C,10-75146811-G-A,10-75147101-T-C,10-75147544-G-GGAA,10-75147579-C-T,10-75147650-TG-T,10-75148116-A-G,10-75148576-A-G,10-75148925-C-T,10-75149724-G-T,10-75150184-G-A,10-75150544-A-T,10-75150565-C-T,10-75150738-G-A,10-75150779-T-TTA,10-75151284-C-A,10-75152488-T-C,10-75152543-C-A,10-75153171-C-T,10-75153488-A-C,10-75155295-T-A,10-75155307-C-T,10-75155481-G-A,10-75155680-C-T,10-75156152-T-C,10-75156584-T-C,10-75156650-T-A,10-75156687-C-CT,10-75157191-AAAAT-A,10-74975172-G-A,10-74801794-T-A,10-74966764-A-C,10-74972535-C-CAT,10-74973655-A-C,10-74974560-TG-T,10-74975381-C-G,10-74985215-A-T,10-75007552-T-C,10-75021181-G-A,10-75021495-G-C,10-75043230-C-T,10-75043478-A-G,10-75049621-T-C,10-75055340-T-C,10-75059331-A-T,10-75060934-T-C,10-75061818-T-C,10-75062064-G-C,10-75078655-C-T,10-75079344-A-T,10-75085048-A-G,10-75100344-G-A,10-75103507-T-C,10-75122405-T-G,10-75128566-A-T,10-74968564-A-C,10-74992614-T-C,10-75001995-T-C,10-75007939-T-C,10-75012122-A-G,10-75020254-T-TA,10-75032100-CAAATAAAT-C,10-75046929-G-T,10-75048826-G-A,10-75049446-G-C,10-75052076-T-C,10-75062988-T-C,10-75064411-T-G,10-75079331-C-T,10-75085357-G-A,10-75093584-T-C,10-75102519-A-G,10-75115909-C-T,10-75132082-G-A,10-75142791-C-G,10-75160439-C-T,10-75167024-G-A,10-75167646-C-A,10-75168616-G-A,10-75174920-T-A,10-75175016-G-T,10-75175075-G-T,10-75180040-A-G,10-75185208-G-A,10-75203308-G-C,10-75208955-T-C,10-75213516-T-C,10-75221513-C-T,10-75227789-T-G,10-75245252-A-G,10-75246115-G-A,10-75260183-T-C,10-75268608-T-A,10-74880609-T-C,10-75161648-T-C,10-75162073-C-A,10-75162215-C-T,10-75162263-C-T,10-75162924-A-G,10-75207487-C-T,10-75009107-T-A,10-75152210-A-G,10-75152934-C-T,10-75153446-C-T,10-75269197-C-T,10-75161555-C-CGGCCAAGG,10-74829899-C-A,10-74826631-T-G,10-74827970-G-C,10-74828411-G-A,10-74829308-A-G,10-74829642-T-C,10-74830002-A-G,10-74830335-A-G,10-74830457-A-G,10-74830795-T-C,10-74831203-G-T,10-74831298-T-C,10-74833198-T-C,10-74833729-T-A,10-74834083-A-C,10-74834468-A-G,10-74834651-T-C,10-74835171-T-G,10-74835816-C-T,10-74836509-A-AC,10-74836743-C-T,10-74840255-C-T,10-74840865-A-C,10-74841558-G-A,10-74843963-T-C,10-74844389-T-C,10-74844551-G-T,10-74845323-C-T,10-74847308-C-G,10-74848874-A-G,10-74849326-A-G,10-74850349-G-A,10-74850604-C-A,10-74851530-G-T,10-74854144-A-G,10-74857547-T-C,10-74858770-G-A,10-74858862-C-T,10-74862134-T-C,10-74836786-C-T,10-74838257-G-A,10-74839148-C-T,10-74840975-A-G,10-74843077-A-G,10-74843126-A-G,10-74847634-A-C,10-74848861-T-C,10-74853111-T-A,10-74859664-C-T,10-75168696-C-T,10-75171325-T-A,10-75189586-C-T,10-75215061-G-A,10-75241418-C-A,10-75263329-G-T,10-75267204-C-A,10-74852304-T-TG,10-74819179-AT-A,10-75103782-G-A,10-75011942-G-C,10-74886598-C-G,10-74919854-A-G,10-75125290-T-C,10-74995086-C-T,10-75010010-T-C,10-74890032-G-A,10-75008561-T-C,10-74801770-A-AT,10-74826850-T-A,10-74827293-C-A,10-74829140-G-A,10-74835617-C-T,10-74850986-G-C,10-74851999-A-G,10-74853320-G-A,10-74856576-C-G,10-74790380-T-G,10-74790822-A-AT,10-74791057-T-C,10-74792166-T-C,10-74792463-A-G,10-74792659-T-TAGATGAATCTA,10-74793383-T-C,10-74794035-T-A,10-74794078-A-ATTATT,10-74794243-C-A,10-74796443-G-A,10-74798777-G-A,10-74799150-T-C,10-74806483-T-TG,10-74808392-CT-C,10-74809617-G-A,10-74810543-G-A,10-74816600-T-C,10-74819589-A-G,10-74821604-A-C,10-74822743-G-GCCC,10-74823740-G-GA,10-74824045-T-C,10-75239977-C-T,10-75068568-GAAA-G,10-75242233-G-A,10-75306393-T-C,10-74791386-AGGGGAT-A,10-74791622-A-T,10-74793585-G-T,10-74796663-C-T,10-74800632-T-C,10-74804444-G-T,10-74804932-C-A,10-74813933-G-A,10-74815107-C-T,10-74819021-C-T,10-74821105-C-T,10-74821435-G-A,10-74822666-T-C,10-74823334-T-G,10-74825196-T-C,10-75292921-A-G,10-75304865-C-T,10-75305785-A-G,10-75312064-G-A,10-74996073-G-C,10-75108146-T-G,10-75313232-G-A,10-75269597-C-T,10-75273155-G-A,10-75281572-T-C,10-75289244-G-C,10-75302313-C-T,10-75313885-C-T,10-75005282-T-C,10-75010137-C-T,10-74911287-TA-T,10-74794115-A-C,10-74808985-C-T,10-74812197-G-A,10-74814402-A-T,10-74822608-G-A,10-74826188-T-C,10-75288294-G-A,10-75285837-G-T,10-75295258-G-A,10-75132726-G-A,10-75384982-T-C,10-74954420-C-CT,10-74832602-A-G,10-74829991-T-C,10-74833981-T-A,10-74847444-T-C,10-74859352-C-T,10-75005420-T-C,10-75333192-T-G,10-75343841-T-A,10-75344761-T-C,10-75350898-T-A,10-75354174-C-CTTTTTAT,10-75361789-C-A,10-75385332-G-C,10-74950136-A-T,10-75327140-C-A,10-75387503-T-TTTG,10-75358766-A-G,10-75367932-T-C,10-75374521-G-A,10-75379027-T-C,10-75386957-T-A,10-75329660-CAAAAAAAAAAAAAAAAAAAAAAAAAA-C,10-75391178-T-C,10-75363195-A-G,10-75365793-A-G,10-75386777-A-G,10-75387549-A-G,10-75391217-T-G,10-75040191-G-T,10-75092353-G-A,10-75247785-C-T,10-75160257-C-A,10-75186612-G-C,10-75205471-G-A,10-75259077-T-C,10-74981358-C-T,10-75286806-T-C,10-75287999-A-C,10-75289359-C-A,10-75298465-A-G","ENSG00000221164,ENSG00000288823,ENSG00000172586,ENSG00000272589,ENSG00000177791,ENSG00000272140,ENSG00000272630,ENSG00000272791,ENSG00000168209,ENSG00000215086,ENSG00000148660,ENSG00000196968,ENSG00000122882,ENSG00000229659,ENSG00000107745,ENSG00000227540,ENSG00000289506,ENSG00000242338,ENSG00000250959,ENSG00000221817,ENSG00000268584,ENSG00000176986,ENSG00000035403,ENSG00000279689,ENSG00000288559,ENSG00000166321,ENSG00000214655,ENSG00000156026,ENSG00000279088,ENSG00000166295,ENSG00000236756,ENSG00000138303,ENSG00000213551,ENSG00000138279,ENSG00000122884,ENSG00000138308,ENSG00000213700,ENSG00000148719,ENSG00000122861,ENSG00000182180,ENSG00000166348,ENSG00000235316,ENSG00000172650,ENSG00000166343,ENSG00000166507,ENSG00000107758,ENSG00000138315","ENSG00000177791,ENSG00000206756,ENSG00000236756,ENSG00000235316,ENSG00000222047,ENSG00000138308,ENSG00000207583,ENSG00000272630,ENSG00000166507,ENSG00000232437,ENSG00000272589,ENSG00000148660,ENSG00000166295,ENSG00000213525,ENSG00000236797,ENSG00000215086,ENSG00000279689,ENSG00000272748,ENSG00000279088,ENSG00000223428,ENSG00000232342,ENSG00000166343,ENSG00000213551,ENSG00000289506,ENSG00000196968,ENSG00000172650,ENSG00000236842,ENSG00000172586,ENSG00000107745,ENSG00000188716,ENSG00000242338,ENSG00000182180,ENSG00000035403,ENSG00000227186,ENSG00000148719,ENSG00000156026,ENSG00000138315,ENSG00000213731,ENSG00000166348,ENSG00000213700,ENSG00000250959,ENSG00000122861,ENSG00000122884,ENSG00000233313,ENSG00000234149,ENSG00000272791,ENSG00000214655,ENSG00000221817,ENSG00000270087,ENSG00000285810,ENSG00000288823,ENSG00000227271,ENSG00000122882,ENSG00000271710,ENSG00000268659,ENSG00000176986,ENSG00000272140,ENSG00000107758,ENSG00000138303,ENSG00000288559,ENSG00000236900,ENSG00000268584,ENSG00000225761,ENSG00000279814,ENSG00000166321,ENSG00000237882,ENSG00000138279,ENSG00000221164,ENSG00000229659,ENSG00000168209,ENSG00000227540",ENSG00000166321,Liver eQTLs,train
20016639100092196-92196000001418,chr11,"11-75430011-T-TTC,11-75427984-T-A,11-75428027-A-T,11-75430950-A-G,11-75432886-G-C,11-75432903-G-A,11-75430028-A-T,11-75432452-C-T,11-75428958-A-G,11-75429345-C-T,11-75429459-A-C,11-75429572-C-A,11-75431886-T-G,11-75433144-G-A","ENSG00000255363,ENSG00000236304,ENSG00000261594,ENSG00000062282,ENSG00000149257,ENSG00000137491,ENSG00000198382,ENSG00000286943,ENSG00000158555,ENSG00000254810,ENSG00000166435,ENSG00000179240,ENSG00000158636,ENSG00000149273,ENSG00000278879,ENSG00000054938,ENSG00000118363,ENSG00000137492,ENSG00000255507,ENSG00000255362,ENSG00000166439,ENSG00000085741,ENSG00000255135,ENSG00000227615,ENSG00000162139,ENSG00000171533,ENSG00000137486,ENSG00000166391,ENSG00000254933,ENSG00000241170,ENSG00000137507","ENSG00000254915,ENSG00000255081,ENSG00000254810,ENSG00000263993,ENSG00000247867,ENSG00000213333,ENSG00000158555,ENSG00000223202,ENSG00000236304,ENSG00000149273,ENSG00000166391,ENSG00000166439,ENSG00000255507,ENSG00000149257,ENSG00000255421,ENSG00000255362,ENSG00000137492,ENSG00000254460,ENSG00000054938,ENSG00000255363,ENSG00000255444,ENSG00000255135,ENSG00000062282,ENSG00000255434,ENSG00000198382,ENSG00000200256,ENSG00000206941,ENSG00000137486,ENSG00000254475,ENSG00000166435,ENSG00000234611,ENSG00000199362,ENSG00000162139,ENSG00000254933,ENSG00000278879,ENSG00000137491,ENSG00000179240,ENSG00000158636,ENSG00000255460,ENSG00000200152,ENSG00000241097,ENSG00000255326,ENSG00000118363,ENSG00000241170,ENSG00000286943,ENSG00000265902,ENSG00000254630,ENSG00000255280,ENSG00000254500,ENSG00000255255,ENSG00000255395,ENSG00000261594,ENSG00000199090,ENSG00000227615,ENSG00000171533,ENSG00000137507,ENSG00000085741,ENSG00000223013",ENSG00000166391,Liver eQTLs,train
20016640500092196-92196000001441,chr11,"11-8125395-C-T,11-8159350-T-TCTAGTCTATAAATTCTTGAGGAAAGAGCCATGTTGTATAA,11-8124452-T-C,11-8140573-A-C,11-8150185-T-C,11-8152422-G-C,11-8159843-G-A,11-8176298-G-GT,11-8176298-G-GT,11-8133733-A-T,11-8134778-G-C,11-8142072-C-T,11-8148121-C-G,11-8150426-C-T,11-8151192-A-G,11-8155903-T-C,11-8158349-C-T,11-8175282-T-C,11-8190057-C-A,11-8141011-A-T,11-8149325-C-G,11-8127026-G-T,11-8153979-G-T,11-8192571-A-G,11-8176140-G-C,11-8133094-T-C,11-8133524-G-A,11-8137894-A-G,11-8151096-AG-A,11-8158174-T-C,11-8165212-T-C,11-8184352-T-A,11-8184853-C-T,11-8188128-A-G,11-8124670-C-T,11-8168066-C-T,11-8124521-G-C,11-8124678-G-A,11-8126155-C-T,11-8152170-C-T,11-8173959-T-C,11-8170609-G-A","ENSG00000166394,ENSG00000175348,ENSG00000166444,ENSG00000166387,ENSG00000166441,ENSG00000212607,ENSG00000251364,ENSG00000176716,ENSG00000254860,ENSG00000175352,ENSG00000175390,ENSG00000166436,ENSG00000170743,ENSG00000130413,ENSG00000166402,ENSG00000183801,ENSG00000166405,ENSG00000166452","ENSG00000183378,ENSG00000252769,ENSG00000166408,ENSG00000279391,ENSG00000182261,ENSG00000241008,ENSG00000176009,ENSG00000276668,ENSG00000252778,ENSG00000170683,ENSG00000221703,ENSG00000166402,ENSG00000130413,ENSG00000170688,ENSG00000176716,ENSG00000279000,ENSG00000254921,ENSG00000166452,ENSG00000182334,ENSG00000175348,ENSG00000200983,ENSG00000166405,ENSG00000223080,ENSG00000254707,ENSG00000175390,ENSG00000254642,ENSG00000246820,ENSG00000202276,ENSG00000212607,ENSG00000255179,ENSG00000183801,ENSG00000166441,ENSG00000275612,ENSG00000254864,ENSG00000253973,ENSG00000166394,ENSG00000252905,ENSG00000248332,ENSG00000170743,ENSG00000183303,ENSG00000227892,ENSG00000166387,ENSG00000255159,ENSG00000255420,ENSG00000166436,ENSG00000213538,ENSG00000175352,ENSG00000251364,ENSG00000166407,ENSG00000254951,ENSG00000286935,ENSG00000166444,ENSG00000254860",ENSG00000166405,Liver eQTLs,train
20016643500092196-92196000001412,chr11,"11-74659933-G-A,11-74659789-G-C,11-74660143-G-C,11-74671100-T-A,11-74695212-A-G,11-74646213-T-C,11-74675896-T-G,11-74695175-T-G,11-74603181-G-A,11-74611435-C-T,11-74618701-C-G,11-74618865-G-C,11-74626366-G-A,11-74642551-G-A,11-74659302-A-T,11-74644305-C-T,11-74604767-A-G,11-74579749-A-C,11-74604594-A-G,11-74582019-T-C,11-74599594-C-T,11-74580965-C-T,11-74458046-G-A,11-74459355-C-A,11-74489069-C-T,11-74494072-CAT-C,11-74514603-C-T,11-74525852-T-C,11-74558579-A-G,11-74563077-G-A,11-74480548-T-C,11-74481631-T-C,11-74569939-G-A,11-74553834-C-T,11-74559446-G-C,11-74457056-A-G,11-74499824-G-A,11-74593134-A-G,11-74721673-G-A,11-74478052-T-C,11-74450435-G-T,11-74513449-G-T,11-74557685-TTAATA-T,11-74713888-C-A,11-74740766-C-G,11-74697923-G-T,11-74698676-G-A,11-74696620-CCT-C,11-74560117-T-C,11-74716143-G-A,11-74698928-G-A,11-74572572-C-T,11-74714008-C-T,11-74724276-C-G,11-74728553-C-T,11-74732410-C-T,11-74708165-GC-G,11-74710042-T-C,11-74720593-G-T,11-74725298-G-A,11-74728047-G-A,11-74739934-G-T,11-74736534-C-T,11-74738814-G-T,11-74706502-T-C,11-74559908-G-T,11-74573010-G-A,11-74746553-C-G,11-74559481-C-T,11-74747058-C-T,11-74746631-G-A,11-74582131-T-C,11-74555056-C-T,11-74562378-C-T","ENSG00000166435,ENSG00000255507,ENSG00000118363,ENSG00000077514,ENSG00000261594,ENSG00000227615,ENSG00000149257,ENSG00000166391,ENSG00000171533,ENSG00000254837,ENSG00000062282,ENSG00000175564,ENSG00000214517,ENSG00000175567,ENSG00000286943,ENSG00000137491,ENSG00000279353,ENSG00000280269,ENSG00000137486,ENSG00000054938,ENSG00000149273,ENSG00000168014,ENSG00000198382,ENSG00000158555,ENSG00000166439,ENSG00000149380,ENSG00000175538,ENSG00000165434,ENSG00000175536","ENSG00000168014,ENSG00000254500,ENSG00000254837,ENSG00000213333,ENSG00000255444,ENSG00000149273,ENSG00000280269,ENSG00000279353,ENSG00000255434,ENSG00000256034,ENSG00000227615,ENSG00000198382,ENSG00000254460,ENSG00000158555,ENSG00000287425,ENSG00000206941,ENSG00000199090,ENSG00000214517,ENSG00000171533,ENSG00000256723,ENSG00000254475,ENSG00000175538,ENSG00000137491,ENSG00000254630,ENSG00000149380,ENSG00000255395,ENSG00000165434,ENSG00000246211,ENSG00000166439,ENSG00000166391,ENSG00000175564,ENSG00000255928,ENSG00000175567,ENSG00000264402,ENSG00000255440,ENSG00000256189,ENSG00000175536,ENSG00000255326,ENSG00000149257,ENSG00000255847,ENSG00000261594,ENSG00000255460,ENSG00000223202,ENSG00000062282,ENSG00000254631,ENSG00000265902,ENSG00000256681,ENSG00000234611,ENSG00000054938,ENSG00000118363,ENSG00000286943,ENSG00000077514,ENSG00000212961,ENSG00000255507,ENSG00000199975,ENSG00000137486,ENSG00000255280,ENSG00000200152,ENSG00000241097,ENSG00000256098,ENSG00000166435,ENSG00000284736",ENSG00000166435,Liver eQTLs,train
