common_variant_analysis_signal_id,chr,credible_set_variants_in_1_based_B37,genes,genes_with_zero_expression,true_gene,eqtl_tissue,category
20000293300092196-92196000006614,chr7,"7-150499647-G-A,7-150499809-T-C,7-150499787-T-C,7-150500356-T-C,7-150499646-T-C,7-150500455-A-G,7-150501516-A-G,7-150498836-C-G,7-150498419-T-A","ENSG00000082014,ENSG00000171115,ENSG00000171130,ENSG00000285480,ENSG00000106526,ENSG00000106560,ENSG00000013374,ENSG00000164896,ENSG00000280149,ENSG00000187260,ENSG00000204934,ENSG00000213203,ENSG00000181652,ENSG00000133574,ENSG00000164867,ENSG00000273419,ENSG00000133561,ENSG00000179144,ENSG00000002726,ENSG00000196456,ENSG00000164897,ENSG00000127399,ENSG00000279536,ENSG00000243836,ENSG00000033100,ENSG00000284691,ENSG00000197150,ENSG00000261305,ENSG00000289470,ENSG00000213199,ENSG00000188707,ENSG00000055118,ENSG00000196329,ENSG00000033050,ENSG00000240449,ENSG00000106538,ENSG00000002933,ENSG00000214022,ENSG00000106479,ENSG00000133612,ENSG00000244151,ENSG00000286912,ENSG00000106615,ENSG00000164889,ENSG00000164885,ENSG00000242258","ENSG00000286912,ENSG00000265810,ENSG00000197150,ENSG00000082014,ENSG00000164885,ENSG00000244151,ENSG00000106538,ENSG00000276538,ENSG00000002933,ENSG00000273293,ENSG00000196456,ENSG00000002726,ENSG00000196329,ENSG00000187260,ENSG00000273011,ENSG00000133612,ENSG00000164897,ENSG00000271568,ENSG00000164896,ENSG00000278685,ENSG00000188707,ENSG00000241456,ENSG00000242258,ENSG00000270990,ENSG00000127399,ENSG00000232361,ENSG00000279536,ENSG00000106526,ENSG00000241959,ENSG00000204934,ENSG00000243836,ENSG00000164867,ENSG00000261305,ENSG00000213199,ENSG00000171115,ENSG00000240449,ENSG00000273419,ENSG00000133561,ENSG00000285480,ENSG00000243018,ENSG00000033100,ENSG00000013374,ENSG00000033050,ENSG00000164889,ENSG00000177590,ENSG00000284691,ENSG00000213205,ENSG00000133574,ENSG00000171130,ENSG00000106560,ENSG00000181652,ENSG00000271582,ENSG00000179144,ENSG00000106615,ENSG00000289470,ENSG00000106479,ENSG00000146926,ENSG00000243853,ENSG00000214022,ENSG00000164900,ENSG00000213203,ENSG00000280149,ENSG00000055118",ENSG00000002933,Liver eQTLs,train
20000314700092196-92196000006864,chr7,"7-8282814-G-C,7-8283677-GA-G,7-8282074-G-A,7-8288705-C-T,7-8282291-T-C,7-8298523-A-G,7-8298573-A-C,7-8281207-T-A,7-8281173-C-CA,7-8280648-C-G,7-8284403-G-T,7-8286103-G-C,7-8286660-A-G,7-8281205-T-TA,7-8283599-T-C,7-8288814-G-A,7-8290488-G-A,7-8288476-G-C,7-8294768-T-C,7-8294796-A-G,7-8296595-C-T,7-8290605-A-AC","ENSG00000164654,ENSG00000106415,ENSG00000272894,ENSG00000233264,ENSG00000219545,ENSG00000272732,ENSG00000215018,ENSG00000230825,ENSG00000003147","ENSG00000201747,ENSG00000233108,ENSG00000272328,ENSG00000230825,ENSG00000106415,ENSG00000164654,ENSG00000215018,ENSG00000272732,ENSG00000278446,ENSG00000236712,ENSG00000233264,ENSG00000270314,ENSG00000272894,ENSG00000278254,ENSG00000219545,ENSG00000236748,ENSG00000122584,ENSG00000003147,ENSG00000234718,ENSG00000214998",ENSG00000003147,Liver eQTLs,train
20000470000092196-92196000001643,chr12,"12-21635625-G-A,12-21635605-G-A,12-21637964-A-C,12-21639194-T-C,12-21634394-A-C,12-21634497-G-C,12-21640214-T-G,12-21640745-C-T,12-21641984-C-A,12-21645233-G-A,12-21648070-C-T","ENSG00000004700,ENSG00000121361,ENSG00000205754,ENSG00000256973,ENSG00000069431,ENSG00000111700,ENSG00000111716,ENSG00000121351,ENSG00000111726,ENSG00000134538,ENSG00000134548,ENSG00000084453,ENSG00000111711","ENSG00000121351,ENSG00000256714,ENSG00000134548,ENSG00000256157,ENSG00000250166,ENSG00000256371,ENSG00000111711,ENSG00000134538,ENSG00000069431,ENSG00000274624,ENSG00000255627,ENSG00000257023,ENSG00000205754,ENSG00000111700,ENSG00000111726,ENSG00000256774,ENSG00000084453,ENSG00000111716,ENSG00000283582,ENSG00000121361,ENSG00000256615,ENSG00000256973,ENSG00000004700,ENSG00000256021",ENSG00000004700,Liver eQTLs,train
20000477700092196-92196000003596,chr19,"19-36260111-T-C,19-36266822-A-G,19-36263904-A-G,19-36264722-A-G,19-36265626-C-T,19-36265652-C-T,19-36262652-A-G,19-36262985-T-C,19-36264860-T-C,19-36261790-TA-T,19-36261723-G-GA,19-36269915-T-C,19-36267777-T-C,19-36268067-G-A,19-36273230-C-G,19-36270347-C-T,19-36268923-C-T,19-36269740-G-A,19-36270052-A-G,19-36257316-A-G,19-36265955-A-G,19-36276403-T-G,19-36278470-C-G,19-36274488-T-C","ENSG00000280106,ENSG00000188508,ENSG00000266964,ENSG00000181007,ENSG00000126254,ENSG00000221946,ENSG00000105698,ENSG00000250799,ENSG00000271032,ENSG00000161298,ENSG00000270760,ENSG00000105290,ENSG00000279504,ENSG00000267049,ENSG00000197808,ENSG00000105668,ENSG00000105695,ENSG00000271366,ENSG00000126262,ENSG00000189001,ENSG00000004776,ENSG00000225975,ENSG00000205155,ENSG00000011600,ENSG00000267439,ENSG00000105711,ENSG00000004777,ENSG00000105258,ENSG00000276071,ENSG00000105675,ENSG00000232677,ENSG00000012124,ENSG00000189042,ENSG00000179066,ENSG00000205138,ENSG00000227392,ENSG00000267053,ENSG00000089351,ENSG00000266973,ENSG00000105697,ENSG00000126243,ENSG00000181392,ENSG00000196357,ENSG00000126264,ENSG00000267309,ENSG00000167635,ENSG00000075702,ENSG00000126267,ENSG00000142065,ENSG00000089356,ENSG00000089327,ENSG00000225872,ENSG00000180884,ENSG00000011590,ENSG00000126247,ENSG00000233527,ENSG00000236144,ENSG00000105254,ENSG00000153902,ENSG00000168661,ENSG00000105699,ENSG00000153896,ENSG00000161281,ENSG00000186017,ENSG00000167604,ENSG00000126246,ENSG00000254004,ENSG00000268947,ENSG00000267796,ENSG00000279619,ENSG00000280194,ENSG00000270876,ENSG00000105270,ENSG00000186020,ENSG00000167595,ENSG00000271109,ENSG00000267698,ENSG00000105677,ENSG00000249115,ENSG00000105707,ENSG00000272333,ENSG00000233214,ENSG00000239382,ENSG00000161249,ENSG00000161277","ENSG00000284034,ENSG00000267049,ENSG00000161249,ENSG00000185897,ENSG00000267053,ENSG00000105677,ENSG00000227392,ENSG00000271032,ENSG00000232677,ENSG00000179066,ENSG00000267190,ENSG00000126251,ENSG00000243968,ENSG00000226510,ENSG00000126266,ENSG00000267260,ENSG00000279504,ENSG00000168661,ENSG00000205138,ENSG00000236144,ENSG00000167595,ENSG00000283758,ENSG00000267091,ENSG00000267142,ENSG00000075702,ENSG00000239382,ENSG00000153896,ENSG00000228629,ENSG00000233527,ENSG00000267353,ENSG00000280194,ENSG00000105698,ENSG00000267437,ENSG00000267672,ENSG00000268947,ENSG00000225975,ENSG00000267796,ENSG00000167604,ENSG00000266973,ENSG00000279619,ENSG00000289246,ENSG00000161277,ENSG00000267345,ENSG00000012124,ENSG00000264400,ENSG00000180884,ENSG00000189042,ENSG00000221946,ENSG00000105270,ENSG00000004776,ENSG00000142065,ENSG00000250799,ENSG00000126243,ENSG00000126262,ENSG00000270876,ENSG00000280106,ENSG00000126264,ENSG00000266964,ENSG00000269553,ENSG00000275547,ENSG00000267626,ENSG00000105290,ENSG00000089327,ENSG00000267698,ENSG00000288731,ENSG00000105707,ENSG00000167635,ENSG00000011590,ENSG00000105675,ENSG00000161281,ENSG00000243297,ENSG00000254004,ENSG00000267309,ENSG00000270760,ENSG00000105699,ENSG00000126254,ENSG00000272333,ENSG00000276071,ENSG00000126246,ENSG00000126267,ENSG00000153902,ENSG00000161298,ENSG00000197808,ENSG00000089351,ENSG00000271109,ENSG00000004777,ENSG00000186017,ENSG00000126247,ENSG00000189001,ENSG00000267005,ENSG00000105695,ENSG00000105258,ENSG00000105668,ENSG00000233214,ENSG00000225872,ENSG00000280023,ENSG00000271366,ENSG00000267113,ENSG00000196357,ENSG00000089356,ENSG00000105679,ENSG00000267786,ENSG00000105254,ENSG00000200179,ENSG00000186020,ENSG00000181007,ENSG00000011600,ENSG00000249115,ENSG00000267439,ENSG00000105697,ENSG00000206669,ENSG00000224910,ENSG00000181392,ENSG00000105711,ENSG00000188508,ENSG00000205155",ENSG00000004777,Liver eQTLs,train
20000542100092196-92196000006876,chr7,"7-94953895-G-A,7-94954696-C-G","ENSG00000242265,ENSG00000005981,ENSG00000231170,ENSG00000127990,ENSG00000105854,ENSG00000228751,ENSG00000127995,ENSG00000158528,ENSG00000233942,ENSG00000164692,ENSG00000158560,ENSG00000004799,ENSG00000005421,ENSG00000004864","ENSG00000236197,ENSG00000222870,ENSG00000158528,ENSG00000239030,ENSG00000231153,ENSG00000201607,ENSG00000242265,ENSG00000231170,ENSG00000285090,ENSG00000230682,ENSG00000005421,ENSG00000236453,ENSG00000237160,ENSG00000236938,ENSG00000222220,ENSG00000164692,ENSG00000228751,ENSG00000285964,ENSG00000158560,ENSG00000271159,ENSG00000127995,ENSG00000214342,ENSG00000219807,ENSG00000005981,ENSG00000004864,ENSG00000127990,ENSG00000233942,ENSG00000004799,ENSG00000105854",ENSG00000005421,Liver eQTLs,train
20000543600092196-92196000004363,chr2,2-75936471-T-G,"ENSG00000115363,ENSG00000159399,ENSG00000204792,ENSG00000271452,ENSG00000270996,ENSG00000005436,ENSG00000272711,ENSG00000270571,ENSG00000115350,ENSG00000270462","ENSG00000230477,ENSG00000236167,ENSG00000005436,ENSG00000287474,ENSG00000287172,ENSG00000286202,ENSG00000263909,ENSG00000287026,ENSG00000270696,ENSG00000238410,ENSG00000204792,ENSG00000287749,ENSG00000233107,ENSG00000200028,ENSG00000159399,ENSG00000200488,ENSG00000270996,ENSG00000237293,ENSG00000272711,ENSG00000230836,ENSG00000115363,ENSG00000231172,ENSG00000270462,ENSG00000271452,ENSG00000251947,ENSG00000271356,ENSG00000228209,ENSG00000115350,ENSG00000287025,ENSG00000270571,ENSG00000287130,ENSG00000221638",ENSG00000005436,Liver eQTLs,train
20000570000092196-92196000006454,chr6,"6-82967175-A-C,6-82968469-T-A,6-82957138-C-T,6-82958246-A-G,6-82959192-C-G,6-82960309-A-G,6-82962013-T-C,6-82962125-T-C,6-82963855-T-C,6-82966347-G-A,6-82969112-C-T,6-82962002-A-T,6-82961689-T-TTA,6-82958867-A-C,6-82932632-C-A","ENSG00000118420,ENSG00000005700,ENSG00000013392,ENSG00000013375,ENSG00000226453,ENSG00000146242,ENSG00000112773,ENSG00000083097","ENSG00000220091,ENSG00000203877,ENSG00000223044,ENSG00000260574,ENSG00000227215,ENSG00000013392,ENSG00000220537,ENSG00000083097,ENSG00000013375,ENSG00000112773,ENSG00000146242,ENSG00000286875,ENSG00000005700,ENSG00000226453,ENSG00000287705,ENSG00000237874,ENSG00000118420",ENSG00000005700,Liver eQTLs,train
20000604700092196-92196000003219,chr17,"17-7166254-C-CT,17-7184046-G-A","ENSG00000170175,ENSG00000129255,ENSG00000282936,ENSG00000261996,ENSG00000196544,ENSG00000132530,ENSG00000129245,ENSG00000178971,ENSG00000179593,ENSG00000262089,ENSG00000132507,ENSG00000238917,ENSG00000040633,ENSG00000215067,ENSG00000141510,ENSG00000170043,ENSG00000263316,ENSG00000182224,ENSG00000129214,ENSG00000167874,ENSG00000174292,ENSG00000183914,ENSG00000256806,ENSG00000205544,ENSG00000161940,ENSG00000178977,ENSG00000198920,ENSG00000174282,ENSG00000170037,ENSG00000220205,ENSG00000233223,ENSG00000181885,ENSG00000181284,ENSG00000179029,ENSG00000129194,ENSG00000141504,ENSG00000279641,ENSG00000219200,ENSG00000170004,ENSG00000072818,ENSG00000181222,ENSG00000072778,ENSG00000170049,ENSG00000091622,ENSG00000129226,ENSG00000179094,ENSG00000174327,ENSG00000262503,ENSG00000258315,ENSG00000174326,ENSG00000179859,ENSG00000132535,ENSG00000274114,ENSG00000108590,ENSG00000129235,ENSG00000132510,ENSG00000175826,ENSG00000279296,ENSG00000183011,ENSG00000167858,ENSG00000267532,ENSG00000006047,ENSG00000169992,ENSG00000215041,ENSG00000288748,ENSG00000209582,ENSG00000177294,ENSG00000199053,ENSG00000161955,ENSG00000276384,ENSG00000161944,ENSG00000178921,ENSG00000239697,ENSG00000141505,ENSG00000129195,ENSG00000108839,ENSG00000178999,ENSG00000129244,ENSG00000132522,ENSG00000280046,ENSG00000170291,ENSG00000161960,ENSG00000262943,ENSG00000170296,ENSG00000161958,ENSG00000141499,ENSG00000213859,ENSG00000141485,ENSG00000187838,ENSG00000161956,ENSG00000279812,ENSG00000108947,ENSG00000132514,ENSG00000004975","ENSG00000280046,ENSG00000129255,ENSG00000279296,ENSG00000262990,ENSG00000274114,ENSG00000262067,ENSG00000177294,ENSG00000129245,ENSG00000198920,ENSG00000129214,ENSG00000174292,ENSG00000261996,ENSG00000129235,ENSG00000252835,ENSG00000169992,ENSG00000072818,ENSG00000179029,ENSG00000202251,ENSG00000213859,ENSG00000264468,ENSG00000206618,ENSG00000170175,ENSG00000170043,ENSG00000233223,ENSG00000262818,ENSG00000276384,ENSG00000196544,ENSG00000132535,ENSG00000004975,ENSG00000288993,ENSG00000174282,ENSG00000108947,ENSG00000179593,ENSG00000288748,ENSG00000161960,ENSG00000262231,ENSG00000132507,ENSG00000178999,ENSG00000175826,ENSG00000199053,ENSG00000205544,ENSG00000129244,ENSG00000141505,ENSG00000262609,ENSG00000262492,ENSG00000187838,ENSG00000040633,ENSG00000178977,ENSG00000174326,ENSG00000181323,ENSG00000262943,ENSG00000141499,ENSG00000240480,ENSG00000200914,ENSG00000072778,ENSG00000181885,ENSG00000238917,ENSG00000178921,ENSG00000108839,ENSG00000132514,ENSG00000215041,ENSG00000178971,ENSG00000132510,ENSG00000129221,ENSG00000209582,ENSG00000179094,ENSG00000132522,ENSG00000213876,ENSG00000161955,ENSG00000174327,ENSG00000262503,ENSG00000239697,ENSG00000224647,ENSG00000215067,ENSG00000256806,ENSG00000263342,ENSG00000167858,ENSG00000244283,ENSG00000219200,ENSG00000275011,ENSG00000183914,ENSG00000129194,ENSG00000161944,ENSG00000170291,ENSG00000170004,ENSG00000108590,ENSG00000267532,ENSG00000161958,ENSG00000264005,ENSG00000263316,ENSG00000181222,ENSG00000006047,ENSG00000282936,ENSG00000167874,ENSG00000161956,ENSG00000182896,ENSG00000220205,ENSG00000132530,ENSG00000141485,ENSG00000129226,ENSG00000262089,ENSG00000285593,ENSG00000170037,ENSG00000170049,ENSG00000279812,ENSG00000183011,ENSG00000170296,ENSG00000091622,ENSG00000161940,ENSG00000201489,ENSG00000258315,ENSG00000263427,ENSG00000129195,ENSG00000141510,ENSG00000179859,ENSG00000279641,ENSG00000274860,ENSG00000141504,ENSG00000182224,ENSG00000181284",ENSG00000006047,Liver eQTLs,train
20000674400092196-92196000002920,chr17,"17-12895815-C-T,17-12897293-A-C,17-12896553-C-T,17-12895669-C-A,17-12895674-TAGCAGCA-T,17-12913490-C-T,17-12895984-G-C,17-12914484-T-C,17-12895929-G-A","ENSG00000265494,ENSG00000006740,ENSG00000153976,ENSG00000065559,ENSG00000141052,ENSG00000263648,ENSG00000006744,ENSG00000154957","ENSG00000006744,ENSG00000286617,ENSG00000227274,ENSG00000006740,ENSG00000265400,ENSG00000141052,ENSG00000153976,ENSG00000287462,ENSG00000273098,ENSG00000221698,ENSG00000234634,ENSG00000065559,ENSG00000241185,ENSG00000263648,ENSG00000280168,ENSG00000252707,ENSG00000154957,ENSG00000277621,ENSG00000265494,ENSG00000265503,ENSG00000266297",ENSG00000006744,Liver eQTLs,train
20000712900092196-92196000003657,chr19,"19-42092815-T-A,19-42094734-G-A","ENSG00000269353,ENSG00000086544,ENSG00000105409,ENSG00000268041,ENSG00000233622,ENSG00000269374,ENSG00000286177,ENSG00000270164,ENSG00000105732,ENSG00000167578,ENSG00000105722,ENSG00000079435,ENSG00000105352,ENSG00000189377,ENSG00000105429,ENSG00000105427,ENSG00000167625,ENSG00000269858,ENSG00000256612,ENSG00000077312,ENSG00000261857,ENSG00000007129,ENSG00000279539,ENSG00000177191,ENSG00000105388,ENSG00000105323,ENSG00000160570,ENSG00000268027,ENSG00000079385,ENSG00000028277,ENSG00000167601,ENSG00000076928,ENSG00000277744,ENSG00000105723,ENSG00000123815,ENSG00000079432,ENSG00000086548,ENSG00000279108,ENSG00000248098,ENSG00000090006,ENSG00000077348,ENSG00000170956,ENSG00000105372,ENSG00000105737,ENSG00000167619,ENSG00000198077,ENSG00000188368,ENSG00000197838,ENSG00000188493,ENSG00000105369,ENSG00000142039,ENSG00000255974,ENSG00000105404,ENSG00000167600,ENSG00000130612,ENSG00000269843,ENSG00000237118,ENSG00000105341,ENSG00000105329,ENSG00000197408,ENSG00000267107,ENSG00000142046,ENSG00000123810,ENSG00000282951,ENSG00000007306,ENSG00000079462,ENSG00000105245","ENSG00000224476,ENSG00000253048,ENSG00000269354,ENSG00000237118,ENSG00000243130,ENSG00000105409,ENSG00000231924,ENSG00000105737,ENSG00000282951,ENSG00000269652,ENSG00000188493,ENSG00000105723,ENSG00000279539,ENSG00000170956,ENSG00000267107,ENSG00000268987,ENSG00000077312,ENSG00000261857,ENSG00000233622,ENSG00000160570,ENSG00000269353,ENSG00000189377,ENSG00000242221,ENSG00000142039,ENSG00000105427,ENSG00000248098,ENSG00000086548,ENSG00000233681,ENSG00000231561,ENSG00000278239,ENSG00000221826,ENSG00000177191,ENSG00000123815,ENSG00000079432,ENSG00000007129,ENSG00000256612,ENSG00000105245,ENSG00000167619,ENSG00000268041,ENSG00000269119,ENSG00000239868,ENSG00000268355,ENSG00000221878,ENSG00000105323,ENSG00000268582,ENSG00000123810,ENSG00000105429,ENSG00000130612,ENSG00000105732,ENSG00000264423,ENSG00000286177,ENSG00000105722,ENSG00000167578,ENSG00000079435,ENSG00000105329,ENSG00000028277,ENSG00000279108,ENSG00000289115,ENSG00000269843,ENSG00000090006,ENSG00000255974,ENSG00000270164,ENSG00000227349,ENSG00000188368,ENSG00000105388,ENSG00000142046,ENSG00000197446,ENSG00000105404,ENSG00000198077,ENSG00000204978,ENSG00000076928,ENSG00000105372,ENSG00000124467,ENSG00000236932,ENSG00000266226,ENSG00000167625,ENSG00000238092,ENSG00000268997,ENSG00000282943,ENSG00000277136,ENSG00000197408,ENSG00000230558,ENSG00000197838,ENSG00000225877,ENSG00000079385,ENSG00000269374,ENSG00000269858,ENSG00000239736,ENSG00000268529,ENSG00000268027,ENSG00000167600,ENSG00000170848,ENSG00000277744,ENSG00000277533,ENSG00000268833,ENSG00000243167,ENSG00000086544,ENSG00000105369,ENSG00000280014,ENSG00000077348,ENSG00000105352,ENSG00000007306,ENSG00000276926,ENSG00000105341,ENSG00000079462,ENSG00000167601,ENSG00000248257",ENSG00000007129,Liver eQTLs,train
20000838200092196-92196000003662,chr19,"19-4268341-G-A,19-4266447-C-T,19-4263802-A-G,19-4268402-C-T,19-4269460-C-A,19-4264675-C-T,19-4268019-G-A,19-4265942-G-A,19-4259514-C-T,19-4264176-G-A,19-4268543-G-C,19-4252942-T-A,19-4257378-C-T,19-4272101-GA-G,19-4237425-A-T,19-4237716-G-A,19-4237955-C-T,19-4240129-C-T,19-4236996-G-A,19-4242458-C-T,19-4252580-G-A,19-4242505-T-C,19-4244586-C-T,19-4245528-C-T,19-4236388-G-A,19-4252392-G-A,19-4251367-T-C,19-4240046-G-T,19-4257482-T-G,19-4250991-A-G,19-4248119-T-G,19-4256247-A-C,19-4256241-A-T,19-4250577-G-A,19-4251069-T-C,19-4253578-C-A,19-4251431-C-A,19-4252294-TA-T,19-4252431-T-TA,19-4254375-C-T,19-4255010-G-A,19-4255304-T-G,19-4256919-G-T,19-4252205-T-TCA,19-4252322-G-T,19-4252659-C-T,19-4253005-AC-A,19-4253017-A-G,19-4253071-T-A,19-4253548-G-A,19-4254211-T-C,19-4254308-T-C,19-4254752-A-G,19-4255378-A-C,19-4256524-G-C,19-4256821-C-T,19-4256822-A-G,19-4257102-T-G,19-4257142-A-G,19-4257234-C-G,19-4247338-G-C,19-4249033-A-G,19-4237067-A-G,19-4254682-T-G,19-4255440-G-A,19-4255456-G-A,19-4255821-C-T,19-4273301-G-A,19-4273250-T-C","ENSG00000161091,ENSG00000105229,ENSG00000267011,ENSG00000105325,ENSG00000060566,ENSG00000186111,ENSG00000226800,ENSG00000126934,ENSG00000141905,ENSG00000267205,ENSG00000089847,ENSG00000011132,ENSG00000205784,ENSG00000007264,ENSG00000178951,ENSG00000105355,ENSG00000167680,ENSG00000283928,ENSG00000006638,ENSG00000167664,ENSG00000280103,ENSG00000095932,ENSG00000127663,ENSG00000105255,ENSG00000267769,ENSG00000268670,ENSG00000280239,ENSG00000267138,ENSG00000064961,ENSG00000214456,ENSG00000142002,ENSG00000127666,ENSG00000167658,ENSG00000185361,ENSG00000167671,ENSG00000167676,ENSG00000008382,ENSG00000077463,ENSG00000287884,ENSG00000167657,ENSG00000167670,ENSG00000179855,ENSG00000105246,ENSG00000077009,ENSG00000267030,ENSG00000074842,ENSG00000268536,ENSG00000141985,ENSG00000267980,ENSG00000183397,ENSG00000105248,ENSG00000183617,ENSG00000105298,ENSG00000129932,ENSG00000205790,ENSG00000176840,ENSG00000141965,ENSG00000105289,ENSG00000167674,ENSG00000171236,ENSG00000276043","ENSG00000267980,ENSG00000252408,ENSG00000167657,ENSG00000011132,ENSG00000205784,ENSG00000173976,ENSG00000141965,ENSG00000167680,ENSG00000279590,ENSG00000089847,ENSG00000095932,ENSG00000268670,ENSG00000267011,ENSG00000141905,ENSG00000267231,ENSG00000267304,ENSG00000279599,ENSG00000266959,ENSG00000178951,ENSG00000266989,ENSG00000008382,ENSG00000186111,ENSG00000205790,ENSG00000280103,ENSG00000267255,ENSG00000105255,ENSG00000161091,ENSG00000207630,ENSG00000064961,ENSG00000183617,ENSG00000126934,ENSG00000267030,ENSG00000276043,ENSG00000105248,ENSG00000226800,ENSG00000289254,ENSG00000171236,ENSG00000266627,ENSG00000266437,ENSG00000185361,ENSG00000283928,ENSG00000105246,ENSG00000206775,ENSG00000280239,ENSG00000267205,ENSG00000278007,ENSG00000007264,ENSG00000060566,ENSG00000167670,ENSG00000179855,ENSG00000129932,ENSG00000267138,ENSG00000077009,ENSG00000105289,ENSG00000214456,ENSG00000183397,ENSG00000287884,ENSG00000127663,ENSG00000267484,ENSG00000267448,ENSG00000167671,ENSG00000167658,ENSG00000268536,ENSG00000105355,ENSG00000167676,ENSG00000176840,ENSG00000127666,ENSG00000141985,ENSG00000267769,ENSG00000105229,ENSG00000263409,ENSG00000167664,ENSG00000267550,ENSG00000142002,ENSG00000267148,ENSG00000077463,ENSG00000006638,ENSG00000284638,ENSG00000105298,ENSG00000105325,ENSG00000167674,ENSG00000267408,ENSG00000074842",ENSG00000008382,Liver eQTLs,train
20001003000092196-92196000006354,chr6,"6-36350814-G-A,6-36353934-A-G,6-36354512-C-G,6-36355610-A-G,6-36355610-A-G,6-36356002-A-G,6-36357172-T-G,6-36355372-T-C,6-36348689-T-C,6-36356322-C-T,6-36355494-CGCCCGGGT-C,6-36357478-GGTT-G,6-36357691-T-G,6-36357805-G-A,6-36357358-A-AT,6-36359879-C-T,6-36380961-C-T,6-36361118-C-T,6-36363514-C-T,6-36364448-G-A,6-36364765-C-T,6-36364767-C-G,6-36364768-C-CTG,6-36365736-G-A,6-36368512-G-A,6-36374525-T-G,6-36372665-G-C,6-36372201-T-C,6-36374097-C-G,6-36363819-C-T,6-36359881-C-T","ENSG00000237719,ENSG00000010030,ENSG00000124772,ENSG00000096063,ENSG00000197753,ENSG00000112039,ENSG00000246982,ENSG00000007866,ENSG00000096060,ENSG00000137168,ENSG00000156711,ENSG00000112078,ENSG00000286672,ENSG00000065491,ENSG00000137392,ENSG00000255587,ENSG00000096070,ENSG00000226976,ENSG00000124762,ENSG00000146192,ENSG00000219023,ENSG00000198755,ENSG00000289456,ENSG00000137409,ENSG00000112130,ENSG00000198663,ENSG00000287458,ENSG00000285244,ENSG00000164530,ENSG00000112081,ENSG00000137193,ENSG00000157343,ENSG00000112053,ENSG00000232909,ENSG00000172738,ENSG00000112062","ENSG00000137409,ENSG00000112062,ENSG00000226976,ENSG00000281450,ENSG00000137168,ENSG00000216412,ENSG00000096063,ENSG00000007866,ENSG00000275550,ENSG00000164530,ENSG00000196748,ENSG00000271304,ENSG00000246982,ENSG00000220734,ENSG00000227154,ENSG00000287458,ENSG00000124772,ENSG00000285888,ENSG00000286672,ENSG00000240733,ENSG00000065491,ENSG00000198755,ENSG00000146192,ENSG00000219023,ENSG00000112053,ENSG00000124762,ENSG00000255587,ENSG00000238554,ENSG00000237719,ENSG00000228559,ENSG00000232909,ENSG00000112078,ENSG00000197753,ENSG00000276712,ENSG00000239964,ENSG00000204140,ENSG00000263894,ENSG00000232598,ENSG00000096060,ENSG00000287891,ENSG00000220349,ENSG00000224666,ENSG00000157343,ENSG00000189325,ENSG00000112039,ENSG00000289456,ENSG00000137193,ENSG00000172738,ENSG00000198663,ENSG00000285244,ENSG00000288747,ENSG00000010030,ENSG00000137392,ENSG00000096070,ENSG00000156711,ENSG00000251864,ENSG00000213500,ENSG00000218749,ENSG00000112081,ENSG00000112130,ENSG00000265527",ENSG00000010030,Liver eQTLs,train
20001037900092196-92196000001672,chr12,"12-335990-G-A,12-337464-C-A,12-336007-G-A","ENSG00000226210,ENSG00000177406,ENSG00000120647,ENSG00000256540,ENSG00000010379,ENSG00000256694,ENSG00000139044,ENSG00000256577,ENSG00000060237,ENSG00000002016,ENSG00000256020,ENSG00000255671,ENSG00000256948,ENSG00000261799,ENSG00000285704,ENSG00000255746,ENSG00000073614,ENSG00000171840,ENSG00000111181,ENSG00000250132,ENSG00000120645,ENSG00000082805","ENSG00000120645,ENSG00000256694,ENSG00000256672,ENSG00000249054,ENSG00000226210,ENSG00000285704,ENSG00000256263,ENSG00000139044,ENSG00000238370,ENSG00000261799,ENSG00000111181,ENSG00000060237,ENSG00000255746,ENSG00000120647,ENSG00000010379,ENSG00000073614,ENSG00000256020,ENSG00000221439,ENSG00000256948,ENSG00000002016,ENSG00000256540,ENSG00000177406,ENSG00000275811,ENSG00000256577,ENSG00000250132,ENSG00000255671,ENSG00000082805,ENSG00000255825,ENSG00000171840",ENSG00000010379,Liver eQTLs,train
20001113200092196-92196000003611,chr19,"19-3752515-G-A,19-3753323-C-T,19-3753467-G-A,19-3755046-A-T,19-3750869-G-A,19-3749544-A-G","ENSG00000172009,ENSG00000172006,ENSG00000167674,ENSG00000129932,ENSG00000088256,ENSG00000287766,ENSG00000268670,ENSG00000077009,ENSG00000183397,ENSG00000214456,ENSG00000185361,ENSG00000267769,ENSG00000142002,ENSG00000161091,ENSG00000253392,ENSG00000186300,ENSG00000126934,ENSG00000167670,ENSG00000161082,ENSG00000171236,ENSG00000179855,ENSG00000104969,ENSG00000008382,ENSG00000006638,ENSG00000011132,ENSG00000175691,ENSG00000095932,ENSG00000089847,ENSG00000065717,ENSG00000167676,ENSG00000287884,ENSG00000267205,ENSG00000105298,ENSG00000167664,ENSG00000280103,ENSG00000267030,ENSG00000167658,ENSG00000105325,ENSG00000141905,ENSG00000178078,ENSG00000167680,ENSG00000105255,ENSG00000269318,ENSG00000064961,ENSG00000186111,ENSG00000141985,ENSG00000171970,ENSG00000105229,ENSG00000125912,ENSG00000104964,ENSG00000105289,ENSG00000279452,ENSG00000167657,ENSG00000104953,ENSG00000167671,ENSG00000280239,ENSG00000060558,ENSG00000007264,ENSG00000183617,ENSG00000267138,ENSG00000105251,ENSG00000226800,ENSG00000267980,ENSG00000105246,ENSG00000283928,ENSG00000074842,ENSG00000060566,ENSG00000125910,ENSG00000205790,ENSG00000077463,ENSG00000105248,ENSG00000178951","ENSG00000077463,ENSG00000105255,ENSG00000142002,ENSG00000283928,ENSG00000183617,ENSG00000266989,ENSG00000266437,ENSG00000105325,ENSG00000161082,ENSG00000267205,ENSG00000214456,ENSG00000104969,ENSG00000173976,ENSG00000280103,ENSG00000267408,ENSG00000060558,ENSG00000267138,ENSG00000089847,ENSG00000266938,ENSG00000104964,ENSG00000105251,ENSG00000226800,ENSG00000278007,ENSG00000178951,ENSG00000267063,ENSG00000105298,ENSG00000280239,ENSG00000167658,ENSG00000105248,ENSG00000060566,ENSG00000206775,ENSG00000105229,ENSG00000006638,ENSG00000105246,ENSG00000252408,ENSG00000088256,ENSG00000125912,ENSG00000167674,ENSG00000171970,ENSG00000253392,ENSG00000267398,ENSG00000289471,ENSG00000185361,ENSG00000183397,ENSG00000267255,ENSG00000167664,ENSG00000267980,ENSG00000205790,ENSG00000267148,ENSG00000065717,ENSG00000007264,ENSG00000267304,ENSG00000141905,ENSG00000268670,ENSG00000279590,ENSG00000267231,ENSG00000287884,ENSG00000289254,ENSG00000077009,ENSG00000167676,ENSG00000167670,ENSG00000161091,ENSG00000064961,ENSG00000267769,ENSG00000267448,ENSG00000167657,ENSG00000266944,ENSG00000186111,ENSG00000266959,ENSG00000172006,ENSG00000095932,ENSG00000267030,ENSG00000125910,ENSG00000126934,ENSG00000279599,ENSG00000167680,ENSG00000269318,ENSG00000171236,ENSG00000105289,ENSG00000175691,ENSG00000129932,ENSG00000104953,ENSG00000141985,ENSG00000011132,ENSG00000266627,ENSG00000287766,ENSG00000284638,ENSG00000178078,ENSG00000167671,ENSG00000074842,ENSG00000186300,ENSG00000008382,ENSG00000288906,ENSG00000172009,ENSG00000279452,ENSG00000179855",ENSG00000011132,Liver eQTLs,train
20001129500092196-92196000002933,chr17,"17-15873275-T-C,17-15883134-C-T,17-15875935-A-G,17-15884561-C-T,17-15884631-C-T,17-15877374-GA-G,17-15883967-T-C,17-15888589-G-A,17-15893491-G-A,17-15899871-C-T,17-15886583-C-T,17-15906392-T-C,17-15906646-C-T,17-15906912-G-A,17-15891980-A-T,17-15905190-A-G,17-15903602-C-A,17-15902069-CT-C,17-15896591-T-C,17-15896772-C-T,17-15884792-G-A,17-15884792-G-A,17-15884792-G-A,17-15910286-A-G,17-15921419-G-A,17-15950198-G-A,17-15944208-A-T,17-15887010-C-T,17-15949133-T-A,17-16123587-A-G,17-16124968-C-G,17-16125179-C-T,17-16127206-A-C,17-16131122-G-A,17-15990013-T-C,17-16123873-G-A,17-15955491-T-A,17-15956140-G-T,17-15888448-T-C,17-15893561-CA-C,17-15927604-CTTTTTTTTCT-C,17-15882922-A-G,17-15921168-G-GT,17-15925734-A-G,17-15926033-T-C,17-15936270-A-G,17-15952588-C-A,17-15925401-G-GGGTTGT,17-15929467-A-AT,17-15951471-C-T,17-15954906-T-C,17-15921569-T-TG,17-15958402-A-G,17-15899241-C-G,17-15977132-T-C,17-15984528-G-GT,17-15959412-GCTT-G,17-15959714-C-T,17-15978404-G-C,17-15960190-A-G,17-15997773-A-C,17-15883085-T-C,17-15993327-G-A,17-15882984-A-AC,17-16031029-A-G,17-15879334-G-T,17-15928885-A-G,17-15881022-G-GA,17-15880849-TA-T,17-15965696-AAAAC-A,17-15879303-T-C,17-15973844-A-T,17-15976558-T-G,17-15991560-G-C,17-15995802-T-C,17-15997426-A-G,17-15998172-A-C,17-16024094-T-C,17-16030299-A-G,17-16036861-T-C,17-15968549-A-C,17-15972081-G-A,17-15977005-A-T,17-15994554-G-A,17-16004368-C-T,17-15885968-T-A,17-15879344-T-C,17-15881151-C-G,17-15881728-A-G,17-15881740-T-C,17-15881816-C-G,17-15876655-T-C,17-15876655-T-C,17-16119054-G-A,17-16123896-A-G,17-16131196-T-C,17-16030520-T-C,17-15870608-TCTCA-T,17-16098792-AAAAG-A,17-15870401-T-A,17-16106354-TACACACACAC-T,17-16020028-A-G,17-16030490-T-C,17-16026068-A-G,17-16028027-G-A,17-16033132-T-A,17-16047179-TTAA-T,17-16049090-G-A,17-16056442-C-T,17-16077124-A-T,17-16015579-G-A,17-16032765-C-A,17-16055659-G-A,17-15951008-TA-T,17-15930087-G-A,17-16100611-G-C,17-16031034-T-C,17-15984544-C-T,17-16049626-A-T,17-15937487-C-A,17-16035225-A-T,17-16008872-T-C,17-16039912-G-A,17-16099773-C-A,17-16101128-T-C,17-16103426-C-T,17-16108926-G-A,17-16117359-C-A,17-16050724-C-CA,17-15941749-CT-C,17-16034773-G-T,17-16030900-T-C,17-16040139-A-G,17-15938690-G-A,17-16043651-T-C,17-16010920-A-G,17-16013054-A-ATTTTTCTT,17-16041306-C-A,17-15932071-C-CTT,17-15932820-G-C,17-15936966-G-GTTTTA,17-15942145-T-C,17-15943144-A-G,17-15943331-G-C,17-15952941-C-G,17-15945474-C-CAAAG,17-15945613-G-GTCAT,17-16008708-G-A,17-16019978-G-A,17-16027361-A-G,17-16052381-C-T,17-16057490-G-C,17-16057933-A-G,17-16083189-G-A,17-16090785-A-G,17-16091172-C-T,17-16092477-G-GT,17-16092902-A-G,17-16103238-G-T,17-16108464-G-A,17-16114185-A-G,17-16030777-G-A,17-15884227-A-G,17-16084985-A-AACAC,17-16005187-T-C,17-15958014-T-C,17-15948963-C-T,17-15949099-C-T,17-16016039-G-A,17-15945946-A-G,17-15932627-T-C,17-15962121-A-G,17-15962151-A-G,17-15961951-A-G,17-15981874-T-C,17-15977869-T-G,17-15995762-C-T,17-16041777-C-T,17-15948430-A-G,17-15954048-T-TA,17-15955009-G-T,17-15958774-C-T,17-15947217-T-C,17-15958185-A-G,17-15961993-T-A,17-15871208-C-T,17-16097144-T-C,17-15879910-C-T,17-16014865-A-G,17-16046845-A-T,17-16064716-A-G,17-16083666-A-G,17-16100561-A-G,17-15968673-G-A,17-15994888-C-T,17-16030683-G-A,17-16010759-A-G,17-16012494-A-T,17-16025670-A-G,17-16041636-T-C,17-16017072-C-T,17-16023587-T-C,17-16041792-A-G,17-15970682-C-T,17-16091794-G-A,17-15909728-A-G,17-15929003-C-A,17-15943910-T-C,17-15977043-C-T,17-15994864-T-TCTCA,17-16004259-A-G,17-16090854-TA-T,17-16101671-CAA-C,17-16077116-T-A,17-16078836-C-T,17-16083586-C-T,17-16088135-T-C,17-16094155-G-C,17-16097602-T-TAAG,17-15883809-C-T,17-15875147-G-A,17-15887789-A-G,17-15888308-A-C,17-15888579-A-T,17-15893129-G-A,17-15894789-C-T,17-15895672-A-T,17-15898987-C-A,17-15911105-T-G,17-15888533-A-G,17-15891010-T-C,17-15898688-T-C,17-16020032-C-CAGA,17-16033443-C-A,17-16037626-C-A,17-16049042-T-C,17-16051444-C-T,17-16065477-G-A,17-16072953-TA-T,17-16073871-C-G,17-16075901-A-T,17-16076998-G-C,17-16083684-C-T,17-16086407-T-A,17-16087469-T-C,17-16087469-T-C,17-16091170-T-C,17-16092929-C-T,17-16097430-C-T,17-15891219-T-C,17-15921071-A-G,17-15965863-T-G,17-15895247-G-T,17-15915072-A-G,17-15892441-A-T,17-15906391-C-T,17-15910753-AGTTTTTT-A,17-16085830-A-G,17-16054524-T-A,17-16054524-T-A,17-15913440-T-C,17-16080849-A-G,17-15927223-C-A,17-15923709-C-T,17-15942085-C-G,17-15954692-A-G,17-15968143-T-C,17-15991568-T-C,17-15889393-C-CTT,17-15918222-G-A,17-16021611-A-G,17-16076898-C-A,17-16097070-C-T,17-15924370-A-G,17-16020828-GA-G,17-16009751-C-CA,17-16088008-C-T,17-16081958-C-T,17-16099954-G-A,17-16030627-G-A,17-15998823-C-T,17-15999045-G-A","ENSG00000187607,ENSG00000187688,ENSG00000141040,ENSG00000265095,ENSG00000227300,ENSG00000108474,ENSG00000128438,ENSG00000276855,ENSG00000235554,ENSG00000266651,ENSG00000011295,ENSG00000283033,ENSG00000239704,ENSG00000181350,ENSG00000223878,ENSG00000221926,ENSG00000175106,ENSG00000197566,ENSG00000175061,ENSG00000166582,ENSG00000179277,ENSG00000288235,ENSG00000188933,ENSG00000241322,ENSG00000125409,ENSG00000109099,ENSG00000275413,ENSG00000205312,ENSG00000265519,ENSG00000170315,ENSG00000227782,ENSG00000170160","ENSG00000265519,ENSG00000125409,ENSG00000233193,ENSG00000128438,ENSG00000235430,ENSG00000141040,ENSG00000187607,ENSG00000264765,ENSG00000181350,ENSG00000233979,ENSG00000266803,ENSG00000197566,ENSG00000170315,ENSG00000286743,ENSG00000166582,ENSG00000239888,ENSG00000131885,ENSG00000259944,ENSG00000109099,ENSG00000205312,ENSG00000229749,ENSG00000011295,ENSG00000283033,ENSG00000264892,ENSG00000233090,ENSG00000279567,ENSG00000276855,ENSG00000286792,ENSG00000170160,ENSG00000276088,ENSG00000227018,ENSG00000231458,ENSG00000188933,ENSG00000288235,ENSG00000279660,ENSG00000223878,ENSG00000239221,ENSG00000252383,ENSG00000267227,ENSG00000187688,ENSG00000266667,ENSG00000237057,ENSG00000108474,ENSG00000266129,ENSG00000265095,ENSG00000227300,ENSG00000252129,ENSG00000252446,ENSG00000179277,ENSG00000266538,ENSG00000239704,ENSG00000287307,ENSG00000265163,ENSG00000221926,ENSG00000227782,ENSG00000199674,ENSG00000175061,ENSG00000266651,ENSG00000264673,ENSG00000235554,ENSG00000237377,ENSG00000227790,ENSG00000226156,ENSG00000241322,ENSG00000264739,ENSG00000108452,ENSG00000251829,ENSG00000232058,ENSG00000227255,ENSG00000265110,ENSG00000275413,ENSG00000264729,ENSG00000221355,ENSG00000175106,ENSG00000265445,ENSG00000264359,ENSG00000233002",ENSG00000011295,Liver eQTLs,train
20001152300092196-92196000004323,chr2,"2-65284156-C-CGTGGATGCAGCA,2-65287364-A-AT,2-65289970-CA-C,2-65287896-A-G,2-65289825-A-G,2-65296280-T-C,2-65283972-T-C,2-65298282-T-A,2-65297686-C-T,2-65276452-T-C,2-65276736-A-G,2-65279414-A-G,2-65279805-T-C,2-65284231-A-T,2-65277366-CATTT-C,2-65284623-T-C,2-65279223-C-T,2-65279321-T-G,2-65280220-G-A,2-65277951-A-G,2-65280185-A-G,2-65289623-C-T,2-65289949-C-T,2-65297359-C-G","ENSG00000138069,ENSG00000288932,ENSG00000223935,ENSG00000138071,ENSG00000119844,ENSG00000281920,ENSG00000172974,ENSG00000115902,ENSG00000011523,ENSG00000237638,ENSG00000260101,ENSG00000198369,ENSG00000225889,ENSG00000119862,ENSG00000197329,ENSG00000179833,ENSG00000273763","ENSG00000225889,ENSG00000119844,ENSG00000199964,ENSG00000115902,ENSG00000172974,ENSG00000232693,ENSG00000223863,ENSG00000237638,ENSG00000289176,ENSG00000252414,ENSG00000272025,ENSG00000233694,ENSG00000227293,ENSG00000235725,ENSG00000227394,ENSG00000119862,ENSG00000236148,ENSG00000275588,ENSG00000243029,ENSG00000251900,ENSG00000138069,ENSG00000281920,ENSG00000223739,ENSG00000238201,ENSG00000237217,ENSG00000238012,ENSG00000223935,ENSG00000226756,ENSG00000287123,ENSG00000011523,ENSG00000198369,ENSG00000244534,ENSG00000227791,ENSG00000197329,ENSG00000280257,ENSG00000273763,ENSG00000252892,ENSG00000283204,ENSG00000179833,ENSG00000260101,ENSG00000288932,ENSG00000288986,ENSG00000214533,ENSG00000264297,ENSG00000234572,ENSG00000138071",ENSG00000011523,Liver eQTLs,train
20001204800092196-92196000003063,chr17,"17-41391759-G-A,17-41383772-G-A,17-41385485-T-C,17-41385976-C-T,17-41387033-A-G,17-41387445-T-C,17-41387610-T-C,17-41394177-C-T,17-41395592-T-A,17-41396491-T-C,17-41399932-C-G,17-41401482-G-T,17-41401570-A-T,17-41401733-T-G,17-41403711-C-T,17-41405417-A-G,17-41409416-T-C,17-41410918-C-T,17-41411602-G-C,17-41413074-C-CTTG,17-41414293-G-A,17-41414324-C-G,17-41415016-A-T,17-41415023-T-C,17-41415522-A-G,17-41417113-A-T,17-41418334-A-G,17-41420035-A-G,17-41424101-C-A,17-41424919-C-G,17-41427721-A-G,17-41428061-T-C,17-41429038-CCTAA-C,17-41431808-A-G,17-41434990-G-T,17-41435665-C-T,17-41436183-A-G,17-41384405-C-T,17-41387375-A-G,17-41387716-G-A,17-41393295-T-C,17-41395491-G-T,17-41402874-T-C,17-41409653-T-G,17-41414025-A-G,17-41417382-A-G,17-41422985-T-C,17-41428666-G-A,17-41433935-G-GC,17-41435437-G-C,17-41436440-T-C,17-41393265-T-C,17-41389393-G-T,17-41393440-T-C,17-41423734-A-AAT,17-41423734-A-AAT,17-41410460-C-T,17-41408054-G-A,17-41408266-T-C,17-41408297-G-A,17-41348148-A-C,17-41374793-GT-G,17-41373899-C-G,17-41330383-CT-C,17-41340689-A-G,17-41361960-A-G,17-41362272-C-G,17-41361342-G-A,17-41334016-C-A,17-41325490-G-A,17-41327648-T-C,17-41328818-T-A,17-41329010-A-G,17-41329172-T-C,17-41331460-G-A,17-41331919-T-TCTTGAGTCCTGAGCATCA,17-41332330-T-C,17-41333786-A-G,17-41337900-A-C,17-41341984-A-G,17-41342313-A-C,17-41344312-A-T,17-41347816-T-C,17-41349336-T-A,17-41349713-A-G,17-41375597-A-G,17-41376104-C-T,17-41377185-C-T,17-41379112-A-G,17-41380756-C-T,17-41351400-T-A,17-41378392-AAAG-A,17-41392153-T-C,17-41392153-T-C,17-41388568-C-G,17-41334749-C-T,17-41351099-G-A,17-41352643-C-T,17-41353088-G-A,17-41353806-C-T,17-41356947-A-G,17-41358152-G-A,17-41362721-C-T,17-41364910-A-G,17-41334925-T-C,17-41335472-A-G,17-41394798-C-T,17-41377741-T-A,17-41377739-T-A,17-41377969-C-T,17-41325020-T-C,17-41325342-A-G,17-41326898-G-A,17-41326940-G-A,17-41327621-A-G,17-41327650-G-GT,17-41329847-G-A,17-41330024-T-C,17-41330265-A-G,17-41330820-C-G,17-41331306-C-T,17-41331597-T-C,17-41331816-C-T,17-41346283-G-A,17-41346798-T-C,17-41347821-G-A,17-41349312-G-A,17-41351731-A-G,17-41370984-C-A,17-41375555-T-G,17-41383726-C-CTGTG,17-41387871-G-A,17-41394877-C-T,17-41396505-T-G,17-41399445-G-C,17-41401582-A-G,17-41401730-G-A,17-41403329-C-G,17-41409774-G-A,17-41414679-A-G,17-41419385-A-G,17-41419656-C-T,17-41420143-G-T,17-41422131-C-T,17-41423017-G-A,17-41423944-C-T,17-41424033-A-C,17-41424052-G-A,17-41424253-G-A,17-41424565-G-A,17-41425893-A-T,17-41427469-A-G,17-41432968-CT-C,17-41435192-C-T,17-41400913-T-C,17-41375509-T-A,17-41344502-C-T,17-41403767-C-G,17-41408001-G-C,17-41353919-A-G,17-41354011-A-G,17-41354888-A-G,17-41356559-A-G,17-41357647-A-G,17-41377871-C-T,17-41408858-A-G,17-41412250-A-C,17-41425739-C-T,17-41426157-A-G,17-41430179-C-G,17-41326087-T-G,17-41434874-G-T,17-41393260-G-A,17-41408581-A-G,17-41230228-G-A,17-41230336-A-G,17-41230376-A-G,17-41231902-G-A,17-41249363-TA-T,17-41384118-A-G,17-41442751-A-G,17-41445145-G-A,17-41445410-A-T,17-41231221-A-C,17-41374463-G-A,17-41416058-T-C,17-41217874-C-T,17-41234470-A-G,17-41245237-A-G,17-41248484-G-C,17-41251495-C-G,17-41255102-A-G,17-41257458-A-C,17-41264146-G-A,17-41264364-A-G,17-41275151-G-C,17-41218572-T-C,17-41244435-T-C,17-41248164-C-T,17-41273379-G-C,17-41222723-T-C,17-41371844-A-G,17-41445459-G-C,17-41445460-C-A,17-41445462-C-G,17-41220223-A-G,17-41223094-T-C,17-41263566-T-C,17-41256075-AAAAAAAAAAAAG-A,17-41229773-T-C,17-41437552-T-C,17-41437547-T-C,17-41296197-A-G,17-41224833-G-C,17-41275081-G-GA,17-41402020-C-T,17-41229760-AT-A,17-41229763-T-A,17-41261058-T-TCTATCTATCTACCTAC,17-41372116-C-CT,17-41354541-T-A,17-41354541-T-A,17-41302750-T-C,17-41229386-T-C,17-41231516-C-T,17-41437398-A-G,17-41394075-C-T,17-41273095-G-A,17-41326508-A-G,17-41225781-A-T,17-41260808-A-G,17-41174025-A-C,17-41291194-CT-C,17-41371751-CAA-C,17-41397495-G-A,17-41287880-A-G,17-41218333-G-A,17-41219780-T-C,17-41219804-T-C,17-41223538-G-GAATGTTCACTGTAACAATGCTTGT,17-41237953-G-A,17-41239491-T-C,17-41239628-A-G,17-41241390-C-A,17-41241503-T-C,17-41242285-T-G,17-41244000-T-C,17-41249094-A-G,17-41250678-C-CT,17-41251646-T-A,17-41254174-A-G,17-41255111-A-T,17-41258043-C-T,17-41259049-C-T,17-41261233-C-T,17-41263044-A-G,17-41265776-A-G,17-41268206-A-C,17-41273537-A-C,17-41274778-G-A,17-41275645-A-G,17-41276247-A-G,17-41276348-T-C,17-41306523-C-T,17-41279837-C-A,17-41281754-G-A,17-41283865-A-G,17-41284699-A-G,17-41287924-C-A,17-41291953-C-G,17-41292323-T-C,17-41292427-C-G,17-41298434-T-C,17-41298499-G-A,17-41298515-C-T,17-41301428-T-G,17-41302940-C-G,17-41303071-C-T,17-41305826-G-T,17-41306697-TTAAG-T,17-41307687-C-G,17-41307702-G-C,17-41307703-C-T,17-41309752-G-T,17-41310495-T-C,17-41318932-G-A,17-41270277-C-T,17-41270666-C-A,17-41222462-A-G,17-41187684-A-C,17-41187974-G-C,17-41188786-G-A,17-41201702-C-T,17-41211653-A-G,17-41212169-C-T,17-41213626-G-T,17-41213893-C-T,17-41213996-C-T,17-41393438-G-A,17-41197274-C-A,17-41317802-CT-C,17-41226736-GGGGTT-G,17-41279882-A-G,17-41280073-G-A,17-41284792-T-A,17-41225839-T-C,17-41239472-G-A,17-41337472-C-T,17-41359589-C-T,17-41371958-T-C,17-41425901-A-G,17-41427403-A-C,17-41393275-C-A,17-41278005-G-GTGT,17-41278377-G-A,17-41279298-A-G,17-41280682-A-G,17-41281680-T-C,17-41283377-C-T,17-41283854-G-A,17-41286822-T-G,17-41289764-A-G,17-41290613-G-T,17-41290674-G-C,17-41291779-G-T,17-41292739-G-A,17-41297992-G-T,17-41299407-T-C,17-41299589-C-T,17-41299607-A-G,17-41299928-G-C,17-41300799-C-A,17-41301709-C-T,17-41304463-T-C,17-41305397-C-T,17-41305571-T-TC,17-41305883-G-A,17-41307473-A-C,17-41307772-G-A,17-41308274-A-G,17-41311469-T-G,17-41313612-A-G,17-41317432-C-T,17-41317811-T-TAGACTGTCTA,17-41318800-T-C,17-41321387-C-T,17-41321846-C-T,17-41402144-G-A,17-41402342-C-T,17-41270229-T-G,17-41270463-G-A,17-41241568-T-TC,17-41187567-T-G,17-41189045-A-G,17-41189383-G-T,17-41192016-C-CAT,17-41195025-T-A,17-41195711-G-C,17-41195773-A-G,17-41196408-G-A,17-41198621-A-G,17-41200109-T-C,17-41203325-T-A,17-41203591-T-C,17-41204377-A-G,17-41204390-T-C,17-41205772-G-A,17-41206056-T-C,17-41209578-T-C,17-41212338-A-C,17-41212547-C-T,17-41213660-T-C,17-41215825-C-T,17-41267050-G-A,17-41226601-G-C,17-41181297-T-C,17-41179864-C-T,17-41287315-G-GC,17-41295489-G-A,17-41443014-T-C,17-41229352-C-CT,17-41254405-C-T,17-41409141-C-CAAAAAA,17-41248393-C-CAAAAAAAAAAA,17-41214209-CAA-C,17-41432820-A-G,17-41436595-A-T,17-41387051-A-G,17-41229812-A-G,17-41230537-A-T,17-41191129-G-T,17-41317896-T-A,17-41230990-A-G,17-41243190-T-G,17-41449294-T-A,17-41210396-A-C,17-41176688-T-C,17-41176831-G-A,17-41181746-A-G,17-41181835-C-T,17-41182662-G-A,17-41339697-T-C,17-41328095-A-G,17-41398579-C-T,17-41252612-T-A,17-41252613-T-C,17-41301286-T-TG,17-41278116-T-C,17-41278916-A-G,17-41287145-T-C,17-41288843-A-G,17-41316747-C-G,17-41216933-T-C,17-41188342-A-G,17-41194885-T-C,17-41226675-A-T,17-41264740-TGA-T,17-41339487-G-A,17-41264739-C-T,17-41264743-CT-C,17-41264749-C-G,17-41264750-A-T,17-41264753-C-T,17-41264755-TGAAAC-T,17-41190715-G-A,17-41279770-A-G,17-41180772-C-T,17-41297652-A-C,17-41229857-G-A,17-41229908-T-A,17-41294955-G-A,17-41244936-G-A,17-41250923-T-C,17-41254486-T-G,17-41257134-T-C,17-41273348-T-C,17-41277187-G-C,17-41230105-CT-C,17-41205941-A-G,17-41212805-C-T,17-41370337-A-T,17-41279561-G-C,17-41293613-C-T,17-41312859-T-C,17-41193910-A-T,17-41199913-T-C,17-41202688-G-A,17-41457386-A-AC,17-41181898-A-G,17-41206761-AT-A,17-41173226-A-T,17-41235799-G-A,17-41294957-G-A,17-41284742-T-C,17-41299831-C-CCT","ENSG00000108861,ENSG00000131467,ENSG00000125319,ENSG00000267060,ENSG00000175906,ENSG00000289579,ENSG00000288877,ENSG00000197291,ENSG00000267632,ENSG00000004939,ENSG00000108788,ENSG00000267185,ENSG00000168610,ENSG00000126562,ENSG00000067596,ENSG00000141349,ENSG00000161649,ENSG00000214578,ENSG00000161653,ENSG00000266967,ENSG00000005102,ENSG00000267002,ENSG00000198863,ENSG00000068120,ENSG00000260105,ENSG00000037042,ENSG00000033627,ENSG00000161654,ENSG00000176563,ENSG00000131480,ENSG00000131096,ENSG00000108799,ENSG00000131482,ENSG00000177469,ENSG00000168591,ENSG00000267681,ENSG00000108785,ENSG00000087152,ENSG00000287710,ENSG00000108784,ENSG00000183978,ENSG00000279602,ENSG00000266962,ENSG00000161647,ENSG00000068079,ENSG00000213373,ENSG00000091947,ENSG00000108828,ENSG00000161664,ENSG00000126581,ENSG00000108797,ENSG00000175832,ENSG00000236383,ENSG00000188554,ENSG00000267394,ENSG00000012048,ENSG00000141699,ENSG00000131477,ENSG00000131470,ENSG00000131462,ENSG00000260793,ENSG00000131471,ENSG00000108786,ENSG00000108830,ENSG00000108852,ENSG00000108309,ENSG00000184451,ENSG00000068137,ENSG00000131469,ENSG00000108840,ENSG00000108312,ENSG00000267080,ENSG00000267340,ENSG00000131475","ENSG00000131462,ENSG00000187242,ENSG00000267060,ENSG00000251439,ENSG00000131738,ENSG00000265359,ENSG00000131737,ENSG00000213417,ENSG00000212722,ENSG00000289579,ENSG00000204873,ENSG00000260793,ENSG00000184502,ENSG00000204897,ENSG00000126337,ENSG00000237230,ENSG00000131470,ENSG00000198090,ENSG00000212899,ENSG00000221852,ENSG00000161664,ENSG00000175832,ENSG00000241241,ENSG00000161653,ENSG00000196156,ENSG00000266962,ENSG00000198271,ENSG00000108852,ENSG00000161647,ENSG00000131469,ENSG00000197291,ENSG00000197079,ENSG00000212900,ENSG00000108840,ENSG00000204880,ENSG00000212721,ENSG00000201920,ENSG00000126581,ENSG00000068137,ENSG00000168610,ENSG00000108799,ENSG00000161610,ENSG00000278954,ENSG00000108828,ENSG00000225438,ENSG00000213416,ENSG00000171360,ENSG00000248807,ENSG00000108784,ENSG00000234477,ENSG00000267185,ENSG00000279775,ENSG00000094796,ENSG00000171396,ENSG00000108516,ENSG00000175906,ENSG00000012048,ENSG00000005102,ENSG00000212658,ENSG00000125319,ENSG00000212659,ENSG00000267080,ENSG00000267002,ENSG00000131477,ENSG00000108309,ENSG00000229351,ENSG00000006059,ENSG00000068079,ENSG00000264488,ENSG00000067596,ENSG00000260105,ENSG00000141699,ENSG00000131480,ENSG00000223125,ENSG00000087152,ENSG00000131096,ENSG00000289252,ENSG00000287710,ENSG00000188554,ENSG00000188581,ENSG00000168591,ENSG00000229028,ENSG00000108312,ENSG00000233014,ENSG00000236473,ENSG00000177469,ENSG00000131475,ENSG00000186860,ENSG00000287602,ENSG00000212901,ENSG00000183978,ENSG00000108797,ENSG00000234859,ENSG00000226629,ENSG00000204889,ENSG00000161654,ENSG00000108788,ENSG00000204887,ENSG00000240542,ENSG00000267340,ENSG00000108417,ENSG00000171403,ENSG00000004939,ENSG00000267632,ENSG00000212724,ENSG00000173908,ENSG00000240125,ENSG00000239886,ENSG00000108785,ENSG00000198443,ENSG00000196859,ENSG00000279806,ENSG00000176563,ENSG00000033627,ENSG00000239542,ENSG00000198083,ENSG00000226776,ENSG00000198863,ENSG00000126562,ENSG00000221880,ENSG00000214578,ENSG00000108759,ENSG00000108830,ENSG00000131482,ENSG00000267394,ENSG00000236383,ENSG00000237183,ENSG00000131467,ENSG00000241595,ENSG00000131471,ENSG00000266967,ENSG00000244537,ENSG00000091947,ENSG00000212725,ENSG00000184451,ENSG00000037042,ENSG00000108861,ENSG00000214518,ENSG00000161649,ENSG00000212657,ENSG00000288877,ENSG00000279602,ENSG00000240871,ENSG00000283796,ENSG00000141349,ENSG00000180386,ENSG00000224244,ENSG00000186393,ENSG00000187272,ENSG00000108786,ENSG00000213373,ENSG00000068120,ENSG00000267681",ENSG00000012048,Liver eQTLs,train
20001212400092196-92196000003589,chr19,19-35800662-G-T,"ENSG00000126247,ENSG00000267053,ENSG00000105220,ENSG00000161277,ENSG00000271032,ENSG00000105258,ENSG00000168661,ENSG00000004776,ENSG00000225872,ENSG00000105270,ENSG00000142279,ENSG00000267796,ENSG00000105290,ENSG00000167635,ENSG00000189001,ENSG00000270876,ENSG00000221946,ENSG00000267698,ENSG00000179066,ENSG00000126261,ENSG00000267219,ENSG00000271049,ENSG00000153902,ENSG00000270760,ENSG00000075702,ENSG00000267439,ENSG00000280194,ENSG00000105675,ENSG00000188508,ENSG00000167595,ENSG00000105699,ENSG00000180884,ENSG00000274104,ENSG00000011600,ENSG00000089327,ENSG00000161249,ENSG00000196357,ENSG00000089335,ENSG00000268947,ENSG00000105698,ENSG00000167604,ENSG00000271109,ENSG00000105707,ENSG00000004777,ENSG00000105677,ENSG00000250799,ENSG00000280106,ENSG00000205138,ENSG00000153896,ENSG00000126249,ENSG00000249115,ENSG00000205209,ENSG00000197841,ENSG00000279619,ENSG00000105697,ENSG00000126246,ENSG00000279329,ENSG00000126254,ENSG00000268751,ENSG00000181392,ENSG00000105711,ENSG00000126262,ENSG00000266964,ENSG00000267049,ENSG00000105254,ENSG00000126267,ENSG00000271366,ENSG00000011590,ENSG00000236144,ENSG00000205155,ENSG00000239382,ENSG00000012124,ENSG00000227392,ENSG00000272333,ENSG00000105668,ENSG00000161281,ENSG00000105672,ENSG00000089351,ENSG00000126264,ENSG00000233214,ENSG00000279504,ENSG00000161265,ENSG00000126243","ENSG00000236144,ENSG00000180884,ENSG00000224910,ENSG00000267353,ENSG00000089335,ENSG00000200179,ENSG00000105254,ENSG00000075702,ENSG00000228629,ENSG00000267113,ENSG00000268947,ENSG00000226510,ENSG00000280106,ENSG00000185897,ENSG00000189001,ENSG00000188508,ENSG00000284034,ENSG00000269037,ENSG00000249115,ENSG00000089327,ENSG00000167604,ENSG00000126243,ENSG00000126247,ENSG00000126264,ENSG00000267005,ENSG00000161265,ENSG00000267142,ENSG00000270876,ENSG00000105220,ENSG00000280023,ENSG00000089351,ENSG00000267053,ENSG00000105697,ENSG00000225872,ENSG00000270624,ENSG00000105677,ENSG00000126261,ENSG00000270760,ENSG00000105672,ENSG00000267049,ENSG00000126267,ENSG00000011590,ENSG00000168661,ENSG00000105668,ENSG00000004777,ENSG00000153896,ENSG00000268751,ENSG00000181392,ENSG00000271666,ENSG00000205155,ENSG00000161277,ENSG00000279619,ENSG00000126251,ENSG00000105258,ENSG00000167635,ENSG00000267698,ENSG00000105699,ENSG00000289246,ENSG00000267439,ENSG00000205209,ENSG00000105270,ENSG00000243968,ENSG00000272333,ENSG00000205138,ENSG00000271171,ENSG00000227392,ENSG00000142279,ENSG00000279504,ENSG00000153902,ENSG00000105679,ENSG00000266964,ENSG00000004776,ENSG00000271366,ENSG00000288731,ENSG00000267091,ENSG00000179066,ENSG00000269303,ENSG00000271032,ENSG00000161281,ENSG00000274104,ENSG00000264400,ENSG00000196357,ENSG00000267626,ENSG00000105707,ENSG00000105711,ENSG00000126266,ENSG00000011600,ENSG00000267260,ENSG00000267219,ENSG00000267786,ENSG00000105698,ENSG00000250799,ENSG00000012124,ENSG00000167595,ENSG00000267796,ENSG00000126246,ENSG00000267190,ENSG00000283758,ENSG00000126262,ENSG00000105675,ENSG00000233214,ENSG00000197841,ENSG00000269553,ENSG00000126249,ENSG00000279329,ENSG00000271049,ENSG00000239382,ENSG00000161249,ENSG00000280194,ENSG00000126254,ENSG00000221946,ENSG00000271109,ENSG00000105290",ENSG00000012124,Liver eQTLs,train
20001336400092196-92196000002622,chr16,16-29840878-TGTCCAAA-T,"ENSG00000180209,ENSG00000156873,ENSG00000271699,ENSG00000169951,ENSG00000179958,ENSG00000278922,ENSG00000178952,ENSG00000260953,ENSG00000176953,ENSG00000169217,ENSG00000198064,ENSG00000213648,ENSG00000197471,ENSG00000103502,ENSG00000196796,ENSG00000149930,ENSG00000149925,ENSG00000180035,ENSG00000279106,ENSG00000102879,ENSG00000260853,ENSG00000260719,ENSG00000260367,ENSG00000273724,ENSG00000261840,ENSG00000156860,ENSG00000178188,ENSG00000132207,ENSG00000013364,ENSG00000149932,ENSG00000149927,ENSG00000277999,ENSG00000288983,ENSG00000169682,ENSG00000196118,ENSG00000289080,ENSG00000196296,ENSG00000156858,ENSG00000285043,ENSG00000174939,ENSG00000080603,ENSG00000174943,ENSG00000260413,ENSG00000247735,ENSG00000280789,ENSG00000274678,ENSG00000284671,ENSG00000156853,ENSG00000103485,ENSG00000229809,ENSG00000260219,ENSG00000090238,ENSG00000179965,ENSG00000177455,ENSG00000205534,ENSG00000254634,ENSG00000260517,ENSG00000280211,ENSG00000181625,ENSG00000005844,ENSG00000149922,ENSG00000279789,ENSG00000261766,ENSG00000167371,ENSG00000169957,ENSG00000102870,ENSG00000102886,ENSG00000185905,ENSG00000213658,ENSG00000275371,ENSG00000174938,ENSG00000259807,ENSG00000169955,ENSG00000284649,ENSG00000261052,ENSG00000281991,ENSG00000235560,ENSG00000250616,ENSG00000284685,ENSG00000103549,ENSG00000197162,ENSG00000279583,ENSG00000149929,ENSG00000273582,ENSG00000183604,ENSG00000289029,ENSG00000169221,ENSG00000103495,ENSG00000169203,ENSG00000180096,ENSG00000149923,ENSG00000169592,ENSG00000079616,ENSG00000102882,ENSG00000274653,ENSG00000177548,ENSG00000179918,ENSG00000174992,ENSG00000254206","ENSG00000252074,ENSG00000174938,ENSG00000156853,ENSG00000103502,ENSG00000260719,ENSG00000261052,ENSG00000260367,ENSG00000149927,ENSG00000180209,ENSG00000279106,ENSG00000196296,ENSG00000251706,ENSG00000167194,ENSG00000132207,ENSG00000289080,ENSG00000169221,ENSG00000260413,ENSG00000102879,ENSG00000261444,ENSG00000250616,ENSG00000149930,ENSG00000179958,ENSG00000279228,ENSG00000278887,ENSG00000185905,ENSG00000284649,ENSG00000274653,ENSG00000274904,ENSG00000169951,ENSG00000279789,ENSG00000222287,ENSG00000183336,ENSG00000149923,ENSG00000079616,ENSG00000169592,ENSG00000179918,ENSG00000169217,ENSG00000252461,ENSG00000260514,ENSG00000283845,ENSG00000260335,ENSG00000169682,ENSG00000206755,ENSG00000213648,ENSG00000254634,ENSG00000156873,ENSG00000102870,ENSG00000167371,ENSG00000289181,ENSG00000260953,ENSG00000178188,ENSG00000169955,ENSG00000273724,ENSG00000102886,ENSG00000149929,ENSG00000280789,ENSG00000288983,ENSG00000281991,ENSG00000149925,ENSG00000199787,ENSG00000278713,ENSG00000202476,ENSG00000180035,ENSG00000254206,ENSG00000169627,ENSG00000196118,ENSG00000261840,ENSG00000261552,ENSG00000183604,ENSG00000260853,ENSG00000278078,ENSG00000285043,ENSG00000181625,ENSG00000273582,ENSG00000266758,ENSG00000156860,ENSG00000156858,ENSG00000235560,ENSG00000259807,ENSG00000274848,ENSG00000289029,ENSG00000259952,ENSG00000180096,ENSG00000279583,ENSG00000222375,ENSG00000247735,ENSG00000284671,ENSG00000149922,ENSG00000274678,ENSG00000261346,ENSG00000197162,ENSG00000284685,ENSG00000080603,ENSG00000197471,ENSG00000260113,ENSG00000258150,ENSG00000177455,ENSG00000280211,ENSG00000196796,ENSG00000260219,ENSG00000149932,ENSG00000103549,ENSG00000013364,ENSG00000103485,ENSG00000169957,ENSG00000261740,ENSG00000275371,ENSG00000260517,ENSG00000102882,ENSG00000177548,ENSG00000005844,ENSG00000257506,ENSG00000213658,ENSG00000169203,ENSG00000261680,ENSG00000278922,ENSG00000277999,ENSG00000103495,ENSG00000260133,ENSG00000258130,ENSG00000179965,ENSG00000261766,ENSG00000229809,ENSG00000198064,ENSG00000222701,ENSG00000178952,ENSG00000090238,ENSG00000174943,ENSG00000266305,ENSG00000261203,ENSG00000257691,ENSG00000271699,ENSG00000176953,ENSG00000174992,ENSG00000205534,ENSG00000174939",ENSG00000013364,Liver eQTLs,train
20001357300092196-92196000001663,chr12,"12-31226835-T-A,12-31256342-G-A,12-31244846-C-G,12-31251544-C-T,12-31251803-G-A,12-31252886-C-T,12-31253995-C-T,12-31254221-T-G,12-31254256-C-T,12-31254317-C-A,12-31254323-A-G,12-31254642-T-A,12-31254752-C-T,12-31255626-T-C,12-31255654-A-G,12-31255772-A-AG,12-31256075-G-A,12-31256219-C-T,12-31256220-A-G,12-31256546-G-A,12-31257464-G-A,12-31257695-T-C,12-31259027-C-CAGGT,12-31259594-G-T,12-31259935-T-C,12-31260085-T-C,12-31260135-A-G,12-31260348-CCAAT-C,12-31260682-C-T,12-31261371-T-C,12-31261402-G-A,12-31252348-GTTTACTTGACCTTTTA-G,12-31258552-A-C,12-31254522-T-C,12-31258573-A-AT,12-31256905-T-C,12-31261698-T-C,12-31262624-T-G,12-31263752-A-C,12-31264770-A-G,12-31259576-A-G,12-31258947-C-A,12-31257998-A-G,12-31232445-C-G,12-31252515-T-C,12-31233023-C-G,12-31258697-A-AGCT,12-31239704-G-A,12-31258718-C-G,12-31256368-G-T,12-31227521-T-G,12-31213631-C-T,12-31213644-G-T,12-31213735-C-T,12-31214179-A-G,12-31215030-G-A,12-31218038-T-C,12-31221072-C-A,12-31221455-C-T,12-31222479-C-CTAGT,12-31223430-G-A,12-31223471-A-C,12-31224052-C-G,12-31224337-G-A,12-31224452-G-A,12-31224540-C-T,12-31224665-G-C,12-31224851-G-C,12-31225009-G-C,12-31225099-C-A,12-31225205-A-C,12-31225213-A-G,12-31225230-T-C,12-31225344-A-G,12-31225385-C-T,12-31225411-G-A,12-31225474-A-G,12-31225778-G-A,12-31225839-T-C,12-31226308-G-A,12-31226440-A-G,12-31227175-ACAG-A,12-31227461-C-G,12-31227480-G-T,12-31228738-G-A,12-31229317-T-C,12-31229369-A-C,12-31229415-TA-T,12-31229428-C-T,12-31229485-C-G,12-31230223-G-A,12-31230800-G-A,12-31233519-G-A,12-31233957-G-T,12-31234240-A-G,12-31237026-A-G,12-31237196-T-C,12-31237372-A-T,12-31237700-G-A,12-31238075-G-A,12-31239505-G-A,12-31239659-T-C,12-31240334-C-T,12-31240502-C-T,12-31240514-T-C,12-31240862-A-T,12-31240925-A-G,12-31240960-G-A,12-31241175-A-G,12-31241345-A-G,12-31241530-T-TC,12-31242399-T-C,12-31242440-A-G,12-31242718-T-C,12-31242725-T-C,12-31244924-G-A,12-31245179-C-T,12-31246371-C-T,12-31246884-C-T,12-31247098-G-A,12-31247480-T-G,12-31247986-G-T,12-31250669-G-A,12-31254701-G-T,12-31254959-C-T,12-31256164-G-T,12-31234461-A-C,12-31236244-C-CT,12-31246840-A-G,12-31239398-A-G,12-31258728-C-T,12-31241310-T-G,12-31241310-T-G,12-31232224-G-A,12-31223322-A-G,12-31239908-T-C,12-31230793-A-G,12-31233053-A-G,12-31233164-C-T,12-31240622-C-G,12-31249861-C-G,12-31245502-CT-C,12-31245741-A-G,12-31233537-GA-G,12-31257327-T-C,12-31232960-C-T,12-31264743-C-T,12-31235354-G-C,12-31243841-C-G,12-31222713-A-G,12-31244238-A-G,12-31244281-G-A,12-31239796-C-A,12-31235395-A-G,12-31261869-G-T,12-31248336-G-A,12-31230428-T-G,12-31214991-G-A,12-31217796-C-T,12-31244299-T-C,12-31230300-G-C,12-31243423-TC-T,12-31246751-A-T,12-31250400-T-G,12-31236290-G-A,12-31236294-A-G,12-31246438-T-C,12-31230651-A-G,12-31234920-A-G,12-31234927-A-G,12-31267744-A-C,12-31266313-A-G,12-31269805-C-CAAG,12-31265872-C-T,12-31265823-A-G,12-31266682-C-G,12-31222178-G-T,12-31269189-C-CATCAT,12-31266659-A-G,12-31265925-C-G,12-31265983-G-A,12-31266042-C-T,12-31263631-T-C,12-31241707-C-G,12-31213483-T-C,12-31268062-A-G,12-31213052-C-T","ENSG00000276136,ENSG00000255760,ENSG00000276058,ENSG00000245614,ENSG00000275769,ENSG00000110900,ENSG00000110888,ENSG00000139146,ENSG00000188375,ENSG00000170456,ENSG00000013573,ENSG00000223722,ENSG00000243517,ENSG00000139160,ENSG00000174718,ENSG00000151743,ENSG00000276900,ENSG00000133704","ENSG00000258118,ENSG00000201228,ENSG00000257756,ENSG00000203437,ENSG00000256372,ENSG00000223722,ENSG00000256176,ENSG00000271357,ENSG00000277342,ENSG00000284682,ENSG00000251781,ENSG00000256843,ENSG00000244436,ENSG00000245614,ENSG00000256159,ENSG00000270395,ENSG00000270766,ENSG00000212533,ENSG00000252390,ENSG00000256465,ENSG00000243517,ENSG00000139146,ENSG00000246331,ENSG00000258202,ENSG00000256984,ENSG00000276058,ENSG00000151743,ENSG00000170456,ENSG00000110900,ENSG00000188375,ENSG00000110888,ENSG00000174718,ENSG00000255760,ENSG00000257530,ENSG00000252421,ENSG00000270926,ENSG00000283256,ENSG00000133704,ENSG00000231788,ENSG00000225349,ENSG00000275769,ENSG00000252204,ENSG00000276900,ENSG00000013573,ENSG00000256232,ENSG00000276136,ENSG00000177340,ENSG00000257852,ENSG00000200388,ENSG00000255867,ENSG00000257094,ENSG00000257932,ENSG00000275097,ENSG00000139160",ENSG00000013573,Liver eQTLs,train
20001358300092196-92196000001598,chr12,"12-13145227-C-T,12-13145457-C-A,12-13145213-G-C,12-13145419-TGA-T,12-13146707-T-C,12-13146759-T-G,12-13146916-C-T,12-13149584-TA-T,12-13148491-T-C,12-13153773-T-C,12-13152328-C-G,12-13183411-C-T,12-13151986-T-G,12-13151984-G-A","ENSG00000247498,ENSG00000287928,ENSG00000111276,ENSG00000070018,ENSG00000205791,ENSG00000013588,ENSG00000013583,ENSG00000111266,ENSG00000275963,ENSG00000084444,ENSG00000234498,ENSG00000165714,ENSG00000178878,ENSG00000243141,ENSG00000134531,ENSG00000111291,ENSG00000121380,ENSG00000111269,ENSG00000183935,ENSG00000198134,ENSG00000111261","ENSG00000256658,ENSG00000270296,ENSG00000111276,ENSG00000178878,ENSG00000121380,ENSG00000134531,ENSG00000242329,ENSG00000234498,ENSG00000165714,ENSG00000111261,ENSG00000070018,ENSG00000221611,ENSG00000200475,ENSG00000111266,ENSG00000286869,ENSG00000207010,ENSG00000111269,ENSG00000287928,ENSG00000240424,ENSG00000111291,ENSG00000270857,ENSG00000271215,ENSG00000247498,ENSG00000183935,ENSG00000243129,ENSG00000242405,ENSG00000243141,ENSG00000198134,ENSG00000256306,ENSG00000201476,ENSG00000199551,ENSG00000205791,ENSG00000084444,ENSG00000207983,ENSG00000013583,ENSG00000275963,ENSG00000201909,ENSG00000257004,ENSG00000180861,ENSG00000256011,ENSG00000013588,ENSG00000271370",ENSG00000013583,Liver eQTLs,train
20001381000092196-92196000005471,chr4,"4-1747306-C-CA,4-1742150-T-C,4-1747971-C-T,4-1748599-G-A,4-1742342-G-A,4-1741663-G-A,4-1753326-G-C,4-1754459-G-C,4-1754494-T-C,4-1754496-A-T,4-1754783-G-A,4-1702028-T-C,4-1760843-G-A,4-1762497-T-C,4-1747520-G-GTCGTCC,4-1734062-C-T,4-1706653-CT-C,4-1763310-T-C,4-1763692-G-A,4-1692532-C-T,4-1733888-G-A,4-1690893-C-G,4-1708501-AGCCGAGATCGTGCACT-A,4-1711776-G-A,4-1712028-C-G,4-1712968-A-G,4-1725685-C-A,4-1704584-G-A,4-1719758-A-G,4-1723292-C-T,4-1724549-C-T,4-1735446-C-T,4-1715003-A-G,4-1724306-G-A,4-1751934-T-C,4-1700964-A-T,4-1721002-C-T,4-1729556-G-A,4-1686555-G-A,4-1688639-G-A,4-1713589-T-G,4-1719633-A-C,4-1719817-A-G,4-1735236-T-A,4-1731761-A-ATTTGTTTG,4-1731761-A-ATTTGTTTG,4-1727586-C-T,4-1733731-C-T,4-1734283-AAGATCTCAATTTAG-A,4-1734446-A-G,4-1738580-G-T,4-1739976-C-T,4-1698224-T-C,4-1723386-C-A,4-1724260-A-G,4-1732230-T-C,4-1737071-C-A,4-1721703-C-T,4-1724178-G-A,4-1724211-T-C,4-1724504-A-G,4-1724579-C-T,4-1725007-G-A,4-1725071-A-G,4-1729154-G-A,4-1731345-A-G,4-1732695-G-C,4-1736544-C-T,4-1730215-C-G,4-1730215-C-G,4-1722187-G-A","ENSG00000178950,ENSG00000063978,ENSG00000178222,ENSG00000127418,ENSG00000109685,ENSG00000273179,ENSG00000272588,ENSG00000159674,ENSG00000214367,ENSG00000130997,ENSG00000090316,ENSG00000127419,ENSG00000123933,ENSG00000013810,ENSG00000168993,ENSG00000068078,ENSG00000145214,ENSG00000249592,ENSG00000163945,ENSG00000206113,ENSG00000163950,ENSG00000196810,ENSG00000127415,ENSG00000185049,ENSG00000159692,ENSG00000125386,ENSG00000168924,ENSG00000244459,ENSG00000159733,ENSG00000280927,ENSG00000145217,ENSG00000174137,ENSG00000243449","ENSG00000168993,ENSG00000273179,ENSG00000174137,ENSG00000159692,ENSG00000248155,ENSG00000127418,ENSG00000125386,ENSG00000145214,ENSG00000159674,ENSG00000159733,ENSG00000013810,ENSG00000206738,ENSG00000185049,ENSG00000272588,ENSG00000253399,ENSG00000163945,ENSG00000178222,ENSG00000163950,ENSG00000280927,ENSG00000244459,ENSG00000130997,ENSG00000284587,ENSG00000243449,ENSG00000207009,ENSG00000127419,ENSG00000249077,ENSG00000251639,ENSG00000178950,ENSG00000068078,ENSG00000123933,ENSG00000145217,ENSG00000215367,ENSG00000109685,ENSG00000251652,ENSG00000196810,ENSG00000214367,ENSG00000249592,ENSG00000168924,ENSG00000235608,ENSG00000251148,ENSG00000260262,ENSG00000239247,ENSG00000127415,ENSG00000206113,ENSG00000063978,ENSG00000250623,ENSG00000212458,ENSG00000090316,ENSG00000250259",ENSG00000013810,Liver eQTLs,train
20001416400092196-92196000007006,chr8,"8-144633556-T-C,8-144633728-A-G,8-144631338-T-C,8-144631474-A-G,8-144631031-A-G,8-144617691-A-G,8-144623735-G-C,8-144630070-G-C,8-144630080-T-G,8-144630083-A-G,8-144636949-T-C,8-144629402-T-A,8-144601299-A-G,8-144618232-G-C,8-144609557-A-G,8-144630231-A-ATAATAT,8-144630231-A-ATAATAT,8-144606567-G-C,8-144607145-C-G,8-144611729-A-C,8-144585511-T-C,8-144609952-T-C,8-144584780-A-G,8-144616902-A-G,8-144593796-G-C,8-144578319-A-G,8-144579744-C-G,8-144581372-A-G,8-144582305-A-C,8-144582305-A-C,8-144582799-A-T,8-144589212-A-G,8-144592259-T-C,8-144565680-A-G,8-144581382-G-A,8-144581948-A-G,8-144583188-T-C,8-144607201-T-TTACGGTCATCGTATCTAGCCACACACCTCCCTTGAA,8-144579215-G-C,8-144635394-T-C,8-144593238-A-G,8-144583147-CT-C,8-144575252-A-C","ENSG00000277494,ENSG00000253196,ENSG00000071894,ENSG00000213563,ENSG00000180921,ENSG00000182325,ENSG00000203499,ENSG00000261587,ENSG00000167700,ENSG00000167702,ENSG00000253716,ENSG00000261236,ENSG00000180900,ENSG00000185803,ENSG00000179698,ENSG00000287222,ENSG00000179886,ENSG00000173137,ENSG00000167656,ENSG00000232600,ENSG00000285599,ENSG00000234616,ENSG00000247317,ENSG00000197353,ENSG00000160973,ENSG00000104524,ENSG00000179091,ENSG00000160959,ENSG00000160932,ENSG00000255224,ENSG00000181097,ENSG00000235173,ENSG00000181085,ENSG00000130193,ENSG00000253741,ENSG00000179950,ENSG00000181638,ENSG00000185730,ENSG00000104518,ENSG00000160972,ENSG00000254389,ENSG00000198576,ENSG00000184428,ENSG00000178814,ENSG00000183309,ENSG00000260428,ENSG00000255343,ENSG00000255182,ENSG00000160957,ENSG00000178685,ENSG00000255050,ENSG00000279605,ENSG00000160882,ENSG00000187954,ENSG00000167653,ENSG00000177335,ENSG00000288096,ENSG00000104529,ENSG00000014164,ENSG00000179832,ENSG00000185000,ENSG00000204839,ENSG00000147804,ENSG00000204791,ENSG00000160948,ENSG00000261150,ENSG00000178896,ENSG00000167701,ENSG00000147813,ENSG00000185189,ENSG00000180155,ENSG00000185122,ENSG00000250571,ENSG00000179632,ENSG00000178209,ENSG00000197858,ENSG00000186583,ENSG00000283992,ENSG00000179526,ENSG00000178719,ENSG00000160949,ENSG00000104522,ENSG00000272172,ENSG00000181135,ENSG00000254812","ENSG00000255182,ENSG00000254812,ENSG00000180921,ENSG00000204839,ENSG00000160959,ENSG00000244307,ENSG00000186583,ENSG00000173137,ENSG00000160882,ENSG00000178896,ENSG00000253196,ENSG00000104518,ENSG00000179886,ENSG00000185730,ENSG00000279605,ENSG00000185000,ENSG00000177335,ENSG00000147813,ENSG00000255000,ENSG00000288096,ENSG00000255181,ENSG00000255164,ENSG00000197858,ENSG00000260428,ENSG00000181135,ENSG00000179632,ENSG00000104529,ENSG00000187954,ENSG00000253741,ENSG00000284054,ENSG00000284310,ENSG00000283992,ENSG00000179832,ENSG00000178814,ENSG00000255343,ENSG00000160973,ENSG00000185122,ENSG00000255050,ENSG00000182325,ENSG00000277494,ENSG00000255224,ENSG00000235173,ENSG00000284139,ENSG00000130193,ENSG00000232600,ENSG00000283770,ENSG00000253716,ENSG00000178719,ENSG00000234616,ENSG00000167702,ENSG00000261150,ENSG00000276598,ENSG00000261236,ENSG00000284142,ENSG00000254548,ENSG00000185189,ENSG00000167700,ENSG00000071894,ENSG00000272172,ENSG00000204791,ENSG00000198576,ENSG00000213563,ENSG00000160957,ENSG00000167701,ENSG00000160948,ENSG00000197353,ENSG00000178209,ENSG00000180155,ENSG00000284229,ENSG00000285599,ENSG00000274772,ENSG00000178685,ENSG00000181085,ENSG00000167656,ENSG00000184428,ENSG00000250571,ENSG00000287222,ENSG00000263612,ENSG00000247317,ENSG00000265660,ENSG00000179950,ENSG00000283764,ENSG00000207574,ENSG00000180900,ENSG00000179091,ENSG00000261587,ENSG00000160949,ENSG00000104524,ENSG00000181097,ENSG00000160972,ENSG00000181638,ENSG00000277888,ENSG00000179698,ENSG00000254389,ENSG00000254574,ENSG00000203499,ENSG00000265393,ENSG00000160932,ENSG00000183309,ENSG00000104522,ENSG00000284224,ENSG00000179526,ENSG00000255456,ENSG00000014164,ENSG00000147804,ENSG00000167653,ENSG00000185803",ENSG00000014164,Liver eQTLs,train
20001567600092196-92196000006731,chr7,"7-44411028-G-A,7-44436550-TTG-T,7-44495599-T-TG,7-44411404-T-G,7-44458474-A-G,7-44464148-T-A,7-44497249-C-T,7-44510024-C-T,7-44403843-G-T,7-44405285-G-GA,7-44464131-G-A,7-44464152-T-G,7-44481637-A-G,7-44483301-A-C,7-44486944-C-T,7-44493763-G-A,7-44497261-G-C,7-44520234-A-C,7-44407968-A-G,7-44408595-A-C,7-44413501-T-C,7-44381979-T-C,7-44383921-AT-A,7-44450829-C-T,7-44402190-A-G,7-44392321-C-G,7-44406600-G-A,7-44412789-T-TG,7-44414799-A-C,7-44415700-G-C,7-44419168-A-G,7-44513781-CAA-C,7-44513781-CAA-C,7-44412735-C-T,7-44440016-A-G,7-44452381-T-C,7-44496568-T-C,7-44496848-C-T,7-44504177-T-C,7-44509037-G-A,7-44509699-G-T,7-44520258-T-A,7-44490251-A-T,7-44435269-A-T,7-44422074-A-G,7-44428480-T-C,7-44430190-T-G,7-44431400-A-G,7-44431631-G-C,7-44434728-T-C,7-44443145-T-C,7-44443770-G-C,7-44450294-A-G,7-44453006-A-C,7-44455926-A-G,7-44459815-C-T,7-44460865-A-G,7-44463653-C-T,7-44465124-T-C,7-44466212-A-G,7-44470080-C-T,7-44471813-T-C,7-44474648-T-G,7-44478018-A-G,7-44478886-G-A,7-44479177-A-G,7-44479488-GCTAA-G,7-44480550-A-G,7-44480690-A-G,7-44481624-C-T,7-44484230-G-A,7-44484551-A-G,7-44484758-T-C,7-44486880-C-T,7-44493916-T-C,7-44494944-A-G,7-44495289-A-G,7-44496898-T-A,7-44513444-A-G,7-44518053-A-G,7-44518648-C-A,7-44523651-C-G,7-44405058-C-CAAAT,7-44473199-A-G,7-44489816-G-A,7-44531148-T-G,7-44380227-A-G,7-44420147-G-C,7-44420238-A-G,7-44416166-C-T,7-44420362-A-G,7-44475750-C-T,7-44383413-G-T,7-44402376-G-A,7-44382528-G-T,7-44547470-A-G,7-44540708-T-C,7-44546052-C-G,7-44548712-C-T,7-44408617-T-C,7-44408813-T-G,7-44415692-T-C,7-44427149-G-A,7-44427292-C-A,7-44427858-G-A,7-44429290-G-C,7-44434231-C-T,7-44438426-G-A,7-44440551-C-T,7-44447781-A-T,7-44452112-G-A,7-44454225-C-T,7-44462610-C-G,7-44463333-C-T,7-44466171-G-A,7-44475931-C-T,7-44475946-T-C,7-44476817-T-C,7-44478582-C-T,7-44480843-A-T,7-44483784-C-T,7-44488687-C-T,7-44500420-T-C,7-44504112-G-A,7-44509119-T-C,7-44510076-T-A,7-44513558-C-G,7-44516624-AT-A,7-44528426-G-A,7-44403107-T-C,7-44408133-C-A,7-44409474-T-C,7-44421489-C-G,7-44424983-T-C,7-44428860-GAC-G,7-44431290-C-T,7-44439595-C-T,7-44443143-C-T,7-44444122-G-A,7-44445851-C-T,7-44458084-A-G,7-44461254-C-G,7-44470619-A-G,7-44476105-G-A,7-44481153-G-A,7-44481367-G-A,7-44491640-G-A,7-44492328-G-C,7-44492832-A-C,7-44498690-T-C,7-44501347-C-T,7-44510837-G-A,7-44517210-G-A,7-44377654-G-C,7-44378014-G-T,7-44478112-G-A,7-44531894-C-G,7-44474691-CTTT-C,7-44534709-TA-T,7-44534790-G-T,7-44534813-TTAG-T,7-44378204-A-AG,7-44389625-G-A,7-44529662-G-A,7-44388494-T-A,7-44390020-T-G,7-44391528-G-T,7-44400529-G-A,7-44400672-G-T,7-44413814-G-A,7-44414158-C-T,7-44415759-G-A,7-44419191-C-T,7-44420639-C-A,7-44420651-A-G,7-44415584-A-G,7-44529726-G-A,7-44390062-A-G,7-44531294-A-G,7-44534834-A-G,7-44538173-T-G,7-44538291-C-T,7-44538395-G-A,7-44543169-G-A,7-44546954-C-T,7-44550545-C-G,7-44550558-CT-C,7-44524200-C-G,7-44526475-T-C,7-44525374-C-T,7-44553496-T-C,7-44545297-A-G,7-44552093-AGAG-A,7-44553238-A-G,7-44522617-T-C,7-44536747-C-G,7-44551157-T-C,7-44525803-C-G,7-44545725-A-T,7-44533719-T-C,7-44545880-T-C,7-44552209-T-C,7-44553492-C-T,7-44430959-C-T,7-44538713-A-G,7-44398648-C-T,7-44400930-G-A","ENSG00000015676,ENSG00000106605,ENSG00000164543,ENSG00000289251,ENSG00000136206,ENSG00000106624,ENSG00000288746,ENSG00000106603,ENSG00000237972,ENSG00000136286,ENSG00000146677,ENSG00000235314,ENSG00000287574,ENSG00000272768,ENSG00000196262,ENSG00000241057,ENSG00000122679,ENSG00000106628,ENSG00000078967,ENSG00000062582,ENSG00000136271,ENSG00000232956,ENSG00000228434,ENSG00000136280,ENSG00000015520,ENSG00000206838,ENSG00000122515,ENSG00000136279,ENSG00000106608,ENSG00000136270,ENSG00000136274,ENSG00000106633,ENSG00000058404,ENSG00000106636,ENSG00000272655,ENSG00000105968,ENSG00000106631,ENSG00000105953,ENSG00000158604,ENSG00000239556,ENSG00000228903,ENSG00000122678,ENSG00000201772,ENSG00000146676","ENSG00000286738,ENSG00000225443,ENSG00000062582,ENSG00000106608,ENSG00000058404,ENSG00000289251,ENSG00000106636,ENSG00000105968,ENSG00000287574,ENSG00000122679,ENSG00000136270,ENSG00000158604,ENSG00000078967,ENSG00000146677,ENSG00000164543,ENSG00000015676,ENSG00000271586,ENSG00000201772,ENSG00000206838,ENSG00000136206,ENSG00000136279,ENSG00000275295,ENSG00000232956,ENSG00000122515,ENSG00000106628,ENSG00000228434,ENSG00000229497,ENSG00000136286,ENSG00000200456,ENSG00000196262,ENSG00000235314,ENSG00000106631,ENSG00000228903,ENSG00000234359,ENSG00000106605,ENSG00000237972,ENSG00000146676,ENSG00000241057,ENSG00000252848,ENSG00000228596,ENSG00000234183,ENSG00000136271,ENSG00000288746,ENSG00000272655,ENSG00000122678,ENSG00000106633,ENSG00000239556,ENSG00000106603,ENSG00000106624,ENSG00000272768,ENSG00000136280,ENSG00000105953,ENSG00000136274,ENSG00000015520,ENSG00000283969",ENSG00000015676,Liver eQTLs,train
20001886900092196-92196000003842,chr19,"19-56882473-A-G,19-56890093-C-T,19-56896597-C-T,19-56888650-C-T,19-56889608-C-T,19-56875998-A-G,19-56876558-AATT-A,19-56876993-A-G,19-56878140-A-G,19-56878476-C-T,19-56878579-C-T,19-56879488-G-C","ENSG00000223638,ENSG00000131848,ENSG00000288899,ENSG00000269696,ENSG00000198046,ENSG00000083844,ENSG00000179943,ENSG00000018869,ENSG00000179954,ENSG00000267781,ENSG00000131845,ENSG00000267523,ENSG00000178229,ENSG00000276488,ENSG00000197483,ENSG00000127903,ENSG00000268205,ENSG00000233493,ENSG00000279541,ENSG00000197951,ENSG00000204524,ENSG00000197714,ENSG00000197016,ENSG00000166770,ENSG00000142409,ENSG00000196867,ENSG00000267871,ENSG00000218891,ENSG00000197487,ENSG00000229292,ENSG00000108106,ENSG00000173581,ENSG00000090971,ENSG00000108107,ENSG00000213015,ENSG00000179922,ENSG00000063245,ENSG00000267096,ENSG00000063241,ENSG00000198300,ENSG00000171425,ENSG00000267117,ENSG00000256060,ENSG00000279794,ENSG00000105146,ENSG00000171443,ENSG00000152433,ENSG00000167685,ENSG00000063244,ENSG00000179873,ENSG00000261221,ENSG00000198440,ENSG00000196263,ENSG00000268182","ENSG00000166770,ENSG00000274219,ENSG00000167685,ENSG00000258873,ENSG00000127903,ENSG00000196263,ENSG00000198440,ENSG00000233493,ENSG00000090971,ENSG00000267096,ENSG00000223060,ENSG00000063241,ENSG00000173581,ENSG00000197483,ENSG00000141946,ENSG00000179943,ENSG00000267429,ENSG00000279541,ENSG00000171487,ENSG00000229292,ENSG00000142409,ENSG00000197487,ENSG00000268723,ENSG00000131864,ENSG00000063245,ENSG00000269786,ENSG00000270293,ENSG00000131848,ENSG00000268182,ENSG00000267145,ENSG00000179873,ENSG00000279405,ENSG00000268545,ENSG00000279794,ENSG00000268067,ENSG00000288899,ENSG00000256060,ENSG00000197714,ENSG00000197016,ENSG00000108107,ENSG00000261221,ENSG00000171425,ENSG00000267606,ENSG00000179922,ENSG00000108106,ENSG00000242411,ENSG00000198046,ENSG00000268266,ENSG00000152433,ENSG00000223638,ENSG00000270790,ENSG00000268392,ENSG00000018869,ENSG00000171443,ENSG00000198300,ENSG00000083844,ENSG00000267421,ENSG00000268483,ENSG00000267523,ENSG00000204524,ENSG00000268205,ENSG00000266932,ENSG00000267298,ENSG00000269304,ENSG00000268713,ENSG00000063244,ENSG00000105146,ENSG00000179954,ENSG00000204532,ENSG00000276578,ENSG00000269696,ENSG00000179709,ENSG00000267117,ENSG00000268407,ENSG00000197951,ENSG00000276488,ENSG00000173572,ENSG00000268847,ENSG00000178229,ENSG00000267224,ENSG00000267522,ENSG00000131845,ENSG00000213015,ENSG00000267871,ENSG00000279959,ENSG00000269097,ENSG00000218891,ENSG00000267781,ENSG00000196867",ENSG00000018869,Liver eQTLs,train
20002092200092196-92196000001473,chr11,"11-94169708-C-T,11-94186521-T-C,11-94196174-A-G,11-94212048-C-T,11-94212154-A-G,11-94154187-G-C,11-94205747-C-T,11-94153925-G-A,11-94128955-C-T,11-94146177-A-C,11-94140258-T-TTG,11-94227125-C-A,11-94227670-T-C,11-94161615-A-T,11-94175249-G-A,11-94216131-C-G,11-94171163-A-G,11-94177422-G-A,11-94192103-T-G,11-94128777-A-G,11-94135783-T-C,11-94229665-A-G,11-94190115-T-C,11-94232883-C-T,11-94191207-T-TC,11-94197260-A-G,11-94130770-T-C","ENSG00000257057,ENSG00000149218,ENSG00000134627,ENSG00000150316,ENSG00000206834,ENSG00000245552,ENSG00000182919,ENSG00000284458,ENSG00000149212,ENSG00000020922,ENSG00000110218,ENSG00000168876,ENSG00000181333,ENSG00000207145,ENSG00000270689,ENSG00000166012,ENSG00000207304,ENSG00000256745,ENSG00000166025,ENSG00000254911,ENSG00000263465,ENSG00000186280,ENSG00000196371,ENSG00000279696,ENSG00000042429,ENSG00000250519,ENSG00000166004,ENSG00000166002,ENSG00000123901","ENSG00000279454,ENSG00000255515,ENSG00000240202,ENSG00000166012,ENSG00000254911,ENSG00000181333,ENSG00000206911,ENSG00000020922,ENSG00000150316,ENSG00000149212,ENSG00000250519,ENSG00000288789,ENSG00000235268,ENSG00000280167,ENSG00000207145,ENSG00000279269,ENSG00000221230,ENSG00000042429,ENSG00000256745,ENSG00000255855,ENSG00000199875,ENSG00000166025,ENSG00000255929,ENSG00000233737,ENSG00000213368,ENSG00000245552,ENSG00000284458,ENSG00000279696,ENSG00000166002,ENSG00000257012,ENSG00000278953,ENSG00000227593,ENSG00000149218,ENSG00000256752,ENSG00000255666,ENSG00000196371,ENSG00000166004,ENSG00000270689,ENSG00000233536,ENSG00000168876,ENSG00000202314,ENSG00000123901,ENSG00000257057,ENSG00000110218,ENSG00000263465,ENSG00000186280,ENSG00000256469,ENSG00000183560,ENSG00000207304,ENSG00000182919,ENSG00000256779,ENSG00000274486,ENSG00000255653,ENSG00000206834,ENSG00000134627,ENSG00000239195,ENSG00000255233,ENSG00000255995",ENSG00000020922,Liver eQTLs,train
20002148800092196-92196000003569,chr19,"19-33352770-G-A,19-33355081-G-A,19-33349764-G-A,19-33359791-A-T,19-33365834-G-A,19-33374453-C-T,19-33384708-G-T,19-33389181-G-C,19-33401574-AAATTTTTTTT-A,19-33398221-T-C,19-33411473-T-C,19-33402019-G-A,19-33393611-G-T,19-33402807-T-C,19-33408904-G-C,19-33409948-G-A,19-33411058-C-G,19-33411369-T-A,19-33405539-A-G,19-33420507-T-TA,19-33444942-T-C,19-33431815-C-T,19-33433692-A-G,19-33436121-C-T,19-33437477-G-C,19-33439187-G-A,19-33440199-C-T,19-33442681-T-C,19-33443474-A-T,19-33444888-C-T,19-33454535-C-T,19-33443388-TA-T,19-33420465-G-A,19-33418554-G-A,19-33418563-T-C,19-33421998-GT-G,19-33449179-T-C,19-33454041-C-G,19-33450174-C-T","ENSG00000076650,ENSG00000105185,ENSG00000168813,ENSG00000245848,ENSG00000178904,ENSG00000105186,ENSG00000267213,ENSG00000021488,ENSG00000130881,ENSG00000131944,ENSG00000267130,ENSG00000153879,ENSG00000267475,ENSG00000166359,ENSG00000131941,ENSG00000289378,ENSG00000121289,ENSG00000153885,ENSG00000124302,ENSG00000124299,ENSG00000267296","ENSG00000270212,ENSG00000153879,ENSG00000239988,ENSG00000105186,ENSG00000266899,ENSG00000249987,ENSG00000267054,ENSG00000021488,ENSG00000267245,ENSG00000240626,ENSG00000270849,ENSG00000186008,ENSG00000201388,ENSG00000131944,ENSG00000267213,ENSG00000232429,ENSG00000121289,ENSG00000267296,ENSG00000245848,ENSG00000178904,ENSG00000267725,ENSG00000267475,ENSG00000130881,ENSG00000267611,ENSG00000266985,ENSG00000166359,ENSG00000287526,ENSG00000131941,ENSG00000076650,ENSG00000153885,ENSG00000186326,ENSG00000168813,ENSG00000267557,ENSG00000105185,ENSG00000289378,ENSG00000243864,ENSG00000124302,ENSG00000124299,ENSG00000267130,ENSG00000242436,ENSG00000239253",ENSG00000021488,Liver eQTLs,train
20002176200092196-92196000001239,chr11,"11-3128916-G-A,11-3129395-G-A,11-3126812-C-A,11-3132389-C-T","ENSG00000289468,ENSG00000167325,ENSG00000269821,ENSG00000148985,ENSG00000064201,ENSG00000230593,ENSG00000228661,ENSG00000129757,ENSG00000110619,ENSG00000110651,ENSG00000177105,ENSG00000287906,ENSG00000167323,ENSG00000254827,ENSG00000110713,ENSG00000053918,ENSG00000189398,ENSG00000129749,ENSG00000254647,ENSG00000182048,ENSG00000183734,ENSG00000110665,ENSG00000238184,ENSG00000167311,ENSG00000183562,ENSG00000110628,ENSG00000236264,ENSG00000167244,ENSG00000181649,ENSG00000184281,ENSG00000229368,ENSG00000223756,ENSG00000005801,ENSG00000021762,ENSG00000205531,ENSG00000284779,ENSG00000099869,ENSG00000180176","ENSG00000148985,ENSG00000251934,ENSG00000289468,ENSG00000273813,ENSG00000265258,ENSG00000236264,ENSG00000206976,ENSG00000232390,ENSG00000167325,ENSG00000229414,ENSG00000255232,ENSG00000207008,ENSG00000183562,ENSG00000177105,ENSG00000053918,ENSG00000237226,ENSG00000110665,ENSG00000182048,ENSG00000238184,ENSG00000236987,ENSG00000240385,ENSG00000189398,ENSG00000238161,ENSG00000167323,ENSG00000224555,ENSG00000021762,ENSG00000180176,ENSG00000200201,ENSG00000236041,ENSG00000223756,ENSG00000269821,ENSG00000255367,ENSG00000284605,ENSG00000129744,ENSG00000205531,ENSG00000229368,ENSG00000183734,ENSG00000207805,ENSG00000254827,ENSG00000287906,ENSG00000110651,ENSG00000276951,ENSG00000234791,ENSG00000284779,ENSG00000005801,ENSG00000228661,ENSG00000201616,ENSG00000223688,ENSG00000099869,ENSG00000254592,ENSG00000110619,ENSG00000181649,ENSG00000254757,ENSG00000129749,ENSG00000182170,ENSG00000184350,ENSG00000237941,ENSG00000230851,ENSG00000167311,ENSG00000236301,ENSG00000274740,ENSG00000129757,ENSG00000184281,ENSG00000207308,ENSG00000110713,ENSG00000287312,ENSG00000230593,ENSG00000238304,ENSG00000110628,ENSG00000167244,ENSG00000284639,ENSG00000255522,ENSG00000255141,ENSG00000199550,ENSG00000224513,ENSG00000064201,ENSG00000201279,ENSG00000254647",ENSG00000021762,Liver eQTLs,train
20002255600092196-92196000003826,chr19,"19-55474189-C-G,19-55471936-ATTG-A","ENSG00000267096,ENSG00000276488,ENSG00000173581,ENSG00000189013,ENSG00000170892,ENSG00000179873,ENSG00000286230,ENSG00000170906,ENSG00000063241,ENSG00000105619,ENSG00000226696,ENSG00000235681,ENSG00000170909,ENSG00000189430,ENSG00000167633,ENSG00000104974,ENSG00000179943,ENSG00000267265,ENSG00000179922,ENSG00000240403,ENSG00000186818,ENSG00000237017,ENSG00000022556,ENSG00000160469,ENSG00000167615,ENSG00000179954,ENSG00000267838,ENSG00000080031,ENSG00000105618,ENSG00000090971,ENSG00000088038,ENSG00000244482,ENSG00000167614,ENSG00000239998,ENSG00000133247,ENSG00000125503,ENSG00000063244,ENSG00000223638,ENSG00000105048,ENSG00000213015,ENSG00000160439,ENSG00000133265,ENSG00000125498,ENSG00000167613,ENSG00000105609,ENSG00000104972,ENSG00000243772,ENSG00000171443,ENSG00000218891,ENSG00000235081,ENSG00000187116,ENSG00000186431,ENSG00000233493,ENSG00000131042,ENSG00000167646,ENSG00000095752,ENSG00000170889,ENSG00000189068,ENSG00000197483,ENSG00000261221,ENSG00000171425,ENSG00000267523,ENSG00000167608,ENSG00000131037,ENSG00000267117,ENSG00000063245,ENSG00000239961,ENSG00000088053,ENSG00000287170,ENSG00000275183,ENSG00000180089,ENSG00000105063,ENSG00000267649,ENSG00000160471,ENSG00000129991,ENSG00000180061,ENSG00000108106,ENSG00000108107,ENSG00000105617,ENSG00000221957,ENSG00000229292,ENSG00000204577,ENSG00000167617","ENSG00000224730,ENSG00000223060,ENSG00000170909,ENSG00000267145,ENSG00000242856,ENSG00000242019,ENSG00000276488,ENSG00000170858,ENSG00000267265,ENSG00000243772,ENSG00000167617,ENSG00000286230,ENSG00000167614,ENSG00000213015,ENSG00000240403,ENSG00000275012,ENSG00000108107,ENSG00000229292,ENSG00000133265,ENSG00000238094,ENSG00000170906,ENSG00000279063,ENSG00000278264,ENSG00000167615,ENSG00000267429,ENSG00000105618,ENSG00000171487,ENSG00000228790,ENSG00000267838,ENSG00000226696,ENSG00000160505,ENSG00000267507,ENSG00000088038,ENSG00000170892,ENSG00000243494,ENSG00000221957,ENSG00000186431,ENSG00000266932,ENSG00000204577,ENSG00000267522,ENSG00000171425,ENSG00000239961,ENSG00000267096,ENSG00000237017,ENSG00000131037,ENSG00000160472,ENSG00000090971,ENSG00000129991,ENSG00000108106,ENSG00000105619,ENSG00000255238,ENSG00000235081,ENSG00000242411,ENSG00000133247,ENSG00000239137,ENSG00000235681,ENSG00000180061,ENSG00000278328,ENSG00000267649,ENSG00000189430,ENSG00000267298,ENSG00000170889,ENSG00000244482,ENSG00000222524,ENSG00000160471,ENSG00000186818,ENSG00000179954,ENSG00000104974,ENSG00000237323,ENSG00000167613,ENSG00000080031,ENSG00000267577,ENSG00000199308,ENSG00000179943,ENSG00000189013,ENSG00000279959,ENSG00000275183,ENSG00000261221,ENSG00000275519,ENSG00000095752,ENSG00000104972,ENSG00000179922,ENSG00000167633,ENSG00000173581,ENSG00000105063,ENSG00000204532,ENSG00000287170,ENSG00000269275,ENSG00000277636,ENSG00000125503,ENSG00000283567,ENSG00000225370,ENSG00000276831,ENSG00000105617,ENSG00000167608,ENSG00000213016,ENSG00000105048,ENSG00000173572,ENSG00000022556,ENSG00000267523,ENSG00000167646,ENSG00000179709,ENSG00000160469,ENSG00000187116,ENSG00000267606,ENSG00000233493,ENSG00000186152,ENSG00000131042,ENSG00000235181,ENSG00000264257,ENSG00000160439,ENSG00000179873,ENSG00000239998,ENSG00000180089,ENSG00000223638,ENSG00000063245,ENSG00000269859,ENSG00000189068,ENSG00000275863,ENSG00000063244,ENSG00000125498,ENSG00000267117,ENSG00000063241,ENSG00000218891,ENSG00000088053,ENSG00000171443,ENSG00000105609,ENSG00000197483",ENSG00000022556,Liver eQTLs,train
20002784700092196-92196000005790,chr5,"5-177104663-C-T,5-177042154-T-C,5-177043366-T-C,5-177048572-C-A,5-177052357-G-T,5-177052587-T-C,5-177060312-T-C,5-177062200-A-G,5-177081565-G-A,5-177083129-C-A,5-177095517-C-T,5-177092380-G-A,5-177062768-ATGAAGGGCTGT-A,5-177091233-A-C,5-177049328-TGA-T,5-177105020-C-T,5-177055030-TA-T,5-177055438-C-T,5-177058766-G-A,5-177064826-G-C,5-177080719-G-A,5-177085295-T-C,5-177087484-C-T,5-177087633-T-C,5-177066200-C-A,5-177038828-C-T,5-177106024-C-CA,5-177088747-C-T,5-177027110-C-T,5-177029836-G-C,5-177030573-C-T,5-177025363-TAAATA-T,5-177025363-TAAATA-T,5-177027076-G-GCGGCGGACC,5-177100425-C-T,5-177076657-G-T,5-177010996-G-T,5-177018102-C-A,5-176998497-C-G,5-176998903-G-A,5-176999933-G-A,5-177012139-AGGAG-A,5-177007513-C-T,5-177000807-C-G,5-177064735-G-T,5-177070931-CT-C,5-177106718-C-T,5-177049442-G-A,5-177057437-C-T,5-177059130-T-G,5-177061708-C-T,5-177068212-T-C,5-177092223-T-C,5-177092225-G-C,5-177044304-A-G,5-177073284-C-T","ENSG00000113758,ENSG00000196923,ENSG00000271681,ENSG00000250101,ENSG00000170089,ENSG00000272459,ENSG00000087206,ENSG00000170074,ENSG00000169220,ENSG00000289390,ENSG00000197451,ENSG00000279821,ENSG00000027847,ENSG00000050767,ENSG00000184840,ENSG00000131187,ENSG00000131188,ENSG00000160867,ENSG00000213347,ENSG00000183258,ENSG00000251666,ENSG00000198055,ENSG00000131183,ENSG00000175309,ENSG00000165671,ENSG00000246334,ENSG00000196570,ENSG00000169228,ENSG00000145916,ENSG00000286634,ENSG00000169230,ENSG00000145911,ENSG00000146067,ENSG00000113763,ENSG00000113240,ENSG00000145912,ENSG00000249684,ENSG00000249129,ENSG00000146094,ENSG00000113761,ENSG00000160883,ENSG00000169223","ENSG00000249849,ENSG00000249186,ENSG00000272459,ENSG00000175766,ENSG00000196923,ENSG00000169228,ENSG00000249109,ENSG00000087206,ENSG00000249129,ENSG00000170089,ENSG00000248484,ENSG00000169223,ENSG00000213347,ENSG00000248859,ENSG00000027847,ENSG00000175325,ENSG00000279821,ENSG00000131183,ENSG00000145912,ENSG00000145916,ENSG00000251458,ENSG00000169220,ENSG00000160883,ENSG00000250101,ENSG00000249684,ENSG00000169230,ENSG00000175309,ENSG00000160867,ENSG00000207420,ENSG00000246334,ENSG00000266329,ENSG00000286634,ENSG00000214351,ENSG00000146094,ENSG00000113761,ENSG00000271681,ENSG00000131188,ENSG00000145911,ENSG00000146067,ENSG00000243959,ENSG00000221464,ENSG00000270989,ENSG00000183258,ENSG00000131187,ENSG00000113763,ENSG00000251446,ENSG00000050767,ENSG00000248996,ENSG00000289390,ENSG00000251666,ENSG00000165671,ENSG00000170074,ENSG00000184840,ENSG00000196570,ENSG00000198055,ENSG00000280139,ENSG00000197451,ENSG00000239393,ENSG00000248943,ENSG00000113758,ENSG00000113240",ENSG00000027847,Liver eQTLs,train
20002963900092196-92196000006072,chr6,"6-155635281-G-GTTC,6-155635624-A-G,6-155635637-A-C,6-155625104-A-G,6-155624352-G-C,6-155635585-A-C,6-155635813-G-T,6-155635812-G-T,6-155635808-C-G","ENSG00000074706,ENSG00000029639,ENSG00000287260,ENSG00000235381,ENSG00000213079,ENSG00000146426,ENSG00000153721,ENSG00000171217","ENSG00000213079,ENSG00000218757,ENSG00000212295,ENSG00000074771,ENSG00000287092,ENSG00000200594,ENSG00000074706,ENSG00000264814,ENSG00000153721,ENSG00000227360,ENSG00000287260,ENSG00000029639,ENSG00000235381,ENSG00000274451,ENSG00000146426,ENSG00000285797,ENSG00000205625,ENSG00000238963,ENSG00000238789,ENSG00000232529,ENSG00000171217,ENSG00000221456",ENSG00000029639,Liver eQTLs,train
20002972500092196-92196000003153,chr17,"17-5281989-T-C,17-5287058-A-ATTTCCCTTGCTCAGTACAT,17-5287079-TTTATC-T,17-5308603-G-A,17-5313807-TG-T,17-5275918-G-A,17-5277598-C-A,17-5326162-G-A,17-5190245-A-G,17-5261566-G-GTTA,17-5190462-G-A,17-5192956-A-G,17-5195181-A-G,17-5199100-C-T,17-5203268-C-A,17-5242780-C-G,17-5242969-CT-C,17-5259656-C-A,17-5185041-C-T,17-5237807-A-G,17-5268337-A-T,17-5248301-T-A,17-5207341-AT-A,17-5262749-A-G,17-5191527-T-G,17-5202009-A-G,17-5190364-C-G,17-5193871-G-A,17-5194578-A-G,17-5202073-T-C,17-5218740-C-G,17-5254117-C-G,17-5187873-T-C,17-5189163-TATC-T,17-5190108-C-T,17-5191225-A-G,17-5194444-A-G,17-5185664-T-C,17-5237012-T-C,17-5270414-T-C,17-5249226-G-A,17-5262529-T-C,17-5202839-G-T","ENSG00000161921,ENSG00000180626,ENSG00000182327,ENSG00000262165,ENSG00000183018,ENSG00000234327,ENSG00000286190,ENSG00000108509,ENSG00000261879,ENSG00000167741,ENSG00000262823,ENSG00000129219,ENSG00000091592,ENSG00000262227,ENSG00000234203,ENSG00000179314,ENSG00000263272,ENSG00000141480,ENSG00000129250,ENSG00000205710,ENSG00000182853,ENSG00000142507,ENSG00000141456,ENSG00000280254,ENSG00000005100,ENSG00000108518,ENSG00000196388,ENSG00000142484,ENSG00000029725,ENSG00000161920,ENSG00000182557,ENSG00000227495,ENSG00000263164,ENSG00000185245,ENSG00000108556,ENSG00000072849,ENSG00000108515,ENSG00000108559,ENSG00000091640,ENSG00000161929,ENSG00000132382,ENSG00000167842,ENSG00000141503,ENSG00000141497,ENSG00000244184,ENSG00000108523,ENSG00000263220,ENSG00000229782,ENSG00000188176,ENSG00000213939,ENSG00000129197,ENSG00000108528,ENSG00000180787","ENSG00000261879,ENSG00000234327,ENSG00000141456,ENSG00000263272,ENSG00000262678,ENSG00000129250,ENSG00000264113,ENSG00000234203,ENSG00000141503,ENSG00000263164,ENSG00000108559,ENSG00000129219,ENSG00000167741,ENSG00000280254,ENSG00000180787,ENSG00000141497,ENSG00000108518,ENSG00000263882,ENSG00000167842,ENSG00000108515,ENSG00000072849,ENSG00000262855,ENSG00000262921,ENSG00000286356,ENSG00000180626,ENSG00000005100,ENSG00000286190,ENSG00000182557,ENSG00000161929,ENSG00000227495,ENSG00000262227,ENSG00000262429,ENSG00000196388,ENSG00000262519,ENSG00000108556,ENSG00000108528,ENSG00000108509,ENSG00000029725,ENSG00000179314,ENSG00000244184,ENSG00000282980,ENSG00000230201,ENSG00000262961,ENSG00000262495,ENSG00000182327,ENSG00000142484,ENSG00000284837,ENSG00000261898,ENSG00000132382,ENSG00000183018,ENSG00000142507,ENSG00000161920,ENSG00000263220,ENSG00000206618,ENSG00000262231,ENSG00000091640,ENSG00000262099,ENSG00000278517,ENSG00000141480,ENSG00000129197,ENSG00000108523,ENSG00000262823,ENSG00000261863,ENSG00000222429,ENSG00000274300,ENSG00000188176,ENSG00000182853,ENSG00000205710,ENSG00000091592,ENSG00000161921,ENSG00000229782,ENSG00000262693,ENSG00000185245,ENSG00000213939,ENSG00000262165",ENSG00000029725,Liver eQTLs,train
20003011000092196-92196000006339,chr6,"6-33540692-T-A,6-33541507-A-G,6-33548090-A-AG,6-33546837-T-C,6-33546930-T-C,6-33540209-A-G","ENSG00000204264,ENSG00000289100,ENSG00000289047,ENSG00000137288,ENSG00000235863,ENSG00000204257,ENSG00000213588,ENSG00000231925,ENSG00000204256,ENSG00000112473,ENSG00000241106,ENSG00000233183,ENSG00000179344,ENSG00000225339,ENSG00000137309,ENSG00000204220,ENSG00000204231,ENSG00000096433,ENSG00000204209,ENSG00000030110,ENSG00000231500,ENSG00000196126,ENSG00000204227,ENSG00000112511,ENSG00000196735,ENSG00000112514,ENSG00000124614,ENSG00000289559,ENSG00000242574,ENSG00000272217,ENSG00000231389,ENSG00000236104,ENSG00000237441,ENSG00000232629,ENSG00000227057,ENSG00000204261,ENSG00000204267,ENSG00000204252,ENSG00000240065,ENSG00000204228,ENSG00000237649,ENSG00000288751,ENSG00000197283,ENSG00000204248,ENSG00000232940,ENSG00000237541,ENSG00000223534,ENSG00000124664,ENSG00000161896,ENSG00000272325,ENSG00000186577,ENSG00000168394,ENSG00000223865,ENSG00000124507,ENSG00000223501,ENSG00000161904","ENSG00000213588,ENSG00000276404,ENSG00000161904,ENSG00000284064,ENSG00000270800,ENSG00000204220,ENSG00000240065,ENSG00000223534,ENSG00000251916,ENSG00000112514,ENSG00000230313,ENSG00000276824,ENSG00000235301,ENSG00000161896,ENSG00000289047,ENSG00000242014,ENSG00000221697,ENSG00000271231,ENSG00000235040,ENSG00000223501,ENSG00000214810,ENSG00000179344,ENSG00000204264,ENSG00000286920,ENSG00000204228,ENSG00000204227,ENSG00000225339,ENSG00000196126,ENSG00000234515,ENSG00000204231,ENSG00000231461,ENSG00000287089,ENSG00000124664,ENSG00000237541,ENSG00000271362,ENSG00000225463,ENSG00000272217,ENSG00000241106,ENSG00000204252,ENSG00000272325,ENSG00000112473,ENSG00000096433,ENSG00000226030,ENSG00000233183,ENSG00000030110,ENSG00000204261,ENSG00000124614,ENSG00000204267,ENSG00000096395,ENSG00000220583,ENSG00000112511,ENSG00000204188,ENSG00000242574,ENSG00000276746,ENSG00000237441,ENSG00000137309,ENSG00000237398,ENSG00000223457,ENSG00000235863,ENSG00000186577,ENSG00000232629,ENSG00000168394,ENSG00000289100,ENSG00000197251,ENSG00000231500,ENSG00000204248,ENSG00000204256,ENSG00000284517,ENSG00000223837,ENSG00000137288,ENSG00000223865,ENSG00000204257,ENSG00000232940,ENSG00000288751,ENSG00000229596,ENSG00000196735,ENSG00000231389,ENSG00000231925,ENSG00000289559,ENSG00000225644,ENSG00000236104,ENSG00000228688,ENSG00000204209,ENSG00000284256,ENSG00000288879,ENSG00000227057,ENSG00000263649,ENSG00000237649,ENSG00000197283,ENSG00000232080,ENSG00000124507",ENSG00000030110,Liver eQTLs,train
20003169100092196-92196000006402,chr6,"6-49456545-G-A,6-49457835-A-G,6-49460152-A-G,6-49459978-A-G,6-49385182-A-G,6-49454667-C-A,6-49406056-G-A,6-49446509-G-A,6-49451187-G-A,6-49453672-A-T,6-49386564-T-G,6-49387292-A-G,6-49393500-G-C,6-49403282-T-C,6-49406348-A-G,6-49407053-C-G,6-49407069-T-C,6-49413244-G-C,6-49413289-G-A,6-49413391-G-C,6-49421607-G-A,6-49423547-G-C,6-49425521-C-T,6-49426018-G-A,6-49427409-T-C,6-49433198-T-C,6-49436199-T-C,6-49446995-A-G,6-49451240-C-T,6-49400237-G-A,6-49400223-T-C,6-49342165-A-G,6-49345141-T-C,6-49347535-A-G,6-49350785-G-A,6-49353014-C-A,6-49353014-C-A,6-49356705-G-A,6-49357126-T-G,6-49361552-G-A,6-49375279-T-A,6-49376281-T-C,6-49359043-C-T,6-49379536-C-T,6-49382193-G-A,6-49383804-A-G,6-49384048-A-G,6-49360017-G-A,6-49372796-G-A,6-49398115-C-T,6-49370279-C-A,6-49370724-C-A,6-49370737-G-T,6-49371403-T-A,6-49371854-G-A,6-49378668-G-T","ENSG00000124490,ENSG00000031691,ENSG00000096006,ENSG00000146085,ENSG00000203972,ENSG00000226733,ENSG00000112077","ENSG00000146085,ENSG00000218337,ENSG00000180872,ENSG00000226733,ENSG00000217631,ENSG00000226707,ENSG00000203972,ENSG00000124812,ENSG00000271162,ENSG00000031691,ENSG00000286405,ENSG00000177684,ENSG00000096006,ENSG00000277043,ENSG00000214642,ENSG00000112077,ENSG00000252457,ENSG00000170950,ENSG00000214643,ENSG00000124490,ENSG00000235122,ENSG00000203970,ENSG00000279127,ENSG00000274867,ENSG00000278736,ENSG00000216998,ENSG00000287137",ENSG00000031691,Liver eQTLs,train
20003332700092196-92196000001436,chr11,"11-78128067-CG-C,11-78122208-G-T,11-78122038-T-TA,11-78122038-T-TA,11-78116959-G-A,11-78117875-A-G,11-78133077-T-C,11-78128797-C-T,11-78123184-C-CAA,11-78121978-T-C,11-78123293-C-T,11-78124534-T-C,11-78124797-G-A,11-78125246-T-C,11-78126011-G-A,11-78126162-C-A,11-78126754-G-C,11-78042294-CT-C,11-78042306-T-C,11-78127914-A-G,11-78128047-C-G,11-78128335-G-C,11-78131408-C-T,11-78034424-C-T,11-78034454-G-C,11-78043431-A-C,11-78043636-T-C,11-78135229-C-T,11-78118700-A-T,11-78130325-G-A,11-78122779-A-G,11-78033172-G-A,11-78033252-G-A,11-78034069-G-GT,11-78102363-A-T,11-78073501-A-G,11-78047537-T-C,11-78051794-A-G,11-78052104-A-T,11-78052539-A-G,11-78063207-C-T,11-78065959-T-G,11-78067017-A-C,11-78085474-G-A,11-78090883-T-TA,11-78096977-T-C,11-78099014-T-G,11-78101700-T-C,11-78101985-A-G,11-78103902-C-A,11-78104399-G-C,11-78106305-T-C,11-78117534-T-C,11-78036703-C-T,11-78037862-A-T,11-78037933-G-A,11-78037936-T-C,11-78088210-A-G,11-78088754-A-G,11-78058812-C-A,11-78060464-A-G,11-78060750-G-A,11-78068216-A-G,11-78072398-A-G,11-78072658-A-T,11-78072875-A-T,11-78073192-G-A,11-78073280-A-G,11-78134158-C-CTTAAAAA,11-78123831-T-C,11-78042983-A-C,11-78133452-T-G,11-78135704-C-T,11-78124575-C-G,11-78086005-C-T,11-78109260-G-A,11-78109810-G-A,11-78110385-C-A,11-78111613-T-C,11-78042533-T-C,11-78128397-CA-C,11-78040961-C-T,11-78015563-A-C,11-78082604-C-T,11-78091150-C-A,11-78093799-G-A,11-78095069-A-T,11-78102470-G-A,11-78105879-C-T,11-77990831-T-C,11-78032605-T-A,11-78119822-G-A,11-78079084-A-G,11-78036707-C-T,11-77991222-A-C,11-77997936-C-T,11-78007451-A-T,11-78007873-T-G,11-78016650-C-T,11-78018313-T-C,11-78018954-T-A,11-78019582-T-A,11-78040259-G-A,11-78056273-A-C,11-78072383-T-C,11-78095373-C-A,11-77982130-G-C,11-77982564-A-G,11-77985849-T-A,11-77986371-A-T,11-77988310-T-C,11-77989644-C-T,11-78073491-G-A,11-77975081-A-G,11-77983883-G-A,11-77985459-G-T,11-77992967-A-G,11-78003499-T-C,11-78009660-T-C,11-78011153-G-A,11-78013492-A-C,11-78014057-G-T,11-78020052-C-T,11-78021330-C-T,11-77978754-A-G,11-77979299-A-G,11-77984470-C-CT,11-77987464-T-C,11-77989652-A-G,11-77990260-G-A,11-78001163-T-A,11-78008731-G-A,11-78010080-A-G,11-78013588-G-A,11-78020913-G-T,11-78071876-A-G,11-78056274-G-A,11-78040780-C-G,11-78045071-G-C,11-78046940-T-C,11-78047077-A-G,11-78050849-A-T,11-78051610-T-C,11-78052238-C-T,11-78053139-A-G,11-78053532-A-G,11-78057122-C-T,11-78064907-A-G,11-78072476-T-C,11-78034020-G-A,11-78035832-A-G,11-78037773-C-T,11-78052864-G-T,11-78054336-C-T,11-78058721-T-A,11-78060081-A-C,11-78061057-G-C,11-78072833-A-G,11-78073288-T-G,11-78007920-C-T,11-78103300-G-A","ENSG00000246174,ENSG00000087884,ENSG00000149269,ENSG00000188997,ENSG00000255449,ENSG00000151365,ENSG00000227376,ENSG00000251323,ENSG00000033327,ENSG00000048649,ENSG00000241782,ENSG00000178301,ENSG00000151364,ENSG00000149262,ENSG00000074201,ENSG00000151366,ENSG00000137513,ENSG00000159063","ENSG00000255449,ENSG00000255345,ENSG00000252033,ENSG00000151365,ENSG00000224829,ENSG00000268635,ENSG00000255084,ENSG00000254697,ENSG00000151366,ENSG00000137513,ENSG00000048649,ENSG00000246174,ENSG00000219529,ENSG00000254649,ENSG00000255115,ENSG00000033327,ENSG00000254563,ENSG00000252494,ENSG00000149262,ENSG00000188997,ENSG00000255409,ENSG00000238880,ENSG00000288853,ENSG00000149269,ENSG00000227376,ENSG00000178301,ENSG00000241782,ENSG00000206816,ENSG00000074201,ENSG00000087884,ENSG00000251323,ENSG00000159063,ENSG00000288393,ENSG00000151364",ENSG00000033327,Liver eQTLs,train
20003386700092196-92196000005228,chr3,3-27544497-C-T,"ENSG00000163512,ENSG00000271943,ENSG00000206559,ENSG00000033867,ENSG00000163508,ENSG00000187118,ENSG00000272282","ENSG00000271943,ENSG00000230480,ENSG00000234048,ENSG00000163508,ENSG00000235493,ENSG00000287348,ENSG00000230807,ENSG00000272282,ENSG00000033867,ENSG00000223968,ENSG00000238912,ENSG00000227523,ENSG00000201033,ENSG00000187118,ENSG00000225548,ENSG00000207251,ENSG00000232766,ENSG00000229243,ENSG00000224237,ENSG00000163512,ENSG00000206559,ENSG00000225386,ENSG00000232167",ENSG00000033867,Liver eQTLs,train
20003644800092196-92196000007063,chr8,"8-2084129-G-C,8-2095247-C-T,8-2088248-G-A,8-2088317-TGC-T,8-2088320-G-A,8-2087307-C-T,8-2088896-G-A,8-2099260-G-T,8-2091184-T-C,8-2099272-T-A,8-2093181-C-A,8-2086493-C-A,8-2094228-A-G,8-2101835-C-T,8-2102496-T-C,8-2100862-CAG-C,8-2101655-C-A,8-2075830-G-C,8-2100355-G-A,8-2100381-C-T,8-2100441-C-A,8-2100701-C-T,8-2100994-C-T,8-2101321-C-A,8-2101595-T-A,8-2101872-C-A,8-2101884-G-C,8-2102029-A-G,8-2102259-T-A,8-2102260-C-A,8-2102593-C-G,8-2102611-A-AG,8-2102962-G-C,8-2103052-G-A,8-2099380-T-A,8-2076309-A-T,8-2080927-C-A,8-2098803-T-A,8-2098803-T-A,8-2086296-C-G,8-2103191-T-G,8-2081957-G-C","ENSG00000176595,ENSG00000270988,ENSG00000277526,ENSG00000253982,ENSG00000036448,ENSG00000285957,ENSG00000253764,ENSG00000182372,ENSG00000282021,ENSG00000253696,ENSG00000104728","ENSG00000253696,ENSG00000289036,ENSG00000176595,ENSG00000285957,ENSG00000273593,ENSG00000253444,ENSG00000287970,ENSG00000207826,ENSG00000253267,ENSG00000253764,ENSG00000282160,ENSG00000253855,ENSG00000288782,ENSG00000036448,ENSG00000277526,ENSG00000288580,ENSG00000287740,ENSG00000253853,ENSG00000254265,ENSG00000260721,ENSG00000282021,ENSG00000104728,ENSG00000253805,ENSG00000270988,ENSG00000281961,ENSG00000253982,ENSG00000182372,ENSG00000282686,ENSG00000287464,ENSG00000254160,ENSG00000283576,ENSG00000275427",ENSG00000036448,Liver eQTLs,train
20003775700092196-92196000003463,chr19,"19-13871858-C-T,19-13872240-G-A,19-13874258-G-T,19-13872531-C-CA,19-13870400-C-G,19-13875210-C-G,19-13871411-A-T,19-13875258-C-G,19-13875234-C-G,19-13875186-C-G,19-13869251-G-A,19-13871554-T-C,19-13875626-T-C,19-13872037-C-CA,19-13870227-C-T,19-13871830-A-G,19-13870153-C-A,19-13874898-T-TGGAGAA","ENSG00000105613,ENSG00000228887,ENSG00000179271,ENSG00000123136,ENSG00000104957,ENSG00000224543,ENSG00000160888,ENSG00000171223,ENSG00000161860,ENSG00000141837,ENSG00000072071,ENSG00000141858,ENSG00000132000,ENSG00000105610,ENSG00000132016,ENSG00000105612,ENSG00000105011,ENSG00000179218,ENSG00000104907,ENSG00000008441,ENSG00000187912,ENSG00000267519,ENSG00000132003,ENSG00000123143,ENSG00000072062,ENSG00000132002,ENSG00000104998,ENSG00000160961,ENSG00000187867,ENSG00000179115,ENSG00000132005,ENSG00000179262,ENSG00000160877,ENSG00000104915,ENSG00000037757,ENSG00000132017,ENSG00000160951,ENSG00000095066,ENSG00000099795,ENSG00000123159,ENSG00000104979,ENSG00000240616,ENSG00000269378,ENSG00000267169,ENSG00000167815,ENSG00000105607,ENSG00000132024,ENSG00000141854,ENSG00000123146,ENSG00000131355,ENSG00000099797,ENSG00000104903","ENSG00000105613,ENSG00000267735,ENSG00000099795,ENSG00000104903,ENSG00000104907,ENSG00000275432,ENSG00000132000,ENSG00000141858,ENSG00000123136,ENSG00000179115,ENSG00000072062,ENSG00000123146,ENSG00000127515,ENSG00000267406,ENSG00000105011,ENSG00000267147,ENSG00000240616,ENSG00000105610,ENSG00000072071,ENSG00000188269,ENSG00000104998,ENSG00000104957,ENSG00000132017,ENSG00000224543,ENSG00000243488,ENSG00000171136,ENSG00000160961,ENSG00000267519,ENSG00000267582,ENSG00000266721,ENSG00000160888,ENSG00000132002,ENSG00000132003,ENSG00000207613,ENSG00000267610,ENSG00000105607,ENSG00000179218,ENSG00000187556,ENSG00000160877,ENSG00000267417,ENSG00000132016,ENSG00000172148,ENSG00000099797,ENSG00000267723,ENSG00000161860,ENSG00000141854,ENSG00000266770,ENSG00000207585,ENSG00000104915,ENSG00000179271,ENSG00000104979,ENSG00000132024,ENSG00000267670,ENSG00000274417,ENSG00000269552,ENSG00000179262,ENSG00000008441,ENSG00000171223,ENSG00000266975,ENSG00000105612,ENSG00000123143,ENSG00000187867,ENSG00000267169,ENSG00000228887,ENSG00000287254,ENSG00000267633,ENSG00000240803,ENSG00000167815,ENSG00000131355,ENSG00000160951,ENSG00000141837,ENSG00000266913,ENSG00000037757,ENSG00000123159,ENSG00000243066,ENSG00000269378,ENSG00000095066,ENSG00000132005,ENSG00000187912",ENSG00000037757,Liver eQTLs,train
20003800200092196-92196000005481,chr4,"4-178363378-G-A,4-178362122-C-G,4-178360550-C-T,4-178361051-C-A,4-178361987-T-C,4-178356461-T-C","ENSG00000038002,ENSG00000150630,ENSG00000250131","ENSG00000250131,ENSG00000150630,ENSG00000250839,ENSG00000253000,ENSG00000241877,ENSG00000251504,ENSG00000038002,ENSG00000231171,ENSG00000201727,ENSG00000201931,ENSG00000212191,ENSG00000251416",ENSG00000038002,Liver eQTLs,train
20003827400092196-92196000005755,chr5,"5-162936464-A-G,5-162938284-T-G,5-162934191-G-A,5-162936251-T-C,5-162933960-C-T,5-162937654-T-C,5-162931718-T-C,5-162937514-G-A,5-162919599-G-A,5-162932822-T-G,5-162920014-G-T","ENSG00000170584,ENSG00000038274,ENSG00000113328,ENSG00000072571","ENSG00000072571,ENSG00000251998,ENSG00000271679,ENSG00000250114,ENSG00000285590,ENSG00000170584,ENSG00000113328,ENSG00000249449,ENSG00000273569,ENSG00000038274,ENSG00000251018,ENSG00000254351,ENSG00000280776,ENSG00000201474,ENSG00000113327,ENSG00000224012",ENSG00000038274,Liver eQTLs,train
20003853200092196-92196000002519,chr16,"16-11064321-T-C,16-11041985-T-C,16-11041986-G-A,16-11041997-T-A,16-11038824-C-T,16-11045243-G-GT,16-11074741-T-C,16-11084703-A-G,16-11129243-G-T,16-11129260-G-A,16-11062936-C-T,16-11053429-AG-A,16-11048374-A-G,16-11124699-G-A,16-11126843-G-A,16-11128185-C-T,16-11128523-G-T,16-11129317-G-A,16-11041844-G-A,16-11041971-C-T,16-11040397-C-T,16-11047936-G-A,16-11051043-A-G,16-11142137-T-A,16-11045361-A-G,16-11078338-G-A,16-11037738-A-G,16-11088694-C-T,16-11087096-C-T,16-11080586-C-G,16-11031741-A-G,16-11088808-G-A,16-11082874-T-G,16-11079161-A-G","ENSG00000261560,ENSG00000289073,ENSG00000179583,ENSG00000166669,ENSG00000182108,ENSG00000279662,ENSG00000048462,ENSG00000175646,ENSG00000274038,ENSG00000103274,ENSG00000171490,ENSG00000263033,ENSG00000213853,ENSG00000038532,ENSG00000153066,ENSG00000122299,ENSG00000188897,ENSG00000103342,ENSG00000189067,ENSG00000263307,ENSG00000122304,ENSG00000166676,ENSG00000184602,ENSG00000262420,ENSG00000185338,ENSG00000153060,ENSG00000175643,ENSG00000277369","ENSG00000188897,ENSG00000103342,ENSG00000221801,ENSG00000262999,ENSG00000287429,ENSG00000261560,ENSG00000182108,ENSG00000122304,ENSG00000274038,ENSG00000153066,ENSG00000103274,ENSG00000153060,ENSG00000289073,ENSG00000262158,ENSG00000285543,ENSG00000262420,ENSG00000185338,ENSG00000263196,ENSG00000263307,ENSG00000287121,ENSG00000212228,ENSG00000266439,ENSG00000262107,ENSG00000213853,ENSG00000262703,ENSG00000263033,ENSG00000277369,ENSG00000263080,ENSG00000279662,ENSG00000175643,ENSG00000175646,ENSG00000199668,ENSG00000262322,ENSG00000262020,ENSG00000179583,ENSG00000122299,ENSG00000048462,ENSG00000199482,ENSG00000263279,ENSG00000262259,ENSG00000260488,ENSG00000184602,ENSG00000038532,ENSG00000166669,ENSG00000262381,ENSG00000166676,ENSG00000171490,ENSG00000262151,ENSG00000261647,ENSG00000260756,ENSG00000189067,ENSG00000260310,ENSG00000277458,ENSG00000178257,ENSG00000178279,ENSG00000261904,ENSG00000229917,ENSG00000263241,ENSG00000262117,ENSG00000260224",ENSG00000038532,Liver eQTLs,train
20004053100092196-92196000003033,chr17,"17-3564235-A-G,17-3564290-T-C,17-3564294-T-C,17-3564687-C-T,17-3564688-A-G,17-3564693-T-TGTC,17-3564378-C-T,17-3561956-C-T,17-3562196-G-A,17-3562200-T-C,17-3562202-T-C,17-3564068-G-A,17-3564073-A-G,17-3564218-T-C,17-3564084-T-C,17-3564779-C-T,17-3564836-ACT-A,17-3564815-A-G,17-3558700-G-A,17-3559823-G-A,17-3560363-G-A","ENSG00000183018,ENSG00000108381,ENSG00000263338,ENSG00000132359,ENSG00000196689,ENSG00000262050,ENSG00000261916,ENSG00000177602,ENSG00000240898,ENSG00000083454,ENSG00000229782,ENSG00000213977,ENSG00000188176,ENSG00000132388,ENSG00000127774,ENSG00000132361,ENSG00000074356,ENSG00000167723,ENSG00000004660,ENSG00000083457,ENSG00000167741,ENSG00000074755,ENSG00000262248,ENSG00000074370,ENSG00000167740,ENSG00000262823,ENSG00000262692,ENSG00000132382,ENSG00000182557,ENSG00000108405,ENSG00000239884,ENSG00000272911,ENSG00000197417,ENSG00000185722,ENSG00000040531,ENSG00000274363","ENSG00000262480,ENSG00000127780,ENSG00000252456,ENSG00000142163,ENSG00000196689,ENSG00000132359,ENSG00000180042,ENSG00000180016,ENSG00000167741,ENSG00000132388,ENSG00000172146,ENSG00000197417,ENSG00000132382,ENSG00000172150,ENSG00000239884,ENSG00000183018,ENSG00000180090,ENSG00000004660,ENSG00000262953,ENSG00000262628,ENSG00000267129,ENSG00000074755,ENSG00000132361,ENSG00000273606,ENSG00000167723,ENSG00000280268,ENSG00000263882,ENSG00000184166,ENSG00000188176,ENSG00000221882,ENSG00000167740,ENSG00000127774,ENSG00000240898,ENSG00000180068,ENSG00000040531,ENSG00000262823,ENSG00000251812,ENSG00000261848,ENSG00000262106,ENSG00000159961,ENSG00000262085,ENSG00000108381,ENSG00000183024,ENSG00000074356,ENSG00000074370,ENSG00000262050,ENSG00000262884,ENSG00000229782,ENSG00000177602,ENSG00000182557,ENSG00000108405,ENSG00000272911,ENSG00000213977,ENSG00000262692,ENSG00000263312,ENSG00000274363,ENSG00000285760,ENSG00000255095,ENSG00000185722,ENSG00000261916,ENSG00000262358,ENSG00000262248,ENSG00000263338,ENSG00000083457,ENSG00000083454",ENSG00000040531,Liver eQTLs,train
20004135700092196-92196000002445,chr15,"15-78857812-TGGGCGGGGCCAGAGGGAAATAG-T,15-78822388-G-C,15-78842835-G-GT,15-78836288-A-T,15-78823007-T-A,15-78833612-A-G,15-78833758-G-A,15-78833830-C-G,15-78813334-G-A,15-78831928-G-A,15-78824031-G-A,15-78837452-A-G,15-78836726-T-C,15-78831753-G-A,15-78816240-A-G,15-78817034-C-T,15-78818471-G-C,15-78819275-C-G,15-78819606-C-T,15-78808235-A-T,15-78813805-G-T,15-78814444-G-A,15-78815523-G-A,15-78816980-G-A,15-78819153-T-C,15-78819202-C-T,15-78822189-A-AT,15-78821606-C-T,15-78821914-T-C,15-78822065-T-G,15-78822667-C-T,15-78823368-G-A,15-78823993-C-T,15-78824235-C-T,15-78824287-C-CTA,15-78824608-C-T,15-78825105-C-T,15-78825149-T-A,15-78825295-G-A,15-78825498-G-C,15-78825562-C-T,15-78826239-T-C,15-78826249-A-G,15-78826912-C-T,15-78832397-G-A,15-78832588-T-C,15-78832792-G-T,15-78810546-T-C,15-78836719-A-G,15-78834689-A-G,15-78835552-A-G,15-78836362-G-A,15-78836631-CTGA-C,15-78836721-G-C,15-78836723-T-C,15-78836866-T-C,15-78839400-G-A,15-78839715-C-T,15-78841220-T-C,15-78808947-C-T,15-78810017-A-G,15-78810216-T-C,15-78811732-A-G,15-78843051-C-T,15-78810585-A-G,15-78837801-G-A,15-78842239-T-C,15-78842289-C-T,15-78842374-A-C,15-78842847-G-C,15-78843246-T-G,15-78843564-C-T,15-78844356-A-G,15-78844386-T-C,15-78844661-G-A,15-78856266-C-T,15-78849541-C-T,15-78849914-C-T,15-78894896-C-T,15-78865425-T-C,15-78865893-G-A,15-78877563-A-G,15-78879242-G-A,15-78878302-AT-A,15-78912003-G-C,15-78880481-T-C,15-78874838-G-A,15-78871288-T-C,15-78872861-G-A,15-78869579-T-A,15-78872834-CA-C,15-78889782-AAAAT-A,15-78889795-T-C,15-78890321-C-T,15-78891449-T-C,15-78892952-G-A,15-78906103-C-A,15-78912204-A-C,15-78912278-C-G,15-78902026-C-A,15-78902906-G-A,15-78902775-A-G,15-78903165-T-C,15-78903850-C-A,15-78904261-G-A,15-78903771-C-T,15-78903997-G-T,15-78903997-G-T","ENSG00000259420,ENSG00000166411,ENSG00000167202,ENSG00000261143,ENSG00000188266,ENSG00000103811,ENSG00000259792,ENSG00000166557,ENSG00000169783,ENSG00000103740,ENSG00000259562,ENSG00000041357,ENSG00000136378,ENSG00000260776,ENSG00000279373,ENSG00000140395,ENSG00000136425,ENSG00000185787,ENSG00000140403,ENSG00000136381","ENSG00000238166,ENSG00000259555,ENSG00000259420,ENSG00000279235,ENSG00000279694,ENSG00000259474,ENSG00000259229,ENSG00000279421,ENSG00000243711,ENSG00000235711,ENSG00000288561,ENSG00000140403,ENSG00000252995,ENSG00000259234,ENSG00000136381,ENSG00000289561,ENSG00000287408,ENSG00000183476,ENSG00000214646,ENSG00000261303,ENSG00000167202,ENSG00000169783,ENSG00000177699,ENSG00000188266,ENSG00000103811,ENSG00000136378,ENSG00000259419,ENSG00000261143,ENSG00000166557,ENSG00000166411,ENSG00000273512,ENSG00000166426,ENSG00000199633,ENSG00000259708,ENSG00000213527,ENSG00000260776,ENSG00000279373,ENSG00000207695,ENSG00000259413,ENSG00000213307,ENSG00000252061,ENSG00000260674,ENSG00000259792,ENSG00000103740,ENSG00000259562,ENSG00000140395,ENSG00000242066,ENSG00000259493,ENSG00000277482,ENSG00000261244,ENSG00000261403,ENSG00000185787,ENSG00000136425,ENSG00000041357,ENSG00000259208",ENSG00000041357,Liver eQTLs,train
20004180200092196-92196000005185,chr3,"3-194369579-C-A,3-194369579-C-A,3-194369580-C-A,3-194369580-C-A,3-194377712-C-T,3-194377712-C-T,3-194402676-C-T,3-194402676-C-T,3-194406507-G-T,3-194406507-G-T,3-194401202-G-A,3-194401202-G-A,3-194402391-G-A,3-194402391-G-A,3-194401975-T-C,3-194401975-T-C,3-194402331-C-T,3-194402331-C-T,3-194402338-G-A,3-194402338-G-A","ENSG00000230102,ENSG00000229334,ENSG00000133657,ENSG00000184203,ENSG00000189058,ENSG00000232874,ENSG00000288979,ENSG00000178772,ENSG00000114315,ENSG00000145014,ENSG00000114331,ENSG00000287005,ENSG00000173950,ENSG00000230266,ENSG00000276407,ENSG00000229325,ENSG00000224769,ENSG00000178732,ENSG00000231770,ENSG00000214146,ENSG00000185112,ENSG00000238097,ENSG00000041802,ENSG00000244675,ENSG00000228271,ENSG00000233058","ENSG00000252053,ENSG00000224855,ENSG00000229325,ENSG00000233987,ENSG00000230266,ENSG00000286624,ENSG00000238097,ENSG00000236297,ENSG00000231770,ENSG00000288979,ENSG00000229155,ENSG00000244314,ENSG00000289385,ENSG00000227433,ENSG00000207370,ENSG00000234805,ENSG00000233303,ENSG00000184203,ENSG00000232873,ENSG00000229334,ENSG00000238043,ENSG00000223986,ENSG00000287206,ENSG00000041802,ENSG00000230401,ENSG00000265333,ENSG00000185112,ENSG00000133657,ENSG00000238031,ENSG00000178772,ENSG00000224403,ENSG00000114315,ENSG00000244675,ENSG00000286317,ENSG00000225473,ENSG00000233058,ENSG00000287073,ENSG00000271483,ENSG00000287005,ENSG00000189058,ENSG00000230102,ENSG00000206600,ENSG00000114331,ENSG00000242201,ENSG00000228271,ENSG00000173950,ENSG00000178732,ENSG00000237222,ENSG00000276407,ENSG00000145014,ENSG00000214146,ENSG00000224769,ENSG00000229964,ENSG00000243991,ENSG00000232874",ENSG00000041802,Liver eQTLs,train
20004208800092196-92196000002223,chr14,"14-90421558-G-C,14-90465624-A-G,14-90421493-G-A,14-90417508-G-A,14-90407322-C-T,14-90410653-A-T,14-90422211-G-A,14-90422264-G-GGCC,14-90422382-T-G,14-90482549-C-T,14-90496548-C-T,14-90508101-T-C,14-90423131-C-T,14-90517902-A-C,14-90512072-G-C,14-90525307-ATTT-A","ENSG00000053254,ENSG00000258792,ENSG00000119720,ENSG00000258752,ENSG00000275198,ENSG00000198668,ENSG00000100764,ENSG00000258920,ENSG00000258424,ENSG00000165914,ENSG00000213315,ENSG00000258884,ENSG00000259151,ENSG00000042088,ENSG00000140025,ENSG00000152315","ENSG00000259073,ENSG00000119720,ENSG00000258798,ENSG00000286607,ENSG00000053254,ENSG00000152315,ENSG00000258678,ENSG00000213315,ENSG00000258752,ENSG00000258446,ENSG00000042088,ENSG00000259789,ENSG00000100764,ENSG00000287663,ENSG00000258424,ENSG00000140025,ENSG00000259151,ENSG00000165914,ENSG00000258792,ENSG00000230997,ENSG00000258884,ENSG00000258716,ENSG00000252644,ENSG00000258935,ENSG00000252655,ENSG00000201027,ENSG00000258920,ENSG00000201351,ENSG00000259050,ENSG00000275198,ENSG00000258437,ENSG00000221102,ENSG00000258544,ENSG00000200312,ENSG00000198668",ENSG00000042088,Liver eQTLs,train
20004231700092196-92196000002220,chr14,"14-88829975-T-A,14-88831418-T-C,14-88858230-A-G,14-88857482-A-G,14-88859001-A-G,14-88952456-A-C,14-88951006-C-G,14-88951062-A-G,14-88836305-T-TG,14-88836305-T-TG,14-88926823-C-G,14-88950847-CTT-C,14-88951221-ACT-A,14-88862529-G-A,14-88874915-T-C,14-88950679-T-C,14-88900986-C-T,14-88951231-C-CA,14-88826841-C-A,14-88832603-C-T,14-88939434-C-T,14-88939201-A-T,14-88880128-G-C,14-88915632-G-T,14-88919841-AT-A,14-88921716-G-A,14-88927799-A-G,14-88953504-A-AT,14-88935925-A-G,14-88936702-A-G,14-88937947-A-C,14-88938176-C-G,14-88938223-T-A,14-88938652-A-G,14-88941981-A-T,14-88945591-A-G,14-88949786-T-C,14-88946622-G-A,14-88948621-G-C,14-88881882-T-A,14-88956000-A-T,14-88961465-G-A,14-88962587-C-T,14-88955957-A-G,14-88878034-C-T,14-88900090-C-T,14-88907471-T-A,14-88913924-C-T,14-88930200-GT-G,14-88964576-T-C,14-88939080-G-A,14-88940500-C-A,14-88881248-C-T,14-89000903-G-A,14-89004121-T-G,14-88971758-T-G,14-89005675-C-G,14-89011468-C-T,14-89012177-G-A,14-89014435-A-T,14-88977938-A-G,14-88967336-C-A,14-88995499-A-G,14-88995965-A-G,14-88996725-A-C,14-88972303-A-G,14-88976329-A-G,14-89017966-T-C,14-89018708-T-C,14-89025376-A-G,14-88988002-G-T,14-88983673-C-A,14-88993414-G-A,14-89012291-G-A","ENSG00000259151,ENSG00000165533,ENSG00000278576,ENSG00000070778,ENSG00000042317,ENSG00000258752,ENSG00000258867,ENSG00000054983,ENSG00000100722,ENSG00000140030,ENSG00000259998,ENSG00000258789","ENSG00000283627,ENSG00000259073,ENSG00000042317,ENSG00000258990,ENSG00000259151,ENSG00000165533,ENSG00000258867,ENSG00000252783,ENSG00000259998,ENSG00000201027,ENSG00000140030,ENSG00000258380,ENSG00000100722,ENSG00000200312,ENSG00000259096,ENSG00000070778,ENSG00000274492,ENSG00000222990,ENSG00000258752,ENSG00000278576,ENSG00000054983,ENSG00000258699,ENSG00000258407,ENSG00000252655,ENSG00000258789,ENSG00000258807,ENSG00000259050,ENSG00000258975",ENSG00000042317,Liver eQTLs,train
20004445900092196-92196000007350,chr9,"9-17254620-A-T,9-17268584-T-C,9-17267371-C-G,9-17252006-C-A,9-17252284-G-T,9-17254734-A-ATTG,9-17273175-G-GA,9-17290781-T-C,9-17290970-T-C,9-17294425-T-TC,9-17302341-A-G,9-17301710-C-A,9-17327947-G-A,9-17290979-T-C,9-17291057-A-G,9-17293025-G-T,9-17295837-C-G,9-17300060-G-A,9-17300064-C-T,9-17300093-G-A,9-17302919-T-A,9-17255442-C-A,9-17344148-GTTTAT-G,9-17359662-G-A,9-17364832-G-T,9-17271858-A-G,9-17336492-G-A,9-17312932-A-G,9-17251386-G-A,9-17338316-T-C,9-17338162-T-A,9-17346914-C-T,9-17331361-A-AT,9-17264935-G-T,9-17274319-G-T,9-17355890-GTC-G,9-17368458-C-T,9-17347258-A-G,9-17264966-G-C,9-17320544-A-G,9-17321382-T-C,9-17266125-A-T,9-17334526-G-A,9-17349531-A-T,9-17339793-G-A,9-17339839-T-C,9-17380998-T-A,9-17331446-A-T,9-17333453-G-A,9-17333543-A-G,9-17334801-G-A,9-17335585-A-G,9-17336360-G-A,9-17331927-G-A,9-17357597-C-A,9-17247384-A-G,9-17313619-A-G,9-17261209-G-A,9-17313614-A-C,9-17313996-T-G,9-17314292-A-T,9-17335929-C-A,9-17335935-C-A,9-17261350-T-G,9-17261546-A-G,9-17299265-A-G,9-17249540-T-G,9-17335125-T-C,9-17335480-A-C,9-17339879-C-T,9-17340377-A-G,9-17340383-G-A,9-17272037-T-C,9-17249636-T-C,9-17364157-A-C,9-17338186-G-C,9-17338410-G-A,9-17338464-T-C,9-17376453-T-A,9-17327295-C-T,9-17312829-G-A,9-17314532-T-G,9-17318434-G-C,9-17319956-C-A,9-17320792-T-C,9-17320822-G-C,9-17321670-C-T,9-17282681-C-G,9-17333747-CAT-C,9-17278584-A-G,9-17246885-GT-G,9-17330558-T-A,9-17325168-ATTCTTT-A,9-17309336-T-C,9-17313678-T-A,9-17319339-T-C,9-17312886-A-T,9-17313926-C-T,9-17292890-A-G,9-17293779-G-A,9-17295260-A-C,9-17339718-G-A,9-17358346-G-T,9-17345817-T-C,9-17346156-T-C,9-17336882-C-T,9-17336338-C-G,9-17283197-G-A,9-17280827-C-G,9-17268228-T-C,9-17265321-G-A,9-17279064-C-T,9-17318647-C-T,9-17279838-T-C,9-17357914-C-T,9-17367325-C-A,9-17346147-A-G,9-17327271-G-A,9-17259878-T-G,9-17346404-A-G,9-17348552-G-T,9-17348688-G-C,9-17348689-G-C,9-17349834-T-A,9-17349864-C-T,9-17350378-A-C,9-17350631-G-A,9-17350814-G-A,9-17350983-C-G,9-17351711-A-G,9-17352005-G-A,9-17353077-G-T,9-17353087-A-G,9-17353096-C-T,9-17353689-T-C,9-17353918-A-G,9-17353987-A-G,9-17354045-C-A,9-17354520-T-C,9-17354527-T-C,9-17354758-C-T,9-17355782-G-A,9-17356411-A-C,9-17356475-A-G,9-17358477-A-C,9-17359669-G-A,9-17360179-C-G,9-17363218-A-C,9-17363286-A-G,9-17365613-T-C,9-17320490-TTTTG-T,9-17320490-TTTTG-T,9-17367368-T-C,9-17367616-T-G,9-17367617-C-T,9-17320881-A-G,9-17321574-C-T,9-17324268-C-T,9-17253518-C-T,9-17349497-A-G,9-17357600-C-CAT,9-17347872-C-T,9-17350843-C-T,9-17355341-T-C,9-17359939-C-T,9-17358066-G-A,9-17379340-T-C,9-17266147-C-CT,9-17295223-T-C,9-17242708-G-C,9-17353596-GT-G,9-17353596-GT-G,9-17356550-G-A,9-17356925-T-C,9-17356999-C-T,9-17357212-T-C,9-17357709-G-T,9-17362508-AT-A,9-17364507-T-C,9-17364950-G-A,9-17365022-C-A,9-17366568-A-T,9-17366932-C-G,9-17361597-A-G,9-17371690-C-T,9-17379146-A-G,9-17373070-G-A,9-17342517-A-G,9-17362180-C-A,9-17246782-T-C,9-17357265-G-GT,9-17364514-T-C,9-17367399-T-TAAAA,9-17368900-A-G,9-17369684-A-G,9-17325675-G-C,9-17325704-C-G,9-17365351-T-C,9-17372960-C-T,9-17347722-T-C,9-17341670-A-G,9-17269437-G-T,9-17263325-T-A,9-17260010-C-T,9-17383073-C-G,9-17384459-A-G,9-17384923-A-G,9-17385348-C-T,9-17390339-C-T,9-17391536-A-G,9-17390170-C-T,9-17399095-T-G,9-17354396-T-C,9-17263439-T-G,9-17394136-C-T,9-17373948-T-C,9-17392921-G-A,9-17398404-G-A,9-17413208-C-T,9-17400370-C-G,9-17391822-G-C,9-17414823-C-A,9-17372261-G-T,9-17386062-T-C,9-17391173-A-G,9-17372209-G-C,9-17398616-T-G,9-17374797-T-G","ENSG00000107295,ENSG00000178031,ENSG00000173068,ENSG00000044459","ENSG00000107295,ENSG00000230694,ENSG00000233551,ENSG00000226470,ENSG00000234779,ENSG00000237153,ENSG00000044459,ENSG00000228810,ENSG00000205549,ENSG00000173068,ENSG00000237083,ENSG00000285169,ENSG00000178031,ENSG00000231756,ENSG00000241152",ENSG00000044459,Liver eQTLs,train
20004854400092196-92196000006374,chr6,"6-42159228-T-C,6-42164401-C-T,6-42169224-G-A,6-42170761-C-T,6-42170880-G-T,6-42175927-G-A,6-42179387-G-C,6-42183686-G-A,6-42158596-A-C,6-42159132-C-G,6-42159557-T-C,6-42159568-G-C,6-42159652-C-T,6-42159705-A-T,6-42159859-C-T,6-42160041-A-G,6-42160217-G-A,6-42160445-A-G,6-42160593-G-A,6-42161127-A-AT,6-42161786-C-T,6-42162388-A-G,6-42163750-G-A,6-42163924-C-T,6-42164560-G-C,6-42164874-A-T,6-42165700-T-C,6-42166050-G-A,6-42166552-C-T,6-42167161-A-T,6-42167970-T-C,6-42168542-T-C,6-42168601-A-C,6-42169045-A-G,6-42169203-G-A,6-42170356-A-G,6-42170785-C-T,6-42171545-G-T,6-42171560-C-T,6-42171946-A-T,6-42174611-G-T,6-42175063-A-G,6-42175221-A-G,6-42175268-G-A,6-42176120-G-T,6-42176955-C-CA,6-42177028-A-G,6-42177380-C-G,6-42178578-C-G,6-42178953-G-A,6-42179091-G-A,6-42180000-T-C,6-42180066-T-C,6-42180105-T-A,6-42180404-G-A,6-42181256-T-A,6-42181773-G-A,6-42181960-A-C,6-42182322-CA-C,6-42182512-G-A,6-42182762-C-A,6-42183000-C-T,6-42183867-G-T,6-42184400-C-T,6-42163839-A-T,6-42176749-T-C,6-42160070-T-C,6-42171359-GA-G,6-42174984-C-T,6-42182375-GA-G,6-42182375-GA-G,6-42182221-GA-G,6-42173254-G-A,6-42194440-C-A,6-42194235-T-A,6-42194916-T-C","ENSG00000124587,ENSG00000112576,ENSG00000137166,ENSG00000112640,ENSG00000096088,ENSG00000124496,ENSG00000278224,ENSG00000112658,ENSG00000137171,ENSG00000124541,ENSG00000124713,ENSG00000181524,ENSG00000112659,ENSG00000221821,ENSG00000214736,ENSG00000272223,ENSG00000044090,ENSG00000234753,ENSG00000124641,ENSG00000124702,ENSG00000048544,ENSG00000112624,ENSG00000164663,ENSG00000112561,ENSG00000124731,ENSG00000188112,ENSG00000137218,ENSG00000112195,ENSG00000112619,ENSG00000171611,ENSG00000272170,ENSG00000146223,ENSG00000184106,ENSG00000024048,ENSG00000112578,ENSG00000287825,ENSG00000124659,ENSG00000289216,ENSG00000112655,ENSG00000231113,ENSG00000112559,ENSG00000112651,ENSG00000137161,ENSG00000137413,ENSG00000124733,ENSG00000288010","ENSG00000164663,ENSG00000287363,ENSG00000096264,ENSG00000124641,ENSG00000112195,ENSG00000206977,ENSG00000278224,ENSG00000207371,ENSG00000212176,ENSG00000188112,ENSG00000048544,ENSG00000206875,ENSG00000213461,ENSG00000137161,ENSG00000124541,ENSG00000137413,ENSG00000231102,ENSG00000280371,ENSG00000112561,ENSG00000289216,ENSG00000124733,ENSG00000096088,ENSG00000234753,ENSG00000214736,ENSG00000112659,ENSG00000213435,ENSG00000112655,ENSG00000206745,ENSG00000112578,ENSG00000137166,ENSG00000274256,ENSG00000124713,ENSG00000112651,ENSG00000112619,ENSG00000272223,ENSG00000124731,ENSG00000044090,ENSG00000181524,ENSG00000137171,ENSG00000137218,ENSG00000146223,ENSG00000269387,ENSG00000112576,ENSG00000124496,ENSG00000184106,ENSG00000279284,ENSG00000124587,ENSG00000287825,ENSG00000230913,ENSG00000223946,ENSG00000288010,ENSG00000226917,ENSG00000237107,ENSG00000272170,ENSG00000221821,ENSG00000112640,ENSG00000266494,ENSG00000278745,ENSG00000024048,ENSG00000227516,ENSG00000225690,ENSG00000112559,ENSG00000124702,ENSG00000231113,ENSG00000112658,ENSG00000171611,ENSG00000124659,ENSG00000206848,ENSG00000112624,ENSG00000218809",ENSG00000048544,Liver eQTLs,train
20005390000092196-92196000005515,chr4,"4-25394317-AAC-A,4-25357064-G-A,4-25359631-G-A,4-25367018-G-A,4-25374099-G-A,4-25389309-T-TTA,4-25389584-A-C,4-25400910-G-A,4-25401081-C-CT,4-25401735-A-G,4-25401800-G-T,4-25402016-A-G,4-25402106-A-C,4-25402107-G-T,4-25402963-A-C,4-25407661-A-G,4-25407674-T-C,4-25407804-T-C,4-25416777-T-G,4-25417333-G-C,4-25417651-C-T,4-25384305-T-C,4-25385320-T-C,4-25385456-G-A,4-25385512-C-T,4-25385874-T-C,4-25386468-C-T,4-25386559-G-A,4-25386599-G-A,4-25387660-A-G,4-25388545-T-C,4-25388590-T-C,4-25389501-A-G,4-25389934-C-CAA,4-25392728-G-A,4-25393475-T-A,4-25393889-C-T,4-25394078-A-G,4-25394221-T-C,4-25394339-A-G,4-25394401-C-G,4-25394477-T-C,4-25394531-G-A,4-25395050-G-A,4-25395674-C-A,4-25396907-C-T,4-25397026-C-A,4-25397036-T-G,4-25397054-G-A,4-25397303-C-T,4-25397695-G-T,4-25378719-C-T,4-25404352-C-G,4-25408516-T-A,4-25408724-A-G,4-25409138-T-C,4-25409199-G-A,4-25409324-CATA-C,4-25409399-C-T,4-25409448-T-C,4-25409623-A-T,4-25410016-G-T,4-25410485-T-G,4-25410989-A-G,4-25411202-T-G,4-25412007-A-G,4-25412974-T-G,4-25413609-G-A,4-25413921-C-A,4-25413986-G-A,4-25415810-C-A,4-25420889-GT-G,4-25394900-T-G,4-25422976-G-A,4-25423123-C-T,4-25423538-G-T,4-25415106-T-C,4-25399639-C-G,4-25399365-GT-G,4-25410940-A-G,4-25385169-A-AT,4-25314976-T-G,4-25315448-G-C,4-25312615-T-G,4-25320419-T-G,4-25429383-A-G,4-25317277-G-A,4-25317665-A-G,4-25318235-G-A,4-25318348-T-C,4-25318479-C-T,4-25318782-C-A,4-25319076-G-A,4-25322670-G-C,4-25429848-C-T,4-25434794-C-T,4-25429775-C-G,4-25431398-G-A,4-25328983-T-C,4-25399679-C-T,4-25328525-C-T,4-25328777-A-C,4-25329564-C-G,4-25338086-A-T,4-25338566-A-G,4-25341615-C-T,4-25329006-C-T,4-25318472-G-C,4-25326858-C-T,4-25326738-G-A,4-25319998-G-T,4-25324183-G-C,4-25324742-C-T,4-25325185-A-G,4-25326634-G-T,4-25327665-G-A,4-25327667-A-T,4-25327822-G-A,4-25327978-T-G,4-25326794-A-G,4-25329040-T-C,4-25326845-G-A,4-25326787-T-C,4-25326733-T-C,4-25435249-G-A,4-25437975-C-T,4-25438350-C-G,4-25436222-G-C,4-25436997-C-T,4-25440205-G-C,4-25428296-T-C,4-25443796-GAGAA-G,4-25431204-A-G","ENSG00000091490,ENSG00000157765,ENSG00000109610,ENSG00000281501,ENSG00000168228,ENSG00000168214,ENSG00000181982,ENSG00000053900,ENSG00000250317,ENSG00000153012,ENSG00000038210,ENSG00000109618","ENSG00000251009,ENSG00000283314,ENSG00000168214,ENSG00000238632,ENSG00000248545,ENSG00000281501,ENSG00000271172,ENSG00000251638,ENSG00000243005,ENSG00000091490,ENSG00000109610,ENSG00000251353,ENSG00000278135,ENSG00000250541,ENSG00000207697,ENSG00000242640,ENSG00000053900,ENSG00000289201,ENSG00000250050,ENSG00000153012,ENSG00000109618,ENSG00000249277,ENSG00000250317,ENSG00000181982,ENSG00000038210,ENSG00000249320,ENSG00000248452,ENSG00000248654,ENSG00000261121,ENSG00000248444,ENSG00000157765,ENSG00000248608,ENSG00000168228,ENSG00000249256,ENSG00000228154,ENSG00000248133",ENSG00000053900,Liver eQTLs,train
20005421900092196-92196000004060,chr2,"2-160761808-T-C,2-160762687-G-A,2-160767804-G-C,2-160777188-C-T,2-160760338-G-A,2-160760972-C-T,2-160769588-T-C,2-160766983-CA-C,2-160794008-A-G,2-160767502-A-C,2-160745785-G-T,2-160753986-G-GA,2-160754050-T-C,2-160754132-A-C,2-160754133-G-C,2-160776866-C-T,2-160741415-C-T,2-160742095-G-A,2-160743463-C-T,2-160757465-C-T,2-160738509-A-G,2-160808314-T-C,2-160821067-G-A,2-160821119-A-C,2-160732793-T-G,2-160800101-C-A,2-160800102-A-C,2-160808075-C-T,2-160821211-C-T,2-160799625-TG-T,2-160756345-G-A,2-160734382-A-G","ENSG00000226266,ENSG00000115221,ENSG00000115183,ENSG00000123636,ENSG00000196151,ENSG00000224152,ENSG00000153246,ENSG00000054219,ENSG00000136536,ENSG00000153250,ENSG00000241399,ENSG00000285373,ENSG00000287091","ENSG00000287091,ENSG00000115221,ENSG00000288091,ENSG00000241399,ENSG00000224076,ENSG00000271924,ENSG00000136535,ENSG00000196151,ENSG00000224467,ENSG00000235716,ENSG00000279844,ENSG00000227055,ENSG00000238570,ENSG00000244372,ENSG00000224152,ENSG00000232337,ENSG00000285373,ENSG00000054219,ENSG00000136536,ENSG00000225813,ENSG00000251621,ENSG00000226946,ENSG00000280105,ENSG00000285155,ENSG00000123636,ENSG00000115183,ENSG00000226266,ENSG00000153250,ENSG00000153246",ENSG00000054219,Liver eQTLs,train
20005469000092196-92196000002170,chr14,"14-68003744-G-A,14-68003744-G-A,14-68003993-G-A,14-68003993-G-A,14-67999219-T-A,14-67999219-T-A,14-68000252-T-C,14-68000252-T-C,14-68000956-T-C,14-68000956-T-C,14-68008899-T-TA,14-68008899-T-TA,14-68008792-C-G,14-68008792-C-G,14-68008900-C-A,14-68008900-C-A,14-67995855-T-A,14-67995855-T-A,14-67997451-C-T,14-67997451-C-T","ENSG00000054690,ENSG00000072121,ENSG00000286319,ENSG00000172717,ENSG00000100558,ENSG00000134001,ENSG00000100564,ENSG00000072415,ENSG00000286861,ENSG00000100568,ENSG00000100554,ENSG00000072042,ENSG00000081181,ENSG00000182185,ENSG00000139988,ENSG00000198133","ENSG00000258618,ENSG00000258837,ENSG00000240210,ENSG00000241542,ENSG00000289583,ENSG00000274666,ENSG00000054690,ENSG00000272253,ENSG00000100554,ENSG00000198133,ENSG00000287913,ENSG00000287167,ENSG00000182185,ENSG00000072415,ENSG00000242941,ENSG00000258565,ENSG00000265993,ENSG00000072042,ENSG00000239820,ENSG00000172717,ENSG00000199755,ENSG00000244677,ENSG00000134001,ENSG00000286861,ENSG00000286319,ENSG00000072121,ENSG00000271697,ENSG00000270975,ENSG00000139988,ENSG00000100564,ENSG00000258759,ENSG00000258623,ENSG00000207089,ENSG00000243546,ENSG00000100568,ENSG00000081181,ENSG00000201529,ENSG00000100558",ENSG00000054690,Liver eQTLs,train
20005498300092196-92196000002218,chr14,"14-88439697-T-C,14-88432846-TA-T,14-88436376-T-A,14-88417443-G-A,14-88417651-T-C,14-88417897-A-T,14-88418613-C-T,14-88418729-T-C,14-88418768-G-A,14-88420511-G-T,14-88421100-C-T,14-88421350-A-C,14-88421482-C-T,14-88421564-G-T,14-88421619-C-T,14-88421677-T-G,14-88423662-A-C,14-88424458-CAAGGCTATAGTAACCAA-C,14-88424606-C-T,14-88424652-GAAGT-G,14-88425686-G-C,14-88425835-G-A,14-88426381-A-G,14-88427352-AC-A,14-88428283-C-T,14-88429344-G-A,14-88429427-G-A,14-88429690-A-G,14-88430125-T-C,14-88430169-T-C,14-88430827-G-A,14-88431004-G-A,14-88431704-T-C,14-88432430-G-A,14-88433524-C-G,14-88433564-G-A,14-88433846-C-T,14-88433862-T-C,14-88433885-TA-T,14-88433889-A-G,14-88433990-C-G,14-88434019-C-T,14-88434181-G-A,14-88434207-T-A,14-88434557-C-T,14-88434893-G-A,14-88435574-A-G,14-88435746-T-C,14-88435864-T-C,14-88436192-A-G,14-88436405-A-C,14-88436831-C-G,14-88437130-A-G,14-88437557-G-A,14-88437768-A-C,14-88437877-A-G,14-88437999-T-C,14-88438064-T-A,14-88438194-G-A,14-88438685-C-T,14-88438706-C-T,14-88439096-CATAA-C,14-88439242-C-T,14-88440284-A-G,14-88440294-C-T,14-88440560-TAAAAG-T,14-88440636-T-C,14-88440955-C-CA,14-88441096-A-C,14-88441659-T-C,14-88441706-T-C,14-88441731-G-GATA,14-88441874-C-G,14-88442259-A-G,14-88442354-C-G,14-88442582-G-A,14-88442646-A-G,14-88442712-C-T,14-88442993-TC-T,14-88443007-G-A,14-88443105-C-T,14-88443116-G-A,14-88443264-T-C,14-88443484-C-A,14-88443649-T-C,14-88443736-C-G,14-88443976-G-A,14-88444304-T-C,14-88444324-T-G,14-88444402-T-C,14-88444459-T-C,14-88444653-C-G,14-88444684-C-G,14-88444700-T-C,14-88444819-T-G,14-88445056-AGG-A,14-88445155-T-A,14-88445188-C-T,14-88445310-C-T,14-88445472-A-G,14-88446028-G-A,14-88446036-T-C,14-88446262-C-T,14-88446303-A-T,14-88446495-G-A,14-88446498-G-A,14-88446516-A-G,14-88446645-A-G,14-88446651-G-A,14-88446663-T-C,14-88446712-A-C,14-88446720-T-C,14-88446721-G-A,14-88446978-G-C,14-88447402-A-T,14-88447418-C-T,14-88447453-T-C,14-88447457-G-C,14-88447591-G-A,14-88448451-A-G,14-88448486-A-T,14-88448525-A-G,14-88448643-C-T,14-88448875-C-T,14-88449057-C-T,14-88449089-A-T,14-88449108-A-C,14-88449210-T-C,14-88449654-T-C,14-88449804-A-G,14-88450006-A-T,14-88450031-C-T,14-88450076-G-C,14-88450337-A-G,14-88450405-A-C,14-88450639-G-A,14-88450928-C-T,14-88451305-C-T,14-88451323-G-A,14-88451566-TATTAA-T,14-88452981-C-T,14-88453701-T-C,14-88454469-A-T,14-88454937-C-T,14-88455067-TA-T,14-88455488-C-T,14-88455605-C-A,14-88455711-T-C,14-88455875-G-A,14-88455963-C-T,14-88456144-A-G,14-88456200-C-T,14-88456281-C-T,14-88456428-T-G,14-88456877-A-G,14-88456899-A-G,14-88456972-G-A,14-88456985-T-A,14-88457174-A-T,14-88457698-T-C,14-88426412-T-TA,14-88421908-C-T,14-88422855-ATG-A,14-88391492-A-G,14-88393995-G-A,14-88399950-C-T,14-88402596-C-T,14-88403734-GACT-G,14-88405272-C-T,14-88408278-A-G,14-88409965-T-C,14-88419242-T-C,14-88420282-A-G,14-88439785-CAAG-C,14-88444648-C-T,14-88449459-G-A,14-88429980-C-G,14-88432512-C-T,14-88432512-C-T,14-88469190-A-G,14-88470103-TA-T,14-88457929-G-C,14-88458430-G-GA,14-88458573-A-G,14-88458745-C-T,14-88459150-C-T,14-88459280-C-A,14-88459434-G-T,14-88459448-C-G,14-88459467-C-G,14-88459656-A-G,14-88461069-GTTCT-G,14-88468510-C-A,14-88471979-A-G,14-88398224-TC-T,14-88394665-TA-T,14-88410395-A-G,14-88446140-T-C,14-88473386-T-G,14-88463596-C-T,14-88471083-T-C,14-88472334-G-C,14-88478501-AGG-A,14-88480566-A-G,14-88489241-A-G,14-88463550-G-A,14-88478683-A-T,14-88479749-G-A,14-88480354-C-G,14-88480959-T-C,14-88491609-G-A,14-88491611-C-A,14-88491794-T-TA,14-88495274-C-G,14-88496080-G-T,14-88496081-C-T,14-88496328-G-C,14-88462970-A-AT,14-88522440-C-T,14-88527494-G-A,14-88537503-C-A,14-88507661-T-C,14-88511231-T-A,14-88512890-G-A,14-88519631-G-A,14-88531065-A-C","ENSG00000140030,ENSG00000278576,ENSG00000259998,ENSG00000100722,ENSG00000042317,ENSG00000070778,ENSG00000054983,ENSG00000258789,ENSG00000165533,ENSG00000258867","ENSG00000070778,ENSG00000259028,ENSG00000258975,ENSG00000259077,ENSG00000100722,ENSG00000259998,ENSG00000258407,ENSG00000278576,ENSG00000258699,ENSG00000165533,ENSG00000258380,ENSG00000274492,ENSG00000258859,ENSG00000258789,ENSG00000252783,ENSG00000042317,ENSG00000140030,ENSG00000258807,ENSG00000259096,ENSG00000258990,ENSG00000258770,ENSG00000054983,ENSG00000222990,ENSG00000258867,ENSG00000283627",ENSG00000054983,Liver eQTLs,train
20005520800092196-92196000006058,chr6,"6-149491914-G-A,6-149491863-T-C","ENSG00000111962,ENSG00000111961,ENSG00000120256,ENSG00000055208,ENSG00000178199,ENSG00000220848,ENSG00000131023,ENSG00000289045,ENSG00000202343,ENSG00000120253,ENSG00000278899,ENSG00000203722,ENSG00000131013,ENSG00000186625,ENSG00000219433,ENSG00000055211,ENSG00000131019,ENSG00000231760,ENSG00000233330,ENSG00000131015,ENSG00000120265","ENSG00000235972,ENSG00000217733,ENSG00000268592,ENSG00000241391,ENSG00000227660,ENSG00000235168,ENSG00000111961,ENSG00000120253,ENSG00000215094,ENSG00000055211,ENSG00000231368,ENSG00000233330,ENSG00000219298,ENSG00000131015,ENSG00000202343,ENSG00000238594,ENSG00000131019,ENSG00000273132,ENSG00000207292,ENSG00000213091,ENSG00000231760,ENSG00000219433,ENSG00000236591,ENSG00000289045,ENSG00000111962,ENSG00000228408,ENSG00000283608,ENSG00000186625,ENSG00000120265,ENSG00000120256,ENSG00000252244,ENSG00000220848,ENSG00000216621,ENSG00000055208,ENSG00000155918,ENSG00000219487,ENSG00000201628,ENSG00000220598,ENSG00000278899,ENSG00000131013,ENSG00000223701,ENSG00000225924,ENSG00000203722,ENSG00000131023,ENSG00000178199,ENSG00000217824,ENSG00000289359,ENSG00000216444,ENSG00000216265",ENSG00000055208,Liver eQTLs,train
20005759300092196-92196000001886,chr13,"13-113759526-A-G,13-113757968-G-A,13-113757826-C-T,13-113759486-A-C,13-113759754-A-G,13-113756540-A-G,13-113761590-C-T,13-113755444-G-C,13-113761513-C-T,13-113754579-A-G,13-113762929-A-G,13-113753529-C-T,13-113753451-G-A,13-113764395-G-A,13-113764610-T-C,13-113766163-A-ACACT","ENSG00000139842,ENSG00000150401,ENSG00000184497,ENSG00000276248,ENSG00000283828,ENSG00000274922,ENSG00000150403,ENSG00000231882,ENSG00000126217,ENSG00000267868,ENSG00000139835,ENSG00000198176,ENSG00000057593,ENSG00000233695,ENSG00000126226,ENSG00000126216,ENSG00000277159,ENSG00000230371,ENSG00000126231,ENSG00000186009,ENSG00000185896,ENSG00000153498,ENSG00000283199,ENSG00000153531,ENSG00000272695,ENSG00000126218,ENSG00000235280,ENSG00000276434,ENSG00000225083,ENSG00000183087,ENSG00000068650","ENSG00000267868,ENSG00000289354,ENSG00000274766,ENSG00000126216,ENSG00000183087,ENSG00000277545,ENSG00000150403,ENSG00000150401,ENSG00000235280,ENSG00000274922,ENSG00000226921,ENSG00000269125,ENSG00000272695,ENSG00000126217,ENSG00000283199,ENSG00000283361,ENSG00000230371,ENSG00000153531,ENSG00000126218,ENSG00000269376,ENSG00000202347,ENSG00000229723,ENSG00000198176,ENSG00000276248,ENSG00000232662,ENSG00000153498,ENSG00000269356,ENSG00000139835,ENSG00000185974,ENSG00000057593,ENSG00000232487,ENSG00000265450,ENSG00000068650,ENSG00000126231,ENSG00000276434,ENSG00000279770,ENSG00000237699,ENSG00000185896,ENSG00000277942,ENSG00000283347,ENSG00000186009,ENSG00000233695,ENSG00000184497,ENSG00000139842,ENSG00000229373,ENSG00000226158,ENSG00000231882,ENSG00000277159,ENSG00000264539,ENSG00000225083,ENSG00000126226,ENSG00000283828",ENSG00000057593,Liver eQTLs,train
20005840400092196-92196000006730,chr7,"7-44364526-G-A,7-44362545-C-T,7-44364667-G-A,7-44365549-C-T,7-44365863-C-T","ENSG00000239556,ENSG00000106624,ENSG00000106628,ENSG00000232956,ENSG00000260997,ENSG00000106603,ENSG00000106633,ENSG00000136279,ENSG00000272655,ENSG00000288746,ENSG00000122678,ENSG00000136274,ENSG00000122679,ENSG00000136271,ENSG00000196262,ENSG00000287574,ENSG00000237972,ENSG00000272768,ENSG00000206838,ENSG00000058404,ENSG00000136286,ENSG00000106631,ENSG00000106605,ENSG00000228434,ENSG00000062582,ENSG00000122515,ENSG00000105968,ENSG00000146677,ENSG00000164543,ENSG00000146676,ENSG00000289251,ENSG00000106608,ENSG00000201772,ENSG00000158604,ENSG00000136280,ENSG00000136206,ENSG00000235314,ENSG00000078967,ENSG00000015520,ENSG00000105953,ENSG00000228903,ENSG00000136270,ENSG00000241057,ENSG00000106636","ENSG00000206838,ENSG00000232956,ENSG00000106624,ENSG00000286738,ENSG00000158604,ENSG00000106608,ENSG00000136274,ENSG00000122515,ENSG00000106603,ENSG00000271586,ENSG00000146677,ENSG00000146676,ENSG00000234183,ENSG00000272655,ENSG00000196262,ENSG00000136206,ENSG00000122678,ENSG00000136280,ENSG00000106631,ENSG00000288746,ENSG00000106628,ENSG00000200456,ENSG00000275295,ENSG00000106636,ENSG00000164543,ENSG00000015520,ENSG00000078967,ENSG00000228903,ENSG00000287574,ENSG00000136270,ENSG00000228434,ENSG00000289251,ENSG00000136271,ENSG00000237972,ENSG00000252848,ENSG00000136279,ENSG00000283969,ENSG00000062582,ENSG00000228596,ENSG00000241057,ENSG00000058404,ENSG00000105968,ENSG00000229497,ENSG00000272768,ENSG00000106605,ENSG00000260997,ENSG00000106633,ENSG00000239556,ENSG00000122679,ENSG00000225443,ENSG00000235314,ENSG00000136286,ENSG00000201772,ENSG00000105953",ENSG00000058404,Liver eQTLs,train
20005912200092196-92196000002623,chr16,"16-2986323-T-C,16-2993814-C-T,16-2982341-C-A,16-2982547-G-C,16-2992114-T-C,16-2982183-A-G","ENSG00000260095,ENSG00000007038,ENSG00000140990,ENSG00000010539,ENSG00000261889,ENSG00000262899,ENSG00000262312,ENSG00000172382,ENSG00000184207,ENSG00000131653,ENSG00000167969,ENSG00000213937,ENSG00000162086,ENSG00000140986,ENSG00000167984,ENSG00000008517,ENSG00000008710,ENSG00000260778,ENSG00000122386,ENSG00000172460,ENSG00000162076,ENSG00000274367,ENSG00000167977,ENSG00000008516,ENSG00000065057,ENSG00000262362,ENSG00000279520,ENSG00000205918,ENSG00000127564,ENSG00000279568,ENSG00000279031,ENSG00000162068,ENSG00000005339,ENSG00000127554,ENSG00000205937,ENSG00000162078,ENSG00000183751,ENSG00000255513,ENSG00000140987,ENSG00000276791,ENSG00000279330,ENSG00000188827,ENSG00000182685,ENSG00000259933,ENSG00000167968,ENSG00000281005,ENSG00000261123,ENSG00000006194,ENSG00000261790,ENSG00000261971,ENSG00000179580,ENSG00000260565,ENSG00000263280,ENSG00000279162,ENSG00000162065,ENSG00000261663,ENSG00000059122,ENSG00000126602,ENSG00000162073,ENSG00000205913,ENSG00000122390,ENSG00000260260,ENSG00000140993,ENSG00000103197,ENSG00000167972,ENSG00000140988,ENSG00000085644,ENSG00000263235,ENSG00000262482,ENSG00000127561,ENSG00000289281,ENSG00000140992,ENSG00000162062,ENSG00000103313,ENSG00000255198,ENSG00000167965,ENSG00000167978,ENSG00000006327,ENSG00000207405,ENSG00000167962,ENSG00000131652,ENSG00000259895,ENSG00000162063,ENSG00000167967,ENSG00000183971,ENSG00000065054,ENSG00000280402,ENSG00000213918,ENSG00000198736,ENSG00000215154,ENSG00000262370,ENSG00000162066,ENSG00000260293,ENSG00000263072,ENSG00000261613,ENSG00000167964,ENSG00000103343,ENSG00000185883,ENSG00000103145,ENSG00000005001,ENSG00000103363,ENSG00000162069,ENSG00000167981,ENSG00000103351,ENSG00000228146,ENSG00000205890","ENSG00000228146,ENSG00000260565,ENSG00000162076,ENSG00000103197,ENSG00000059122,ENSG00000167977,ENSG00000266232,ENSG00000279901,ENSG00000168124,ENSG00000183971,ENSG00000279568,ENSG00000205913,ENSG00000285970,ENSG00000259780,ENSG00000065057,ENSG00000162062,ENSG00000262516,ENSG00000172460,ENSG00000205918,ENSG00000262362,ENSG00000279162,ENSG00000213918,ENSG00000140990,ENSG00000103313,ENSG00000200204,ENSG00000065054,ENSG00000198736,ENSG00000213937,ENSG00000274367,ENSG00000010539,ENSG00000280402,ENSG00000005339,ENSG00000103355,ENSG00000006327,ENSG00000167978,ENSG00000162073,ENSG00000140987,ENSG00000167972,ENSG00000255198,ENSG00000167981,ENSG00000005001,ENSG00000261613,ENSG00000221719,ENSG00000259933,ENSG00000262521,ENSG00000262316,ENSG00000085644,ENSG00000162068,ENSG00000007038,ENSG00000279330,ENSG00000259895,ENSG00000127554,ENSG00000140988,ENSG00000261889,ENSG00000167968,ENSG00000162086,ENSG00000103363,ENSG00000261240,ENSG00000264397,ENSG00000162069,ENSG00000215148,ENSG00000276791,ENSG00000140992,ENSG00000260260,ENSG00000281005,ENSG00000162066,ENSG00000122390,ENSG00000263325,ENSG00000203581,ENSG00000185883,ENSG00000006194,ENSG00000261790,ENSG00000140986,ENSG00000167965,ENSG00000262899,ENSG00000167984,ENSG00000263072,ENSG00000008517,ENSG00000263235,ENSG00000162065,ENSG00000126602,ENSG00000265867,ENSG00000205937,ENSG00000262959,ENSG00000127564,ENSG00000260778,ENSG00000279520,ENSG00000167969,ENSG00000103343,ENSG00000255513,ENSG00000289281,ENSG00000131652,ENSG00000167967,ENSG00000167964,ENSG00000183751,ENSG00000140993,ENSG00000283180,ENSG00000285329,ENSG00000008710,ENSG00000263177,ENSG00000122386,ENSG00000215131,ENSG00000221656,ENSG00000264004,ENSG00000262370,ENSG00000179580,ENSG00000188827,ENSG00000266643,ENSG00000182685,ENSG00000262482,ENSG00000261123,ENSG00000162078,ENSG00000274805,ENSG00000276754,ENSG00000240311,ENSG00000260436,ENSG00000162063,ENSG00000262154,ENSG00000279031,ENSG00000008516,ENSG00000207405,ENSG00000260095,ENSG00000261663,ENSG00000167962,ENSG00000262312,ENSG00000200059,ENSG00000261971,ENSG00000205890,ENSG00000263280,ENSG00000260293,ENSG00000184207,ENSG00000172382,ENSG00000127561,ENSG00000131653,ENSG00000103145,ENSG00000215154,ENSG00000103351,ENSG00000261288,ENSG00000284008",ENSG00000059122,Liver eQTLs,train
20005957300092196-92196000001066,chr10,"10-97444603-C-T,10-97421274-G-A,10-97423708-C-A,10-97425330-A-C,10-97426086-A-G,10-97428401-TC-T,10-97432696-C-T,10-97440572-G-C,10-97440812-C-T,10-97623305-G-A,10-97533776-T-C,10-97591297-T-C,10-97463471-A-G,10-97466129-CT-C,10-97470270-TTAG-T,10-97477846-C-G,10-97490923-G-C,10-97491670-C-T,10-97491715-T-C,10-97498853-A-G,10-97502597-A-G,10-97504927-T-A,10-97506103-A-G,10-97506705-C-T,10-97507473-T-C,10-97511949-A-G,10-97511965-C-T,10-97513362-A-C,10-97514188-C-T,10-97524596-C-T,10-97534897-G-T,10-97537612-G-A,10-97539737-G-A,10-97552970-T-G,10-97563007-G-A,10-97568570-T-A,10-97571917-TAA-T,10-97577746-A-T,10-97579221-G-A,10-97584023-A-C,10-97595696-T-G,10-97600919-G-A,10-97604651-A-T,10-97606224-A-C,10-97608422-G-A,10-97612001-A-C,10-97613603-G-A,10-97615537-C-A,10-97616042-A-T,10-97641372-T-TA,10-97505278-C-T,10-97560546-C-T,10-97607165-G-A,10-97569568-C-G,10-97454889-G-A,10-97621266-G-A,10-97623256-A-G,10-97625099-G-A,10-97631492-T-A,10-97632808-A-C,10-97527087-A-G,10-97569232-C-T,10-97654549-GGGAAA-G,10-97442995-A-G,10-97569339-C-CA,10-97655958-C-CT,10-97649445-A-G,10-97650740-A-G,10-97594679-CA-C,10-97605731-CAG-C,10-97652338-G-A,10-97417174-G-A,10-97465251-G-T,10-97643951-T-A,10-97646022-C-G,10-97469118-AT-A,10-97414090-T-A,10-97411206-G-A,10-97411680-A-G,10-97368696-G-A,10-97370989-T-A,10-97392265-C-T,10-97395962-T-C,10-97366107-A-G,10-97367510-G-A,10-97369093-C-T,10-97371327-C-G,10-97376115-G-A,10-97376741-C-T,10-97376980-G-A,10-97379226-C-T,10-97390195-C-T,10-97390341-AC-A,10-97390533-G-T,10-97391223-C-T,10-97396470-A-C,10-97397344-T-C,10-97397586-C-T,10-97388579-C-T,10-97407738-T-G,10-97365627-C-T,10-97365820-G-A,10-97415455-G-A,10-97650509-T-G,10-97408603-A-C,10-97365163-G-A,10-97365458-T-C,10-97396103-T-A,10-97383701-G-A,10-97375171-T-C,10-97364464-A-AG","ENSG00000095637,ENSG00000227032,ENSG00000138115,ENSG00000188649,ENSG00000138109,ENSG00000077147,ENSG00000287009,ENSG00000165841,ENSG00000230338,ENSG00000095585,ENSG00000107438,ENSG00000177853,ENSG00000235199,ENSG00000233377,ENSG00000235677,ENSG00000059573,ENSG00000107443,ENSG00000138185","ENSG00000234855,ENSG00000138185,ENSG00000277308,ENSG00000095585,ENSG00000231970,ENSG00000287009,ENSG00000233377,ENSG00000286683,ENSG00000107443,ENSG00000278752,ENSG00000227356,ENSG00000227032,ENSG00000235199,ENSG00000232875,ENSG00000264610,ENSG00000177853,ENSG00000059573,ENSG00000095637,ENSG00000235677,ENSG00000138109,ENSG00000077147,ENSG00000231508,ENSG00000231398,ENSG00000165841,ENSG00000230338,ENSG00000207287,ENSG00000202047,ENSG00000138115,ENSG00000107438,ENSG00000284415,ENSG00000207976,ENSG00000188649,ENSG00000200737",ENSG00000059573,Liver eQTLs,train
20006006900092196-92196000003409,chr18,"18-77491280-C-T,18-77491380-A-G,18-77491454-G-A,18-77493028-G-A,18-77493053-G-A,18-77455690-C-T,18-77494078-G-C,18-77494328-A-C,18-77455871-C-T,18-77481980-C-G,18-77441822-C-G,18-77446446-T-A,18-77452399-G-C,18-77452439-T-C,18-77503036-C-T,18-77457324-G-A,18-77481429-T-A,18-77443046-C-T,18-77449074-A-G,18-77449344-C-T,18-77451432-C-T,18-77441355-T-G,18-77450637-A-G,18-77439532-T-C,18-77443935-C-T,18-77448041-T-C,18-77440128-T-G","ENSG00000178184,ENSG00000131196,ENSG00000278000,ENSG00000267655,ENSG00000122490,ENSG00000226742,ENSG00000178342,ENSG00000141759,ENSG00000060069,ENSG00000261126,ENSG00000278075,ENSG00000101546,ENSG00000267270,ENSG00000267251,ENSG00000101544,ENSG00000286186,ENSG00000166377","ENSG00000199392,ENSG00000266312,ENSG00000060069,ENSG00000286727,ENSG00000131196,ENSG00000266213,ENSG00000178342,ENSG00000265626,ENSG00000101546,ENSG00000122490,ENSG00000166573,ENSG00000264015,ENSG00000252260,ENSG00000286186,ENSG00000278075,ENSG00000265844,ENSG00000265261,ENSG00000265843,ENSG00000265934,ENSG00000267251,ENSG00000141759,ENSG00000244229,ENSG00000199728,ENSG00000265836,ENSG00000166377,ENSG00000286090,ENSG00000271702,ENSG00000226742,ENSG00000275355,ENSG00000178184,ENSG00000267655,ENSG00000266844,ENSG00000278000,ENSG00000265644,ENSG00000264736,ENSG00000264334,ENSG00000261126,ENSG00000267270,ENSG00000264693,ENSG00000101544,ENSG00000252097,ENSG00000276397",ENSG00000060069,Liver eQTLs,train
20006411500092196-92196000001650,chr12,"12-27124528-GATTT-G,12-27103588-A-G","ENSG00000214700,ENSG00000165935,ENSG00000110841,ENSG00000234428,ENSG00000255968,ENSG00000123104,ENSG00000247903,ENSG00000152944,ENSG00000276261,ENSG00000061794,ENSG00000064115,ENSG00000275764,ENSG00000123096,ENSG00000123095,ENSG00000111790,ENSG00000256056,ENSG00000211455,ENSG00000288971,ENSG00000064102,ENSG00000174236,ENSG00000087448,ENSG00000029153","ENSG00000214700,ENSG00000087448,ENSG00000211455,ENSG00000255858,ENSG00000123096,ENSG00000255750,ENSG00000165935,ENSG00000029153,ENSG00000110841,ENSG00000174236,ENSG00000256640,ENSG00000064115,ENSG00000255968,ENSG00000256234,ENSG00000256056,ENSG00000288532,ENSG00000256377,ENSG00000288971,ENSG00000245311,ENSG00000212549,ENSG00000247903,ENSG00000064102,ENSG00000257042,ENSG00000252585,ENSG00000257037,ENSG00000123104,ENSG00000111790,ENSG00000256894,ENSG00000152944,ENSG00000274075,ENSG00000256557,ENSG00000123095,ENSG00000286752,ENSG00000256226,ENSG00000276261,ENSG00000256504,ENSG00000234428,ENSG00000256378,ENSG00000061794,ENSG00000275764,ENSG00000256747,ENSG00000201612,ENSG00000271418,ENSG00000278095",ENSG00000064115,Liver eQTLs,train
20006427000092196-92196000002848,chr16,"16-84404091-G-A,16-84411313-G-T,16-84408106-C-T,16-84408451-G-A,16-84407835-T-TA,16-84406060-G-C","ENSG00000140950,ENSG00000230989,ENSG00000064270,ENSG00000285848,ENSG00000140955,ENSG00000131149,ENSG00000274677,ENSG00000261286,ENSG00000154099,ENSG00000260018,ENSG00000135686,ENSG00000153786,ENSG00000278214,ENSG00000179219,ENSG00000103194,ENSG00000275088,ENSG00000103160,ENSG00000103175,ENSG00000103154,ENSG00000103150,ENSG00000140943,ENSG00000140961,ENSG00000103168,ENSG00000287787,ENSG00000135709,ENSG00000103187,ENSG00000260932,ENSG00000103196","ENSG00000103150,ENSG00000289551,ENSG00000261286,ENSG00000288554,ENSG00000103154,ENSG00000287946,ENSG00000285792,ENSG00000201361,ENSG00000260530,ENSG00000140950,ENSG00000285848,ENSG00000260858,ENSG00000135709,ENSG00000266307,ENSG00000260018,ENSG00000103194,ENSG00000274677,ENSG00000260410,ENSG00000140955,ENSG00000199350,ENSG00000166558,ENSG00000103160,ENSG00000260932,ENSG00000103187,ENSG00000103196,ENSG00000260788,ENSG00000168418,ENSG00000260859,ENSG00000261243,ENSG00000103168,ENSG00000278214,ENSG00000287787,ENSG00000259914,ENSG00000263785,ENSG00000140961,ENSG00000179219,ENSG00000260340,ENSG00000153786,ENSG00000131149,ENSG00000135686,ENSG00000275088,ENSG00000064270,ENSG00000154099,ENSG00000230989,ENSG00000103175,ENSG00000260504,ENSG00000140943",ENSG00000064270,Liver eQTLs,train
20006465500092196-92196000004553,chr20,"20-45659380-C-CA,20-45659550-G-C,20-45659651-CA-C,20-45666149-C-T,20-45661869-A-G,20-45663130-T-C,20-45660296-C-A,20-45662503-T-C,20-45663351-A-G,20-45653212-A-G,20-45655846-A-G,20-45658682-A-G,20-45659166-T-C,20-45653969-A-G,20-45655386-T-C,20-45655676-T-A,20-45656049-A-G,20-45656788-A-G,20-45658368-A-G,20-45658637-A-G,20-45659125-A-G,20-45659176-G-GGA,20-45654054-C-A,20-45667415-T-C,20-45659873-A-G,20-45660386-G-A,20-45665094-C-T","ENSG00000080189,ENSG00000197496,ENSG00000273828,ENSG00000196562,ENSG00000273451,ENSG00000101017,ENSG00000273893,ENSG00000124151,ENSG00000287335,ENSG00000198185,ENSG00000225849,ENSG00000231119,ENSG00000101040,ENSG00000158296,ENSG00000271784,ENSG00000064655,ENSG00000062598,ENSG00000124160,ENSG00000215452,ENSG00000255438,ENSG00000172315","ENSG00000196562,ENSG00000225849,ENSG00000198185,ENSG00000287335,ENSG00000276223,ENSG00000221046,ENSG00000201923,ENSG00000168703,ENSG00000226188,ENSG00000180083,ENSG00000283142,ENSG00000230860,ENSG00000101448,ENSG00000273451,ENSG00000062598,ENSG00000237464,ENSG00000233352,ENSG00000232880,ENSG00000101446,ENSG00000271784,ENSG00000266071,ENSG00000124160,ENSG00000168630,ENSG00000255438,ENSG00000182931,ENSG00000231119,ENSG00000149651,ENSG00000229900,ENSG00000124151,ENSG00000197496,ENSG00000064655,ENSG00000243995,ENSG00000124157,ENSG00000277051,ENSG00000101040,ENSG00000252021,ENSG00000158901,ENSG00000273555,ENSG00000158296,ENSG00000080189,ENSG00000180205,ENSG00000172315,ENSG00000149635,ENSG00000289172,ENSG00000124233,ENSG00000277708,ENSG00000168634,ENSG00000229957,ENSG00000180305,ENSG00000101017,ENSG00000273893,ENSG00000232135,ENSG00000175121,ENSG00000271984,ENSG00000215452,ENSG00000235525,ENSG00000243543,ENSG00000237068,ENSG00000273828",ENSG00000064655,Liver eQTLs,train
20006506000092196-92196000006346,chr6,"6-34697379-C-T,6-34754907-A-G,6-34721067-G-A,6-34611001-A-G,6-34718232-G-GA,6-34599738-T-TG,6-34745007-A-T,6-34564066-A-G,6-34755124-C-T,6-34755106-G-C,6-34758940-C-T,6-34722574-A-C,6-34736553-G-T,6-34749532-C-T,6-34563958-C-G,6-34563958-C-G,6-34579431-C-T,6-34564243-T-C,6-34566975-T-C,6-34577776-T-A,6-34578425-G-C,6-34743432-AAAAC-A,6-34605145-G-A,6-34660324-C-T,6-34667075-G-A,6-34669384-G-A,6-34670395-C-T,6-34670623-T-C,6-34670975-G-A,6-34673678-G-A,6-34673833-C-T,6-34679587-C-T,6-34679935-A-G,6-34681091-T-C,6-34688946-T-C,6-34692735-T-C,6-34693111-A-G,6-34693917-G-A,6-34602847-T-TCAG,6-34608480-C-T,6-34614822-G-GACA,6-34615443-A-G,6-34616654-T-A,6-34617144-A-G,6-34618516-T-C,6-34621171-T-C,6-34633862-C-T,6-34634353-G-A,6-34636268-C-T,6-34640686-T-C,6-34641415-G-C,6-34643179-A-G,6-34647978-G-A,6-34653268-T-C,6-34694779-C-T,6-34695081-C-T,6-34696792-T-C,6-34697767-A-G,6-34698970-T-G,6-34699049-T-C,6-34699109-C-T,6-34701176-GTAAACCC-G,6-34701981-C-CATTT,6-34702958-A-G,6-34703599-G-A,6-34703695-C-T,6-34704613-T-C,6-34705055-T-C,6-34705947-C-T,6-34706128-T-C,6-34706951-C-T,6-34708208-C-CAAG,6-34708850-G-A,6-34708908-C-T,6-34709796-A-ATAGT,6-34710327-C-G,6-34710934-G-A,6-34711590-AG-A,6-34712232-C-T,6-34712900-G-A,6-34713399-C-A,6-34713500-G-A,6-34714209-T-A,6-34715761-A-G,6-34716330-G-A,6-34722902-A-C,6-34727031-A-G,6-34728230-C-G,6-34729162-A-G,6-34737553-C-T,6-34739649-A-G,6-34741700-A-AT,6-34741917-A-G,6-34742248-T-C,6-34742450-A-G,6-34742990-G-A,6-34744134-A-G,6-34744349-T-C,6-34745703-A-G,6-34747603-C-T,6-34751265-T-C,6-34753339-T-C,6-34754141-G-A,6-34758716-A-T,6-34759954-A-G,6-34760325-T-C,6-34762123-T-TAAAA,6-34769101-T-C,6-34770181-A-G,6-34774725-T-C,6-34776361-C-T,6-34777149-T-A,6-34777531-T-G,6-34777791-A-G,6-34790624-T-C,6-34720324-T-C,6-34696700-T-G,6-34770820-A-G,6-34770820-A-G,6-34644775-TAA-T,6-34755309-TA-T,6-34720411-G-A,6-34705530-C-A,6-34796783-G-A,6-34646917-A-G,6-34799900-C-CT,6-34712838-C-T,6-34712998-A-G,6-34713138-C-T,6-34714322-A-G,6-34715297-C-T,6-34715395-A-T,6-34716028-A-G,6-34716605-C-G,6-34716985-A-C,6-34717083-C-T,6-34717085-G-A,6-34719793-C-T,6-34720211-A-G,6-34720322-A-G,6-34721041-T-C,6-34721128-G-A,6-34726136-T-A,6-34726361-A-G,6-34731225-G-A,6-34732145-T-C,6-34732514-G-A,6-34733362-T-C,6-34734239-G-A,6-34734809-T-A,6-34738203-T-C,6-34739726-T-G,6-34742449-C-T,6-34743617-CAT-C,6-34746151-G-A,6-34748728-C-T,6-34748730-C-T,6-34749008-G-T,6-34749113-A-G,6-34750728-T-C,6-34752010-A-C,6-34752351-A-G,6-34752678-A-G,6-34752963-C-G,6-34754858-G-A,6-34756761-A-G,6-34756909-T-C,6-34757256-G-T,6-34757810-A-G,6-34758627-G-A,6-34758640-C-T,6-34758703-A-T,6-34758824-C-T,6-34760162-G-C,6-34760228-C-T,6-34760736-T-C,6-34760956-C-G,6-34761684-A-G,6-34761809-A-C,6-34762004-TGA-T,6-34763900-G-C,6-34765118-G-T,6-34767396-A-C,6-34769410-T-G,6-34769580-G-A,6-34771892-C-G,6-34772212-A-T,6-34772793-G-A,6-34774414-C-G,6-34776626-T-C,6-34776910-A-C,6-34777031-G-A,6-34778486-T-G,6-34787976-A-C,6-34791027-A-G,6-34792262-A-G,6-34581055-G-A,6-34597513-T-C,6-34549699-A-G,6-34549810-T-C,6-34551086-C-T,6-34551334-A-C,6-34717783-T-G,6-34736530-CA-C,6-34726838-G-A,6-34744014-A-G,6-34744014-A-G,6-34720317-A-G,6-34702689-C-G,6-34832661-T-C,6-34784371-T-C,6-34794434-T-C,6-34795685-A-T,6-34797747-G-A,6-34799130-T-C,6-34800329-T-C,6-34801160-T-C,6-34811199-C-G,6-34811689-G-GC,6-34812054-T-C,6-34819366-G-A,6-34820555-TA-T,6-34831369-G-A,6-34831866-G-A,6-34567694-T-C,6-34644276-T-G,6-34788612-A-G,6-34693060-A-AT,6-34797756-G-T,6-34793768-G-A,6-34791334-C-T,6-34760583-T-C,6-34765584-G-A,6-34668635-C-T,6-34822176-T-G,6-34824636-A-G,6-34779801-C-A,6-34780315-G-T,6-34784104-G-T,6-34784165-TGAGCC-T,6-34784292-AT-A,6-34784667-C-G,6-34786305-C-T,6-34786408-A-G,6-34794961-G-A,6-34798098-A-G,6-34798265-T-G,6-34799221-T-A,6-34799308-T-G,6-34800896-A-G,6-34801631-A-G,6-34802301-C-T,6-34803558-C-G,6-34807115-CTCTT-C,6-34827693-A-T,6-34831280-C-T,6-34719628-C-G,6-34722659-G-A,6-34729848-A-G,6-34797033-C-G,6-34780105-T-TA,6-34550657-A-C,6-34830162-A-T,6-34810172-T-C,6-34810739-A-G,6-34813077-C-G,6-34803947-C-T,6-34553048-A-G,6-34759881-A-G,6-34651180-T-C,6-34690778-C-A,6-34663487-A-T,6-34618356-T-C,6-34739875-A-G,6-34731686-A-G,6-34745682-G-A,6-34761700-CAA-C,6-34656722-A-G,6-34644261-G-A,6-34644261-G-A,6-34580221-C-T,6-34570070-C-T,6-34570094-C-T,6-34571195-G-A,6-34572028-A-C,6-34573213-C-T,6-34575426-CA-C,6-34576237-G-A,6-34600459-AT-A,6-34661449-A-T,6-34759884-G-C,6-34655000-C-T,6-34658080-A-C,6-34595543-T-C,6-34793124-G-A,6-34589638-C-CA,6-34589638-C-CA","ENSG00000272325,ENSG00000137309,ENSG00000186577,ENSG00000065060,ENSG00000146197,ENSG00000124507,ENSG00000225339,ENSG00000272288,ENSG00000287458,ENSG00000233183,ENSG00000124614,ENSG00000112033,ENSG00000096060,ENSG00000124678,ENSG00000064999,ENSG00000289456,ENSG00000124664,ENSG00000065029,ENSG00000007866,ENSG00000161904,ENSG00000064995,ENSG00000219023,ENSG00000272374,ENSG00000198755,ENSG00000023892,ENSG00000196821,ENSG00000112039,ENSG00000217130,ENSG00000161896","ENSG00000221697,ENSG00000064995,ENSG00000196821,ENSG00000112033,ENSG00000096395,ENSG00000272288,ENSG00000273870,ENSG00000276712,ENSG00000124678,ENSG00000124614,ENSG00000220583,ENSG00000287089,ENSG00000217130,ENSG00000096060,ENSG00000065029,ENSG00000271231,ENSG00000124664,ENSG00000186577,ENSG00000161904,ENSG00000186328,ENSG00000272374,ENSG00000289456,ENSG00000276404,ENSG00000272325,ENSG00000227154,ENSG00000271362,ENSG00000198755,ENSG00000270800,ENSG00000217004,ENSG00000287458,ENSG00000065060,ENSG00000265527,ENSG00000228559,ENSG00000219023,ENSG00000124507,ENSG00000161896,ENSG00000112039,ENSG00000137309,ENSG00000220643,ENSG00000216636,ENSG00000064999,ENSG00000214810,ENSG00000233183,ENSG00000218749,ENSG00000206717,ENSG00000288879,ENSG00000146197,ENSG00000007866,ENSG00000023892,ENSG00000276824,ENSG00000265123,ENSG00000225339",ENSG00000065060,Liver eQTLs,train
20006526800092196-92196000003929,chr19,"19-985207-T-C,19-984554-C-G,19-985815-T-G,19-986252-C-G,19-986515-C-T,19-987101-G-A,19-988261-C-T,19-988072-C-T,19-988165-T-C,19-988175-T-C,19-988221-C-T,19-988336-G-A,19-988150-C-CGT,19-988019-G-A,19-987898-A-G,19-987920-A-G,19-988906-C-T,19-984578-T-G,19-996437-C-T,19-984231-G-A,19-984533-T-C,19-990702-C-T,19-996549-G-A,19-990819-G-A,19-990394-T-C,19-992903-C-T,19-998617-C-T,19-998686-C-T,19-998999-G-C,19-999080-A-G,19-999105-G-A,19-999454-T-C,19-999582-A-G,19-999673-A-C,19-997224-T-G,19-989020-C-T","ENSG00000167468,ENSG00000099617,ENSG00000196415,ENSG00000197766,ENSG00000282508,ENSG00000267244,ENSG00000070388,ENSG00000228300,ENSG00000181781,ENSG00000099625,ENSG00000071655,ENSG00000261526,ENSG00000185988,ENSG00000185198,ENSG00000181588,ENSG00000175221,ENSG00000160953,ENSG00000115268,ENSG00000227500,ENSG00000267317,ENSG00000268798,ENSG00000118046,ENSG00000115266,ENSG00000267530,ENSG00000267751,ENSG00000183186,ENSG00000167470,ENSG00000065268,ENSG00000116017,ENSG00000267493,ENSG00000099624,ENSG00000099812,ENSG00000172270,ENSG00000115286,ENSG00000099864,ENSG00000213638,ENSG00000099822,ENSG00000129968,ENSG00000116032,ENSG00000070404,ENSG00000141933,ENSG00000071626,ENSG00000288704,ENSG00000197540,ENSG00000266933,ENSG00000130270,ENSG00000185761,ENSG00000011304,ENSG00000267372,ENSG00000115257,ENSG00000115255,ENSG00000282458,ENSG00000079313,ENSG00000064932,ENSG00000182087,ENSG00000099622,ENSG00000130005,ENSG00000071564,ENSG00000099817,ENSG00000064687,ENSG00000133275,ENSG00000261204,ENSG00000099804,ENSG00000248015,ENSG00000280486,ENSG00000070423,ENSG00000141934,ENSG00000197561,ENSG00000267666,ENSG00000105556,ENSG00000127540,ENSG00000129911,ENSG00000180448,ENSG00000198858,ENSG00000172232,ENSG00000129946,ENSG00000279488,ENSG00000099821,ENSG00000064666,ENSG00000099866,ENSG00000119559","ENSG00000129911,ENSG00000099804,ENSG00000182087,ENSG00000274177,ENSG00000252933,ENSG00000267310,ENSG00000115286,ENSG00000279488,ENSG00000115255,ENSG00000099622,ENSG00000116032,ENSG00000198858,ENSG00000196415,ENSG00000099817,ENSG00000167468,ENSG00000181781,ENSG00000183186,ENSG00000070388,ENSG00000267443,ENSG00000115266,ENSG00000175221,ENSG00000065268,ENSG00000119559,ENSG00000079313,ENSG00000176695,ENSG00000160953,ENSG00000105549,ENSG00000281379,ENSG00000141934,ENSG00000116017,ENSG00000282059,ENSG00000267244,ENSG00000115268,ENSG00000282508,ENSG00000172232,ENSG00000070404,ENSG00000280486,ENSG00000099617,ENSG00000099624,ENSG00000099812,ENSG00000099864,ENSG00000282807,ENSG00000071655,ENSG00000118046,ENSG00000267317,ENSG00000268798,ENSG00000130270,ENSG00000129946,ENSG00000133275,ENSG00000286667,ENSG00000282137,ENSG00000141933,ENSG00000267159,ENSG00000227500,ENSG00000267530,ENSG00000267036,ENSG00000213638,ENSG00000172270,ENSG00000267073,ENSG00000167470,ENSG00000284361,ENSG00000288704,ENSG00000180448,ENSG00000267666,ENSG00000197540,ENSG00000115257,ENSG00000267792,ENSG00000282542,ENSG00000267372,ENSG00000252539,ENSG00000282458,ENSG00000261204,ENSG00000266990,ENSG00000130005,ENSG00000185761,ENSG00000267751,ENSG00000127540,ENSG00000070423,ENSG00000239367,ENSG00000064932,ENSG00000071626,ENSG00000282416,ENSG00000197561,ENSG00000222329,ENSG00000267493,ENSG00000248015,ENSG00000099822,ENSG00000185198,ENSG00000181588,ENSG00000261526,ENSG00000282798,ENSG00000275162,ENSG00000267778,ENSG00000282535,ENSG00000240846,ENSG00000185988,ENSG00000213726,ENSG00000282591,ENSG00000099866,ENSG00000071564,ENSG00000266971,ENSG00000099625,ENSG00000267125,ENSG00000064687,ENSG00000228300,ENSG00000284216,ENSG00000197766,ENSG00000275642,ENSG00000207507,ENSG00000129968,ENSG00000099821,ENSG00000064666,ENSG00000266933,ENSG00000011304,ENSG00000105556",ENSG00000065268,Liver eQTLs,train
20006532000092196-92196000003310,chr17,"17-8984022-G-A,17-8985510-G-T,17-8986397-G-A,17-8993133-T-C,17-9015755-C-T,17-9002231-A-C,17-9001204-G-A,17-9012355-G-A,17-9017912-A-T,17-9018382-CG-C,17-9013430-A-G,17-9013501-C-T,17-8978841-A-T,17-9012210-T-C,17-9016631-A-G,17-9016676-A-C,17-9017168-G-A,17-9017926-T-C,17-9019184-G-T,17-9015456-A-G","ENSG00000269947,ENSG00000166579,ENSG00000178971,ENSG00000065325,ENSG00000178977,ENSG00000196544,ENSG00000178921,ENSG00000170310,ENSG00000065320,ENSG00000265749,ENSG00000179094,ENSG00000178999,ENSG00000220205,ENSG00000166596,ENSG00000133026,ENSG00000141506,ENSG00000108961,ENSG00000183318,ENSG00000161973,ENSG00000271851,ENSG00000179029,ENSG00000184619,ENSG00000125434,ENSG00000161970,ENSG00000198844,ENSG00000276231,ENSG00000154914","ENSG00000170310,ENSG00000133026,ENSG00000263708,ENSG00000179094,ENSG00000262296,ENSG00000244604,ENSG00000252363,ENSG00000212206,ENSG00000265593,ENSG00000154914,ENSG00000275011,ENSG00000269947,ENSG00000108961,ENSG00000141506,ENSG00000241654,ENSG00000161973,ENSG00000283160,ENSG00000178999,ENSG00000166579,ENSG00000184650,ENSG00000276231,ENSG00000271851,ENSG00000178921,ENSG00000179029,ENSG00000288993,ENSG00000065325,ENSG00000266279,ENSG00000271029,ENSG00000178977,ENSG00000283025,ENSG00000262815,ENSG00000065320,ENSG00000271002,ENSG00000178971,ENSG00000125434,ENSG00000184619,ENSG00000166596,ENSG00000263051,ENSG00000198844,ENSG00000264005,ENSG00000282882,ENSG00000161970,ENSG00000225751,ENSG00000196544,ENSG00000263427,ENSG00000265749,ENSG00000220205,ENSG00000273816,ENSG00000266389,ENSG00000183318,ENSG00000214978",ENSG00000065320,Liver eQTLs,train
20006545700092196-92196000002803,chr16,"16-75647536-G-C,16-75651674-T-C,16-75557622-T-C,16-75594918-T-C,16-75680507-T-G,16-75593932-A-G,16-75586244-C-G,16-75640362-T-C,16-75596940-C-G,16-75557667-C-G,16-75561709-C-T,16-75557266-T-C,16-75675120-G-GA,16-75584740-A-G,16-75585544-T-TATC,16-75586863-G-A,16-75557021-C-CTT,16-75556838-G-A,16-75635852-C-T,16-75634605-C-CACA,16-75565420-A-G,16-75565896-G-C,16-75571249-C-T,16-75672864-A-G,16-75665019-A-G,16-75603925-T-G,16-75581822-G-T,16-75697645-A-G","ENSG00000261783,ENSG00000205084,ENSG00000280152,ENSG00000152910,ENSG00000168928,ENSG00000168404,ENSG00000166822,ENSG00000261058,ENSG00000065457,ENSG00000103091,ENSG00000153774,ENSG00000166848,ENSG00000240338,ENSG00000103089,ENSG00000184517,ENSG00000166816,ENSG00000034713,ENSG00000168411,ENSG00000274220,ENSG00000186187,ENSG00000276523,ENSG00000168925,ENSG00000050820,ENSG00000065427,ENSG00000262583","ENSG00000103089,ENSG00000286841,ENSG00000250514,ENSG00000284484,ENSG00000166822,ENSG00000186187,ENSG00000050820,ENSG00000168928,ENSG00000168404,ENSG00000252022,ENSG00000261313,ENSG00000274220,ENSG00000065457,ENSG00000252101,ENSG00000280152,ENSG00000034713,ENSG00000252122,ENSG00000153774,ENSG00000168925,ENSG00000261458,ENSG00000259999,ENSG00000166816,ENSG00000261058,ENSG00000213318,ENSG00000261424,ENSG00000240199,ENSG00000152910,ENSG00000273659,ENSG00000276408,ENSG00000273971,ENSG00000205084,ENSG00000065427,ENSG00000262904,ENSG00000240338,ENSG00000260983,ENSG00000261783,ENSG00000168411,ENSG00000287194,ENSG00000282757,ENSG00000184517,ENSG00000260223,ENSG00000199299,ENSG00000276523,ENSG00000252814,ENSG00000244485,ENSG00000103091,ENSG00000283755,ENSG00000166848,ENSG00000262583",ENSG00000065457,Liver eQTLs,train
20006562100092196-92196000000761,chr10,"10-106046403-A-G,10-106048294-C-G,10-106045962-GT-G,10-106039185-A-G,10-106039303-A-G,10-106033439-T-C,10-106053321-A-ATTTTTTTT,10-106035313-C-G,10-106055963-C-A,10-106053641-A-G,10-106055024-C-T,10-106073566-T-C,10-106013445-G-A,10-106050315-T-C,10-106042502-G-T,10-106046768-T-C,10-106043132-C-T,10-106065999-CTT-C,10-106076414-A-G,10-106061169-C-T,10-106071001-A-G,10-106067978-G-A,10-106032213-T-C,10-106033504-A-G,10-106034491-A-G,10-106039780-C-T,10-106038347-T-C,10-106066436-C-T","ENSG00000107954,ENSG00000107960,ENSG00000065618,ENSG00000107957,ENSG00000148835,ENSG00000065621,ENSG00000197748,ENSG00000287419,ENSG00000120051,ENSG00000156374,ENSG00000148841,ENSG00000173915,ENSG00000148843,ENSG00000231233,ENSG00000273108,ENSG00000138172,ENSG00000156384,ENSG00000148834,ENSG00000065613","ENSG00000200626,ENSG00000287419,ENSG00000233477,ENSG00000065621,ENSG00000120051,ENSG00000229466,ENSG00000213260,ENSG00000287732,ENSG00000231233,ENSG00000287047,ENSG00000065618,ENSG00000148841,ENSG00000156374,ENSG00000207068,ENSG00000107960,ENSG00000138172,ENSG00000148834,ENSG00000107954,ENSG00000173915,ENSG00000286609,ENSG00000215002,ENSG00000107957,ENSG00000065613,ENSG00000148843,ENSG00000148835,ENSG00000273108,ENSG00000156384,ENSG00000197748",ENSG00000065621,Liver eQTLs,train
20006692600092196-92196000003384,chr18,18-55238820-A-G,"ENSG00000066926,ENSG00000091157,ENSG00000049759,ENSG00000267787,ENSG00000267391,ENSG00000177511,ENSG00000267040,ENSG00000267675,ENSG00000278703,ENSG00000119547,ENSG00000091164,ENSG00000267726,ENSG00000277837,ENSG00000081923,ENSG00000267257,ENSG00000134440","ENSG00000242320,ENSG00000287248,ENSG00000267311,ENSG00000267712,ENSG00000134440,ENSG00000267013,ENSG00000267726,ENSG00000267257,ENSG00000206129,ENSG00000267524,ENSG00000049759,ENSG00000287944,ENSG00000267327,ENSG00000267787,ENSG00000174448,ENSG00000264564,ENSG00000081923,ENSG00000267284,ENSG00000177511,ENSG00000267732,ENSG00000119547,ENSG00000267172,ENSG00000091157,ENSG00000252437,ENSG00000267112,ENSG00000267675,ENSG00000267428,ENSG00000267647,ENSG00000267399,ENSG00000201816,ENSG00000091164,ENSG00000267057,ENSG00000283613,ENSG00000267040,ENSG00000264571,ENSG00000178690,ENSG00000288484,ENSG00000267402,ENSG00000267391,ENSG00000267028,ENSG00000066926,ENSG00000277837,ENSG00000260930,ENSG00000278703",ENSG00000066926,Liver eQTLs,train
20006736500092196-92196000002861,chr16,"16-8716624-C-T,16-8714505-G-C,16-8715388-G-GCCACCCATATGCGGAGATGACC,16-8715509-C-T,16-8716036-C-T,16-8716041-G-T,16-8716107-A-C,16-8716498-A-G,16-8714620-A-G,16-8714742-T-C,16-8714753-G-C,16-8714774-T-C,16-8715072-A-C,16-8715243-A-G,16-8715287-C-A,16-8714162-A-C,16-8715196-T-TAAATAAAC,16-8713522-G-A,16-8713821-A-G,16-8713376-G-A,16-8713325-T-G,16-8712983-G-A,16-8709168-T-C,16-8709405-C-A,16-8709447-TA-T,16-8709711-A-G,16-8709884-C-T,16-8710085-A-G,16-8710285-G-A,16-8710330-G-A,16-8710540-T-C,16-8710592-A-C,16-8710653-G-C,16-8710756-AAAAT-A,16-8710967-G-A,16-8711175-A-G,16-8711223-T-G,16-8711258-G-A,16-8711290-T-G,16-8711548-T-C,16-8711668-A-C,16-8711683-C-T,16-8711726-T-G,16-8711731-C-T,16-8711920-G-T,16-8711942-T-C,16-8711984-T-C,16-8712015-G-T,16-8712196-A-ATTTTGTT,16-8712407-T-A,16-8712576-A-G,16-8712663-A-G,16-8712699-G-A","ENSG00000187555,ENSG00000261481,ENSG00000279357,ENSG00000183044,ENSG00000182831,ENSG00000283003,ENSG00000067365,ENSG00000184857,ENSG00000261617,ENSG00000153048,ENSG00000140650","ENSG00000140650,ENSG00000261066,ENSG00000261397,ENSG00000182831,ENSG00000187555,ENSG00000287522,ENSG00000260764,ENSG00000260379,ENSG00000067365,ENSG00000279357,ENSG00000153048,ENSG00000261075,ENSG00000232258,ENSG00000261617,ENSG00000260003,ENSG00000283003,ENSG00000183044,ENSG00000260058,ENSG00000260289,ENSG00000200468,ENSG00000243954,ENSG00000261392,ENSG00000261319,ENSG00000260350,ENSG00000259819,ENSG00000252138,ENSG00000184857,ENSG00000283516,ENSG00000261481,ENSG00000238417",ENSG00000067365,Liver eQTLs,train
20006890300092196-92196000003623,chr19,"19-39397633-G-A,19-39400504-A-G,19-39391646-GT-G,19-39391817-T-C,19-39391547-A-G,19-39394271-C-G,19-39395389-CTTGT-C,19-39400495-C-T,19-39411327-G-A,19-39409236-C-A,19-39408086-T-C,19-39408360-A-G,19-39408688-C-G,19-39414613-C-CA,19-39400175-C-G,19-39396300-C-G,19-39414109-A-G,19-39414834-A-G,19-39413383-A-G,19-39413710-A-AT,19-39417440-G-A,19-39417652-T-C,19-39435485-G-A,19-39437270-G-A,19-39437534-T-C,19-39437560-A-G,19-39421388-A-G,19-39435288-CCTGT-C,19-39432413-T-G,19-39432783-T-C,19-39433299-A-G,19-39433497-GT-G,19-39433499-T-G,19-39423953-G-A,19-39424109-T-C,19-39424653-T-C,19-39429934-C-T","ENSG00000176401,ENSG00000176396,ENSG00000179168,ENSG00000128016,ENSG00000167642,ENSG00000167641,ENSG00000105193,ENSG00000276445,ENSG00000105202,ENSG00000262484,ENSG00000171747,ENSG00000178982,ENSG00000130402,ENSG00000104824,ENSG00000179134,ENSG00000178934,ENSG00000099338,ENSG00000068903,ENSG00000099337,ENSG00000188766,ENSG00000196235,ENSG00000105205,ENSG00000006712,ENSG00000161243,ENSG00000099341,ENSG00000269688,ENSG00000269653,ENSG00000105738,ENSG00000182472,ENSG00000268756,ENSG00000196218,ENSG00000269246,ENSG00000128011,ENSG00000269190,ENSG00000130669,ENSG00000287271,ENSG00000105204,ENSG00000167645,ENSG00000288770,ENSG00000288919,ENSG00000104823,ENSG00000104814,ENSG00000130244,ENSG00000104835,ENSG00000241983,ENSG00000188505,ENSG00000090924,ENSG00000130755,ENSG00000267892,ENSG00000171777,ENSG00000063322,ENSG00000105197,ENSG00000179751,ENSG00000128626","ENSG00000176401,ENSG00000130755,ENSG00000243581,ENSG00000240320,ENSG00000167645,ENSG00000269050,ENSG00000178982,ENSG00000197110,ENSG00000188766,ENSG00000278813,ENSG00000105202,ENSG00000105204,ENSG00000006659,ENSG00000287271,ENSG00000239320,ENSG00000269688,ENSG00000104823,ENSG00000182393,ENSG00000267992,ENSG00000179168,ENSG00000277759,ENSG00000063322,ENSG00000269296,ENSG00000104824,ENSG00000179751,ENSG00000128016,ENSG00000105205,ENSG00000268055,ENSG00000099337,ENSG00000128011,ENSG00000269584,ENSG00000267375,ENSG00000244253,ENSG00000068903,ENSG00000269172,ENSG00000213921,ENSG00000288770,ENSG00000104835,ENSG00000183709,ENSG00000267892,ENSG00000269445,ENSG00000130244,ENSG00000171747,ENSG00000179134,ENSG00000272395,ENSG00000268088,ENSG00000262484,ENSG00000196235,ENSG00000182472,ENSG00000130669,ENSG00000272311,ENSG00000105197,ENSG00000104814,ENSG00000167642,ENSG00000269519,ENSG00000268153,ENSG00000268756,ENSG00000241983,ENSG00000176396,ENSG00000188505,ENSG00000268510,ENSG00000105198,ENSG00000090924,ENSG00000206925,ENSG00000213926,ENSG00000267291,ENSG00000268243,ENSG00000249861,ENSG00000269792,ENSG00000196218,ENSG00000171777,ENSG00000269588,ENSG00000207281,ENSG00000130402,ENSG00000230086,ENSG00000167641,ENSG00000128626,ENSG00000105193,ENSG00000275652,ENSG00000178934,ENSG00000266559,ENSG00000099338,ENSG00000099341,ENSG00000207296,ENSG00000269653,ENSG00000269188,ENSG00000269246,ENSG00000206674,ENSG00000006712,ENSG00000276445,ENSG00000288919,ENSG00000161243,ENSG00000207631,ENSG00000269190,ENSG00000105738,ENSG00000186838",ENSG00000068903,Liver eQTLs,train
20007015900092196-92196000007218,chr9,"9-112243321-T-C,9-112244362-A-G,9-112298179-A-C,9-112241328-C-T,9-112241537-A-G,9-112241130-C-T,9-112241370-T-A","ENSG00000119326,ENSG00000070061,ENSG00000070159,ENSG00000095203,ENSG00000157654,ENSG00000106771,ENSG00000136810,ENSG00000188959,ENSG00000119328","ENSG00000200261,ENSG00000206907,ENSG00000237906,ENSG00000250068,ENSG00000284962,ENSG00000227531,ENSG00000188959,ENSG00000171133,ENSG00000230081,ENSG00000285076,ENSG00000243911,ENSG00000070159,ENSG00000106771,ENSG00000266315,ENSG00000284867,ENSG00000225513,ENSG00000070061,ENSG00000136810,ENSG00000222356,ENSG00000242256,ENSG00000199525,ENSG00000284763,ENSG00000119328,ENSG00000095203,ENSG00000222327,ENSG00000157654,ENSG00000285370,ENSG00000119326,ENSG00000223238,ENSG00000285115,ENSG00000274263",ENSG00000070159,Liver eQTLs,train
20007047600092196-92196000005043,chr3,"3-126192081-C-G,3-126170965-G-A,3-126179492-G-A,3-126184450-T-C,3-126181918-A-T,3-126194076-T-C,3-126183546-G-A,3-126184029-C-T,3-126185508-A-C,3-126189919-A-G,3-126190143-A-G,3-126192459-A-G,3-126192896-G-A,3-126192933-T-A,3-126181526-T-C,3-126185238-C-T,3-126187574-G-A,3-126167565-G-C,3-126173470-C-T,3-126174271-G-A,3-126175401-G-A,3-126181582-C-T,3-126185854-G-A,3-126186781-C-T,3-126187166-CA-C,3-126166911-G-C,3-126178390-A-C,3-126190604-T-A,3-126196004-C-G,3-126176112-G-A,3-126180121-C-T,3-126182920-C-T,3-126184941-C-T,3-126185855-C-T,3-126187965-G-C,3-126189000-C-A,3-126195883-G-GCC,3-126188937-G-A,3-126198649-T-C,3-126194880-T-C,3-126200403-A-C,3-126170695-T-G,3-126200146-A-T","ENSG00000163884,ENSG00000197763,ENSG00000248787,ENSG00000246022,ENSG00000250012,ENSG00000144909,ENSG00000114520,ENSG00000241288,ENSG00000279328,ENSG00000114547,ENSG00000189366,ENSG00000171084,ENSG00000252965,ENSG00000243429,ENSG00000180697,ENSG00000287440,ENSG00000248557,ENSG00000114544,ENSG00000287232,ENSG00000250218,ENSG00000144908,ENSG00000114554,ENSG00000250934,ENSG00000070476,ENSG00000180767,ENSG00000287617,ENSG00000251448,ENSG00000159650,ENSG00000159685","ENSG00000241439,ENSG00000144909,ENSG00000239432,ENSG00000114547,ENSG00000241346,ENSG00000114544,ENSG00000114554,ENSG00000163884,ENSG00000248787,ENSG00000242229,ENSG00000242001,ENSG00000229048,ENSG00000159685,ENSG00000250934,ENSG00000279328,ENSG00000249558,ENSG00000287232,ENSG00000239978,ENSG00000243508,ENSG00000284624,ENSG00000248557,ENSG00000252953,ENSG00000234458,ENSG00000252965,ENSG00000289324,ENSG00000272020,ENSG00000221737,ENSG00000248607,ENSG00000284660,ENSG00000201968,ENSG00000179170,ENSG00000248850,ENSG00000189366,ENSG00000180767,ENSG00000198284,ENSG00000228963,ENSG00000171084,ENSG00000250218,ENSG00000246022,ENSG00000287617,ENSG00000114520,ENSG00000241288,ENSG00000180697,ENSG00000197763,ENSG00000250012,ENSG00000070476,ENSG00000249833,ENSG00000280053,ENSG00000144908,ENSG00000251448,ENSG00000159650,ENSG00000201800,ENSG00000287440,ENSG00000243429,ENSG00000243072,ENSG00000272840",ENSG00000070476,Liver eQTLs,train
20007060100092196-92196000007402,chr9,"9-37706452-A-G,9-37712695-C-T,9-37715574-G-C,9-37716237-C-A,9-37716242-G-A,9-37700006-A-C,9-37708840-T-C,9-37715213-T-A,9-37710673-A-T,9-37694334-G-A,9-37696427-T-C,9-37696530-A-C,9-37696596-C-T,9-37697265-G-A,9-37697311-A-C,9-37686238-A-G,9-37689623-T-C,9-37728154-T-C,9-37724839-C-G,9-37728004-A-G,9-37719473-G-A,9-37709347-G-GT","ENSG00000107371,ENSG00000226055,ENSG00000204860,ENSG00000283162,ENSG00000137054,ENSG00000165275,ENSG00000225345,ENSG00000168795,ENSG00000147912,ENSG00000147905,ENSG00000137142,ENSG00000175768,ENSG00000137106,ENSG00000180071,ENSG00000070601,ENSG00000122741,ENSG00000230188,ENSG00000107338,ENSG00000213839,ENSG00000137124,ENSG00000234160,ENSG00000289295,ENSG00000273036,ENSG00000281649,ENSG00000122696","ENSG00000070601,ENSG00000228292,ENSG00000252725,ENSG00000232920,ENSG00000125385,ENSG00000107371,ENSG00000122741,ENSG00000234160,ENSG00000260100,ENSG00000137142,ENSG00000137054,ENSG00000187988,ENSG00000201287,ENSG00000200026,ENSG00000225345,ENSG00000233242,ENSG00000237557,ENSG00000200502,ENSG00000204860,ENSG00000137106,ENSG00000165275,ENSG00000147905,ENSG00000251745,ENSG00000281649,ENSG00000265368,ENSG00000287514,ENSG00000213839,ENSG00000284612,ENSG00000258885,ENSG00000215165,ENSG00000289295,ENSG00000122696,ENSG00000176007,ENSG00000230188,ENSG00000224648,ENSG00000225254,ENSG00000168795,ENSG00000107338,ENSG00000229511,ENSG00000223716,ENSG00000147912,ENSG00000226055,ENSG00000264922,ENSG00000288571,ENSG00000243085,ENSG00000206784,ENSG00000175768,ENSG00000283162,ENSG00000250850,ENSG00000273036,ENSG00000252723,ENSG00000137124,ENSG00000180071,ENSG00000266255",ENSG00000070601,Liver eQTLs,train
20007066900092196-92196000006885,chr7,"7-97590051-G-C,7-97589459-G-A,7-97580742-G-T,7-97580955-G-A,7-97581767-G-T,7-97584410-G-A,7-97585267-C-T,7-97585394-G-A,7-97589198-T-C,7-97602386-G-A,7-97600974-TACAC-T,7-97607945-G-A,7-97608517-A-C,7-97608880-G-A,7-97609008-A-G,7-97591505-T-A,7-97591558-G-A,7-97602621-T-C,7-97602721-A-T,7-97603503-G-A,7-97603769-A-G,7-97603885-C-A,7-97604652-A-C,7-97605310-G-A,7-97583305-T-C,7-97597713-C-CTT,7-97587414-A-T,7-97587425-T-TTAA,7-97593662-C-T,7-97593975-G-A,7-97595184-C-T,7-97595328-T-G,7-97595942-T-C,7-97596092-T-A,7-97597132-G-A,7-97597325-G-A,7-97597856-C-T,7-97598242-C-T,7-97599980-C-G,7-97595611-G-A,7-97581001-T-C,7-97581898-T-C,7-97582138-A-G,7-97582389-T-C,7-97584688-G-A,7-97587305-T-C,7-97587851-A-G,7-97605665-C-T,7-97608656-A-C,7-97608438-T-C,7-97609353-A-G,7-97602653-T-C,7-97604365-C-T,7-97594137-T-C,7-97594661-A-G,7-97594755-G-A,7-97595134-A-G,7-97596855-A-G,7-97597344-T-C,7-97599296-C-T,7-97599772-G-C,7-97595880-G-GA,7-97593206-T-C,7-97609588-A-T,7-97600785-T-C,7-97609740-G-A,7-97603935-GGT-G,7-97608133-G-A,7-97597322-G-C,7-97597754-G-A,7-97589480-G-A,7-97588647-C-T,7-97582709-G-A,7-97589854-G-A,7-97580800-G-A,7-97578832-CT-C,7-97579892-A-C,7-97571125-C-T,7-97570841-C-A","ENSG00000196367,ENSG00000196636,ENSG00000106236,ENSG00000180535,ENSG00000205356,ENSG00000272950,ENSG00000214389,ENSG00000006453,ENSG00000164715,ENSG00000070669,ENSG00000164713","ENSG00000277946,ENSG00000223402,ENSG00000266668,ENSG00000070669,ENSG00000226046,ENSG00000006377,ENSG00000244318,ENSG00000227284,ENSG00000213455,ENSG00000180535,ENSG00000205356,ENSG00000106236,ENSG00000224475,ENSG00000164713,ENSG00000231859,ENSG00000232097,ENSG00000232032,ENSG00000231764,ENSG00000135175,ENSG00000105880,ENSG00000006453,ENSG00000196636,ENSG00000226744,ENSG00000224551,ENSG00000266318,ENSG00000196367,ENSG00000214389,ENSG00000199475,ENSG00000164715,ENSG00000231812,ENSG00000272950",ENSG00000070669,Liver eQTLs,train
20007120500092196-92196000005433,chr4,"4-148980672-A-AT,4-148981406-G-A,4-148982559-G-A,4-148982278-C-T,4-148984082-G-C,4-148981178-C-CGA,4-148980174-C-T,4-148985104-T-C,4-148985906-A-G,4-148987061-C-T,4-148987187-G-A,4-148987295-T-G,4-148979700-T-C,4-148985720-T-C,4-148985862-T-C,4-148988399-C-G,4-148981496-G-C","ENSG00000164168,ENSG00000071205,ENSG00000164169,ENSG00000151617","ENSG00000201846,ENSG00000234828,ENSG00000287565,ENSG00000249317,ENSG00000164168,ENSG00000250252,ENSG00000250704,ENSG00000251418,ENSG00000249752,ENSG00000239168,ENSG00000207121,ENSG00000164169,ENSG00000250357,ENSG00000225176,ENSG00000250905,ENSG00000248210,ENSG00000279016,ENSG00000250354,ENSG00000251482,ENSG00000202331,ENSG00000071205,ENSG00000151617",ENSG00000071205,Liver eQTLs,train
20007283200092196-92196000005574,chr4,4-5715069-C-G,"ENSG00000109501,ENSG00000280310,ENSG00000179010,ENSG00000178988,ENSG00000286176,ENSG00000170846,ENSG00000170891,ENSG00000163132,ENSG00000163993,ENSG00000246526,ENSG00000072832,ENSG00000013288,ENSG00000251580","ENSG00000200761,ENSG00000288588,ENSG00000109501,ENSG00000178988,ENSG00000289414,ENSG00000246526,ENSG00000013288,ENSG00000251580,ENSG00000251408,ENSG00000287786,ENSG00000163993,ENSG00000163132,ENSG00000170846,ENSG00000251587,ENSG00000249896,ENSG00000170891,ENSG00000072832,ENSG00000179010,ENSG00000201496,ENSG00000280310,ENSG00000286176,ENSG00000273396,ENSG00000252266,ENSG00000279859,ENSG00000263631",ENSG00000072832,Liver eQTLs,train
20007295800092196-92196000003480,chr19,"19-16335160-C-T,19-16307243-G-A,19-16311070-G-A,19-16315727-C-T,19-16318334-A-G,19-16318781-C-T,19-16321073-A-G,19-16327031-C-T,19-16328388-C-T,19-16328682-C-T,19-16328991-G-A,19-16330355-C-T,19-16333920-T-C,19-16338274-C-T,19-16342344-G-A,19-16334024-G-A,19-16343814-G-A,19-16301100-C-T,19-16308200-G-A,19-16306846-G-A,19-16309616-C-CT,19-16303015-C-T,19-16309923-A-G,19-16357688-C-A","ENSG00000127526,ENSG00000269516,ENSG00000269399,ENSG00000105131,ENSG00000214046,ENSG00000280332,ENSG00000214049,ENSG00000099331,ENSG00000072954,ENSG00000011451,ENSG00000279529,ENSG00000186204,ENSG00000269243,ENSG00000267904,ENSG00000269044,ENSG00000186115,ENSG00000131351,ENSG00000171954,ENSG00000105058,ENSG00000072958,ENSG00000279748,ENSG00000267308,ENSG00000085872,ENSG00000267056,ENSG00000161031,ENSG00000196684,ENSG00000141867,ENSG00000279716,ENSG00000279198,ENSG00000105072,ENSG00000127527,ENSG00000167460,ENSG00000011243,ENSG00000273218,ENSG00000268087,ENSG00000105122,ENSG00000127528,ENSG00000105085,ENSG00000171903,ENSG00000160111,ENSG00000053501,ENSG00000279203,ENSG00000186529,ENSG00000167461,ENSG00000127533,ENSG00000127511,ENSG00000267594,ENSG00000105127","ENSG00000267135,ENSG00000186204,ENSG00000269836,ENSG00000214049,ENSG00000267450,ENSG00000072954,ENSG00000167459,ENSG00000186115,ENSG00000268985,ENSG00000275901,ENSG00000105131,ENSG00000267594,ENSG00000267373,ENSG00000171936,ENSG00000269044,ENSG00000269066,ENSG00000279716,ENSG00000267275,ENSG00000105122,ENSG00000131351,ENSG00000127528,ENSG00000289333,ENSG00000277825,ENSG00000127533,ENSG00000214046,ENSG00000105058,ENSG00000186529,ENSG00000171942,ENSG00000279529,ENSG00000127526,ENSG00000141977,ENSG00000267392,ENSG00000273218,ENSG00000289330,ENSG00000171903,ENSG00000268056,ENSG00000269243,ENSG00000172519,ENSG00000127511,ENSG00000267904,ENSG00000011243,ENSG00000269419,ENSG00000280332,ENSG00000196684,ENSG00000161031,ENSG00000264250,ENSG00000105072,ENSG00000267517,ENSG00000279198,ENSG00000267308,ENSG00000266951,ENSG00000268087,ENSG00000279203,ENSG00000167461,ENSG00000176231,ENSG00000053501,ENSG00000085872,ENSG00000279748,ENSG00000105085,ENSG00000267056,ENSG00000167460,ENSG00000269516,ENSG00000277766,ENSG00000268189,ENSG00000267235,ENSG00000268673,ENSG00000263595,ENSG00000099331,ENSG00000171954,ENSG00000280412,ENSG00000186723,ENSG00000267609,ENSG00000279977,ENSG00000141867,ENSG00000269765,ENSG00000269399,ENSG00000269085,ENSG00000072958,ENSG00000160111,ENSG00000269799,ENSG00000127527,ENSG00000011451,ENSG00000240106,ENSG00000105127",ENSG00000072958,Liver eQTLs,train
20007407100092196-92196000002563,chr16,"16-1822797-C-CACCT,16-1819433-G-A,16-1823444-C-G,16-1843331-G-A,16-1825768-A-C,16-1817431-C-T,16-1839377-T-C,16-1844561-G-A,16-1845144-G-A,16-1846211-G-C,16-1815946-C-T,16-1836796-C-A,16-1835231-G-T,16-1834724-G-A,16-1826302-G-T,16-1830551-C-G","ENSG00000260284,ENSG00000007516,ENSG00000074071,ENSG00000172382,ENSG00000260565,ENSG00000167962,ENSG00000260293,ENSG00000205918,ENSG00000007376,ENSG00000127586,ENSG00000162039,ENSG00000275092,ENSG00000279520,ENSG00000059145,ENSG00000103197,ENSG00000008710,ENSG00000279930,ENSG00000259933,ENSG00000103275,ENSG00000260095,ENSG00000206053,ENSG00000197599,ENSG00000287855,ENSG00000162066,ENSG00000167968,ENSG00000162063,ENSG00000255198,ENSG00000280327,ENSG00000167972,ENSG00000007545,ENSG00000260022,ENSG00000260710,ENSG00000207405,ENSG00000103024,ENSG00000280402,ENSG00000198736,ENSG00000140988,ENSG00000260403,ENSG00000127554,ENSG00000063854,ENSG00000277010,ENSG00000005513,ENSG00000131653,ENSG00000090581,ENSG00000099769,ENSG00000255513,ENSG00000065057,ENSG00000184207,ENSG00000215154,ENSG00000261505,ENSG00000261613,ENSG00000095917,ENSG00000279568,ENSG00000140990,ENSG00000174109,ENSG00000280231,ENSG00000172236,ENSG00000167977,ENSG00000095906,ENSG00000103249,ENSG00000274751,ENSG00000260778,ENSG00000138834,ENSG00000100726,ENSG00000131634,ENSG00000162062,ENSG00000167978,ENSG00000167967,ENSG00000261123,ENSG00000182685,ENSG00000260051,ENSG00000185883,ENSG00000162065,ENSG00000167965,ENSG00000260425,ENSG00000180185,ENSG00000205937,ENSG00000140992,ENSG00000197253,ENSG00000140986,ENSG00000278987,ENSG00000162068,ENSG00000276931,ENSG00000007520,ENSG00000187535,ENSG00000167969,ENSG00000279162,ENSG00000261790,ENSG00000127561,ENSG00000260646,ENSG00000196557,ENSG00000065054,ENSG00000260260,ENSG00000183751,ENSG00000116176,ENSG00000183971,ENSG00000205913,ENSG00000261663,ENSG00000167964,ENSG00000179580,ENSG00000259895,ENSG00000260807,ENSG00000103227","ENSG00000273551,ENSG00000266232,ENSG00000260710,ENSG00000127586,ENSG00000287855,ENSG00000278987,ENSG00000283180,ENSG00000184207,ENSG00000265867,ENSG00000261505,ENSG00000205913,ENSG00000261123,ENSG00000127561,ENSG00000285970,ENSG00000261430,ENSG00000184471,ENSG00000260565,ENSG00000162066,ENSG00000226890,ENSG00000261288,ENSG00000255513,ENSG00000182685,ENSG00000260989,ENSG00000090581,ENSG00000162065,ENSG00000260425,ENSG00000095906,ENSG00000172382,ENSG00000219274,ENSG00000259933,ENSG00000162039,ENSG00000264397,ENSG00000260095,ENSG00000185883,ENSG00000205918,ENSG00000279520,ENSG00000008710,ENSG00000260284,ENSG00000103275,ENSG00000261240,ENSG00000103197,ENSG00000261663,ENSG00000140990,ENSG00000260807,ENSG00000215154,ENSG00000059145,ENSG00000007376,ENSG00000277010,ENSG00000005513,ENSG00000206053,ENSG00000274805,ENSG00000205937,ENSG00000162068,ENSG00000162032,ENSG00000280327,ENSG00000261613,ENSG00000279568,ENSG00000167978,ENSG00000162062,ENSG00000284008,ENSG00000131634,ENSG00000174109,ENSG00000274751,ENSG00000180185,ENSG00000138834,ENSG00000099769,ENSG00000260991,ENSG00000260293,ENSG00000063854,ENSG00000196557,ENSG00000172236,ENSG00000196364,ENSG00000277602,ENSG00000261399,ENSG00000281219,ENSG00000007520,ENSG00000187535,ENSG00000183751,ENSG00000259780,ENSG00000279162,ENSG00000197253,ENSG00000259947,ENSG00000221719,ENSG00000167964,ENSG00000167962,ENSG00000266643,ENSG00000275092,ENSG00000264004,ENSG00000260182,ENSG00000103355,ENSG00000260532,ENSG00000260778,ENSG00000259895,ENSG00000261564,ENSG00000197599,ENSG00000260051,ENSG00000074071,ENSG00000140988,ENSG00000167977,ENSG00000103024,ENSG00000179580,ENSG00000198736,ENSG00000167968,ENSG00000260403,ENSG00000221656,ENSG00000260496,ENSG00000265820,ENSG00000007516,ENSG00000261790,ENSG00000219027,ENSG00000260022,ENSG00000065057,ENSG00000167965,ENSG00000140992,ENSG00000095917,ENSG00000279930,ENSG00000280231,ENSG00000103249,ENSG00000260436,ENSG00000200059,ENSG00000260132,ENSG00000167972,ENSG00000255198,ENSG00000127554,ENSG00000065054,ENSG00000279901,ENSG00000007545,ENSG00000162063,ENSG00000167969,ENSG00000167967,ENSG00000140986,ENSG00000276931,ENSG00000100726,ENSG00000207405,ENSG00000116176,ENSG00000103227,ENSG00000260260,ENSG00000260646,ENSG00000196408,ENSG00000260702,ENSG00000131653,ENSG00000183971,ENSG00000215148,ENSG00000275438,ENSG00000280402,ENSG00000261294",ENSG00000074071,Liver eQTLs,train
20007513100092196-92196000002409,chr15,"15-66592201-C-T,15-66588611-C-T,15-66589955-G-A,15-66590448-C-T,15-66590731-C-T,15-66591223-A-G,15-66592782-G-A,15-66597110-G-T,15-66597329-T-A,15-66706216-C-A,15-66704449-G-A,15-66692512-A-C,15-66712891-AAAAAT-A,15-66713278-C-CAT,15-66713333-A-G,15-66668465-CT-C,15-66598509-C-T,15-66599936-G-A,15-66600629-C-T,15-66606067-C-T,15-66614922-A-C,15-66619605-T-C,15-66621346-A-G,15-66623450-G-A,15-66623498-G-GAAA,15-66624785-ACT-A,15-66626591-C-T,15-66627827-C-T,15-66628753-G-A,15-66629394-T-C,15-66637839-A-G,15-66641080-T-C,15-66641417-T-C,15-66642544-C-T,15-66642551-C-T,15-66645300-GA-G,15-66646150-CT-C,15-66648126-A-G,15-66655569-A-G,15-66657103-G-A,15-66657816-G-C,15-66658039-C-A,15-66659828-G-C,15-66664150-T-C,15-66665491-A-G,15-66665691-T-C,15-66670076-G-A,15-66671387-G-A,15-66673491-C-T,15-66674480-A-G,15-66674979-C-CT,15-66678437-T-G,15-66679055-C-T,15-66679819-G-C,15-66679850-TG-T,15-66682572-C-T,15-66682951-T-C,15-66683221-C-T,15-66683993-G-A,15-66685972-A-G,15-66686829-G-A,15-66686986-G-A,15-66687257-C-T,15-66688766-G-C,15-66689534-A-G,15-66689874-G-A,15-66690490-C-T,15-66691950-A-G,15-66692445-G-A,15-66692621-CA-C,15-66693360-T-C,15-66693773-G-A,15-66695227-G-T,15-66697743-T-C,15-66702104-A-C,15-66702319-C-A,15-66702761-AAGAG-A,15-66705529-T-C,15-66705577-A-G,15-66705616-C-G,15-66707798-T-C,15-66708609-C-CTTG,15-66708940-A-G,15-66710651-C-G,15-66712122-CTGTT-C,15-66712722-TG-T,15-66713957-G-T,15-66715622-A-C,15-66716102-T-C,15-66720726-G-T,15-66721204-G-A,15-66721531-G-A,15-66722251-A-G,15-66722343-C-T,15-66722569-G-A,15-66723053-T-C,15-66723274-T-A,15-66724209-G-T,15-66724612-G-A,15-66725555-T-C,15-66726105-T-C,15-66726810-G-A,15-66729877-G-A,15-66730573-C-T,15-66732452-C-T,15-66736373-C-T,15-66737708-T-C,15-66739086-G-A,15-66750129-G-A,15-66750524-A-G,15-66751879-A-C,15-66752406-G-C,15-66737483-A-G,15-66606137-A-G,15-66744603-C-T,15-66760891-T-A,15-66612461-C-T,15-66659117-A-G,15-66761999-AAAAC-A,15-66770771-TACAC-T,15-66770626-T-C,15-66770702-CAT-C,15-66770859-CA-C,15-66788791-G-A,15-66721688-ACT-A,15-66654265-C-T,15-66837042-T-G,15-66756839-G-GGAAAA,15-66757291-T-C,15-66758692-C-T,15-66764768-C-T,15-66765024-A-ATTGTCAG,15-66775097-T-G,15-66781298-CAAGT-C,15-66783610-G-A,15-66784905-C-T,15-66788765-C-T,15-66790599-T-C,15-66790761-A-G,15-66791348-G-A,15-66793613-T-G,15-66794717-G-A,15-66801138-A-G,15-66807031-C-T,15-66815620-AGATTTATTGG-A,15-66831034-G-A,15-66834493-A-G,15-66840299-A-AT,15-66758167-G-A,15-66758383-C-G,15-66761145-T-C,15-66764950-C-T,15-66769184-A-G,15-66776629-G-T,15-66776839-G-C,15-66778166-C-T,15-66779275-G-C,15-66785067-G-A,15-66790490-A-G,15-66790822-C-T,15-66790856-A-G,15-66795585-T-G,15-66796190-G-A,15-66798952-C-T,15-66811932-C-T,15-66823879-G-A,15-66831500-T-C,15-66831911-A-G,15-66834686-G-T,15-66837024-G-GA,15-66837136-C-T,15-66809850-T-G,15-66600955-T-A,15-66603119-G-C,15-66823810-T-A,15-66836740-C-G,15-66760780-G-C,15-66837058-G-T,15-66798852-C-T,15-66812081-C-T,15-66760907-T-C,15-66818922-C-T,15-66814711-T-C,15-66806160-G-T,15-66815288-A-G,15-66834126-T-A,15-66839394-G-A,15-66841033-G-A,15-66800235-T-C,15-66810712-T-C,15-66811952-C-T,15-66811989-A-T,15-66812841-T-C,15-66816546-A-G,15-66833023-G-A,15-66833596-T-C,15-66833671-T-G,15-66834141-T-A,15-66834751-G-A,15-66834872-A-G,15-66836534-T-G,15-66816135-C-A,15-66816135-C-A,15-66799218-T-C,15-66823443-A-G,15-66712237-C-CA,15-66696332-T-G,15-66627013-T-A,15-66627013-T-A,15-66641189-G-A,15-66652898-T-A,15-66678379-T-G,15-66709386-C-G,15-66710894-G-A,15-66730111-T-C,15-66749525-C-T,15-66749630-G-A,15-66750651-C-T,15-66716093-G-GC,15-66735551-C-T,15-66769002-A-G,15-66810221-T-C,15-66817586-C-G,15-66818045-G-T,15-66674400-C-CA,15-66778617-C-T","ENSG00000074621,ENSG00000174442,ENSG00000103769,ENSG00000075131,ENSG00000259471,ENSG00000188501,ENSG00000174446,ENSG00000166949,ENSG00000137834,ENSG00000074696,ENSG00000103599,ENSG00000103591,ENSG00000174444,ENSG00000138617,ENSG00000169032,ENSG00000074603,ENSG00000260773,ENSG00000261351,ENSG00000174485,ENSG00000259347,ENSG00000138614,ENSG00000259924","ENSG00000260773,ENSG00000138617,ENSG00000264737,ENSG00000259437,ENSG00000242634,ENSG00000263512,ENSG00000174446,ENSG00000174485,ENSG00000259924,ENSG00000138614,ENSG00000103599,ENSG00000259289,ENSG00000259347,ENSG00000074696,ENSG00000169032,ENSG00000074603,ENSG00000174444,ENSG00000252712,ENSG00000266589,ENSG00000259471,ENSG00000137834,ENSG00000261318,ENSG00000274995,ENSG00000074621,ENSG00000259202,ENSG00000166949,ENSG00000174442,ENSG00000249271,ENSG00000188501,ENSG00000103591,ENSG00000261544,ENSG00000075131,ENSG00000200623,ENSG00000283249,ENSG00000261351,ENSG00000261102,ENSG00000270490,ENSG00000223271,ENSG00000238311,ENSG00000103769,ENSG00000202529",ENSG00000075131,Liver eQTLs,train
20007523400092196-92196000004951,chr22,"22-46677997-G-A,22-46678666-A-G,22-46679657-G-T,22-46680021-T-G,22-46685017-G-A,22-46685249-G-A,22-46687220-G-A,22-46687758-C-A,22-46687859-TTAAAAAA-T,22-46688208-C-A,22-46688321-T-C,22-46689229-C-T,22-46690714-C-T,22-46690861-C-A,22-46691400-T-C,22-46692203-T-C,22-46692397-CG-C,22-46692905-G-A,22-46679850-C-T,22-46693060-A-T,22-46689347-G-A,22-46687268-G-A,22-46690492-C-T,22-46690160-C-T,22-46677904-A-G,22-46691903-T-C,22-46690141-G-A,22-46686480-TAGG-T,22-46677003-C-T,22-46692182-G-A,22-46690554-C-T,22-46713778-C-T,22-46754192-T-C,22-46675727-G-A,22-46681645-C-A,22-46689993-C-T,22-46693751-A-C,22-46694050-G-A,22-46756315-C-T,22-46699137-C-A,22-46705989-T-G,22-46706309-CA-C,22-46714899-T-C,22-46716475-C-T,22-46716697-G-C,22-46717806-A-G,22-46720854-C-A,22-46721667-G-A,22-46721941-C-T,22-46724001-G-A,22-46725350-T-C,22-46736327-G-A,22-46740663-C-T,22-46709649-C-T,22-46711369-G-A,22-46697923-A-G,22-46697903-T-C,22-46698325-G-A,22-46701677-G-A,22-46714748-C-T,22-46714913-G-T","ENSG00000197182,ENSG00000054611,ENSG00000128408,ENSG00000130638,ENSG00000260708,ENSG00000277232,ENSG00000280080,ENSG00000075240,ENSG00000278881,ENSG00000100416,ENSG00000289044,ENSG00000075275,ENSG00000100376,ENSG00000273145,ENSG00000231711,ENSG00000182257,ENSG00000130943,ENSG00000231010,ENSG00000188064,ENSG00000241990,ENSG00000205643,ENSG00000280383,ENSG00000100422,ENSG00000235159,ENSG00000075218,ENSG00000075234,ENSG00000077942,ENSG00000186951,ENSG00000280384","ENSG00000288754,ENSG00000186951,ENSG00000235091,ENSG00000224715,ENSG00000218357,ENSG00000289160,ENSG00000054611,ENSG00000182257,ENSG00000231010,ENSG00000280383,ENSG00000100422,ENSG00000289044,ENSG00000130943,ENSG00000280384,ENSG00000100376,ENSG00000205634,ENSG00000280080,ENSG00000264160,ENSG00000188064,ENSG00000197182,ENSG00000278881,ENSG00000230634,ENSG00000075234,ENSG00000277232,ENSG00000100416,ENSG00000273145,ENSG00000128408,ENSG00000273289,ENSG00000130638,ENSG00000232897,ENSG00000075218,ENSG00000266533,ENSG00000235159,ENSG00000260708,ENSG00000280312,ENSG00000075275,ENSG00000077942,ENSG00000224271,ENSG00000241990,ENSG00000075240,ENSG00000205643,ENSG00000231711",ENSG00000075234,Liver eQTLs,train
20007523900092196-92196000001089,chr11,"11-107987784-G-A,11-107992325-T-A,11-107993500-A-G,11-108005343-C-T,11-108014799-C-T,11-108017547-G-A,11-107992346-G-C,11-107997465-T-A,11-108005215-C-G,11-108051989-G-A,11-108057918-C-A,11-108141134-G-A,11-108142617-G-A,11-108165053-A-G,11-108220657-C-T,11-108244518-C-T,11-108245102-CAG-C,11-108254999-T-C,11-108256859-C-T,11-108267325-A-G,11-108281089-T-C,11-108284447-C-T,11-108295205-C-T,11-108204881-C-T,11-108234836-A-C,11-108335940-G-C,11-108014949-A-C,11-108038477-A-G,11-108021276-G-A,11-108335073-G-C,11-108335072-G-GA,11-108335075-A-G","ENSG00000166266,ENSG00000288012,ENSG00000285696,ENSG00000152404,ENSG00000110723,ENSG00000166323,ENSG00000075239,ENSG00000149308,ENSG00000178105,ENSG00000179331,ENSG00000137760,ENSG00000261098,ENSG00000178202,ENSG00000110675,ENSG00000255353,ENSG00000110660,ENSG00000149311,ENSG00000170290","ENSG00000170290,ENSG00000166266,ENSG00000255483,ENSG00000200855,ENSG00000137760,ENSG00000149311,ENSG00000075239,ENSG00000110723,ENSG00000166323,ENSG00000288012,ENSG00000110675,ENSG00000255467,ENSG00000203334,ENSG00000178105,ENSG00000254702,ENSG00000270969,ENSG00000261098,ENSG00000152404,ENSG00000149308,ENSG00000254730,ENSG00000178202,ENSG00000285696,ENSG00000110660,ENSG00000179331,ENSG00000255353,ENSG00000254758,ENSG00000240652,ENSG00000240698,ENSG00000255379",ENSG00000075239,Liver eQTLs,train
20007738000092196-92196000004079,chr2,"2-172835802-G-T,2-172672624-G-A,2-172835803-C-T,2-172780132-T-C,2-172786909-G-T,2-172851502-C-A,2-172858214-C-T,2-172859849-C-T,2-172861456-C-T,2-172690265-C-G,2-172575186-G-A,2-172586651-C-G,2-172605399-G-A,2-172614207-G-T,2-172630729-G-A,2-172631677-G-A,2-172634983-A-C,2-172659281-G-A,2-172659852-G-A,2-172663394-C-T,2-172704291-A-C,2-172558172-G-T,2-172559926-CAG-C,2-172721808-C-A,2-172774641-T-C,2-172594315-AT-A,2-172552343-G-GT,2-172552765-A-T,2-172582111-T-TG,2-172591963-A-G,2-172532392-A-G,2-172911094-A-G,2-172629278-T-A,2-172629278-T-A,2-172629278-T-TA,2-172629278-T-TA,2-172530949-T-C,2-172766847-T-A,2-172640623-A-G,2-172895637-T-G,2-172741415-T-A,2-172660971-A-G,2-172663256-T-C,2-172537350-A-C,2-172541609-T-G,2-172544483-A-G,2-172567225-T-C,2-172817794-G-A,2-172767481-G-A,2-172767590-G-A,2-172598592-A-G,2-172597929-G-A,2-172560729-A-C,2-172574612-G-A,2-172575012-T-C,2-172577116-T-C,2-172577276-A-T,2-172585595-G-A,2-172585885-T-G,2-172588865-C-G,2-172588866-C-G,2-172588982-C-T,2-172594197-T-C,2-172619770-A-G,2-172620150-T-A,2-172620151-G-C,2-172620152-T-C,2-172723907-A-G,2-172744421-T-C,2-172785005-T-A,2-172785007-C-T,2-172607294-C-T,2-172623914-T-C,2-172626143-G-C,2-172627116-AAAG-A,2-172627343-T-G,2-172630778-C-T,2-172631615-T-G,2-172634228-G-A,2-172635365-C-T,2-172635896-GAGAA-G,2-172639448-G-T,2-172641045-C-G,2-172650382-G-A,2-172655097-T-C,2-172668682-A-G,2-172668715-T-G,2-172671094-A-G,2-172677010-G-A,2-172689068-C-T,2-172626611-C-G,2-172642057-C-T,2-172677459-G-A,2-172611460-T-TA,2-172563922-G-A,2-172564021-A-T,2-172567713-G-A,2-172573341-G-A,2-172534884-T-C,2-172535337-T-C,2-172725981-C-T,2-172671205-CATA-C,2-172579954-A-G,2-172588094-G-A,2-172591944-T-C,2-172690180-T-C,2-172708919-T-C,2-172542623-CT-C,2-172648974-C-T,2-172706033-TTGTC-T,2-172730015-G-C,2-172599615-T-C,2-172596078-G-C,2-172596308-T-C,2-172608956-T-G,2-172735329-C-T,2-172542705-C-T,2-172543913-G-T,2-172740122-CCTTT-C,2-172631095-A-G,2-172646765-A-C,2-172615870-A-G,2-172637600-A-G,2-172649826-A-G,2-172634714-G-GAAAC,2-172549630-T-A,2-172549630-T-A,2-172549248-A-G,2-172535848-T-G,2-172746214-CCT-C,2-172569587-G-C,2-172616423-G-A,2-172635697-T-C,2-172753295-G-A,2-172566634-C-T","ENSG00000128708,ENSG00000152256,ENSG00000077380,ENSG00000123600,ENSG00000172878,ENSG00000115827,ENSG00000071967,ENSG00000091409,ENSG00000233762,ENSG00000091428,ENSG00000115840,ENSG00000225205,ENSG00000232788,ENSG00000198586","ENSG00000152256,ENSG00000237617,ENSG00000236832,ENSG00000199866,ENSG00000077380,ENSG00000213148,ENSG00000252779,ENSG00000233762,ENSG00000115827,ENSG00000232555,ENSG00000288048,ENSG00000071967,ENSG00000226131,ENSG00000123600,ENSG00000091409,ENSG00000198586,ENSG00000091428,ENSG00000270460,ENSG00000231735,ENSG00000172878,ENSG00000228016,ENSG00000226963,ENSG00000236391,ENSG00000236651,ENSG00000286557,ENSG00000237016,ENSG00000115840,ENSG00000115844,ENSG00000128708,ENSG00000232788,ENSG00000230104,ENSG00000278924,ENSG00000225205,ENSG00000239041,ENSG00000289413,ENSG00000232292",ENSG00000077380,Liver eQTLs,train
20007745800092196-92196000001481,chr11,"11-95544681-C-T,11-95583439-TA-T,11-95672960-A-G,11-95503636-T-C,11-95545587-T-A,11-95536909-C-CT,11-95536909-C-CT,11-95505888-G-A,11-95663017-T-C,11-95659013-T-G,11-95548673-CT-C,11-95498269-T-C,11-95517576-C-T,11-95528045-G-A,11-95528209-G-A,11-95529242-T-G,11-95530125-C-G,11-95531748-G-A,11-95538624-G-A,11-95542318-C-T,11-95491692-G-GT,11-95492148-T-A,11-95492878-A-G,11-95502106-A-C,11-95523123-C-G,11-95532166-A-G,11-95537828-C-T,11-95539122-T-A,11-95541508-T-C,11-95545170-A-G,11-95554311-A-G,11-95560371-G-A,11-95561488-T-G,11-95561873-C-T,11-95574302-A-G,11-95584195-G-GA,11-95500140-CTG-C,11-95500628-T-C,11-95502128-G-C,11-95507872-TATAAGA-T,11-95521953-A-G,11-95522858-G-C,11-95523030-T-G,11-95539591-G-T,11-95539979-C-A,11-95543211-T-A,11-95543715-C-G,11-95544391-A-G,11-95545369-T-C,11-95546341-A-G,11-95547086-G-A,11-95547567-C-T,11-95548359-A-G,11-95549987-C-T,11-95555841-G-GTGCCTTTACCAGTGTGTGGATCA,11-95556696-C-T,11-95556794-CAG-C,11-95557570-ACT-A,11-95559517-T-C,11-95560473-T-C,11-95560539-T-G,11-95560853-A-G,11-95561265-TA-T,11-95561644-C-CAT,11-95561682-G-A,11-95562327-G-A,11-95562771-T-C,11-95562868-C-G,11-95563228-T-G,11-95563482-T-C,11-95563775-A-G,11-95564259-A-G,11-95566520-A-G,11-95569253-A-C,11-95577929-T-C,11-95579938-A-G,11-95582447-G-C,11-95583995-A-G,11-95584558-G-A,11-95584589-G-A,11-95588102-T-G,11-95656362-G-A,11-95656364-C-A,11-95656385-A-C,11-95562535-G-GA,11-95637416-T-A,11-95607746-T-C,11-95605500-C-G,11-95619292-G-C,11-95594301-G-A,11-95588626-C-T,11-95589629-T-C,11-95565608-TA-T,11-95565789-G-A,11-95566886-G-A,11-95567035-C-T,11-95567905-C-T,11-95571750-C-A,11-95589935-T-C,11-95593806-G-A,11-95510089-C-T,11-95608447-CT-C,11-95608588-C-A,11-95657761-A-G,11-95630222-TA-T,11-95617788-T-C,11-95624669-A-G,11-95586200-T-TTA,11-95533557-T-A,11-95509037-C-G,11-95509638-T-C,11-95514599-T-A,11-95633791-AT-A,11-95644179-T-A,11-95657111-T-G,11-95633805-G-A,11-95621926-A-G,11-95628606-A-G,11-95524719-C-T,11-95536870-G-A,11-95659474-C-T,11-95660386-C-T,11-95663091-C-G,11-95667038-G-A,11-95669439-C-T,11-95671915-T-C,11-95672429-C-T,11-95506284-GTTC-G,11-95596873-C-T,11-95547927-T-A,11-95580926-G-A,11-95584905-G-A,11-95643777-T-A,11-95669555-G-A,11-95671154-G-A,11-95506907-G-C,11-95623313-G-C,11-95511445-C-A,11-95616201-C-T,11-95653862-CACA-C,11-95649543-G-A,11-95646774-G-A,11-95655481-G-A,11-95501407-C-T,11-95641775-G-A,11-95517737-C-T,11-95519787-C-T,11-95536724-T-C,11-95501241-A-G,11-95516040-C-A,11-95519195-A-T,11-95519506-G-A,11-95537358-G-A,11-95553068-T-TTTG,11-95568757-C-A,11-95570961-G-A,11-95501898-C-A,11-95502075-G-T,11-95578871-C-CTA,11-95521044-A-G,11-95522996-T-C,11-95524067-G-T,11-95524421-G-A,11-95528714-C-T,11-95538270-G-A,11-95551136-C-T,11-95554283-G-A,11-95561741-C-T,11-95505227-G-A,11-95508524-C-A,11-95508383-G-T,11-95508404-C-A","ENSG00000270689,ENSG00000087053,ENSG00000184384,ENSG00000183340,ENSG00000150316,ENSG00000077458,ENSG00000149231,ENSG00000149218,ENSG00000245552,ENSG00000149212,ENSG00000186280,ENSG00000263465","ENSG00000285921,ENSG00000256779,ENSG00000149218,ENSG00000255605,ENSG00000150316,ENSG00000280167,ENSG00000184384,ENSG00000183340,ENSG00000242993,ENSG00000245552,ENSG00000273600,ENSG00000282834,ENSG00000186280,ENSG00000222578,ENSG00000285842,ENSG00000256469,ENSG00000149212,ENSG00000255666,ENSG00000213368,ENSG00000255679,ENSG00000200411,ENSG00000250390,ENSG00000255929,ENSG00000255855,ENSG00000149231,ENSG00000270689,ENSG00000255653,ENSG00000263465,ENSG00000233536,ENSG00000274486,ENSG00000077458,ENSG00000256684,ENSG00000257012,ENSG00000235268,ENSG00000087053,ENSG00000288789",ENSG00000077458,Liver eQTLs,train
20007854900092196-92196000006696,chr7,"7-31072228-C-T,7-31072228-C-T,7-31072469-C-T,7-31072469-C-T,7-31072642-C-T,7-31072642-C-T,7-31073152-G-A,7-31073152-G-A,7-31074214-G-T,7-31074214-G-T,7-31074879-C-T,7-31074879-C-T,7-31071030-T-C,7-31071030-T-C,7-31069945-C-A,7-31069945-C-A","ENSG00000240583,ENSG00000180354,ENSG00000078549,ENSG00000180233,ENSG00000244480,ENSG00000106100,ENSG00000106125,ENSG00000235859,ENSG00000106105,ENSG00000281404,ENSG00000196295,ENSG00000241644,ENSG00000006625,ENSG00000106128,ENSG00000263683,ENSG00000226874","ENSG00000223419,ENSG00000006625,ENSG00000263683,ENSG00000227017,ENSG00000230751,ENSG00000283618,ENSG00000226874,ENSG00000196295,ENSG00000106128,ENSG00000244480,ENSG00000164600,ENSG00000180347,ENSG00000106100,ENSG00000180354,ENSG00000281404,ENSG00000231519,ENSG00000271027,ENSG00000235859,ENSG00000106125,ENSG00000286487,ENSG00000236460,ENSG00000225907,ENSG00000106105,ENSG00000180233,ENSG00000286847,ENSG00000232887,ENSG00000241644,ENSG00000078549,ENSG00000229263,ENSG00000106341,ENSG00000240583,ENSG00000231418",ENSG00000078549,Liver eQTLs,train
20007915600092196-92196000004086,chr2,2-179016993-T-A,"ENSG00000196659,ENSG00000237298,ENSG00000229337,ENSG00000204311,ENSG00000155636,ENSG00000155657,ENSG00000280374,ENSG00000079156,ENSG00000270277,ENSG00000213963,ENSG00000270574,ENSG00000197557,ENSG00000229941,ENSG00000170144,ENSG00000079150,ENSG00000225808,ENSG00000223960,ENSG00000180228,ENSG00000018510,ENSG00000238082,ENSG00000116095,ENSG00000116044","ENSG00000229337,ENSG00000271011,ENSG00000270574,ENSG00000116095,ENSG00000213126,ENSG00000221240,ENSG00000079150,ENSG00000237477,ENSG00000249909,ENSG00000155636,ENSG00000180228,ENSG00000213963,ENSG00000238082,ENSG00000196659,ENSG00000267784,ENSG00000079156,ENSG00000206788,ENSG00000237964,ENSG00000197557,ENSG00000223960,ENSG00000287149,ENSG00000280636,ENSG00000227241,ENSG00000225808,ENSG00000237298,ENSG00000229941,ENSG00000229744,ENSG00000116044,ENSG00000223096,ENSG00000231541,ENSG00000155657,ENSG00000280374,ENSG00000270277,ENSG00000204311,ENSG00000279598,ENSG00000018510,ENSG00000170144",ENSG00000079156,Liver eQTLs,train
20007997400092196-92196000004982,chr22,"22-51208568-G-T,22-51208255-C-T,22-51222100-G-T,22-51208005-GTC-G,22-51199530-AT-A,22-51199530-AT-A,22-51198569-G-C,22-51215028-C-G,22-51206454-G-T,22-51231220-A-G,22-51229455-G-C,22-51223637-G-A,22-51191334-C-G,22-51194265-A-C,22-51189328-G-C,22-51186276-T-C,22-51178090-G-A,22-51211980-A-G,22-51196164-A-T,22-51204252-G-A,22-51197602-T-A,22-51189146-G-A,22-51175626-A-G,22-51222766-G-A","ENSG00000185386,ENSG00000198355,ENSG00000128159,ENSG00000073150,ENSG00000184319,ENSG00000272666,ENSG00000217442,ENSG00000279345,ENSG00000100239,ENSG00000184164,ENSG00000273253,ENSG00000188130,ENSG00000100253,ENSG00000279182,ENSG00000273272,ENSG00000284194,ENSG00000100312,ENSG00000025708,ENSG00000289244,ENSG00000073169,ENSG00000100288,ENSG00000177989,ENSG00000100299,ENSG00000205559,ENSG00000196576,ENSG00000205593,ENSG00000272836,ENSG00000273188,ENSG00000079974,ENSG00000100429,ENSG00000225929,ENSG00000073146,ENSG00000025770,ENSG00000205560,ENSG00000100426,ENSG00000130487,ENSG00000128165,ENSG00000273137,ENSG00000251322,ENSG00000100241,ENSG00000278869,ENSG00000100427,ENSG00000100258,ENSG00000170638,ENSG00000182858,ENSG00000273192,ENSG00000008735","ENSG00000225929,ENSG00000100312,ENSG00000100429,ENSG00000130487,ENSG00000188130,ENSG00000073146,ENSG00000205559,ENSG00000251322,ENSG00000182858,ENSG00000128159,ENSG00000025770,ENSG00000273188,ENSG00000286508,ENSG00000227484,ENSG00000289244,ENSG00000079974,ENSG00000196576,ENSG00000100426,ENSG00000273137,ENSG00000008735,ENSG00000272666,ENSG00000073150,ENSG00000279182,ENSG00000273192,ENSG00000284194,ENSG00000205593,ENSG00000278869,ENSG00000272836,ENSG00000100241,ENSG00000288871,ENSG00000273253,ENSG00000185386,ENSG00000184319,ENSG00000177989,ENSG00000205560,ENSG00000100288,ENSG00000170638,ENSG00000212569,ENSG00000025708,ENSG00000100299,ENSG00000279345,ENSG00000184164,ENSG00000100253,ENSG00000273272,ENSG00000100427,ENSG00000100239,ENSG00000217442,ENSG00000254499,ENSG00000073169,ENSG00000128165,ENSG00000100258,ENSG00000198355",ENSG00000079974,Liver eQTLs,train
20008057300092196-92196000003421,chr19,19-10112688-A-G,"ENSG00000167798,ENSG00000267607,ENSG00000105364,ENSG00000198258,ENSG00000080573,ENSG00000224689,ENSG00000105088,ENSG00000267197,ENSG00000130734,ENSG00000196605,ENSG00000171466,ENSG00000129354,ENSG00000267106,ENSG00000130810,ENSG00000090339,ENSG00000220201,ENSG00000267387,ENSG00000127616,ENSG00000079999,ENSG00000196110,ENSG00000142444,ENSG00000076662,ENSG00000278611,ENSG00000197961,ENSG00000188321,ENSG00000130818,ENSG00000127445,ENSG00000130813,ENSG00000079805,ENSG00000129353,ENSG00000105397,ENSG00000267100,ENSG00000267612,ENSG00000130816,ENSG00000267534,ENSG00000099203,ENSG00000270614,ENSG00000127452,ENSG00000171469,ENSG00000214212,ENSG00000142453,ENSG00000174652,ENSG00000105376,ENSG00000277587,ENSG00000244165,ENSG00000180739,ENSG00000161847,ENSG00000213339,ENSG00000267370,ENSG00000065989,ENSG00000129355,ENSG00000130811,ENSG00000130733,ENSG00000105401,ENSG00000129351,ENSG00000267119,ENSG00000130812,ENSG00000274425,ENSG00000129347,ENSG00000267673,ENSG00000130803","ENSG00000270614,ENSG00000161807,ENSG00000260112,ENSG00000079805,ENSG00000105401,ENSG00000197961,ENSG00000267775,ENSG00000142453,ENSG00000267119,ENSG00000267100,ENSG00000198258,ENSG00000267544,ENSG00000187847,ENSG00000267612,ENSG00000105364,ENSG00000180739,ENSG00000267673,ENSG00000105088,ENSG00000188321,ENSG00000174652,ENSG00000238531,ENSG00000130816,ENSG00000209645,ENSG00000161847,ENSG00000207972,ENSG00000275787,ENSG00000129351,ENSG00000214212,ENSG00000130803,ENSG00000267273,ENSG00000127616,ENSG00000105397,ENSG00000127452,ENSG00000267370,ENSG00000079999,ENSG00000167798,ENSG00000129347,ENSG00000090339,ENSG00000266950,ENSG00000171469,ENSG00000065989,ENSG00000171466,ENSG00000170920,ENSG00000267105,ENSG00000213339,ENSG00000130733,ENSG00000267289,ENSG00000226480,ENSG00000221410,ENSG00000130813,ENSG00000080511,ENSG00000076662,ENSG00000271010,ENSG00000130811,ENSG00000220201,ENSG00000188314,ENSG00000142444,ENSG00000198028,ENSG00000127445,ENSG00000276757,ENSG00000267534,ENSG00000266204,ENSG00000129353,ENSG00000267106,ENSG00000277587,ENSG00000267387,ENSG00000267197,ENSG00000130818,ENSG00000244165,ENSG00000130812,ENSG00000278643,ENSG00000267418,ENSG00000265879,ENSG00000130810,ENSG00000099203,ENSG00000275640,ENSG00000180926,ENSG00000196605,ENSG00000224689,ENSG00000278611,ENSG00000129355,ENSG00000267490,ENSG00000200237,ENSG00000080573,ENSG00000274425,ENSG00000174667,ENSG00000264266,ENSG00000267607,ENSG00000225980,ENSG00000130734,ENSG00000129354,ENSG00000238364,ENSG00000207752,ENSG00000237521,ENSG00000105376,ENSG00000283108,ENSG00000196110",ENSG00000080573,Liver eQTLs,train
20008105100092196-92196000005614,chr4,"4-74275821-A-T,4-74281012-T-A,4-74285239-C-T,4-74278809-G-A,4-74288191-G-T,4-74288312-G-A,4-74289488-T-C,4-74290292-C-T,4-74290325-AT-A,4-74291563-A-T,4-74279655-G-A,4-74287403-T-C,4-74289324-G-C,4-74292045-T-C,4-74292057-T-C,4-74283521-C-T,4-74285758-G-T,4-74281149-C-CA,4-74304378-G-A,4-74298215-A-G,4-74299453-T-G,4-74299599-A-G,4-74301313-C-T,4-74301384-G-A,4-74302071-T-A,4-74302151-A-T,4-74311433-C-G,4-74249316-C-T,4-74252222-T-C,4-74256020-T-C,4-74256248-T-A,4-74257257-A-G,4-74307721-G-A,4-74290918-C-T,4-74251331-G-GC,4-74302215-T-A,4-74302541-T-C,4-74267762-G-T,4-74218542-C-T,4-74229363-C-G,4-74236264-C-T,4-74242809-T-G,4-74249125-C-T,4-74224965-G-A,4-74198703-A-C,4-74210509-C-T,4-74215277-T-A,4-74310844-A-G,4-74312922-C-G,4-74312552-A-G,4-74197338-T-A,4-74271465-G-A,4-74275515-C-A,4-74277360-G-C,4-74278270-C-T,4-74279549-T-C,4-74279879-A-G,4-74284282-G-A,4-74285552-A-G,4-74285567-C-A,4-74285823-G-A,4-74292845-C-G,4-74268013-G-A,4-74269688-A-T,4-74266030-ATGTCCAGTTCTGCAGC-A,4-74268658-G-A,4-74251892-C-T,4-74260776-C-G,4-74251314-AG-A,4-74257265-AT-A,4-74262483-G-GAGTAA,4-74282851-C-T,4-74255469-C-T,4-74260591-C-A,4-74302870-T-C,4-74231964-A-T,4-74225606-G-T,4-74225607-C-T,4-74234255-G-A,4-74202136-C-T,4-74208199-A-G,4-74202321-G-C","ENSG00000249970,ENSG00000163737,ENSG00000163736,ENSG00000079557,ENSG00000124875,ENSG00000269559,ENSG00000163626,ENSG00000124882,ENSG00000163738,ENSG00000163631,ENSG00000169435,ENSG00000289241,ENSG00000163739,ENSG00000156140,ENSG00000182585,ENSG00000132466,ENSG00000248641,ENSG00000081051,ENSG00000109272,ENSG00000163734,ENSG00000081041,ENSG00000250436,ENSG00000169429,ENSG00000250220,ENSG00000163735,ENSG00000249976","ENSG00000079557,ENSG00000250315,ENSG00000249920,ENSG00000081041,ENSG00000289530,ENSG00000248848,ENSG00000163739,ENSG00000250532,ENSG00000250220,ENSG00000182585,ENSG00000244194,ENSG00000109272,ENSG00000249976,ENSG00000163631,ENSG00000163626,ENSG00000250356,ENSG00000249717,ENSG00000156140,ENSG00000124875,ENSG00000163737,ENSG00000228277,ENSG00000250560,ENSG00000163735,ENSG00000251017,ENSG00000249970,ENSG00000248165,ENSG00000169429,ENSG00000269559,ENSG00000132466,ENSG00000163734,ENSG00000163738,ENSG00000081051,ENSG00000249051,ENSG00000163736,ENSG00000169435,ENSG00000287375,ENSG00000248641,ENSG00000250339,ENSG00000260265,ENSG00000289241,ENSG00000250550,ENSG00000124882,ENSG00000249942,ENSG00000250436",ENSG00000081051,Liver eQTLs,train
20008166500092196-92196000003518,chr19,"19-19940030-C-A,19-19936913-C-G,19-19945780-T-C,19-19939387-A-G,19-19939910-T-C","ENSG00000231205,ENSG00000181896,ENSG00000288837,ENSG00000105705,ENSG00000089639,ENSG00000064545,ENSG00000005007,ENSG00000184162,ENSG00000184635,ENSG00000254901,ENSG00000167491,ENSG00000105726,ENSG00000105708,ENSG00000223802,ENSG00000129933,ENSG00000270270,ENSG00000178093,ENSG00000213999,ENSG00000105717,ENSG00000105676,ENSG00000256771,ENSG00000160161,ENSG00000250067,ENSG00000105669,ENSG00000064607,ENSG00000256229,ENSG00000051128,ENSG00000105671,ENSG00000081665,ENSG00000064547,ENSG00000266904,ENSG00000064490,ENSG00000213996,ENSG00000187664,ENSG00000213988,ENSG00000267565,ENSG00000280079,ENSG00000186010,ENSG00000188171,ENSG00000237440,ENSG00000181035,ENSG00000288815","ENSG00000267565,ENSG00000269885,ENSG00000129933,ENSG00000184635,ENSG00000267771,ENSG00000186010,ENSG00000241172,ENSG00000267178,ENSG00000105671,ENSG00000271704,ENSG00000105717,ENSG00000268620,ENSG00000238517,ENSG00000213996,ENSG00000274800,ENSG00000188171,ENSG00000271524,ENSG00000279039,ENSG00000231205,ENSG00000252973,ENSG00000268070,ENSG00000288837,ENSG00000267641,ENSG00000064607,ENSG00000256771,ENSG00000280171,ENSG00000213985,ENSG00000064545,ENSG00000187664,ENSG00000250067,ENSG00000273791,ENSG00000089639,ENSG00000160161,ENSG00000270716,ENSG00000267693,ENSG00000181896,ENSG00000181035,ENSG00000268461,ENSG00000269154,ENSG00000207821,ENSG00000213988,ENSG00000268335,ENSG00000274612,ENSG00000269373,ENSG00000280079,ENSG00000005007,ENSG00000105705,ENSG00000105676,ENSG00000271638,ENSG00000064490,ENSG00000081665,ENSG00000268560,ENSG00000256229,ENSG00000064547,ENSG00000271499,ENSG00000178093,ENSG00000286080,ENSG00000184162,ENSG00000267234,ENSG00000259242,ENSG00000269040,ENSG00000270402,ENSG00000275540,ENSG00000271283,ENSG00000254901,ENSG00000268272,ENSG00000105669,ENSG00000276294,ENSG00000267220,ENSG00000268174,ENSG00000269055,ENSG00000051128,ENSG00000287533,ENSG00000105726,ENSG00000240673,ENSG00000270325,ENSG00000274033,ENSG00000269779,ENSG00000213999,ENSG00000266904,ENSG00000237440,ENSG00000223802,ENSG00000167491,ENSG00000288815,ENSG00000279404,ENSG00000269274,ENSG00000105708,ENSG00000270270",ENSG00000081665,Liver eQTLs,train
20008381200092196-92196000003882,chr19,"19-58892524-A-G,19-58892672-T-C,19-58876115-T-C,19-58876211-T-TGTG,19-58879965-A-G,19-58879976-C-T,19-58882384-A-G,19-58883897-G-A,19-58885874-G-C,19-58886459-A-C,19-58882316-CG-C","ENSG00000152443,ENSG00000173480,ENSG00000083807,ENSG00000130724,ENSG00000121410,ENSG00000152439,ENSG00000178201,ENSG00000166704,ENSG00000152475,ENSG00000119574,ENSG00000198131,ENSG00000131849,ENSG00000178935,ENSG00000181894,ENSG00000121413,ENSG00000268543,ENSG00000105136,ENSG00000186272,ENSG00000269867,ENSG00000130726,ENSG00000269343,ENSG00000152454,ENSG00000179909,ENSG00000268516,ENSG00000197128,ENSG00000279611,ENSG00000269032,ENSG00000270804,ENSG00000273901,ENSG00000249471,ENSG00000182318,ENSG00000268895,ENSG00000267858,ENSG00000130725,ENSG00000083814,ENSG00000171606,ENSG00000171574,ENSG00000204514,ENSG00000269794,ENSG00000142396,ENSG00000176293,ENSG00000268201,ENSG00000083828,ENSG00000251369,ENSG00000083812,ENSG00000171649,ENSG00000121406,ENSG00000176593,ENSG00000177025,ENSG00000174586,ENSG00000268049,ENSG00000196724,ENSG00000268912,ENSG00000204519,ENSG00000121417,ENSG00000188785,ENSG00000276449,ENSG00000213013,ENSG00000198466,ENSG00000232098,ENSG00000083817,ENSG00000186230,ENSG00000278129,ENSG00000099326,ENSG00000183647,ENSG00000213762,ENSG00000213753,ENSG00000283103","ENSG00000181894,ENSG00000243234,ENSG00000269343,ENSG00000171574,ENSG00000176293,ENSG00000249471,ENSG00000252211,ENSG00000121413,ENSG00000268912,ENSG00000083812,ENSG00000130726,ENSG00000266640,ENSG00000178201,ENSG00000105136,ENSG00000119574,ENSG00000243642,ENSG00000270837,ENSG00000204519,ENSG00000099326,ENSG00000121406,ENSG00000264910,ENSG00000173480,ENSG00000176593,ENSG00000182318,ENSG00000152443,ENSG00000171649,ENSG00000196724,ENSG00000269236,ENSG00000273901,ENSG00000178935,ENSG00000213753,ENSG00000251369,ENSG00000269867,ENSG00000188785,ENSG00000197128,ENSG00000279611,ENSG00000204514,ENSG00000269032,ENSG00000198466,ENSG00000198131,ENSG00000130725,ENSG00000268895,ENSG00000152439,ENSG00000166704,ENSG00000277588,ENSG00000252334,ENSG00000286949,ENSG00000186230,ENSG00000267858,ENSG00000186272,ENSG00000083828,ENSG00000288830,ENSG00000121410,ENSG00000179909,ENSG00000268293,ENSG00000174586,ENSG00000268866,ENSG00000269794,ENSG00000177025,ENSG00000286632,ENSG00000152475,ENSG00000232098,ENSG00000265272,ENSG00000183647,ENSG00000130724,ENSG00000268516,ENSG00000152454,ENSG00000269855,ENSG00000268543,ENSG00000083814,ENSG00000171606,ENSG00000083807,ENSG00000213013,ENSG00000278129,ENSG00000142396,ENSG00000213762,ENSG00000235974,ENSG00000131849,ENSG00000283103,ENSG00000270804,ENSG00000121417,ENSG00000083817,ENSG00000268049,ENSG00000276449,ENSG00000268307,ENSG00000268201",ENSG00000083812,Liver eQTLs,train
20008597800092196-92196000004186,chr2,"2-234154014-A-AG,2-234154139-G-T,2-234160345-T-G,2-234161448-G-A,2-234161583-T-C,2-234161769-C-T,2-234162153-A-G,2-234163683-G-C,2-234170324-A-C,2-234170326-A-T,2-234170369-T-C,2-234172188-C-G,2-234172846-A-G,2-234172915-G-C,2-234173503-G-A,2-234176108-T-TA,2-234181848-C-T,2-234182240-C-T,2-234183368-A-G,2-234183468-G-A,2-234183718-T-C,2-234166664-T-A,2-234154651-G-A,2-234176609-C-T,2-234157137-G-C,2-234157258-G-A,2-234157733-C-T,2-234158839-C-T,2-234161211-A-T,2-234156536-G-T,2-234157741-T-C,2-234167234-A-G,2-234167421-C-T,2-234167881-T-A,2-234175706-G-T,2-234178453-C-T,2-234179690-C-T,2-234180410-A-G,2-234192616-G-A,2-234160669-C-G,2-234151031-G-A,2-234151045-T-G,2-234153848-G-A,2-234157688-C-T,2-234169822-C-T,2-234148383-T-C,2-234148586-A-T,2-234184952-T-C,2-234185267-C-T,2-234185999-G-A,2-234143373-G-A,2-234149039-C-T,2-234145618-C-T,2-234146271-G-T,2-234149702-C-T,2-234143048-C-G,2-234147175-T-C,2-234146550-C-T,2-234153366-A-G,2-234184417-G-A,2-234151615-C-A,2-234145944-A-C,2-234151832-TG-T,2-234147930-C-T,2-234203578-TC-T,2-234203597-T-C,2-234206750-A-C,2-234206799-G-A,2-234208258-C-T,2-234206474-C-T,2-234206504-T-C,2-234206610-G-A","ENSG00000222001,ENSG00000085978,ENSG00000228445,ENSG00000248114,ENSG00000226442,ENSG00000135930,ENSG00000241119,ENSG00000171551,ENSG00000072080,ENSG00000167165,ENSG00000168918,ENSG00000123485,ENSG00000237126,ENSG00000066248,ENSG00000279218,ENSG00000286059,ENSG00000233445,ENSG00000244474,ENSG00000178836,ENSG00000085982,ENSG00000221944,ENSG00000251485,ENSG00000227802,ENSG00000077044,ENSG00000288702,ENSG00000182600,ENSG00000204120,ENSG00000185038,ENSG00000244122,ENSG00000115468,ENSG00000241635,ENSG00000144481,ENSG00000251791","ENSG00000244122,ENSG00000130561,ENSG00000227846,ENSG00000279218,ENSG00000227802,ENSG00000248114,ENSG00000244474,ENSG00000233445,ENSG00000241635,ENSG00000286059,ENSG00000171551,ENSG00000224287,ENSG00000288702,ENSG00000237784,ENSG00000237126,ENSG00000278593,ENSG00000077044,ENSG00000144481,ENSG00000204120,ENSG00000263941,ENSG00000242366,ENSG00000237581,ENSG00000185038,ENSG00000226442,ENSG00000231682,ENSG00000280744,ENSG00000261298,ENSG00000226542,ENSG00000241119,ENSG00000072080,ENSG00000135930,ENSG00000115468,ENSG00000234143,ENSG00000123485,ENSG00000167165,ENSG00000222001,ENSG00000232690,ENSG00000228162,ENSG00000221944,ENSG00000182600,ENSG00000201013,ENSG00000228949,ENSG00000289129,ENSG00000271639,ENSG00000085978,ENSG00000242515,ENSG00000231032,ENSG00000066248,ENSG00000259793,ENSG00000228445,ENSG00000251485,ENSG00000251791,ENSG00000288040,ENSG00000178836,ENSG00000168918,ENSG00000085982",ENSG00000085978,Liver eQTLs,train
20008598200092196-92196000004188,chr2,"2-234475415-G-A,2-234464498-T-C,2-234361802-G-T","ENSG00000222001,ENSG00000248705,ENSG00000251791,ENSG00000123485,ENSG00000085978,ENSG00000288702,ENSG00000115468,ENSG00000185038,ENSG00000228445,ENSG00000226442,ENSG00000233445,ENSG00000066248,ENSG00000188042,ENSG00000144481,ENSG00000241635,ENSG00000279218,ENSG00000227802,ENSG00000077044,ENSG00000178836,ENSG00000072080,ENSG00000167165,ENSG00000248114,ENSG00000182600,ENSG00000204120,ENSG00000244122,ENSG00000244474,ENSG00000286059,ENSG00000241119,ENSG00000085982,ENSG00000237126,ENSG00000168918","ENSG00000241119,ENSG00000227846,ENSG00000231682,ENSG00000286059,ENSG00000235293,ENSG00000123485,ENSG00000227802,ENSG00000237784,ENSG00000178836,ENSG00000226542,ENSG00000234143,ENSG00000077044,ENSG00000167165,ENSG00000228162,ENSG00000279218,ENSG00000224287,ENSG00000261298,ENSG00000231032,ENSG00000115468,ENSG00000144481,ENSG00000232690,ENSG00000288702,ENSG00000288040,ENSG00000271639,ENSG00000244474,ENSG00000085982,ENSG00000242366,ENSG00000085978,ENSG00000251791,ENSG00000188042,ENSG00000185038,ENSG00000233445,ENSG00000066248,ENSG00000242515,ENSG00000241635,ENSG00000237126,ENSG00000244122,ENSG00000222001,ENSG00000204120,ENSG00000237581,ENSG00000248114,ENSG00000182600,ENSG00000248705,ENSG00000228445,ENSG00000168918,ENSG00000280744,ENSG00000228949,ENSG00000226442,ENSG00000278593,ENSG00000072080",ENSG00000085982,Liver eQTLs,train
20008708500092196-92196000006484,chr7,"7-100512119-C-T,7-100510437-G-GA,7-100509163-C-T,7-100509201-A-G,7-100492568-G-A,7-100498475-A-G,7-100455700-C-T,7-100455733-C-T,7-100456611-G-C,7-100457356-A-G,7-100471595-A-G,7-100475838-C-T,7-100476110-T-C,7-100477829-G-A,7-100481658-GT-G,7-100482526-C-G,7-100484917-C-T,7-100486088-C-T,7-100476497-T-C,7-100505792-A-G,7-100506528-C-A,7-100448445-T-G,7-100454130-CCTT-C,7-100460995-C-CT","ENSG00000146828,ENSG00000235713,ENSG00000160963,ENSG00000184414,ENSG00000196411,ENSG00000197093,ENSG00000066923,ENSG00000087087,ENSG00000106397,ENSG00000257923,ENSG00000286923,ENSG00000106400,ENSG00000121716,ENSG00000176402,ENSG00000172354,ENSG00000214252,ENSG00000172336,ENSG00000087085,ENSG00000077454,ENSG00000106384,ENSG00000106333,ENSG00000160813,ENSG00000106330,ENSG00000214313,ENSG00000146839,ENSG00000106366,ENSG00000221838,ENSG00000087077,ENSG00000146834,ENSG00000146830,ENSG00000130427,ENSG00000146826,ENSG00000242294,ENSG00000166508,ENSG00000146833,ENSG00000188186,ENSG00000185955,ENSG00000166924,ENSG00000106336,ENSG00000106327,ENSG00000205307,ENSG00000106351,ENSG00000166925,ENSG00000224729,ENSG00000106367,ENSG00000106261,ENSG00000214309,ENSG00000214253,ENSG00000213420,ENSG00000239521,ENSG00000278683,ENSG00000288976,ENSG00000214300,ENSG00000213413,ENSG00000128581,ENSG00000176125,ENSG00000166526,ENSG00000160862,ENSG00000085514,ENSG00000169871,ENSG00000235077,ENSG00000166529,ENSG00000106290,ENSG00000078319,ENSG00000214142,ENSG00000106404,ENSG00000168090,ENSG00000232445,ENSG00000166997,ENSG00000078487","ENSG00000241357,ENSG00000225807,ENSG00000106367,ENSG00000242101,ENSG00000213420,ENSG00000235713,ENSG00000214300,ENSG00000239825,ENSG00000224729,ENSG00000130427,ENSG00000172336,ENSG00000286923,ENSG00000199711,ENSG00000106333,ENSG00000146839,ENSG00000232445,ENSG00000188186,ENSG00000213413,ENSG00000214252,ENSG00000146834,ENSG00000146830,ENSG00000106261,ENSG00000260524,ENSG00000214253,ENSG00000176402,ENSG00000239521,ENSG00000106404,ENSG00000282277,ENSG00000284518,ENSG00000087077,ENSG00000166924,ENSG00000087085,ENSG00000169871,ENSG00000257923,ENSG00000244623,ENSG00000278683,ENSG00000087087,ENSG00000235077,ENSG00000146828,ENSG00000233683,ENSG00000283821,ENSG00000197093,ENSG00000146826,ENSG00000166526,ENSG00000160813,ENSG00000066923,ENSG00000106366,ENSG00000208036,ENSG00000166508,ENSG00000160862,ENSG00000201913,ENSG00000106336,ENSG00000106384,ENSG00000077454,ENSG00000106400,ENSG00000264425,ENSG00000235926,ENSG00000166997,ENSG00000214313,ENSG00000078487,ENSG00000176125,ENSG00000261511,ENSG00000288749,ENSG00000106327,ENSG00000185955,ENSG00000242294,ENSG00000085514,ENSG00000237640,ENSG00000221838,ENSG00000260445,ENSG00000207757,ENSG00000160963,ENSG00000184414,ENSG00000106351,ENSG00000146833,ENSG00000121716,ENSG00000214142,ENSG00000166529,ENSG00000222966,ENSG00000232301,ENSG00000288976,ENSG00000166925,ENSG00000106290,ENSG00000207454,ENSG00000128581,ENSG00000078319,ENSG00000106330,ENSG00000263672,ENSG00000214309,ENSG00000106397,ENSG00000172354,ENSG00000205307,ENSG00000196411,ENSG00000168090",ENSG00000087085,Liver eQTLs,train
20008708700092196-92196000006483,chr7,"7-100493359-G-A,7-100493359-G-A,7-100493359-G-A,7-100493359-G-A,7-100493711-G-A,7-100493711-G-A,7-100493711-G-A,7-100493711-G-A,7-100494949-G-T,7-100494949-G-T,7-100494949-G-T,7-100494949-G-T,7-100494959-G-T,7-100494959-G-T,7-100494959-G-T,7-100494959-G-T,7-100494960-G-T,7-100494960-G-T,7-100494960-G-T,7-100494960-G-T,7-100496887-A-G,7-100496887-A-G,7-100496887-A-G,7-100496887-A-G,7-100499315-G-A,7-100499315-G-A,7-100499315-G-A,7-100499315-G-A,7-100509253-A-C,7-100509253-A-C,7-100509253-A-C,7-100509253-A-C,7-100506381-C-T,7-100506381-C-T,7-100506381-C-T,7-100506381-C-T,7-100471044-C-T,7-100471044-C-T,7-100471044-C-T,7-100471044-C-T,7-100473550-G-A,7-100473550-G-A,7-100473550-G-A,7-100473550-G-A,7-100474289-T-C,7-100474289-T-C,7-100474289-T-C,7-100474289-T-C,7-100482720-G-A,7-100482720-G-A,7-100482720-G-A,7-100482720-G-A,7-100484381-T-G,7-100484381-T-G,7-100484381-T-G,7-100484381-T-G,7-100486754-G-C,7-100486754-G-C,7-100486754-G-C,7-100486754-G-C,7-100456595-G-A,7-100456595-G-A,7-100456595-G-A,7-100456595-G-A,7-100465355-C-T,7-100465355-C-T,7-100465355-C-T,7-100465355-C-T,7-100467700-C-T,7-100467700-C-T,7-100467700-C-T,7-100467700-C-T,7-100497131-A-G,7-100497131-A-G,7-100497131-A-G,7-100497131-A-G,7-100453208-T-C,7-100453208-T-C,7-100453208-T-C,7-100453208-T-C,7-100472380-C-T,7-100472380-C-T,7-100472380-C-T,7-100472380-C-T,7-100496639-A-AAT,7-100496639-A-AAT,7-100496639-A-AAT,7-100496639-A-AAT","ENSG00000242294,ENSG00000235077,ENSG00000078319,ENSG00000106336,ENSG00000197093,ENSG00000176125,ENSG00000066923,ENSG00000239521,ENSG00000166925,ENSG00000077454,ENSG00000087087,ENSG00000235713,ENSG00000106366,ENSG00000146826,ENSG00000146834,ENSG00000176402,ENSG00000106351,ENSG00000087085,ENSG00000121716,ENSG00000146830,ENSG00000078487,ENSG00000214309,ENSG00000146839,ENSG00000106400,ENSG00000214313,ENSG00000106261,ENSG00000106327,ENSG00000160862,ENSG00000214252,ENSG00000169871,ENSG00000184414,ENSG00000106384,ENSG00000257923,ENSG00000172354,ENSG00000106404,ENSG00000130427,ENSG00000205307,ENSG00000168090,ENSG00000214142,ENSG00000160963,ENSG00000286923,ENSG00000166529,ENSG00000288976,ENSG00000106330,ENSG00000146833,ENSG00000185955,ENSG00000106290,ENSG00000166997,ENSG00000166526,ENSG00000106333,ENSG00000106367,ENSG00000087077,ENSG00000196411,ENSG00000160813,ENSG00000224729,ENSG00000213413,ENSG00000166924,ENSG00000214300,ENSG00000232445,ENSG00000146828,ENSG00000214253,ENSG00000106397,ENSG00000172336,ENSG00000166508,ENSG00000221838,ENSG00000188186,ENSG00000213420,ENSG00000128581,ENSG00000278683,ENSG00000085514","ENSG00000172336,ENSG00000166526,ENSG00000168090,ENSG00000106327,ENSG00000172354,ENSG00000257923,ENSG00000085514,ENSG00000260524,ENSG00000214309,ENSG00000106330,ENSG00000214300,ENSG00000213413,ENSG00000224729,ENSG00000235077,ENSG00000166925,ENSG00000106290,ENSG00000106384,ENSG00000263672,ENSG00000286923,ENSG00000106404,ENSG00000106400,ENSG00000106351,ENSG00000121716,ENSG00000146833,ENSG00000196411,ENSG00000106367,ENSG00000237640,ENSG00000282277,ENSG00000087087,ENSG00000176402,ENSG00000066923,ENSG00000235713,ENSG00000146834,ENSG00000106333,ENSG00000078487,ENSG00000233683,ENSG00000221838,ENSG00000232445,ENSG00000232301,ENSG00000197093,ENSG00000207757,ENSG00000239521,ENSG00000242101,ENSG00000222966,ENSG00000184414,ENSG00000146839,ENSG00000208036,ENSG00000288749,ENSG00000214313,ENSG00000146828,ENSG00000185955,ENSG00000239825,ENSG00000201913,ENSG00000244623,ENSG00000087085,ENSG00000166997,ENSG00000260445,ENSG00000214142,ENSG00000188186,ENSG00000146826,ENSG00000166924,ENSG00000278683,ENSG00000225807,ENSG00000207454,ENSG00000264425,ENSG00000283821,ENSG00000160862,ENSG00000241357,ENSG00000106397,ENSG00000176125,ENSG00000235926,ENSG00000106366,ENSG00000106336,ENSG00000284518,ENSG00000160813,ENSG00000213420,ENSG00000078319,ENSG00000288976,ENSG00000128581,ENSG00000166508,ENSG00000214252,ENSG00000214253,ENSG00000087077,ENSG00000160963,ENSG00000205307,ENSG00000130427,ENSG00000169871,ENSG00000077454,ENSG00000242294,ENSG00000261511,ENSG00000106261,ENSG00000166529,ENSG00000199711,ENSG00000146830",ENSG00000087087,Liver eQTLs,train
20008730300092196-92196000002144,chr14,"14-52553180-G-C,14-52553563-G-A,14-52543421-C-T,14-52548843-C-T,14-52560934-C-T,14-52572459-A-C,14-52553290-AT-A,14-52545391-C-G,14-52550672-G-C,14-52563772-G-A,14-52553959-T-G,14-52544565-T-C,14-52549984-T-C,14-52555201-G-A,14-52555811-G-A,14-52544615-G-A,14-52545019-T-C,14-52550736-T-C,14-52552690-T-C,14-52553691-G-T,14-52555124-C-T,14-52555673-C-T,14-52555693-T-C","ENSG00000186469,ENSG00000125384,ENSG00000180998,ENSG00000288045,ENSG00000087302,ENSG00000087303,ENSG00000100522,ENSG00000261208,ENSG00000100519,ENSG00000139921,ENSG00000197930,ENSG00000073712,ENSG00000271075,ENSG00000285664,ENSG00000100505,ENSG00000277050,ENSG00000289424,ENSG00000168229,ENSG00000198252,ENSG00000087301,ENSG00000273888,ENSG00000139926","ENSG00000285664,ENSG00000258440,ENSG00000258535,ENSG00000207004,ENSG00000289424,ENSG00000087303,ENSG00000273888,ENSG00000087301,ENSG00000271075,ENSG00000258981,ENSG00000073712,ENSG00000251756,ENSG00000258928,ENSG00000288045,ENSG00000186469,ENSG00000168229,ENSG00000125384,ENSG00000259111,ENSG00000258537,ENSG00000198252,ENSG00000139921,ENSG00000087302,ENSG00000258694,ENSG00000258731,ENSG00000261208,ENSG00000197930,ENSG00000258993,ENSG00000286730,ENSG00000139926,ENSG00000258503,ENSG00000259157,ENSG00000258698,ENSG00000180998,ENSG00000258854,ENSG00000258423,ENSG00000258550,ENSG00000100519,ENSG00000277050,ENSG00000100505,ENSG00000258849,ENSG00000100522",ENSG00000087303,Liver eQTLs,train
20008736500092196-92196000001350,chr11,"11-65835251-C-A,11-65789137-C-G,11-65793454-C-T,11-65793942-A-G,11-65824472-C-T,11-65825951-T-A,11-65822016-T-C,11-65790810-G-A,11-65793797-G-A,11-65793874-CA-C,11-65800243-C-T,11-65808004-G-A,11-65812487-C-T,11-65821650-C-CA,11-65800096-C-CA,11-65817307-A-G,11-65820673-A-G,11-65823293-T-C,11-65828392-T-C,11-65798432-C-T,11-65787196-A-G,11-65819683-A-G,11-65828625-A-C,11-65798719-C-T,11-65812497-GAGA-G,11-65819551-C-T,11-65826704-G-A,11-65804605-T-C,11-65785490-T-G,11-65785211-G-A","ENSG00000174807,ENSG00000149823,ENSG00000174547,ENSG00000175573,ENSG00000175115,ENSG00000014216,ENSG00000172543,ENSG00000087365,ENSG00000175550,ENSG00000174744,ENSG00000197136,ENSG00000173914,ENSG00000173599,ENSG00000251562,ENSG00000146670,ENSG00000142186,ENSG00000175592,ENSG00000149806,ENSG00000175467,ENSG00000287917,ENSG00000149809,ENSG00000176973,ENSG00000174669,ENSG00000014138,ENSG00000173039,ENSG00000173338,ENSG00000174576,ENSG00000172500,ENSG00000254470,ENSG00000173227,ENSG00000172803,ENSG00000172977,ENSG00000172757,ENSG00000260233,ENSG00000182791,ENSG00000289339,ENSG00000174080,ENSG00000173621,ENSG00000162298,ENSG00000172922,ENSG00000173933,ENSG00000173715,ENSG00000172732,ENSG00000149798,ENSG00000255468,ENSG00000255038,ENSG00000174903,ENSG00000174165,ENSG00000133884,ENSG00000254461,ENSG00000239306,ENSG00000173327,ENSG00000173825,ENSG00000254986,ENSG00000175334,ENSG00000213445,ENSG00000174516,ENSG00000173156,ENSG00000173898,ENSG00000174483,ENSG00000174276,ENSG00000204710,ENSG00000174684,ENSG00000255478,ENSG00000173653,ENSG00000245156,ENSG00000255517,ENSG00000278952,ENSG00000245532,ENSG00000162241,ENSG00000173237,ENSG00000173465,ENSG00000174996,ENSG00000254614,ENSG00000126391,ENSG00000173992,ENSG00000255200,ENSG00000254510,ENSG00000175376,ENSG00000179292,ENSG00000149792,ENSG00000197847,ENSG00000254855,ENSG00000173727,ENSG00000172818,ENSG00000174871,ENSG00000174851,ENSG00000162300,ENSG00000173442,ENSG00000174791,ENSG00000172638,ENSG00000285533,ENSG00000255120,ENSG00000175602,ENSG00000168056","ENSG00000173992,ENSG00000172732,ENSG00000173825,ENSG00000254762,ENSG00000270775,ENSG00000174996,ENSG00000275948,ENSG00000014138,ENSG00000287917,ENSG00000175115,ENSG00000149792,ENSG00000255468,ENSG00000239306,ENSG00000187066,ENSG00000172803,ENSG00000173653,ENSG00000173227,ENSG00000149809,ENSG00000162298,ENSG00000202317,ENSG00000174871,ENSG00000173715,ENSG00000255058,ENSG00000174807,ENSG00000278952,ENSG00000174276,ENSG00000254501,ENSG00000182791,ENSG00000254984,ENSG00000162241,ENSG00000254510,ENSG00000176973,ENSG00000279243,ENSG00000260233,ENSG00000289231,ENSG00000254461,ENSG00000173898,ENSG00000274314,ENSG00000254756,ENSG00000201733,ENSG00000285533,ENSG00000254614,ENSG00000133884,ENSG00000278851,ENSG00000174744,ENSG00000146670,ENSG00000173727,ENSG00000087365,ENSG00000174080,ENSG00000173327,ENSG00000174483,ENSG00000173338,ENSG00000173599,ENSG00000255120,ENSG00000172818,ENSG00000286459,ENSG00000162300,ENSG00000239553,ENSG00000245156,ENSG00000197136,ENSG00000126391,ENSG00000254736,ENSG00000254867,ENSG00000175602,ENSG00000254470,ENSG00000254458,ENSG00000213409,ENSG00000199325,ENSG00000149798,ENSG00000174547,ENSG00000174165,ENSG00000266041,ENSG00000149806,ENSG00000255200,ENSG00000254855,ENSG00000255517,ENSG00000173914,ENSG00000255404,ENSG00000173156,ENSG00000254596,ENSG00000173039,ENSG00000142186,ENSG00000197847,ENSG00000172543,ENSG00000174851,ENSG00000172500,ENSG00000175376,ENSG00000014216,ENSG00000175592,ENSG00000175573,ENSG00000173465,ENSG00000172922,ENSG00000174576,ENSG00000254455,ENSG00000172638,ENSG00000287821,ENSG00000254986,ENSG00000172977,ENSG00000274986,ENSG00000174791,ENSG00000245532,ENSG00000289339,ENSG00000250105,ENSG00000255038,ENSG00000174516,ENSG00000175467,ENSG00000214659,ENSG00000173933,ENSG00000255478,ENSG00000222477,ENSG00000172757,ENSG00000286756,ENSG00000239356,ENSG00000174684,ENSG00000149823,ENSG00000179292,ENSG00000175334,ENSG00000168056,ENSG00000251562,ENSG00000270526,ENSG00000173442,ENSG00000276918,ENSG00000173621,ENSG00000204710,ENSG00000174903,ENSG00000173237,ENSG00000174669,ENSG00000213445,ENSG00000284489,ENSG00000230835,ENSG00000289259,ENSG00000175550,ENSG00000265874,ENSG00000279093",ENSG00000087365,Liver eQTLs,train
20008844800092196-92196000001876,chr13,"13-111571836-G-A,13-111573438-G-C,13-111575914-A-T,13-111571861-C-T,13-111572013-G-C,13-111573649-G-A,13-111575463-G-A,13-111541382-TATCA-T,13-111543149-TG-T,13-111549315-C-T,13-111549982-G-C,13-111550388-C-T,13-111559742-G-A,13-111529619-A-C,13-111566732-C-G,13-111568107-G-A,13-111568474-C-T,13-111570004-G-T,13-111564228-C-T,13-111566412-G-C,13-111566432-A-G,13-111566790-A-G,13-111566989-A-G,13-111567039-G-C,13-111567936-C-G,13-111567902-C-T,13-111528401-A-G,13-111528750-T-C","ENSG00000187498,ENSG00000213995,ENSG00000229152,ENSG00000102606,ENSG00000275830,ENSG00000232814,ENSG00000225760,ENSG00000153495,ENSG00000153487,ENSG00000088448,ENSG00000139832,ENSG00000235875,ENSG00000134871,ENSG00000255874,ENSG00000275880,ENSG00000276269,ENSG00000134905","ENSG00000226903,ENSG00000229520,ENSG00000260385,ENSG00000225870,ENSG00000088448,ENSG00000275989,ENSG00000182968,ENSG00000102606,ENSG00000225760,ENSG00000215881,ENSG00000153487,ENSG00000223626,ENSG00000275830,ENSG00000229152,ENSG00000286824,ENSG00000213995,ENSG00000200072,ENSG00000187498,ENSG00000139832,ENSG00000235875,ENSG00000225239,ENSG00000224243,ENSG00000255874,ENSG00000227352,ENSG00000134905,ENSG00000259831,ENSG00000274614,ENSG00000227105,ENSG00000233644,ENSG00000232814,ENSG00000204398,ENSG00000153495,ENSG00000276269,ENSG00000275880,ENSG00000134871",ENSG00000088448,Liver eQTLs,train
20008845100092196-92196000001990,chr13,"13-95230877-G-A,13-95238154-T-C,13-95226210-G-C,13-95244007-A-C,13-95223400-G-A,13-95224899-G-C,13-95249907-T-C,13-95250733-TG-T,13-95252985-GA-G,13-95229930-T-C,13-95234187-C-T,13-95241881-G-A","ENSG00000125257,ENSG00000088451,ENSG00000134873","ENSG00000232373,ENSG00000287635,ENSG00000271492,ENSG00000227714,ENSG00000260962,ENSG00000235768,ENSG00000134873,ENSG00000200211,ENSG00000088451,ENSG00000237924,ENSG00000238230,ENSG00000229622,ENSG00000226977,ENSG00000252335,ENSG00000125257,ENSG00000242614,ENSG00000222129,ENSG00000125285,ENSG00000223298,ENSG00000223392",ENSG00000088451,Liver eQTLs,train
20008888100092196-92196000004478,chr20,"20-2732951-C-T,20-2732902-C-G","ENSG00000101405,ENSG00000235958,ENSG00000125877,ENSG00000101361,ENSG00000088876,ENSG00000088882,ENSG00000232528,ENSG00000198053,ENSG00000088827,ENSG00000101200,ENSG00000289183,ENSG00000215251,ENSG00000289494,ENSG00000088812,ENSG00000125834,ENSG00000132670,ENSG00000125901,ENSG00000088899,ENSG00000149451,ENSG00000125835,ENSG00000198171,ENSG00000132622,ENSG00000215305,ENSG00000276649,ENSG00000088836,ENSG00000101365,ENSG00000125787,ENSG00000226644,ENSG00000185019,ENSG00000088854,ENSG00000125780,ENSG00000132635,ENSG00000088881","ENSG00000088827,ENSG00000088812,ENSG00000132670,ENSG00000132635,ENSG00000101405,ENSG00000271461,ENSG00000125901,ENSG00000125861,ENSG00000088836,ENSG00000198053,ENSG00000215305,ENSG00000258713,ENSG00000125835,ENSG00000198171,ENSG00000149451,ENSG00000201346,ENSG00000132622,ENSG00000088899,ENSG00000088881,ENSG00000207305,ENSG00000198326,ENSG00000101361,ENSG00000228293,ENSG00000263905,ENSG00000233896,ENSG00000088854,ENSG00000227663,ENSG00000125834,ENSG00000101200,ENSG00000289494,ENSG00000201294,ENSG00000226217,ENSG00000288577,ENSG00000101365,ENSG00000215251,ENSG00000225116,ENSG00000289183,ENSG00000286108,ENSG00000229686,ENSG00000088882,ENSG00000125780,ENSG00000232528,ENSG00000185019,ENSG00000235958,ENSG00000271798,ENSG00000287561,ENSG00000276649,ENSG00000101327,ENSG00000226644,ENSG00000125787,ENSG00000088876,ENSG00000166948,ENSG00000287213,ENSG00000125877",ENSG00000088881,Liver eQTLs,train
20008917700092196-92196000004454,chr20,"20-16558790-T-C,20-16559406-C-T,20-16559660-T-A,20-16559660-T-A,20-16550066-G-C,20-16548529-G-A,20-16552181-TC-T,20-16552335-C-T,20-16552964-C-A,20-16555620-G-C,20-16559508-C-T,20-16560330-G-A,20-16561203-A-G,20-16545368-C-T,20-16546134-C-T,20-16546335-G-A,20-16546398-G-A,20-16558260-G-A,20-16561909-C-G,20-16562007-G-A,20-16562108-T-C,20-16562296-T-C,20-16562460-C-T,20-16565025-A-G,20-16561360-G-A,20-16596613-G-A,20-16563167-G-T,20-16564100-C-T,20-16542429-G-A","ENSG00000125870,ENSG00000273998,ENSG00000125864,ENSG00000089177,ENSG00000125851,ENSG00000125868","ENSG00000200494,ENSG00000125879,ENSG00000224274,ENSG00000220540,ENSG00000125864,ENSG00000232333,ENSG00000228809,ENSG00000286571,ENSG00000251955,ENSG00000236985,ENSG00000226229,ENSG00000212165,ENSG00000125851,ENSG00000235208,ENSG00000125868,ENSG00000287410,ENSG00000089177,ENSG00000238833,ENSG00000287241,ENSG00000225622,ENSG00000232241,ENSG00000125870,ENSG00000273998,ENSG00000275728",ENSG00000089177,Liver eQTLs,train
20008968500092196-92196000003258,chr17,"17-76213474-C-T,17-76213799-C-T,17-76214127-A-C,17-76213996-C-A,17-76214017-C-T,17-76213310-G-A,17-76213250-C-T","ENSG00000108669,ENSG00000167280,ENSG00000287257,ENSG00000078687,ENSG00000279801,ENSG00000266970,ENSG00000184557,ENSG00000263718,ENSG00000287539,ENSG00000141524,ENSG00000266998,ENSG00000108679,ENSG00000089685,ENSG00000108639,ENSG00000204277,ENSG00000055483,ENSG00000184640,ENSG00000171302,ENSG00000167900,ENSG00000265096,ENSG00000167895,ENSG00000187775,ENSG00000183077,ENSG00000087157,ENSG00000267737,ENSG00000035862","ENSG00000251779,ENSG00000184557,ENSG00000267568,ENSG00000275360,ENSG00000267084,ENSG00000183077,ENSG00000167280,ENSG00000167900,ENSG00000204277,ENSG00000264829,ENSG00000263718,ENSG00000266970,ENSG00000264853,ENSG00000277382,ENSG00000267737,ENSG00000280122,ENSG00000265342,ENSG00000287539,ENSG00000200257,ENSG00000171302,ENSG00000207169,ENSG00000267521,ENSG00000274051,ENSG00000087157,ENSG00000265096,ENSG00000265987,ENSG00000267376,ENSG00000202332,ENSG00000222808,ENSG00000287257,ENSG00000279801,ENSG00000035862,ENSG00000286750,ENSG00000055483,ENSG00000264270,ENSG00000108679,ENSG00000141524,ENSG00000108669,ENSG00000242931,ENSG00000228007,ENSG00000108639,ENSG00000184640,ENSG00000223217,ENSG00000187775,ENSG00000287836,ENSG00000267535,ENSG00000264511,ENSG00000266998,ENSG00000276202,ENSG00000089685,ENSG00000199961,ENSG00000283853,ENSG00000199735,ENSG00000267518,ENSG00000167895,ENSG00000078687,ENSG00000212418,ENSG00000284595",ENSG00000089685,Liver eQTLs,train
20009031600092196-92196000005422,chr4,4-1324317-C-A,"ENSG00000178222,ENSG00000215375,ENSG00000244459,ENSG00000272588,ENSG00000163950,ENSG00000127418,ENSG00000169020,ENSG00000145217,ENSG00000185049,ENSG00000280927,ENSG00000286705,ENSG00000185619,ENSG00000133256,ENSG00000174137,ENSG00000013810,ENSG00000249592,ENSG00000127415,ENSG00000145214,ENSG00000169026,ENSG00000174227,ENSG00000273179,ENSG00000090316,ENSG00000243449,ENSG00000159674,ENSG00000182903,ENSG00000178950,ENSG00000131127,ENSG00000123933,ENSG00000127419,ENSG00000168936,ENSG00000272885,ENSG00000168993,ENSG00000130997,ENSG00000068078,ENSG00000214367,ENSG00000109685,ENSG00000168924,ENSG00000251595,ENSG00000272927","ENSG00000283183,ENSG00000168993,ENSG00000273179,ENSG00000127418,ENSG00000212458,ENSG00000284587,ENSG00000272588,ENSG00000272885,ENSG00000251535,ENSG00000131127,ENSG00000185049,ENSG00000123933,ENSG00000243449,ENSG00000182903,ENSG00000178950,ENSG00000215375,ENSG00000215367,ENSG00000280927,ENSG00000127419,ENSG00000272927,ENSG00000174227,ENSG00000248416,ENSG00000133256,ENSG00000168924,ENSG00000090316,ENSG00000130997,ENSG00000249592,ENSG00000168936,ENSG00000239247,ENSG00000251148,ENSG00000013810,ENSG00000251639,ENSG00000249025,ENSG00000109685,ENSG00000159674,ENSG00000185619,ENSG00000174137,ENSG00000273238,ENSG00000068078,ENSG00000163950,ENSG00000169026,ENSG00000145217,ENSG00000286705,ENSG00000214367,ENSG00000207642,ENSG00000250259,ENSG00000145214,ENSG00000127415,ENSG00000235608,ENSG00000169020,ENSG00000244459,ENSG00000251652,ENSG00000260262,ENSG00000250623,ENSG00000207009,ENSG00000251595,ENSG00000253399,ENSG00000178222",ENSG00000090316,Liver eQTLs,train
20009164000092196-92196000003140,chr17,"17-4870893-G-A,17-4871518-T-C,17-4876327-T-C,17-4904376-T-A,17-4875628-A-G,17-4877358-G-A,17-4878437-C-G,17-4881434-C-T,17-4882332-G-A,17-4895763-G-A,17-4933406-G-A,17-4937351-G-T,17-4937967-C-T,17-4932537-C-G,17-4865928-G-A,17-4866304-C-T,17-4907103-G-A,17-4908721-A-G,17-4911317-A-G,17-4911630-CATACCAGTGAAGGGATGGTGCAGAGGCCAGT-C,17-4916019-G-T,17-4914028-C-T,17-4930115-G-A,17-4931553-G-T,17-4934748-G-A,17-4924097-C-G,17-4921397-T-C,17-4849627-A-T,17-4850312-G-C,17-4858299-A-AC,17-4858299-A-AC","ENSG00000108509,ENSG00000141456,ENSG00000029725,ENSG00000161921,ENSG00000234203,ENSG00000280254,ENSG00000161929,ENSG00000196388,ENSG00000108528,ENSG00000274363,ENSG00000213939,ENSG00000167741,ENSG00000129219,ENSG00000234327,ENSG00000108556,ENSG00000129250,ENSG00000263220,ENSG00000167842,ENSG00000227495,ENSG00000185722,ENSG00000183018,ENSG00000074755,ENSG00000262227,ENSG00000141503,ENSG00000167740,ENSG00000262823,ENSG00000182557,ENSG00000161920,ENSG00000180626,ENSG00000141497,ENSG00000286190,ENSG00000132388,ENSG00000262165,ENSG00000108515,ENSG00000142507,ENSG00000185245,ENSG00000205710,ENSG00000129197,ENSG00000108523,ENSG00000132382,ENSG00000108561,ENSG00000005100,ENSG00000244184,ENSG00000263164,ENSG00000167840,ENSG00000182327,ENSG00000182853,ENSG00000072849,ENSG00000091640,ENSG00000188176,ENSG00000263272,ENSG00000091592,ENSG00000141480,ENSG00000180787,ENSG00000261879,ENSG00000108518,ENSG00000142484,ENSG00000108559,ENSG00000229782,ENSG00000129204","ENSG00000108518,ENSG00000262921,ENSG00000108556,ENSG00000132382,ENSG00000074755,ENSG00000167840,ENSG00000251812,ENSG00000108515,ENSG00000263164,ENSG00000213939,ENSG00000072849,ENSG00000108509,ENSG00000205710,ENSG00000262823,ENSG00000129250,ENSG00000167740,ENSG00000262495,ENSG00000167741,ENSG00000091640,ENSG00000244184,ENSG00000261879,ENSG00000180787,ENSG00000141456,ENSG00000142484,ENSG00000252456,ENSG00000234203,ENSG00000230201,ENSG00000262678,ENSG00000132388,ENSG00000161929,ENSG00000227495,ENSG00000262519,ENSG00000188176,ENSG00000196388,ENSG00000161920,ENSG00000183018,ENSG00000161921,ENSG00000167842,ENSG00000234327,ENSG00000261863,ENSG00000261898,ENSG00000182557,ENSG00000185245,ENSG00000274300,ENSG00000262693,ENSG00000129204,ENSG00000278517,ENSG00000108523,ENSG00000108559,ENSG00000108561,ENSG00000180626,ENSG00000185722,ENSG00000182853,ENSG00000262099,ENSG00000284837,ENSG00000029725,ENSG00000263312,ENSG00000286190,ENSG00000141497,ENSG00000091592,ENSG00000280254,ENSG00000182327,ENSG00000262165,ENSG00000282980,ENSG00000129197,ENSG00000141480,ENSG00000142507,ENSG00000141503,ENSG00000005100,ENSG00000229782,ENSG00000222429,ENSG00000286356,ENSG00000108528,ENSG00000262961,ENSG00000262227,ENSG00000263220,ENSG00000274363,ENSG00000264113,ENSG00000263882,ENSG00000262855,ENSG00000263272,ENSG00000129219,ENSG00000262429",ENSG00000091640,Liver eQTLs,train
20009202000092196-92196000002123,chr14,"14-35593599-C-G,14-35596284-G-C,14-35597149-C-T,14-35597339-A-G,14-35598370-C-T,14-35599923-T-C,14-35602273-T-G,14-35590821-C-G,14-35591174-T-C,14-35591726-T-C,14-35599690-CT-C,14-35588551-A-AT,14-35573429-T-TGCTAGAAAGAGATG,14-35588296-A-C,14-35563079-C-A,14-35563211-T-C,14-35560539-T-A,14-35604985-A-G,14-35605465-G-A,14-35605570-GT-G,14-35582138-A-G,14-35546750-A-G,14-35619614-C-T,14-35622938-T-G,14-35625608-A-G,14-35626784-G-C,14-35556089-T-C,14-35556842-A-G,14-35539882-A-T,14-35542146-G-A,14-35524570-T-C,14-35546797-G-T,14-35523548-G-A,14-35525365-T-C,14-35527239-A-G,14-35528193-C-G,14-35530291-C-CAT,14-35532970-A-G,14-35533748-A-C,14-35533950-A-G,14-35532203-A-T","ENSG00000100916,ENSG00000100906,ENSG00000100890,ENSG00000258738,ENSG00000100902,ENSG00000129518,ENSG00000198604,ENSG00000258704,ENSG00000092020,ENSG00000129515,ENSG00000226677,ENSG00000258938,ENSG00000240463,ENSG00000165389,ENSG00000174373,ENSG00000165410,ENSG00000129521,ENSG00000100883","ENSG00000188831,ENSG00000258342,ENSG00000289098,ENSG00000275978,ENSG00000259104,ENSG00000259017,ENSG00000253059,ENSG00000253003,ENSG00000258783,ENSG00000259105,ENSG00000256243,ENSG00000257720,ENSG00000165389,ENSG00000259022,ENSG00000092020,ENSG00000258938,ENSG00000226677,ENSG00000129518,ENSG00000241052,ENSG00000129515,ENSG00000174373,ENSG00000259090,ENSG00000129521,ENSG00000258493,ENSG00000258860,ENSG00000165410,ENSG00000257826,ENSG00000258844,ENSG00000100906,ENSG00000283098,ENSG00000243730,ENSG00000282308,ENSG00000100883,ENSG00000240463,ENSG00000257614,ENSG00000253563,ENSG00000258704,ENSG00000257307,ENSG00000258300,ENSG00000258738,ENSG00000257272,ENSG00000100916,ENSG00000251726,ENSG00000136327,ENSG00000238540,ENSG00000100890,ENSG00000252312,ENSG00000229415,ENSG00000258467,ENSG00000198604,ENSG00000257585,ENSG00000100902,ENSG00000282625",ENSG00000092020,Liver eQTLs,train
20009203600092196-92196000002074,chr14,"14-23426182-C-A,14-23426422-A-G,14-23429713-T-C,14-23416252-C-G,14-23418648-G-C,14-23419036-C-T,14-23421096-A-G,14-23422453-A-G,14-23420383-G-T,14-23418724-C-T,14-23417649-TA-T,14-23416138-A-G,14-23417792-C-T,14-23441179-G-A","ENSG00000092036,ENSG00000270433,ENSG00000157326,ENSG00000100813,ENSG00000274002,ENSG00000129474,ENSG00000136367,ENSG00000155465,ENSG00000092067,ENSG00000179933,ENSG00000139880,ENSG00000215271,ENSG00000235194,ENSG00000172590,ENSG00000157306,ENSG00000139890,ENSG00000092051,ENSG00000259431,ENSG00000211829,ENSG00000213983,ENSG00000129562,ENSG00000100804,ENSG00000092054,ENSG00000275552,ENSG00000129473,ENSG00000258643,ENSG00000280129,ENSG00000100836,ENSG00000092068,ENSG00000100439,ENSG00000259092,ENSG00000166091,ENSG00000100802,ENSG00000277734,ENSG00000157227,ENSG00000257285,ENSG00000197616,ENSG00000100462,ENSG00000092096,ENSG00000197324,ENSG00000129460,ENSG00000258457,ENSG00000237054,ENSG00000100867,ENSG00000258458,ENSG00000258727,ENSG00000155463,ENSG00000100842","ENSG00000211858,ENSG00000211871,ENSG00000211839,ENSG00000092096,ENSG00000211846,ENSG00000276699,ENSG00000215271,ENSG00000166091,ENSG00000211831,ENSG00000211885,ENSG00000155465,ENSG00000235194,ENSG00000211878,ENSG00000129562,ENSG00000277734,ENSG00000259334,ENSG00000259092,ENSG00000211850,ENSG00000283654,ENSG00000211835,ENSG00000252347,ENSG00000259054,ENSG00000199157,ENSG00000211861,ENSG00000283856,ENSG00000092036,ENSG00000211872,ENSG00000237054,ENSG00000179933,ENSG00000275552,ENSG00000222931,ENSG00000255804,ENSG00000166090,ENSG00000211879,ENSG00000235213,ENSG00000211860,ENSG00000211848,ENSG00000211876,ENSG00000100867,ENSG00000258727,ENSG00000129460,ENSG00000223997,ENSG00000136367,ENSG00000211887,ENSG00000211857,ENSG00000100802,ENSG00000211836,ENSG00000139890,ENSG00000211869,ENSG00000211834,ENSG00000256590,ENSG00000215991,ENSG00000211842,ENSG00000270618,ENSG00000100836,ENSG00000211845,ENSG00000211868,ENSG00000258457,ENSG00000211884,ENSG00000092054,ENSG00000129474,ENSG00000237235,ENSG00000250688,ENSG00000100462,ENSG00000258643,ENSG00000258887,ENSG00000211838,ENSG00000278661,ENSG00000211829,ENSG00000100842,ENSG00000259043,ENSG00000211886,ENSG00000249446,ENSG00000242061,ENSG00000129473,ENSG00000211854,ENSG00000288795,ENSG00000211849,ENSG00000197616,ENSG00000211882,ENSG00000211825,ENSG00000228985,ENSG00000211847,ENSG00000248366,ENSG00000211827,ENSG00000211880,ENSG00000157326,ENSG00000211856,ENSG00000092051,ENSG00000211863,ENSG00000212335,ENSG00000222028,ENSG00000092067,ENSG00000211828,ENSG00000240131,ENSG00000157227,ENSG00000211862,ENSG00000100804,ENSG00000211864,ENSG00000211840,ENSG00000283290,ENSG00000197324,ENSG00000100813,ENSG00000258458,ENSG00000092068,ENSG00000258444,ENSG00000259003,ENSG00000139880,ENSG00000157306,ENSG00000202229,ENSG00000259431,ENSG00000172590,ENSG00000211881,ENSG00000212302,ENSG00000211866,ENSG00000211877,ENSG00000211833,ENSG00000211837,ENSG00000211883,ENSG00000211873,ENSG00000258823,ENSG00000211844,ENSG00000211832,ENSG00000211865,ENSG00000211875,ENSG00000211859,ENSG00000199716,ENSG00000274002,ENSG00000211870,ENSG00000258464,ENSG00000270433,ENSG00000213983,ENSG00000211851,ENSG00000257285,ENSG00000211826,ENSG00000211888,ENSG00000155463,ENSG00000211855,ENSG00000211867,ENSG00000100439,ENSG00000285727,ENSG00000280129,ENSG00000211841,ENSG00000211843",ENSG00000092036,Liver eQTLs,train
20009209600092196-92196000002078,chr14,"14-23820310-A-G,14-23819813-C-G,14-23823056-CTCTGT-C,14-23821361-G-A,14-23822177-T-A,14-23822178-T-A,14-23822295-T-C,14-23825134-AATGGTTTGTCCAGAAGGATG-A,14-23826792-G-A,14-23844244-C-T,14-23788363-T-A","ENSG00000129465,ENSG00000274002,ENSG00000100908,ENSG00000259321,ENSG00000100889,ENSG00000092010,ENSG00000213903,ENSG00000129460,ENSG00000139890,ENSG00000277734,ENSG00000186648,ENSG00000100813,ENSG00000196497,ENSG00000197616,ENSG00000199804,ENSG00000157306,ENSG00000155465,ENSG00000270433,ENSG00000092054,ENSG00000196943,ENSG00000254505,ENSG00000258727,ENSG00000259431,ENSG00000092036,ENSG00000100911,ENSG00000100949,ENSG00000129559,ENSG00000258643,ENSG00000211829,ENSG00000100804,ENSG00000100867,ENSG00000187630,ENSG00000275552,ENSG00000100842,ENSG00000100462,ENSG00000213983,ENSG00000237054,ENSG00000100938,ENSG00000213906,ENSG00000092295,ENSG00000139908,ENSG00000100439,ENSG00000157379,ENSG00000157227,ENSG00000155463,ENSG00000092098,ENSG00000139914,ENSG00000257285,ENSG00000092096,ENSG00000139880,ENSG00000100836,ENSG00000136367,ENSG00000213928,ENSG00000213920,ENSG00000179933,ENSG00000172590,ENSG00000092330,ENSG00000280129,ENSG00000100802,ENSG00000258458,ENSG00000215271,ENSG00000092067,ENSG00000166091,ENSG00000279656,ENSG00000215256,ENSG00000288820,ENSG00000235194,ENSG00000100926,ENSG00000092068,ENSG00000092051,ENSG00000100897,ENSG00000157326,ENSG00000129474,ENSG00000100918,ENSG00000225766,ENSG00000100884,ENSG00000278784,ENSG00000100461,ENSG00000197324,ENSG00000129535,ENSG00000276698,ENSG00000258457,ENSG00000129473,ENSG00000129562,ENSG00000129467,ENSG00000288044","ENSG00000258657,ENSG00000283290,ENSG00000235194,ENSG00000274002,ENSG00000258727,ENSG00000100439,ENSG00000166090,ENSG00000257285,ENSG00000139908,ENSG00000129460,ENSG00000288044,ENSG00000225766,ENSG00000197324,ENSG00000129473,ENSG00000092036,ENSG00000258464,ENSG00000215991,ENSG00000258458,ENSG00000211829,ENSG00000100884,ENSG00000259043,ENSG00000196943,ENSG00000199804,ENSG00000100949,ENSG00000258457,ENSG00000280129,ENSG00000129559,ENSG00000213920,ENSG00000092010,ENSG00000092096,ENSG00000240131,ENSG00000252347,ENSG00000213928,ENSG00000100918,ENSG00000270433,ENSG00000136367,ENSG00000222028,ENSG00000199157,ENSG00000285727,ENSG00000100842,ENSG00000277734,ENSG00000288820,ENSG00000279656,ENSG00000258643,ENSG00000179933,ENSG00000155465,ENSG00000100867,ENSG00000092068,ENSG00000215271,ENSG00000100938,ENSG00000288795,ENSG00000129465,ENSG00000258887,ENSG00000092295,ENSG00000139914,ENSG00000100802,ENSG00000139890,ENSG00000237054,ENSG00000196497,ENSG00000270618,ENSG00000157227,ENSG00000100461,ENSG00000129562,ENSG00000186648,ENSG00000129467,ENSG00000129535,ENSG00000092067,ENSG00000222931,ENSG00000199716,ENSG00000213983,ENSG00000100813,ENSG00000157306,ENSG00000275552,ENSG00000155463,ENSG00000100926,ENSG00000283654,ENSG00000100889,ENSG00000258444,ENSG00000259431,ENSG00000259334,ENSG00000092330,ENSG00000172590,ENSG00000283856,ENSG00000129474,ENSG00000213903,ENSG00000213906,ENSG00000100836,ENSG00000139880,ENSG00000092098,ENSG00000100908,ENSG00000254505,ENSG00000100911,ENSG00000157379,ENSG00000092051,ENSG00000166091,ENSG00000197616,ENSG00000187630,ENSG00000100897,ENSG00000100804,ENSG00000215256,ENSG00000202229,ENSG00000278784,ENSG00000259321,ENSG00000212335,ENSG00000100462,ENSG00000276698,ENSG00000157326,ENSG00000092054",ENSG00000092096,Liver eQTLs,train
20009220000092196-92196000002064,chr14,"14-21776591-G-A,14-21776591-G-A,14-21776605-A-AC,14-21776605-A-AC,14-21776637-A-G,14-21776637-A-G,14-21776917-C-T,14-21776917-C-T,14-21777646-C-T,14-21777646-C-T,14-21777901-A-G,14-21777901-A-G,14-21780316-T-C,14-21780316-T-C,14-21783280-T-C,14-21783280-T-C,14-21783437-T-C,14-21783437-T-C,14-21783698-C-CT,14-21783698-C-CT,14-21776910-G-A,14-21776910-G-A,14-21778588-G-A,14-21778588-G-A,14-21779495-A-G,14-21779495-A-G,14-21779704-CAATA-C,14-21779704-CAATA-C,14-21782241-G-A,14-21782241-G-A,14-21782721-G-T,14-21782721-G-T,14-21781504-GA-G,14-21781504-GA-G,14-21781775-T-C,14-21781775-T-C,14-21786431-AT-A,14-21786431-AT-A,14-21773163-A-G,14-21773163-A-G,14-21789092-A-T,14-21789092-A-T,14-21790460-T-A,14-21790460-T-A,14-21791707-A-G,14-21791707-A-G,14-21792467-A-G,14-21792467-A-G,14-21770188-G-A,14-21770188-G-A,14-21791646-C-G,14-21791646-C-G,14-21768442-A-C,14-21768442-A-C","ENSG00000092203,ENSG00000287735,ENSG00000100823,ENSG00000092094,ENSG00000232070,ENSG00000165804,ENSG00000165801,ENSG00000165782,ENSG00000169413,ENSG00000129484,ENSG00000258515,ENSG00000169397,ENSG00000100814,ENSG00000092201,ENSG00000206150,ENSG00000165819,ENSG00000258818,ENSG00000185271,ENSG00000165792,ENSG00000165821,ENSG00000198805,ENSG00000165794,ENSG00000165799,ENSG00000100888,ENSG00000129472,ENSG00000258604,ENSG00000259092,ENSG00000214274,ENSG00000129566,ENSG00000165795,ENSG00000258908,ENSG00000169385,ENSG00000129538,ENSG00000179636,ENSG00000258471,ENSG00000092199,ENSG00000258441,ENSG00000258451,ENSG00000092200","ENSG00000276240,ENSG00000211810,ENSG00000242061,ENSG00000211850,ENSG00000256590,ENSG00000211785,ENSG00000240954,ENSG00000211825,ENSG00000248366,ENSG00000273586,ENSG00000211800,ENSG00000255582,ENSG00000211877,ENSG00000258906,ENSG00000258604,ENSG00000211888,ENSG00000259068,ENSG00000258812,ENSG00000211882,ENSG00000211835,ENSG00000258705,ENSG00000211780,ENSG00000258451,ENSG00000206150,ENSG00000232070,ENSG00000249446,ENSG00000248358,ENSG00000259054,ENSG00000211855,ENSG00000211881,ENSG00000211818,ENSG00000259092,ENSG00000211883,ENSG00000211878,ENSG00000211849,ENSG00000200102,ENSG00000211812,ENSG00000092094,ENSG00000165795,ENSG00000211880,ENSG00000211886,ENSG00000250688,ENSG00000198805,ENSG00000211827,ENSG00000165794,ENSG00000256221,ENSG00000211857,ENSG00000165804,ENSG00000169385,ENSG00000211856,ENSG00000211816,ENSG00000169413,ENSG00000211873,ENSG00000211779,ENSG00000259130,ENSG00000165801,ENSG00000211846,ENSG00000258482,ENSG00000211867,ENSG00000258557,ENSG00000223997,ENSG00000211796,ENSG00000211795,ENSG00000258918,ENSG00000211801,ENSG00000211797,ENSG00000211887,ENSG00000165792,ENSG00000274475,ENSG00000211858,ENSG00000211865,ENSG00000211838,ENSG00000211841,ENSG00000211808,ENSG00000211876,ENSG00000100814,ENSG00000249048,ENSG00000211794,ENSG00000211803,ENSG00000259102,ENSG00000211859,ENSG00000256379,ENSG00000173431,ENSG00000211776,ENSG00000211885,ENSG00000185271,ENSG00000237235,ENSG00000256474,ENSG00000165782,ENSG00000165819,ENSG00000211799,ENSG00000092200,ENSG00000211847,ENSG00000211789,ENSG00000256350,ENSG00000211839,ENSG00000169208,ENSG00000211870,ENSG00000165821,ENSG00000258441,ENSG00000259003,ENSG00000287735,ENSG00000211869,ENSG00000211813,ENSG00000211884,ENSG00000211826,ENSG00000235213,ENSG00000289495,ENSG00000211864,ENSG00000211872,ENSG00000100823,ENSG00000100888,ENSG00000258642,ENSG00000211862,ENSG00000211821,ENSG00000276428,ENSG00000211831,ENSG00000169397,ENSG00000211815,ENSG00000258835,ENSG00000258818,ENSG00000278661,ENSG00000256081,ENSG00000211790,ENSG00000092199,ENSG00000129566,ENSG00000169327,ENSG00000211791,ENSG00000211871,ENSG00000211879,ENSG00000243817,ENSG00000211798,ENSG00000211854,ENSG00000258905,ENSG00000200785,ENSG00000211804,ENSG00000211828,ENSG00000211820,ENSG00000136315,ENSG00000211792,ENSG00000211843,ENSG00000211807,ENSG00000211844,ENSG00000211802,ENSG00000211863,ENSG00000211819,ENSG00000211866,ENSG00000211848,ENSG00000211868,ENSG00000258810,ENSG00000228985,ENSG00000211817,ENSG00000258471,ENSG00000256737,ENSG00000129484,ENSG00000199436,ENSG00000241035,ENSG00000258515,ENSG00000221977,ENSG00000211814,ENSG00000211805,ENSG00000211832,ENSG00000129472,ENSG00000211781,ENSG00000258722,ENSG00000256385,ENSG00000211809,ENSG00000276699,ENSG00000211806,ENSG00000092201,ENSG00000129538,ENSG00000212302,ENSG00000211875,ENSG00000255804,ENSG00000211833,ENSG00000211837,ENSG00000178107,ENSG00000258908,ENSG00000214274,ENSG00000258870,ENSG00000211851,ENSG00000211861,ENSG00000179636,ENSG00000211777,ENSG00000092203,ENSG00000211840,ENSG00000211782,ENSG00000255569,ENSG00000211793,ENSG00000211784,ENSG00000211783,ENSG00000255664,ENSG00000258823,ENSG00000211836,ENSG00000258772,ENSG00000211834,ENSG00000211845,ENSG00000211860,ENSG00000211842,ENSG00000259042,ENSG00000165799",ENSG00000092200,Liver eQTLs,train
20009282000092196-92196000006078,chr6,"6-159219604-C-T,6-159201214-CA-C,6-159231487-T-C,6-159186194-T-G,6-159211242-A-C,6-159213316-G-GCT,6-159216467-G-A,6-159217682-T-TG,6-159219285-T-TG,6-159220368-C-T,6-159220518-G-A,6-159220603-A-G,6-159221995-A-G,6-159222297-T-C,6-159223446-T-TTA,6-159225284-A-C,6-159225428-G-T,6-159225690-G-C,6-159236343-G-T,6-159211168-C-A,6-159211444-C-G,6-159220297-T-C,6-159220863-C-T,6-159222544-A-G,6-159224935-T-C,6-159230257-C-CACAG,6-159230633-T-C,6-159232094-C-G,6-159232962-T-TAAAAGAG,6-159233087-G-GCT,6-159236384-T-C,6-159241447-T-C,6-159247550-C-G,6-159250295-T-C,6-159227768-T-C,6-159227836-A-G,6-159231948-C-T,6-159237033-G-C,6-159237209-G-A,6-159237889-A-G,6-159238666-C-T,6-159241284-TG-T,6-159242563-T-G,6-159243496-A-C,6-159245165-G-A,6-159245489-C-CT,6-159248730-A-G,6-159212764-A-G,6-159233190-G-A,6-159195184-A-T,6-159195781-G-T,6-159196150-T-C,6-159198266-G-A,6-159198380-C-G,6-159198730-T-C,6-159199286-C-G,6-159199751-G-A,6-159223768-TA-T,6-159198945-TA-T,6-159224561-A-T,6-159195743-A-G,6-159198260-C-T,6-159199519-G-C,6-159199778-G-C,6-159201833-C-T,6-159205668-G-A,6-159207331-A-G,6-159207590-G-A,6-159208627-G-C,6-159209010-T-C,6-159210662-TTTTC-T,6-159202184-C-T,6-159204786-C-T,6-159206251-T-C,6-159209917-T-C,6-159209935-G-T,6-159201212-A-C,6-159205475-T-C,6-159261755-A-G,6-159204277-GC-G,6-159239813-G-A,6-159186947-GCAAA-G","ENSG00000112110,ENSG00000122335,ENSG00000203711,ENSG00000164674,ENSG00000120438,ENSG00000146433,ENSG00000130363,ENSG00000164691,ENSG00000092820,ENSG00000146457,ENSG00000120437,ENSG00000146425,ENSG00000271913,ENSG00000220305,ENSG00000218226,ENSG00000207392,ENSG00000285427,ENSG00000272047,ENSG00000130338,ENSG00000237927,ENSG00000206910,ENSG00000164694,ENSG00000078269,ENSG00000112096","ENSG00000243775,ENSG00000218226,ENSG00000146457,ENSG00000146433,ENSG00000236823,ENSG00000146425,ENSG00000234777,ENSG00000220305,ENSG00000112096,ENSG00000274023,ENSG00000276413,ENSG00000203711,ENSG00000112110,ENSG00000207392,ENSG00000285159,ENSG00000206910,ENSG00000237927,ENSG00000092820,ENSG00000216516,ENSG00000271913,ENSG00000285427,ENSG00000231178,ENSG00000224478,ENSG00000233893,ENSG00000219188,ENSG00000078269,ENSG00000233682,ENSG00000223191,ENSG00000238019,ENSG00000130363,ENSG00000164691,ENSG00000213076,ENSG00000243373,ENSG00000235086,ENSG00000287591,ENSG00000122335,ENSG00000272047,ENSG00000130338,ENSG00000120437,ENSG00000120438,ENSG00000219249,ENSG00000164694,ENSG00000164674,ENSG00000286533",ENSG00000092820,Liver eQTLs,train
20009300000092196-92196000004938,chr22,"22-45562735-C-T,22-45563409-G-T,22-45563725-C-G,22-45560641-T-C,22-45564427-A-C,22-45564936-C-T,22-45565318-A-C,22-45565915-T-G,22-45566222-ACC-A,22-45566413-T-C,22-45566500-G-A,22-45566702-C-T,22-45566843-A-G,22-45566912-C-A,22-45567035-C-T,22-45567054-CAT-C,22-45567102-C-CAG,22-45567138-T-C,22-45567580-C-A,22-45567983-A-G,22-45568511-G-T,22-45568986-A-G,22-45570556-C-CATGAATCA,22-45575468-A-G,22-45577231-T-C,22-45570114-G-A,22-45584586-G-C,22-45576863-A-AT,22-45548053-G-A,22-45548617-A-C,22-45554024-TG-T,22-45558389-C-T,22-45577110-T-C,22-45538442-C-T,22-45585515-A-AT,22-45585515-A-AT,22-45536426-G-A,22-45555298-T-G,22-45555829-G-A,22-45556208-G-A,22-45556053-T-C,22-45547814-C-T,22-45556668-T-C,22-45549032-C-T","ENSG00000093000,ENSG00000241484,ENSG00000241990,ENSG00000188636,ENSG00000100364,ENSG00000182257,ENSG00000289044,ENSG00000197182,ENSG00000128408,ENSG00000077942,ENSG00000130638,ENSG00000138944,ENSG00000100376,ENSG00000231010,ENSG00000186951,ENSG00000186654,ENSG00000280384,ENSG00000188064,ENSG00000279933,ENSG00000273145,ENSG00000280383,ENSG00000231711,ENSG00000235159,ENSG00000138964","ENSG00000288754,ENSG00000130638,ENSG00000280383,ENSG00000188064,ENSG00000100364,ENSG00000221598,ENSG00000273289,ENSG00000186951,ENSG00000182257,ENSG00000241990,ENSG00000279933,ENSG00000231010,ENSG00000213752,ENSG00000197182,ENSG00000241484,ENSG00000235159,ENSG00000223730,ENSG00000235091,ENSG00000215333,ENSG00000138964,ENSG00000187012,ENSG00000188636,ENSG00000251985,ENSG00000077942,ENSG00000138944,ENSG00000234300,ENSG00000264160,ENSG00000231711,ENSG00000289160,ENSG00000238120,ENSG00000266533,ENSG00000273145,ENSG00000231801,ENSG00000232363,ENSG00000100376,ENSG00000230922,ENSG00000289044,ENSG00000186654,ENSG00000230634,ENSG00000280384,ENSG00000128408,ENSG00000093000",ENSG00000093000,Liver eQTLs,train
20009307200092196-92196000004727,chr22,"22-17680519-A-C,22-17685351-C-A,22-17685194-T-A,22-17680971-G-A","ENSG00000131100,ENSG00000283633,ENSG00000280007,ENSG00000225335,ENSG00000229492,ENSG00000183307,ENSG00000093072,ENSG00000236754,ENSG00000099954,ENSG00000184979,ENSG00000183785,ENSG00000185837,ENSG00000215193,ENSG00000015475,ENSG00000269220,ENSG00000177663,ENSG00000100181,ENSG00000182902,ENSG00000286990,ENSG00000099968,ENSG00000069998,ENSG00000243156","ENSG00000286990,ENSG00000254264,ENSG00000069998,ENSG00000215193,ENSG00000172967,ENSG00000099954,ENSG00000099968,ENSG00000228045,ENSG00000237689,ENSG00000207780,ENSG00000236890,ENSG00000277690,ENSG00000275319,ENSG00000235295,ENSG00000239547,ENSG00000236754,ENSG00000241717,ENSG00000270226,ENSG00000288811,ENSG00000234913,ENSG00000100181,ENSG00000274044,ENSG00000275362,ENSG00000253460,ENSG00000241832,ENSG00000225335,ENSG00000278110,ENSG00000237835,ENSG00000276400,ENSG00000237358,ENSG00000269220,ENSG00000253481,ENSG00000235478,ENSG00000232305,ENSG00000183785,ENSG00000243156,ENSG00000273442,ENSG00000277870,ENSG00000253691,ENSG00000187979,ENSG00000236325,ENSG00000276160,ENSG00000229027,ENSG00000184979,ENSG00000283633,ENSG00000286175,ENSG00000288024,ENSG00000183307,ENSG00000235343,ENSG00000185837,ENSG00000228122,ENSG00000230481,ENSG00000234121,ENSG00000275060,ENSG00000231004,ENSG00000273907,ENSG00000237446,ENSG00000280007,ENSG00000264757,ENSG00000273643,ENSG00000285045,ENSG00000277017,ENSG00000093072,ENSG00000229492,ENSG00000177663,ENSG00000203416,ENSG00000015475,ENSG00000235445,ENSG00000215568,ENSG00000274625,ENSG00000220248,ENSG00000225480,ENSG00000278044,ENSG00000283535,ENSG00000131100,ENSG00000182902,ENSG00000276874,ENSG00000222630",ENSG00000093072,Liver eQTLs,train
20009321700092196-92196000005247,chr3,"3-38441439-C-T,3-38443180-G-C,3-38444273-G-A,3-38444932-G-T,3-38445165-T-G,3-38452262-C-T,3-38455439-C-T,3-38455650-G-T,3-38455704-C-A,3-38456531-C-T,3-38456664-C-T,3-38468171-G-A,3-38468553-T-G,3-38445226-C-T,3-38462360-T-G,3-38464565-T-C,3-38471088-A-C,3-38472760-C-T,3-38483798-G-C,3-38484819-T-C,3-38484875-G-A,3-38487176-A-G,3-38491444-C-T,3-38493153-G-A,3-38493212-T-C,3-38493852-C-A,3-38500189-C-T,3-38505853-C-T,3-38506066-A-AT,3-38440953-G-GA,3-38472407-A-C,3-38480727-C-T,3-38484498-C-T,3-38490443-C-A,3-38497659-A-G,3-38512507-G-A,3-38440394-A-G,3-38442490-G-A,3-38443312-T-C,3-38446073-C-T,3-38446309-C-A,3-38446742-G-A,3-38446955-C-T,3-38447232-C-A,3-38496065-C-T,3-38498693-C-CA,3-38479660-C-T,3-38484175-C-G,3-38440203-CT-C,3-38514049-C-T,3-38453475-CT-C,3-38439601-A-G,3-38484453-C-T,3-38513365-A-G,3-38443320-G-A,3-38452416-T-G,3-38452877-G-T,3-38458533-G-A,3-38458725-G-A,3-38458958-A-G,3-38459189-G-A,3-38467713-A-G,3-38494228-G-C,3-38452278-C-T,3-38472654-G-A,3-38472674-C-T,3-38459615-A-G,3-38460062-C-G,3-38460305-A-G,3-38509083-A-AAT,3-38446920-G-C,3-38450183-G-A,3-38444489-T-A,3-38451520-A-G,3-38461279-T-C,3-38471701-A-G,3-38474513-T-G,3-38476538-A-G,3-38479475-T-C,3-38482007-G-A,3-38482539-A-G,3-38498533-A-G,3-38501916-G-A,3-38508794-T-C,3-38509618-G-A,3-38512779-G-A,3-38476614-A-G,3-38488705-C-CAAT,3-38498160-T-C,3-38498609-G-C,3-38504315-T-C,3-38512944-T-TTGA,3-38488706-C-G,3-38498248-T-C,3-38498439-A-G,3-38447041-T-C,3-38552250-A-G,3-38440237-T-C,3-38528537-G-T,3-38517992-T-G,3-38523495-G-T,3-38524742-C-T,3-38525567-T-C,3-38525864-A-C,3-38529818-C-T,3-38532511-G-A,3-38536261-T-C,3-38536273-C-CCTT,3-38553639-C-T,3-38557921-T-C,3-38558197-A-G,3-38558906-T-C,3-38560345-A-G,3-38566480-G-A,3-38545856-C-CA,3-38526166-CAA-C,3-38529825-C-T,3-38438182-G-C,3-38438372-T-C,3-38545349-C-T,3-38562288-C-T,3-38562579-C-T,3-38567771-C-A,3-38568828-T-C,3-38569463-G-T,3-38527215-T-C,3-38504430-G-A,3-38541452-A-G,3-38557161-T-C,3-38574491-G-A,3-38435023-A-T,3-38524311-A-G,3-38524328-G-C,3-38473029-C-T,3-38494220-T-C,3-38540541-A-G,3-38444298-C-G,3-38574237-C-T,3-38521156-T-C,3-38516369-C-A,3-38451005-G-A,3-38516075-A-G,3-38517784-C-G,3-38517914-T-G,3-38531211-T-G,3-38531211-T-G,3-38533335-A-C,3-38538466-G-T,3-38538466-G-T,3-38558316-C-T,3-38558830-A-G,3-38560254-A-G,3-38566722-T-C,3-38554901-T-C,3-38558104-A-C,3-38559307-G-A,3-38566519-T-C,3-38568527-A-G,3-38459349-T-C,3-38566235-G-T,3-38548021-T-C,3-38553965-C-T,3-38555047-A-ATGGAATATGTTTT,3-38519424-A-G,3-38573314-TC-T,3-38544349-G-A,3-38541318-C-A,3-38546726-G-A,3-38555178-G-A,3-38525734-C-T,3-38527913-C-T,3-38529440-C-G,3-38496193-G-C,3-38560303-C-A,3-38570221-C-T,3-38573746-A-G,3-38521425-C-T,3-38537671-T-G","ENSG00000136059,ENSG00000144677,ENSG00000144671,ENSG00000236411,ENSG00000287620,ENSG00000168329,ENSG00000168026,ENSG00000172939,ENSG00000144668,ENSG00000201965,ENSG00000144655,ENSG00000168356,ENSG00000287780,ENSG00000093217,ENSG00000168334,ENSG00000157036,ENSG00000288972,ENSG00000114745,ENSG00000144659,ENSG00000060971,ENSG00000008226,ENSG00000284669,ENSG00000187091,ENSG00000235257,ENSG00000114742,ENSG00000283849,ENSG00000172936,ENSG00000114739","ENSG00000144655,ENSG00000201965,ENSG00000172936,ENSG00000284158,ENSG00000168026,ENSG00000236411,ENSG00000206708,ENSG00000144677,ENSG00000187091,ENSG00000237982,ENSG00000114742,ENSG00000287995,ENSG00000172939,ENSG00000199514,ENSG00000231668,ENSG00000287780,ENSG00000199075,ENSG00000287620,ENSG00000144668,ENSG00000230123,ENSG00000287958,ENSG00000114745,ENSG00000060971,ENSG00000144659,ENSG00000168356,ENSG00000114739,ENSG00000288972,ENSG00000230683,ENSG00000136059,ENSG00000168334,ENSG00000207512,ENSG00000239105,ENSG00000168329,ENSG00000283849,ENSG00000144671,ENSG00000157036,ENSG00000214305,ENSG00000179934,ENSG00000284669,ENSG00000231243,ENSG00000008226,ENSG00000228168,ENSG00000185313,ENSG00000235257,ENSG00000093217,ENSG00000270367,ENSG00000200579",ENSG00000093217,Liver eQTLs,train
20009526100092196-92196000007243,chr9,"9-123516572-A-G,9-123610288-C-T,9-123605711-CGAAGGCGTGAGTAATA-C,9-123572038-A-G,9-123582697-G-T,9-123586737-T-G,9-123583192-A-G,9-123593159-C-T,9-123594803-T-C,9-123603469-A-C,9-123516414-C-CT,9-123517704-G-T,9-123544003-A-G","ENSG00000227355,ENSG00000106804,ENSG00000136848,ENSG00000214654,ENSG00000106780,ENSG00000119403,ENSG00000204136,ENSG00000148175,ENSG00000095261,ENSG00000136861,ENSG00000238181,ENSG00000119397,ENSG00000235865,ENSG00000148180,ENSG00000119402,ENSG00000056558,ENSG00000119396","ENSG00000204136,ENSG00000171505,ENSG00000136939,ENSG00000227200,ENSG00000213216,ENSG00000095261,ENSG00000136848,ENSG00000212447,ENSG00000229115,ENSG00000119402,ENSG00000233425,ENSG00000207991,ENSG00000238181,ENSG00000056558,ENSG00000171501,ENSG00000227355,ENSG00000237336,ENSG00000280094,ENSG00000222351,ENSG00000106804,ENSG00000148175,ENSG00000231227,ENSG00000232387,ENSG00000119396,ENSG00000234881,ENSG00000165204,ENSG00000171459,ENSG00000148215,ENSG00000226783,ENSG00000136861,ENSG00000225078,ENSG00000171481,ENSG00000231149,ENSG00000286718,ENSG00000165202,ENSG00000236668,ENSG00000214654,ENSG00000119403,ENSG00000180264,ENSG00000148180,ENSG00000119397,ENSG00000230826,ENSG00000274932,ENSG00000173679,ENSG00000106780,ENSG00000235865,ENSG00000239590",ENSG00000095261,Liver eQTLs,train
20009538300092196-92196000007199,chr9,9-100969348-G-A,"ENSG00000136937,ENSG00000095380,ENSG00000136929,ENSG00000136936,ENSG00000165138,ENSG00000197816,ENSG00000136925,ENSG00000106799,ENSG00000196116,ENSG00000136938,ENSG00000106785,ENSG00000203279,ENSG00000119514,ENSG00000136932,ENSG00000204291,ENSG00000254633,ENSG00000106789,ENSG00000095383,ENSG00000136842","ENSG00000200966,ENSG00000270995,ENSG00000095380,ENSG00000136842,ENSG00000136938,ENSG00000136929,ENSG00000119514,ENSG00000203279,ENSG00000238143,ENSG00000230161,ENSG00000136925,ENSG00000238172,ENSG00000196116,ENSG00000197816,ENSG00000136937,ENSG00000095383,ENSG00000106789,ENSG00000230302,ENSG00000106799,ENSG00000253041,ENSG00000136932,ENSG00000165138,ENSG00000270982,ENSG00000231697,ENSG00000106785,ENSG00000233055,ENSG00000204291,ENSG00000254633,ENSG00000229541,ENSG00000237999,ENSG00000136936",ENSG00000095383,Liver eQTLs,train
20009539700092196-92196000007235,chr9,"9-117180005-C-T,9-117180005-C-T,9-117180008-C-T,9-117180008-C-T,9-117180493-G-A,9-117180493-G-A,9-117181237-C-T,9-117181237-C-T,9-117181322-G-A,9-117181322-G-A,9-117181430-A-G,9-117181430-A-G,9-117181605-T-C,9-117181605-T-C,9-117182089-A-C,9-117182089-A-C,9-117179222-A-G,9-117179222-A-G,9-117186592-T-A,9-117186592-T-A,9-117186712-C-T,9-117186712-C-T,9-117187569-G-T,9-117187569-G-T,9-117189193-G-A,9-117189193-G-A,9-117184926-T-C,9-117184926-T-C,9-117185042-G-GA,9-117185042-G-GA,9-117186027-T-C,9-117186027-T-C,9-117178722-C-T,9-117178722-C-T,9-117190749-A-G,9-117190749-A-G,9-117176949-C-T,9-117176949-C-T,9-117177553-TAA-T,9-117177553-TAA-T,9-117152302-G-A,9-117152302-G-A,9-117153974-C-T,9-117153974-C-T,9-117156596-T-C,9-117156596-T-C,9-117160921-A-G,9-117160921-A-G,9-117163048-T-G,9-117163048-T-G,9-117163312-C-T,9-117163312-C-T,9-117164006-G-A,9-117164006-G-A,9-117164326-G-C,9-117164326-G-C,9-117166206-G-T,9-117166206-G-T,9-117166547-A-G,9-117166547-A-G,9-117167192-T-C,9-117167192-T-C,9-117174781-G-A,9-117174781-G-A,9-117190059-G-GAC,9-117190059-G-GAC,9-117169935-C-A,9-117169935-C-A,9-117171209-G-A,9-117171209-G-A","ENSG00000233817,ENSG00000229314,ENSG00000228278,ENSG00000157693,ENSG00000196739,ENSG00000136883,ENSG00000106952,ENSG00000227482,ENSG00000138835,ENSG00000181634,ENSG00000136888,ENSG00000106927,ENSG00000095397,ENSG00000041982,ENSG00000157657","ENSG00000106927,ENSG00000136888,ENSG00000227482,ENSG00000201444,ENSG00000201140,ENSG00000226604,ENSG00000233817,ENSG00000231901,ENSG00000244757,ENSG00000285820,ENSG00000157693,ENSG00000095397,ENSG00000207268,ENSG00000229105,ENSG00000181634,ENSG00000233516,ENSG00000229314,ENSG00000222413,ENSG00000138835,ENSG00000235133,ENSG00000228278,ENSG00000157657,ENSG00000041982,ENSG00000196739,ENSG00000136883,ENSG00000106952",ENSG00000095397,Liver eQTLs,train
20009591700092196-92196000002531,chr16,"16-1297810-A-G,16-1292941-G-A,16-1293158-C-T,16-1293212-G-A,16-1294822-A-G,16-1294910-A-AG,16-1294025-A-G,16-1291075-T-C,16-1292854-T-C,16-1293276-T-C,16-1293266-G-A,16-1293265-G-C,16-1293282-T-C,16-1279817-A-G,16-1292021-C-A,16-1293344-C-T,16-1278424-G-A,16-1278870-G-T,16-1279537-C-G,16-1300448-T-A,16-1276793-C-T","ENSG00000095917,ENSG00000259933,ENSG00000007541,ENSG00000260394,ENSG00000103254,ENSG00000260646,ENSG00000103126,ENSG00000197774,ENSG00000131653,ENSG00000140986,ENSG00000130731,ENSG00000228201,ENSG00000161996,ENSG00000260022,ENSG00000279930,ENSG00000007520,ENSG00000116176,ENSG00000090581,ENSG00000274751,ENSG00000182685,ENSG00000262528,ENSG00000005513,ENSG00000127585,ENSG00000007545,ENSG00000196557,ENSG00000103275,ENSG00000131634,ENSG00000167964,ENSG00000076344,ENSG00000100726,ENSG00000198736,ENSG00000236829,ENSG00000167967,ENSG00000099769,ENSG00000059145,ENSG00000278987,ENSG00000260284,ENSG00000260260,ENSG00000277010,ENSG00000161999,ENSG00000184207,ENSG00000280327,ENSG00000103326,ENSG00000183751,ENSG00000065057,ENSG00000242173,ENSG00000103245,ENSG00000280231,ENSG00000008710,ENSG00000167965,ENSG00000260403,ENSG00000172236,ENSG00000103260,ENSG00000167962,ENSG00000074071,ENSG00000255198,ENSG00000242612,ENSG00000140983,ENSG00000261790,ENSG00000103249,ENSG00000287855,ENSG00000261123,ENSG00000260425,ENSG00000167968,ENSG00000207405,ENSG00000257108,ENSG00000138834,ENSG00000140990,ENSG00000187535,ENSG00000102854,ENSG00000172366,ENSG00000185615,ENSG00000103266,ENSG00000260051,ENSG00000103227,ENSG00000086504,ENSG00000255513,ENSG00000103253,ENSG00000261505,ENSG00000103269,ENSG00000179580,ENSG00000007516,ENSG00000140988,ENSG00000197599,ENSG00000180185,ENSG00000174109,ENSG00000127580,ENSG00000260710,ENSG00000276931,ENSG00000095906,ENSG00000103024,ENSG00000007376,ENSG00000065054,ENSG00000063854,ENSG00000090565,ENSG00000275092,ENSG00000162039,ENSG00000261663,ENSG00000103202,ENSG00000277142,ENSG00000127586,ENSG00000103197,ENSG00000127578,ENSG00000183971,ENSG00000260807,ENSG00000162004,ENSG00000127554,ENSG00000206053,ENSG00000127561,ENSG00000129925,ENSG00000197562","ENSG00000162039,ENSG00000260051,ENSG00000127585,ENSG00000273551,ENSG00000276931,ENSG00000279930,ENSG00000103326,ENSG00000007541,ENSG00000257108,ENSG00000103266,ENSG00000007545,ENSG00000103275,ENSG00000280327,ENSG00000127578,ENSG00000103126,ENSG00000167967,ENSG00000260807,ENSG00000207405,ENSG00000183971,ENSG00000264004,ENSG00000131634,ENSG00000260646,ENSG00000277602,ENSG00000103254,ENSG00000201034,ENSG00000099769,ENSG00000274751,ENSG00000127580,ENSG00000236829,ENSG00000275438,ENSG00000127554,ENSG00000281219,ENSG00000138834,ENSG00000261663,ENSG00000185615,ENSG00000103024,ENSG00000103202,ENSG00000074071,ENSG00000230428,ENSG00000187535,ENSG00000260532,ENSG00000127588,ENSG00000076344,ENSG00000172366,ENSG00000100726,ENSG00000140990,ENSG00000261240,ENSG00000184207,ENSG00000228201,ENSG00000180185,ENSG00000200059,ENSG00000103260,ENSG00000103197,ENSG00000280231,ENSG00000007376,ENSG00000255198,ENSG00000095917,ENSG00000219027,ENSG00000266124,ENSG00000103269,ENSG00000260260,ENSG00000140983,ENSG00000090565,ENSG00000131653,ENSG00000005513,ENSG00000065054,ENSG00000260403,ENSG00000260991,ENSG00000127561,ENSG00000167968,ENSG00000103249,ENSG00000161992,ENSG00000196557,ENSG00000167962,ENSG00000260425,ENSG00000260496,ENSG00000162032,ENSG00000261430,ENSG00000260284,ENSG00000265867,ENSG00000266643,ENSG00000284008,ENSG00000259947,ENSG00000196364,ENSG00000103227,ENSG00000264397,ENSG00000266235,ENSG00000261659,ENSG00000242612,ENSG00000260182,ENSG00000259780,ENSG00000182685,ENSG00000161999,ENSG00000255513,ENSG00000183751,ENSG00000008710,ENSG00000007516,ENSG00000260132,ENSG00000059145,ENSG00000007520,ENSG00000065057,ENSG00000260989,ENSG00000167965,ENSG00000226890,ENSG00000140986,ENSG00000197599,ENSG00000184471,ENSG00000261123,ENSG00000086504,ENSG00000197562,ENSG00000161996,ENSG00000103245,ENSG00000277010,ENSG00000259933,ENSG00000277142,ENSG00000275092,ENSG00000198736,ENSG00000262528,ENSG00000260702,ENSG00000260394,ENSG00000127586,ENSG00000174109,ENSG00000206053,ENSG00000095906,ENSG00000140988,ENSG00000259840,ENSG00000172236,ENSG00000219274,ENSG00000261505,ENSG00000242173,ENSG00000197774,ENSG00000261790,ENSG00000179580,ENSG00000287855,ENSG00000278987,ENSG00000261564,ENSG00000063854,ENSG00000279136,ENSG00000090581,ENSG00000265820,ENSG00000130731,ENSG00000260022,ENSG00000167964,ENSG00000162006,ENSG00000260710,ENSG00000196408,ENSG00000162004,ENSG00000116176,ENSG00000102854,ENSG00000103253,ENSG00000221656,ENSG00000261294,ENSG00000129925,ENSG00000261399",ENSG00000095917,Liver eQTLs,train
20009591700092196-92196000002532,chr16,"16-1328432-A-T,16-1328514-T-TGAG","ENSG00000005513,ENSG00000183751,ENSG00000167965,ENSG00000274751,ENSG00000127578,ENSG00000197599,ENSG00000207405,ENSG00000065054,ENSG00000167969,ENSG00000261790,ENSG00000261505,ENSG00000279930,ENSG00000197774,ENSG00000103253,ENSG00000095906,ENSG00000140986,ENSG00000261123,ENSG00000277142,ENSG00000130731,ENSG00000103269,ENSG00000276931,ENSG00000138834,ENSG00000007376,ENSG00000180185,ENSG00000008710,ENSG00000103126,ENSG00000172236,ENSG00000255198,ENSG00000198736,ENSG00000102854,ENSG00000095917,ENSG00000103275,ENSG00000182685,ENSG00000167962,ENSG00000074071,ENSG00000103260,ENSG00000161999,ENSG00000167967,ENSG00000129925,ENSG00000103326,ENSG00000063854,ENSG00000260778,ENSG00000007520,ENSG00000197562,ENSG00000242612,ENSG00000086504,ENSG00000261663,ENSG00000103197,ENSG00000162004,ENSG00000260394,ENSG00000280231,ENSG00000260051,ENSG00000131653,ENSG00000179580,ENSG00000236829,ENSG00000090565,ENSG00000103024,ENSG00000007545,ENSG00000127561,ENSG00000260646,ENSG00000183971,ENSG00000103202,ENSG00000103245,ENSG00000065057,ENSG00000127585,ENSG00000059145,ENSG00000277010,ENSG00000185615,ENSG00000103266,ENSG00000287855,ENSG00000257108,ENSG00000103254,ENSG00000131634,ENSG00000127580,ENSG00000260403,ENSG00000184207,ENSG00000127586,ENSG00000260260,ENSG00000280327,ENSG00000205937,ENSG00000116176,ENSG00000167964,ENSG00000007516,ENSG00000260284,ENSG00000259933,ENSG00000278987,ENSG00000100726,ENSG00000140988,ENSG00000262528,ENSG00000161996,ENSG00000103249,ENSG00000140983,ENSG00000099769,ENSG00000174109,ENSG00000007541,ENSG00000140990,ENSG00000260022,ENSG00000167968,ENSG00000275092,ENSG00000260425,ENSG00000196557,ENSG00000090581,ENSG00000172366,ENSG00000187535,ENSG00000260710,ENSG00000103227,ENSG00000162039,ENSG00000260807,ENSG00000255513,ENSG00000242173,ENSG00000127554,ENSG00000206053,ENSG00000228201","ENSG00000103126,ENSG00000103245,ENSG00000005513,ENSG00000116176,ENSG00000264004,ENSG00000099769,ENSG00000127578,ENSG00000103197,ENSG00000236829,ENSG00000182685,ENSG00000103275,ENSG00000260778,ENSG00000266124,ENSG00000261430,ENSG00000230428,ENSG00000261790,ENSG00000127585,ENSG00000167969,ENSG00000162004,ENSG00000261240,ENSG00000265820,ENSG00000255198,ENSG00000255513,ENSG00000260182,ENSG00000274751,ENSG00000261659,ENSG00000090565,ENSG00000167967,ENSG00000008710,ENSG00000280231,ENSG00000277602,ENSG00000127580,ENSG00000260394,ENSG00000167964,ENSG00000261294,ENSG00000007376,ENSG00000103227,ENSG00000261663,ENSG00000167965,ENSG00000103024,ENSG00000262528,ENSG00000007516,ENSG00000103253,ENSG00000221656,ENSG00000074071,ENSG00000130731,ENSG00000200059,ENSG00000167968,ENSG00000242173,ENSG00000095917,ENSG00000162032,ENSG00000260260,ENSG00000161992,ENSG00000063854,ENSG00000264397,ENSG00000187535,ENSG00000127588,ENSG00000127586,ENSG00000172236,ENSG00000259780,ENSG00000278987,ENSG00000196408,ENSG00000127554,ENSG00000201034,ENSG00000131634,ENSG00000219274,ENSG00000129925,ENSG00000275438,ENSG00000183751,ENSG00000273551,ENSG00000180185,ENSG00000260496,ENSG00000259933,ENSG00000103249,ENSG00000279930,ENSG00000007541,ENSG00000103326,ENSG00000196557,ENSG00000140983,ENSG00000277010,ENSG00000140988,ENSG00000174109,ENSG00000103202,ENSG00000277142,ENSG00000219027,ENSG00000260403,ENSG00000260425,ENSG00000280327,ENSG00000184471,ENSG00000260532,ENSG00000185615,ENSG00000090581,ENSG00000259947,ENSG00000275092,ENSG00000007520,ENSG00000260989,ENSG00000207405,ENSG00000266235,ENSG00000162039,ENSG00000242612,ENSG00000261399,ENSG00000127561,ENSG00000172366,ENSG00000261505,ENSG00000100726,ENSG00000059145,ENSG00000260646,ENSG00000198736,ENSG00000161999,ENSG00000261564,ENSG00000138834,ENSG00000183971,ENSG00000103266,ENSG00000179580,ENSG00000228201,ENSG00000287855,ENSG00000197599,ENSG00000284008,ENSG00000196364,ENSG00000086504,ENSG00000103260,ENSG00000276931,ENSG00000095906,ENSG00000103269,ENSG00000140990,ENSG00000260710,ENSG00000260132,ENSG00000131653,ENSG00000205937,ENSG00000260051,ENSG00000260022,ENSG00000167962,ENSG00000226890,ENSG00000260807,ENSG00000257108,ENSG00000265867,ENSG00000261123,ENSG00000206053,ENSG00000140986,ENSG00000260991,ENSG00000266643,ENSG00000197774,ENSG00000279136,ENSG00000065054,ENSG00000161996,ENSG00000007545,ENSG00000281219,ENSG00000102854,ENSG00000260702,ENSG00000260284,ENSG00000259840,ENSG00000103254,ENSG00000184207,ENSG00000197562,ENSG00000065057,ENSG00000162006",ENSG00000095917,Liver eQTLs,train
20009593200092196-92196000003577,chr19,"19-3474213-T-TCAGGGCTCAAAGTC,19-3480998-A-G,19-3481578-T-C,19-3481650-C-T","ENSG00000267412,ENSG00000167658,ENSG00000167657,ENSG00000161091,ENSG00000186111,ENSG00000267205,ENSG00000186300,ENSG00000006638,ENSG00000105251,ENSG00000077009,ENSG00000104953,ENSG00000261342,ENSG00000172006,ENSG00000267030,ENSG00000095932,ENSG00000105255,ENSG00000269318,ENSG00000171970,ENSG00000099860,ENSG00000125912,ENSG00000077463,ENSG00000267011,ENSG00000105248,ENSG00000141873,ENSG00000167671,ENSG00000089847,ENSG00000167674,ENSG00000183617,ENSG00000267138,ENSG00000104964,ENSG00000141905,ENSG00000167664,ENSG00000287766,ENSG00000253392,ENSG00000105289,ENSG00000104969,ENSG00000060558,ENSG00000105325,ENSG00000268670,ENSG00000129932,ENSG00000126934,ENSG00000175691,ENSG00000105246,ENSG00000279452,ENSG00000088256,ENSG00000064961,ENSG00000280103,ENSG00000011132,ENSG00000167670,ENSG00000176490,ENSG00000226800,ENSG00000161082,ENSG00000283928,ENSG00000178951,ENSG00000267980,ENSG00000183397,ENSG00000176533,ENSG00000172009,ENSG00000008382,ENSG00000105229,ENSG00000065717,ENSG00000105298,ENSG00000179855,ENSG00000141985,ENSG00000060566,ENSG00000125910,ENSG00000007264,ENSG00000178078,ENSG00000280239,ENSG00000267769","ENSG00000060566,ENSG00000268670,ENSG00000178951,ENSG00000172009,ENSG00000267011,ENSG00000065717,ENSG00000104969,ENSG00000060558,ENSG00000261342,ENSG00000178078,ENSG00000077463,ENSG00000095932,ENSG00000267205,ENSG00000006638,ENSG00000105694,ENSG00000186300,ENSG00000105248,ENSG00000266959,ENSG00000104953,ENSG00000008382,ENSG00000277904,ENSG00000105325,ENSG00000183617,ENSG00000167674,ENSG00000279599,ENSG00000129932,ENSG00000167664,ENSG00000077009,ENSG00000269318,ENSG00000105255,ENSG00000099860,ENSG00000167658,ENSG00000252408,ENSG00000161082,ENSG00000266437,ENSG00000226800,ENSG00000266989,ENSG00000176490,ENSG00000280103,ENSG00000105251,ENSG00000267255,ENSG00000288906,ENSG00000289254,ENSG00000141985,ENSG00000167671,ENSG00000267304,ENSG00000088256,ENSG00000089847,ENSG00000252962,ENSG00000104964,ENSG00000105229,ENSG00000179855,ENSG00000289471,ENSG00000105246,ENSG00000125912,ENSG00000183397,ENSG00000286460,ENSG00000278007,ENSG00000279452,ENSG00000267749,ENSG00000011132,ENSG00000266944,ENSG00000267398,ENSG00000267030,ENSG00000105298,ENSG00000007264,ENSG00000287766,ENSG00000173976,ENSG00000141905,ENSG00000105289,ENSG00000176533,ENSG00000267980,ENSG00000253392,ENSG00000126934,ENSG00000267769,ENSG00000167657,ENSG00000175691,ENSG00000263974,ENSG00000267063,ENSG00000266627,ENSG00000280239,ENSG00000266938,ENSG00000206775,ENSG00000171970,ENSG00000125910,ENSG00000161091,ENSG00000141873,ENSG00000172006,ENSG00000267448,ENSG00000267412,ENSG00000283928,ENSG00000267148,ENSG00000284638,ENSG00000267138,ENSG00000186111,ENSG00000279590,ENSG00000064961,ENSG00000276097,ENSG00000267231,ENSG00000167670",ENSG00000095932,Liver eQTLs,train
20009930800092196-92196000003501,chr19,"19-18221647-C-T,19-18214031-C-T,19-18214156-A-T,19-18215161-A-G,19-18215917-C-G,19-18216101-C-T,19-18216573-C-G,19-18216713-A-G,19-18221971-A-G,19-18213360-T-C,19-18217147-T-C,19-18217905-T-C,19-18218444-A-G,19-18220035-C-CAGG,19-18212937-A-G,19-18215247-A-G,19-18224729-C-T","ENSG00000105671,ENSG00000268938,ENSG00000288837,ENSG00000005007,ENSG00000181035,ENSG00000273654,ENSG00000269053,ENSG00000269439,ENSG00000268650,ENSG00000130307,ENSG00000105640,ENSG00000130304,ENSG00000130300,ENSG00000269191,ENSG00000268030,ENSG00000051128,ENSG00000007080,ENSG00000130517,ENSG00000141971,ENSG00000105639,ENSG00000130475,ENSG00000167483,ENSG00000130513,ENSG00000105393,ENSG00000130309,ENSG00000130312,ENSG00000053501,ENSG00000130311,ENSG00000130303,ENSG00000282851,ENSG00000127220,ENSG00000254503,ENSG00000105662,ENSG00000269815,ENSG00000105650,ENSG00000105649,ENSG00000105700,ENSG00000207166,ENSG00000096996,ENSG00000105643,ENSG00000188051,ENSG00000130518,ENSG00000130479,ENSG00000105647,ENSG00000130520,ENSG00000130511,ENSG00000179913,ENSG00000160113,ENSG00000006015,ENSG00000105701,ENSG00000130522,ENSG00000269481,ENSG00000105656,ENSG00000160117,ENSG00000006016,ENSG00000130299,ENSG00000105655,ENSG00000105669,ENSG00000064607,ENSG00000105664,ENSG00000074855,ENSG00000269720,ENSG00000099330,ENSG00000130313,ENSG00000221983,ENSG00000105676,ENSG00000099308,ENSG00000223802,ENSG00000254858,ENSG00000167487,ENSG00000175489,ENSG00000248099,ENSG00000216490,ENSG00000105696","ENSG00000269720,ENSG00000269815,ENSG00000284797,ENSG00000130309,ENSG00000105700,ENSG00000130311,ENSG00000221983,ENSG00000105671,ENSG00000105393,ENSG00000096996,ENSG00000105655,ENSG00000269694,ENSG00000269191,ENSG00000241172,ENSG00000130299,ENSG00000248099,ENSG00000105650,ENSG00000007080,ENSG00000269736,ENSG00000130522,ENSG00000105639,ENSG00000064607,ENSG00000280121,ENSG00000130304,ENSG00000269439,ENSG00000130475,ENSG00000241464,ENSG00000254503,ENSG00000252591,ENSG00000254858,ENSG00000268030,ENSG00000127220,ENSG00000243771,ENSG00000171773,ENSG00000099330,ENSG00000006016,ENSG00000130300,ENSG00000005007,ENSG00000130518,ENSG00000268650,ENSG00000105640,ENSG00000279300,ENSG00000105662,ENSG00000130313,ENSG00000188051,ENSG00000105664,ENSG00000160117,ENSG00000099308,ENSG00000239821,ENSG00000273654,ENSG00000268938,ENSG00000263490,ENSG00000268199,ENSG00000130303,ENSG00000175489,ENSG00000130520,ENSG00000267959,ENSG00000167487,ENSG00000105676,ENSG00000130511,ENSG00000264175,ENSG00000288837,ENSG00000130517,ENSG00000216490,ENSG00000105649,ENSG00000130513,ENSG00000130307,ENSG00000105656,ENSG00000179913,ENSG00000282851,ENSG00000130479,ENSG00000269350,ENSG00000105647,ENSG00000130312,ENSG00000181035,ENSG00000074855,ENSG00000207166,ENSG00000223802,ENSG00000006015,ENSG00000269481,ENSG00000105701,ENSG00000105696,ENSG00000160113,ENSG00000167483,ENSG00000269053,ENSG00000141971,ENSG00000105669,ENSG00000279617,ENSG00000051128,ENSG00000053501,ENSG00000105643,ENSG00000269752",ENSG00000099308,Liver eQTLs,train
20009937700092196-92196000002643,chr16,"16-31000809-G-A,16-30999142-A-G,16-30999462-T-C,16-31002720-G-A,16-30968589-C-T,16-30970741-G-A,16-30971810-A-G,16-30977799-G-A,16-30981544-C-G,16-30995669-T-C,16-30980054-A-G,16-30980902-T-C,16-30983260-A-C,16-30989858-T-C,16-31000726-TAGAAATGGGACTCTGAGGGCTAAC-T,16-30984212-G-A,16-30985994-G-T,16-30987144-G-A,16-30944248-A-G,16-30950352-G-A,16-30949047-A-G,16-30947904-G-A,16-30949515-G-A,16-30930983-C-T,16-30931968-C-T,16-30934075-G-A,16-30938811-A-G,16-30940331-C-T,16-30942625-G-A,16-30943096-A-G,16-30943988-C-T,16-30945861-T-C,16-30946506-A-G,16-30953202-G-A,16-30969557-G-C,16-30995528-A-G,16-30937799-G-A,16-30945978-C-CA,16-30930000-T-TC,16-30916430-C-G,16-30980130-A-T,16-30923602-A-T,16-30920339-CA-C,16-30970941-T-C,16-30987380-GT-G,16-31002664-A-G,16-30928970-A-G,16-31017554-T-C,16-31006289-G-GTGGTGCTA,16-31021078-C-T,16-31023273-G-A,16-31006972-C-T,16-31004812-T-C,16-31032405-C-T,16-31026427-A-G,16-31030344-C-A,16-31032317-T-C,16-31035381-GC-G,16-31040139-T-C,16-31044897-G-A,16-31047330-T-C,16-31052895-G-A,16-31056433-A-G,16-31057800-G-A,16-31057945-A-G,16-31096876-A-C,16-31021880-G-T,16-31036367-G-A,16-31039376-G-A,16-31044683-A-G,16-31082025-T-C,16-31083075-A-C,16-31091209-T-C,16-31092075-G-A,16-31095171-C-T,16-31095204-G-C,16-31096164-G-C,16-31099783-T-C,16-30914626-T-C,16-31069715-C-CTGAG,16-31079834-C-A,16-31083324-G-A,16-31095251-G-C,16-31049155-A-G,16-31050033-C-T,16-31054607-C-T,16-31012781-G-A,16-31050023-C-A,16-30929444-C-T,16-31012813-G-T,16-31041137-G-A,16-31016970-T-C,16-31022639-G-A,16-31005567-T-C","ENSG00000103507,ENSG00000156858,ENSG00000274678,ENSG00000156873,ENSG00000260219,ENSG00000261840,ENSG00000169955,ENSG00000099364,ENSG00000179918,ENSG00000196118,ENSG00000179958,ENSG00000167394,ENSG00000169896,ENSG00000132207,ENSG00000180096,ENSG00000140682,ENSG00000149923,ENSG00000262766,ENSG00000149927,ENSG00000232748,ENSG00000156860,ENSG00000280211,ENSG00000149929,ENSG00000140691,ENSG00000140678,ENSG00000185947,ENSG00000260060,ENSG00000103490,ENSG00000052344,ENSG00000005844,ENSG00000275371,ENSG00000180209,ENSG00000156885,ENSG00000259810,ENSG00000169957,ENSG00000156853,ENSG00000102882,ENSG00000099385,ENSG00000176723,ENSG00000090238,ENSG00000278133,ENSG00000261474,ENSG00000275263,ENSG00000260267,ENSG00000099381,ENSG00000102879,ENSG00000250616,ENSG00000169592,ENSG00000280132,ENSG00000175938,ENSG00000197162,ENSG00000279196,ENSG00000102886,ENSG00000149925,ENSG00000156886,ENSG00000089280,ENSG00000102870,ENSG00000169221,ENSG00000169877,ENSG00000169951,ENSG00000099377,ENSG00000169217,ENSG00000229809,ENSG00000183604,ENSG00000274653,ENSG00000099365,ENSG00000288983,ENSG00000103496,ENSG00000260304,ENSG00000179965,ENSG00000140688,ENSG00000261052,ENSG00000131797,ENSG00000235560,ENSG00000285043,ENSG00000103549,ENSG00000180035,ENSG00000273724,ENSG00000260625,ENSG00000276867,ENSG00000149922,ENSG00000198064,ENSG00000080603,ENSG00000150281,ENSG00000197302,ENSG00000140675,ENSG00000260083,ENSG00000278922,ENSG00000281991,ENSG00000260852","ENSG00000089280,ENSG00000052344,ENSG00000179918,ENSG00000103549,ENSG00000099365,ENSG00000169896,ENSG00000202476,ENSG00000185947,ENSG00000280211,ENSG00000169900,ENSG00000229809,ENSG00000261741,ENSG00000261284,ENSG00000263343,ENSG00000090238,ENSG00000080603,ENSG00000196118,ENSG00000261245,ENSG00000103490,ENSG00000149923,ENSG00000099381,ENSG00000259950,ENSG00000261203,ENSG00000140675,ENSG00000150281,ENSG00000266305,ENSG00000260267,ENSG00000260883,ENSG00000260625,ENSG00000156858,ENSG00000260060,ENSG00000274904,ENSG00000278887,ENSG00000180209,ENSG00000260083,ENSG00000206755,ENSG00000099364,ENSG00000250616,ENSG00000260568,ENSG00000102886,ENSG00000276867,ENSG00000197302,ENSG00000222701,ENSG00000167394,ENSG00000131797,ENSG00000261840,ENSG00000278133,ENSG00000213547,ENSG00000274678,ENSG00000140682,ENSG00000252074,ENSG00000278922,ENSG00000230447,ENSG00000169957,ENSG00000167194,ENSG00000251706,ENSG00000261474,ENSG00000197476,ENSG00000285043,ENSG00000198064,ENSG00000169951,ENSG00000259874,ENSG00000169877,ENSG00000275263,ENSG00000140678,ENSG00000262366,ENSG00000261648,ENSG00000260757,ENSG00000260472,ENSG00000260113,ENSG00000180096,ENSG00000099385,ENSG00000261289,ENSG00000169221,ENSG00000199787,ENSG00000260219,ENSG00000180663,ENSG00000261680,ENSG00000274848,ENSG00000260218,ENSG00000197162,ENSG00000275371,ENSG00000156860,ENSG00000102882,ENSG00000103507,ENSG00000222287,ENSG00000179958,ENSG00000261052,ENSG00000103496,ENSG00000280132,ENSG00000169217,ENSG00000169627,ENSG00000102870,ENSG00000149927,ENSG00000260010,ENSG00000261346,ENSG00000235560,ENSG00000149922,ENSG00000156873,ENSG00000260722,ENSG00000260628,ENSG00000262766,ENSG00000279196,ENSG00000260631,ENSG00000156853,ENSG00000232748,ENSG00000149929,ENSG00000102879,ENSG00000005844,ENSG00000288983,ENSG00000261444,ENSG00000156886,ENSG00000176723,ENSG00000273724,ENSG00000140691,ENSG00000261457,ENSG00000281991,ENSG00000237185,ENSG00000260852,ENSG00000274653,ENSG00000278885,ENSG00000179965,ENSG00000175938,ENSG00000260304,ENSG00000169955,ENSG00000149925,ENSG00000180035,ENSG00000099377,ENSG00000140688,ENSG00000169592,ENSG00000259810,ENSG00000261475,ENSG00000156885,ENSG00000183604,ENSG00000132207,ENSG00000261359,ENSG00000258130",ENSG00000099377,Liver eQTLs,train
20009980000092196-92196000003544,chr19,"19-2398224-A-G,19-2398849-A-G,19-2399325-C-T,19-2395960-T-C","ENSG00000185988,ENSG00000172009,ENSG00000129968,ENSG00000268798,ENSG00000065000,ENSG00000213638,ENSG00000129911,ENSG00000279452,ENSG00000104899,ENSG00000133275,ENSG00000287766,ENSG00000130270,ENSG00000119559,ENSG00000104953,ENSG00000104964,ENSG00000104897,ENSG00000104885,ENSG00000253392,ENSG00000099800,ENSG00000065717,ENSG00000188305,ENSG00000176490,ENSG00000227500,ENSG00000130005,ENSG00000185761,ENSG00000088256,ENSG00000071564,ENSG00000186300,ENSG00000220008,ENSG00000141905,ENSG00000104886,ENSG00000267283,ENSG00000267412,ENSG00000104904,ENSG00000099860,ENSG00000060558,ENSG00000267317,ENSG00000071626,ENSG00000127540,ENSG00000115266,ENSG00000171970,ENSG00000175691,ENSG00000176533,ENSG00000130332,ENSG00000280103,ENSG00000267244,ENSG00000125910,ENSG00000099840,ENSG00000288156,ENSG00000099875,ENSG00000133243,ENSG00000115255,ENSG00000161082,ENSG00000141873,ENSG00000261526,ENSG00000176619,ENSG00000167476,ENSG00000115257,ENSG00000079313,ENSG00000181588,ENSG00000172081,ENSG00000172006,ENSG00000104969,ENSG00000005206,ENSG00000125912,ENSG00000071655,ENSG00000115268,ENSG00000261342","ENSG00000280103,ENSG00000071626,ENSG00000130332,ENSG00000115266,ENSG00000071564,ENSG00000099840,ENSG00000115257,ENSG00000185988,ENSG00000239367,ENSG00000185761,ENSG00000129968,ENSG00000104964,ENSG00000275642,ENSG00000104886,ENSG00000099875,ENSG00000115255,ENSG00000104953,ENSG00000161082,ENSG00000133275,ENSG00000253392,ENSG00000267180,ENSG00000104904,ENSG00000130005,ENSG00000065717,ENSG00000288156,ENSG00000276097,ENSG00000005206,ENSG00000105694,ENSG00000263974,ENSG00000284216,ENSG00000287766,ENSG00000130270,ENSG00000071655,ENSG00000104885,ENSG00000261342,ENSG00000279599,ENSG00000099800,ENSG00000227500,ENSG00000115268,ENSG00000289471,ENSG00000267073,ENSG00000266944,ENSG00000267283,ENSG00000267317,ENSG00000141905,ENSG00000266938,ENSG00000283728,ENSG00000176533,ENSG00000175691,ENSG00000267063,ENSG00000079313,ENSG00000104899,ENSG00000279452,ENSG00000286460,ENSG00000127540,ENSG00000176619,ENSG00000172081,ENSG00000141873,ENSG00000119559,ENSG00000267244,ENSG00000060558,ENSG00000181588,ENSG00000267412,ENSG00000133243,ENSG00000129911,ENSG00000252962,ENSG00000125910,ENSG00000088256,ENSG00000267448,ENSG00000267398,ENSG00000286880,ENSG00000176490,ENSG00000213638,ENSG00000267749,ENSG00000125912,ENSG00000267125,ENSG00000220008,ENSG00000288906,ENSG00000261526,ENSG00000268798,ENSG00000172006,ENSG00000065000,ENSG00000221411,ENSG00000284272,ENSG00000099860,ENSG00000172009,ENSG00000186300,ENSG00000171970,ENSG00000167476,ENSG00000104969,ENSG00000267201,ENSG00000188305,ENSG00000277904,ENSG00000104897,ENSG00000252933",ENSG00000099800,Liver eQTLs,train
20009986900092196-92196000001215,chr11,"11-2169110-A-G,11-2169908-T-C,11-2170143-G-A","ENSG00000269821,ENSG00000117983,ENSG00000181649,ENSG00000254827,ENSG00000184281,ENSG00000205865,ENSG00000117984,ENSG00000255153,ENSG00000130600,ENSG00000064201,ENSG00000235027,ENSG00000053918,ENSG00000110619,ENSG00000174672,ENSG00000254647,ENSG00000130595,ENSG00000284779,ENSG00000205869,ENSG00000110628,ENSG00000236264,ENSG00000233930,ENSG00000244242,ENSG00000214026,ENSG00000182208,ENSG00000167244,ENSG00000283787,ENSG00000231487,ENSG00000226416,ENSG00000183734,ENSG00000205864,ENSG00000078902,ENSG00000205531,ENSG00000149043,ENSG00000110665,ENSG00000184545,ENSG00000238184,ENSG00000110651,ENSG00000183562,ENSG00000205866,ENSG00000232987,ENSG00000129757,ENSG00000099869,ENSG00000229512,ENSG00000130598,ENSG00000130592,ENSG00000227306,ENSG00000180176","ENSG00000227306,ENSG00000287484,ENSG00000230080,ENSG00000205866,ENSG00000064201,ENSG00000184281,ENSG00000249086,ENSG00000274740,ENSG00000229512,ENSG00000205867,ENSG00000182208,ENSG00000205531,ENSG00000265258,ENSG00000236041,ENSG00000117983,ENSG00000167244,ENSG00000207008,ENSG00000129757,ENSG00000235027,ENSG00000231487,ENSG00000099869,ENSG00000284779,ENSG00000275669,ENSG00000241598,ENSG00000264493,ENSG00000196224,ENSG00000214026,ENSG00000174672,ENSG00000284594,ENSG00000183562,ENSG00000181649,ENSG00000117984,ENSG00000238184,ENSG00000078902,ENSG00000230834,ENSG00000110665,ENSG00000180176,ENSG00000232987,ENSG00000110651,ENSG00000233930,ENSG00000286275,ENSG00000254827,ENSG00000255153,ENSG00000205864,ENSG00000185940,ENSG00000283787,ENSG00000110619,ENSG00000237941,ENSG00000205865,ENSG00000236264,ENSG00000269821,ENSG00000254647,ENSG00000053918,ENSG00000244242,ENSG00000184545,ENSG00000130595,ENSG00000110628,ENSG00000183734,ENSG00000130592,ENSG00000199550,ENSG00000230980,ENSG00000149043,ENSG00000130598,ENSG00000207308,ENSG00000130600,ENSG00000207805,ENSG00000229414,ENSG00000205869,ENSG00000285985,ENSG00000226416,ENSG00000201616",ENSG00000099869,Liver eQTLs,train
20009991700092196-92196000004750,chr22,"22-20855638-G-C,22-20881740-G-GT,22-20881740-G-GT,22-20888828-G-A,22-20875485-G-T,22-20860070-CAGG-C,22-20864940-C-T,22-20865291-A-C,22-20868964-C-T,22-20869961-C-T,22-20870028-G-A,22-20873393-G-A,22-20873558-A-G,22-20873875-G-A,22-20875777-G-A,22-20886278-G-A,22-20896221-C-T,22-20896693-G-A,22-20896900-T-C,22-20899157-TA-T,22-20901076-C-T,22-20901798-G-A,22-20909544-G-A,22-20910193-A-G,22-20910264-C-T,22-20916620-A-G,22-20920044-C-T,22-20921355-G-T,22-20923922-TGAG-T,22-20926559-G-A,22-20928130-C-T,22-20935946-G-A,22-20889102-A-G,22-20889104-T-C,22-20887080-A-G,22-20882952-A-T,22-20942641-G-A,22-20942192-G-A,22-20854306-C-A,22-20853607-C-T","ENSG00000184113,ENSG00000236670,ENSG00000184058,ENSG00000099910,ENSG00000161132,ENSG00000099960,ENSG00000236499,ENSG00000215493,ENSG00000128185,ENSG00000184702,ENSG00000234409,ENSG00000237476,ENSG00000093010,ENSG00000244486,ENSG00000099917,ENSG00000099889,ENSG00000241973,ENSG00000230513,ENSG00000128191,ENSG00000184436,ENSG00000099940,ENSG00000249923,ENSG00000099957,ENSG00000099901,ENSG00000099904,ENSG00000099949,ENSG00000236540,ENSG00000040608,ENSG00000099937,ENSG00000215012,ENSG00000203618,ENSG00000184470,ENSG00000226287,ENSG00000099942,ENSG00000273343,ENSG00000235776,ENSG00000099899,ENSG00000206140,ENSG00000183597,ENSG00000169635,ENSG00000185838,ENSG00000273139,ENSG00000183773,ENSG00000232926,ENSG00000272829,ENSG00000185252","ENSG00000284665,ENSG00000237476,ENSG00000040608,ENSG00000183246,ENSG00000236499,ENSG00000206142,ENSG00000287446,ENSG00000224688,ENSG00000272829,ENSG00000286102,ENSG00000099942,ENSG00000241973,ENSG00000161133,ENSG00000099957,ENSG00000273343,ENSG00000276800,ENSG00000279920,ENSG00000128185,ENSG00000239511,ENSG00000206145,ENSG00000207343,ENSG00000206140,ENSG00000184470,ENSG00000207575,ENSG00000185252,ENSG00000215493,ENSG00000099949,ENSG00000273846,ENSG00000226534,ENSG00000235578,ENSG00000275293,ENSG00000128191,ENSG00000184436,ENSG00000099937,ENSG00000208023,ENSG00000184702,ENSG00000099901,ENSG00000249923,ENSG00000226885,ENSG00000286127,ENSG00000215498,ENSG00000234409,ENSG00000099889,ENSG00000099904,ENSG00000232926,ENSG00000226872,ENSG00000099910,ENSG00000099899,ENSG00000184058,ENSG00000283145,ENSG00000252020,ENSG00000230513,ENSG00000238125,ENSG00000229266,ENSG00000244671,ENSG00000284031,ENSG00000093010,ENSG00000226287,ENSG00000278278,ENSG00000277950,ENSG00000184113,ENSG00000099960,ENSG00000200057,ENSG00000215012,ENSG00000099917,ENSG00000252143,ENSG00000099940,ENSG00000188280,ENSG00000169662,ENSG00000250261,ENSG00000183597,ENSG00000235776,ENSG00000236003,ENSG00000169635,ENSG00000183773,ENSG00000244486,ENSG00000212102,ENSG00000276427,ENSG00000236670,ENSG00000237407,ENSG00000217261,ENSG00000187905,ENSG00000197210,ENSG00000232771,ENSG00000284651,ENSG00000200985,ENSG00000222352,ENSG00000185838,ENSG00000235062,ENSG00000249680,ENSG00000203618,ENSG00000289564,ENSG00000255156,ENSG00000283871,ENSG00000201916,ENSG00000273139,ENSG00000229107,ENSG00000221039,ENSG00000274600,ENSG00000284621,ENSG00000275840,ENSG00000161132,ENSG00000234503,ENSG00000236540,ENSG00000283972",ENSG00000099917,Liver eQTLs,train
20009997400092196-92196000004804,chr22,"22-24266831-G-C,22-24266867-G-A,22-24266726-T-C,22-24267047-C-T,22-24292957-G-A,22-24293976-T-G,22-24297287-T-C,22-24256692-AT-A,22-24258777-C-T,22-24299072-T-C,22-24295286-T-C,22-24295217-A-G,22-24295053-G-A,22-24299147-C-T,22-24255296-C-T,22-24296294-T-C,22-24296526-G-A,22-24297130-T-C,22-24297195-G-T,22-24297197-A-G,22-24297619-T-C,22-24297624-A-G,22-24297866-A-G,22-24298180-C-T,22-24298182-T-G,22-24298293-A-C,22-24298325-G-A,22-24296483-C-T,22-24296029-T-C,22-24296175-C-G,22-24295805-A-T,22-24294683-G-A,22-24292488-G-T,22-24294513-G-T,22-24299403-T-C,22-24295103-A-G,22-24266954-A-C,22-24294903-T-G,22-24291927-C-G,22-24292178-C-A,22-24301163-C-G,22-24296152-C-T,22-24295427-C-T,22-24296894-A-G,22-24249458-A-C,22-24249616-A-C,22-24294207-G-A,22-24301040-C-A,22-24250795-C-G,22-24323953-C-CA,22-24335977-G-A,22-24250072-AG-A,22-24267078-AC-A,22-24269459-G-T,22-24272122-C-T,22-24273325-TG-T,22-24274119-G-C,22-24312204-G-A,22-24296056-G-A,22-24265659-C-T,22-24251517-C-T,22-24252085-A-G,22-24252668-G-T,22-24252842-T-C,22-24334710-G-A,22-24254363-C-T,22-24248166-T-G,22-24248414-G-A,22-24254055-C-T,22-24254113-C-T,22-24255208-G-A,22-24251344-T-C,22-24252597-T-C,22-24252938-C-G,22-24247794-G-C,22-24248314-A-G,22-24248761-T-C,22-24249688-G-A,22-24335506-C-T,22-24336531-C-A,22-24250355-T-C,22-24249800-A-G,22-24250645-C-A","ENSG00000099998,ENSG00000099953,ENSG00000100024,ENSG00000234353,ENSG00000230701,ENSG00000099974,ENSG00000100028,ENSG00000178803,ENSG00000128271,ENSG00000272578,ENSG00000099994,ENSG00000284233,ENSG00000138867,ENSG00000178026,ENSG00000167037,ENSG00000099958,ENSG00000244723,ENSG00000100218,ENSG00000133519,ENSG00000232545,ENSG00000128262,ENSG00000128218,ENSG00000189269,ENSG00000284128,ENSG00000099956,ENSG00000272733,ENSG00000099991,ENSG00000284070,ENSG00000186716,ENSG00000169314,ENSG00000100031,ENSG00000159496,ENSG00000187792,ENSG00000228923,ENSG00000100014,ENSG00000128266,ENSG00000100228","ENSG00000232545,ENSG00000099953,ENSG00000279085,ENSG00000199783,ENSG00000231271,ENSG00000100031,ENSG00000100228,ENSG00000167037,ENSG00000224334,ENSG00000224124,ENSG00000099994,ENSG00000189269,ENSG00000284070,ENSG00000178026,ENSG00000215478,ENSG00000235689,ENSG00000100028,ENSG00000276950,ENSG00000138867,ENSG00000234928,ENSG00000284233,ENSG00000227755,ENSG00000279298,ENSG00000287864,ENSG00000224806,ENSG00000272578,ENSG00000128266,ENSG00000206090,ENSG00000100024,ENSG00000100218,ENSG00000282012,ENSG00000128218,ENSG00000250470,ENSG00000272733,ENSG00000182351,ENSG00000186716,ENSG00000159496,ENSG00000230701,ENSG00000133519,ENSG00000187792,ENSG00000225413,ENSG00000234353,ENSG00000275609,ENSG00000099958,ENSG00000128271,ENSG00000099991,ENSG00000184571,ENSG00000100014,ENSG00000248409,ENSG00000178803,ENSG00000230947,ENSG00000099998,ENSG00000128262,ENSG00000099974,ENSG00000284128,ENSG00000224277,ENSG00000215464,ENSG00000279006,ENSG00000206069,ENSG00000178248,ENSG00000099956,ENSG00000236611,ENSG00000279548,ENSG00000225098,ENSG00000244723,ENSG00000169314,ENSG00000240972,ENSG00000214526,ENSG00000228923,ENSG00000278655,ENSG00000237601",ENSG00000099974,Liver eQTLs,train
20009997400092196-92196000004809,chr22,"22-24335977-G-A,22-24334710-G-A,22-24335506-C-T,22-24336531-C-A,22-24399364-C-G,22-24401542-G-A,22-24399655-T-G,22-24402321-G-A,22-24403541-C-T","ENSG00000284233,ENSG00000100024,ENSG00000159496,ENSG00000230701,ENSG00000284070,ENSG00000232545,ENSG00000169314,ENSG00000189269,ENSG00000272733,ENSG00000228923,ENSG00000099953,ENSG00000272578,ENSG00000284128,ENSG00000128266,ENSG00000197077,ENSG00000187792,ENSG00000100031,ENSG00000100028,ENSG00000178026,ENSG00000099974,ENSG00000128218,ENSG00000138867,ENSG00000186716,ENSG00000234353,ENSG00000100218,ENSG00000128262,ENSG00000178803,ENSG00000099991,ENSG00000128271,ENSG00000099998,ENSG00000244425,ENSG00000244723,ENSG00000100228,ENSG00000167037,ENSG00000133519,ENSG00000099956,ENSG00000100014,ENSG00000099958,ENSG00000099994","ENSG00000099991,ENSG00000225098,ENSG00000099994,ENSG00000231271,ENSG00000186716,ENSG00000128271,ENSG00000178026,ENSG00000178248,ENSG00000224124,ENSG00000128266,ENSG00000128218,ENSG00000099974,ENSG00000100228,ENSG00000189269,ENSG00000178803,ENSG00000100014,ENSG00000169314,ENSG00000284233,ENSG00000240972,ENSG00000182351,ENSG00000099958,ENSG00000279298,ENSG00000244723,ENSG00000167037,ENSG00000234928,ENSG00000206066,ENSG00000232545,ENSG00000100028,ENSG00000099956,ENSG00000250470,ENSG00000228923,ENSG00000099953,ENSG00000282012,ENSG00000230701,ENSG00000227755,ENSG00000235689,ENSG00000230947,ENSG00000244425,ENSG00000237601,ENSG00000278655,ENSG00000224806,ENSG00000100024,ENSG00000138867,ENSG00000225413,ENSG00000276950,ENSG00000159496,ENSG00000279085,ENSG00000133519,ENSG00000206069,ENSG00000099998,ENSG00000224334,ENSG00000233577,ENSG00000284070,ENSG00000184571,ENSG00000279006,ENSG00000100031,ENSG00000215464,ENSG00000199783,ENSG00000272733,ENSG00000224277,ENSG00000287864,ENSG00000234353,ENSG00000284128,ENSG00000275609,ENSG00000128262,ENSG00000279548,ENSG00000187792,ENSG00000100218,ENSG00000206090,ENSG00000285690,ENSG00000197077,ENSG00000272578",ENSG00000099974,Liver eQTLs,train
20009997700092196-92196000004804,chr22,"22-24266831-G-C,22-24266867-G-A,22-24266726-T-C,22-24267047-C-T,22-24292957-G-A,22-24293976-T-G,22-24297287-T-C,22-24256692-AT-A,22-24258777-C-T,22-24299072-T-C,22-24295286-T-C,22-24295217-A-G,22-24295053-G-A,22-24299147-C-T,22-24255296-C-T,22-24296294-T-C,22-24296526-G-A,22-24297130-T-C,22-24297195-G-T,22-24297197-A-G,22-24297619-T-C,22-24297624-A-G,22-24297866-A-G,22-24298180-C-T,22-24298182-T-G,22-24298293-A-C,22-24298325-G-A,22-24296483-C-T,22-24296029-T-C,22-24296175-C-G,22-24295805-A-T,22-24294683-G-A,22-24292488-G-T,22-24294513-G-T,22-24299403-T-C,22-24295103-A-G,22-24266954-A-C,22-24294903-T-G,22-24291927-C-G,22-24292178-C-A,22-24301163-C-G,22-24296152-C-T,22-24295427-C-T,22-24296894-A-G,22-24249458-A-C,22-24249616-A-C,22-24294207-G-A,22-24301040-C-A,22-24250795-C-G,22-24323953-C-CA,22-24335977-G-A,22-24250072-AG-A,22-24267078-AC-A,22-24269459-G-T,22-24272122-C-T,22-24273325-TG-T,22-24274119-G-C,22-24312204-G-A,22-24296056-G-A,22-24265659-C-T,22-24251517-C-T,22-24252085-A-G,22-24252668-G-T,22-24252842-T-C,22-24334710-G-A,22-24254363-C-T,22-24248166-T-G,22-24248414-G-A,22-24254055-C-T,22-24254113-C-T,22-24255208-G-A,22-24251344-T-C,22-24252597-T-C,22-24252938-C-G,22-24247794-G-C,22-24248314-A-G,22-24248761-T-C,22-24249688-G-A,22-24335506-C-T,22-24336531-C-A,22-24250355-T-C,22-24249800-A-G,22-24250645-C-A","ENSG00000284070,ENSG00000284128,ENSG00000100228,ENSG00000133519,ENSG00000100014,ENSG00000128262,ENSG00000100028,ENSG00000187792,ENSG00000099977,ENSG00000099953,ENSG00000169314,ENSG00000100024,ENSG00000100031,ENSG00000099956,ENSG00000272733,ENSG00000189269,ENSG00000178026,ENSG00000159496,ENSG00000100218,ENSG00000272578,ENSG00000234353,ENSG00000186716,ENSG00000167037,ENSG00000099958,ENSG00000128218,ENSG00000178803,ENSG00000232545,ENSG00000128271,ENSG00000099994,ENSG00000099998,ENSG00000128266,ENSG00000099991,ENSG00000230701,ENSG00000244723,ENSG00000228923,ENSG00000138867,ENSG00000284233","ENSG00000225098,ENSG00000133519,ENSG00000182351,ENSG00000215478,ENSG00000169314,ENSG00000224277,ENSG00000100014,ENSG00000272578,ENSG00000187792,ENSG00000128262,ENSG00000099956,ENSG00000099953,ENSG00000237601,ENSG00000138867,ENSG00000287864,ENSG00000100218,ENSG00000099958,ENSG00000100031,ENSG00000230947,ENSG00000100028,ENSG00000234928,ENSG00000178803,ENSG00000234353,ENSG00000224334,ENSG00000189269,ENSG00000282012,ENSG00000225413,ENSG00000224806,ENSG00000100228,ENSG00000279085,ENSG00000227755,ENSG00000128218,ENSG00000240972,ENSG00000215464,ENSG00000275609,ENSG00000178026,ENSG00000100024,ENSG00000279548,ENSG00000206090,ENSG00000248409,ENSG00000250470,ENSG00000230701,ENSG00000184571,ENSG00000214526,ENSG00000178248,ENSG00000278655,ENSG00000128266,ENSG00000128271,ENSG00000199783,ENSG00000186716,ENSG00000284128,ENSG00000284070,ENSG00000272733,ENSG00000224124,ENSG00000244723,ENSG00000099994,ENSG00000231271,ENSG00000236611,ENSG00000206069,ENSG00000167037,ENSG00000099998,ENSG00000279298,ENSG00000099977,ENSG00000279006,ENSG00000099991,ENSG00000159496,ENSG00000235689,ENSG00000276950,ENSG00000284233,ENSG00000228923,ENSG00000232545",ENSG00000099977,Liver eQTLs,train
20009999400092196-92196000004812,chr22,"22-24577121-G-C,22-24577986-T-C,22-24580924-T-G","ENSG00000100031,ENSG00000218537,ENSG00000167037,ENSG00000099953,ENSG00000189269,ENSG00000203280,ENSG00000244723,ENSG00000197077,ENSG00000272787,ENSG00000178803,ENSG00000284233,ENSG00000100028,ENSG00000099977,ENSG00000250479,ENSG00000272578,ENSG00000284070,ENSG00000099994,ENSG00000284128,ENSG00000230701,ENSG00000099958,ENSG00000225282,ENSG00000100024,ENSG00000169314,ENSG00000133460,ENSG00000224205,ENSG00000099974,ENSG00000128271,ENSG00000133433,ENSG00000133519,ENSG00000244425,ENSG00000099984,ENSG00000228923,ENSG00000138867,ENSG00000273295,ENSG00000232545,ENSG00000099998,ENSG00000099991,ENSG00000272733,ENSG00000099956,ENSG00000178026,ENSG00000100014,ENSG00000159496,ENSG00000128262,ENSG00000228039,ENSG00000187792,ENSG00000234353,ENSG00000128218","ENSG00000279298,ENSG00000128218,ENSG00000100028,ENSG00000228923,ENSG00000099956,ENSG00000225098,ENSG00000284128,ENSG00000232545,ENSG00000228039,ENSG00000197077,ENSG00000169314,ENSG00000100014,ENSG00000235689,ENSG00000230701,ENSG00000138867,ENSG00000206069,ENSG00000250479,ENSG00000244425,ENSG00000237601,ENSG00000099974,ENSG00000178803,ENSG00000284070,ENSG00000099984,ENSG00000178026,ENSG00000272798,ENSG00000189269,ENSG00000187792,ENSG00000230947,ENSG00000273295,ENSG00000282012,ENSG00000224124,ENSG00000272578,ENSG00000285690,ENSG00000100031,ENSG00000231271,ENSG00000215464,ENSG00000099991,ENSG00000234353,ENSG00000234884,ENSG00000099977,ENSG00000099994,ENSG00000206066,ENSG00000099998,ENSG00000224205,ENSG00000167037,ENSG00000100024,ENSG00000272733,ENSG00000128271,ENSG00000279548,ENSG00000277872,ENSG00000225282,ENSG00000284233,ENSG00000244723,ENSG00000133460,ENSG00000184571,ENSG00000218537,ENSG00000276950,ENSG00000278655,ENSG00000275609,ENSG00000182351,ENSG00000224334,ENSG00000099958,ENSG00000099953,ENSG00000159496,ENSG00000203280,ENSG00000224806,ENSG00000133433,ENSG00000206090,ENSG00000272787,ENSG00000279006,ENSG00000272942,ENSG00000271138,ENSG00000128262,ENSG00000279085,ENSG00000233577,ENSG00000240972,ENSG00000133519,ENSG00000199783,ENSG00000250470",ENSG00000099994,Liver eQTLs,train
20010003100092196-92196000004816,chr22,"22-24998619-A-G,22-24994296-T-C,22-24995668-A-G,22-24997309-G-C,22-25000461-C-T,22-25002323-T-C,22-25000229-A-T,22-25002254-T-C,22-24998707-T-C,22-24994335-G-A,22-24997086-G-A,22-24993367-G-A,22-25002047-C-T,22-25002081-C-T,22-25003934-G-A,22-25004206-T-G,22-24996582-G-A,22-24999104-C-G,22-24992953-AT-A,22-24994708-T-C,22-24994939-T-G,22-24995044-G-A,22-24995134-G-T,22-24995202-G-A,22-24995663-C-T,22-24996438-G-A,22-24998553-C-T,22-24995756-C-A,22-24997846-T-C,22-24992266-T-C,22-24997070-A-G,22-25004608-T-C,22-25008477-C-CT","ENSG00000218537,ENSG00000100068,ENSG00000228923,ENSG00000272578,ENSG00000167037,ENSG00000133433,ENSG00000128271,ENSG00000099991,ENSG00000100031,ENSG00000244752,ENSG00000128218,ENSG00000099953,ENSG00000232545,ENSG00000225282,ENSG00000099958,ENSG00000099998,ENSG00000159496,ENSG00000189269,ENSG00000100028,ENSG00000197077,ENSG00000284233,ENSG00000099974,ENSG00000099956,ENSG00000234353,ENSG00000231466,ENSG00000273295,ENSG00000099984,ENSG00000100014,ENSG00000100053,ENSG00000203280,ENSG00000100077,ENSG00000128262,ENSG00000178803,ENSG00000272787,ENSG00000224205,ENSG00000284070,ENSG00000100058,ENSG00000284128,ENSG00000169314,ENSG00000100024,ENSG00000228039,ENSG00000187792,ENSG00000133460,ENSG00000236641,ENSG00000178026,ENSG00000272977,ENSG00000250479,ENSG00000138867,ENSG00000244425,ENSG00000244723,ENSG00000099977,ENSG00000099994","ENSG00000282012,ENSG00000272942,ENSG00000206069,ENSG00000235689,ENSG00000231466,ENSG00000197077,ENSG00000224205,ENSG00000232545,ENSG00000099977,ENSG00000189269,ENSG00000215464,ENSG00000128262,ENSG00000224806,ENSG00000099984,ENSG00000099994,ENSG00000100028,ENSG00000206066,ENSG00000167037,ENSG00000272977,ENSG00000236641,ENSG00000223056,ENSG00000225098,ENSG00000128271,ENSG00000187792,ENSG00000099953,ENSG00000237387,ENSG00000232464,ENSG00000099974,ENSG00000279548,ENSG00000100053,ENSG00000169314,ENSG00000272787,ENSG00000278960,ENSG00000099998,ENSG00000100024,ENSG00000230947,ENSG00000133433,ENSG00000100077,ENSG00000284233,ENSG00000272578,ENSG00000276950,ENSG00000233577,ENSG00000224334,ENSG00000099958,ENSG00000138867,ENSG00000285690,ENSG00000099956,ENSG00000284070,ENSG00000279006,ENSG00000182351,ENSG00000237601,ENSG00000159496,ENSG00000228923,ENSG00000279085,ENSG00000225282,ENSG00000100058,ENSG00000244752,ENSG00000133460,ENSG00000222585,ENSG00000100068,ENSG00000099991,ENSG00000184571,ENSG00000234353,ENSG00000203280,ENSG00000273295,ENSG00000277872,ENSG00000199783,ENSG00000224124,ENSG00000234884,ENSG00000231933,ENSG00000279298,ENSG00000228039,ENSG00000128218,ENSG00000284128,ENSG00000244425,ENSG00000218537,ENSG00000250479,ENSG00000271138,ENSG00000100014,ENSG00000178026,ENSG00000244723,ENSG00000100031,ENSG00000178803,ENSG00000272798",ENSG00000100031,Liver eQTLs,train
20010005300092196-92196000004820,chr22,22-25597331-T-C,"ENSG00000284128,ENSG00000228923,ENSG00000100068,ENSG00000236641,ENSG00000197077,ENSG00000099998,ENSG00000100053,ENSG00000128271,ENSG00000231466,ENSG00000224003,ENSG00000100077,ENSG00000178803,ENSG00000203280,ENSG00000100024,ENSG00000178026,ENSG00000244752,ENSG00000167037,ENSG00000100028,ENSG00000100031,ENSG00000100058,ENSG00000272977,ENSG00000138867,ENSG00000128262,ENSG00000284233,ENSG00000100014,ENSG00000284070","ENSG00000197077,ENSG00000100077,ENSG00000232464,ENSG00000100024,ENSG00000182351,ENSG00000228923,ENSG00000206069,ENSG00000233577,ENSG00000128262,ENSG00000184571,ENSG00000167037,ENSG00000236641,ENSG00000221760,ENSG00000272798,ENSG00000224334,ENSG00000203280,ENSG00000237601,ENSG00000229770,ENSG00000232050,ENSG00000231933,ENSG00000284070,ENSG00000244752,ENSG00000128271,ENSG00000100068,ENSG00000277872,ENSG00000224003,ENSG00000284128,ENSG00000099998,ENSG00000199783,ENSG00000285690,ENSG00000236464,ENSG00000279085,ENSG00000279006,ENSG00000178803,ENSG00000231466,ENSG00000279548,ENSG00000178026,ENSG00000206066,ENSG00000230947,ENSG00000279298,ENSG00000284233,ENSG00000224124,ENSG00000100028,ENSG00000272977,ENSG00000222585,ENSG00000223056,ENSG00000234884,ENSG00000138867,ENSG00000100053,ENSG00000278960,ENSG00000100014,ENSG00000282012,ENSG00000224806,ENSG00000100058,ENSG00000230203,ENSG00000224192,ENSG00000252267,ENSG00000100031,ENSG00000271138,ENSG00000272942,ENSG00000237387",ENSG00000100053,Liver eQTLs,train
20010006800092196-92196000004821,chr22,"22-25792699-A-G,22-25791356-A-G,22-25792735-G-A,22-25786161-C-T,22-25786422-A-G,22-25788542-T-C,22-25788649-A-G","ENSG00000138867,ENSG00000203280,ENSG00000284070,ENSG00000100058,ENSG00000100053,ENSG00000100024,ENSG00000100077,ENSG00000100028,ENSG00000128271,ENSG00000244752,ENSG00000272977,ENSG00000100031,ENSG00000178026,ENSG00000224003,ENSG00000178803,ENSG00000228923,ENSG00000197077,ENSG00000284233,ENSG00000100068,ENSG00000236641,ENSG00000284128,ENSG00000167037","ENSG00000278960,ENSG00000231933,ENSG00000100024,ENSG00000272942,ENSG00000284128,ENSG00000223056,ENSG00000228923,ENSG00000226912,ENSG00000199783,ENSG00000128271,ENSG00000233577,ENSG00000237387,ENSG00000167037,ENSG00000236641,ENSG00000197077,ENSG00000206028,ENSG00000244752,ENSG00000178803,ENSG00000100077,ENSG00000284070,ENSG00000206066,ENSG00000279006,ENSG00000284233,ENSG00000178026,ENSG00000229770,ENSG00000232050,ENSG00000285690,ENSG00000206069,ENSG00000203280,ENSG00000100058,ENSG00000224003,ENSG00000279085,ENSG00000236464,ENSG00000272977,ENSG00000100053,ENSG00000279548,ENSG00000224192,ENSG00000100031,ENSG00000277872,ENSG00000230203,ENSG00000100068,ENSG00000100028,ENSG00000222585,ENSG00000279298,ENSG00000138867,ENSG00000221760,ENSG00000272798,ENSG00000271138,ENSG00000232464,ENSG00000252267,ENSG00000234884",ENSG00000100068,Liver eQTLs,train
20010010500092196-92196000004852,chr22,22-32092526-C-T,"ENSG00000237977,ENSG00000100220,ENSG00000241878,ENSG00000100105,ENSG00000273387,ENSG00000287817,ENSG00000183530,ENSG00000100191,ENSG00000100225,ENSG00000183963,ENSG00000232346,ENSG00000128253,ENSG00000100170,ENSG00000213888,ENSG00000214093,ENSG00000133422,ENSG00000128245,ENSG00000253352,ENSG00000228839,ENSG00000198832,ENSG00000273325,ENSG00000185133,ENSG00000185721,ENSG00000198089,ENSG00000100100,ENSG00000184708,ENSG00000235989,ENSG00000138942,ENSG00000236054,ENSG00000182541,ENSG00000242082,ENSG00000240591,ENSG00000100150,ENSG00000205853","ENSG00000234479,ENSG00000100100,ENSG00000184459,ENSG00000133422,ENSG00000100170,ENSG00000100225,ENSG00000128253,ENSG00000242082,ENSG00000240591,ENSG00000128276,ENSG00000184708,ENSG00000199695,ENSG00000233733,ENSG00000264141,ENSG00000198832,ENSG00000205856,ENSG00000100150,ENSG00000237439,ENSG00000212542,ENSG00000182541,ENSG00000236054,ENSG00000254127,ENSG00000232707,ENSG00000273387,ENSG00000100191,ENSG00000100105,ENSG00000241878,ENSG00000242251,ENSG00000228839,ENSG00000214093,ENSG00000198089,ENSG00000100078,ENSG00000239674,ENSG00000243519,ENSG00000229673,ENSG00000234626,ENSG00000202019,ENSG00000128245,ENSG00000236132,ENSG00000185721,ENSG00000271093,ENSG00000253352,ENSG00000273325,ENSG00000237977,ENSG00000227813,ENSG00000229169,ENSG00000206615,ENSG00000240647,ENSG00000275656,ENSG00000199248,ENSG00000251890,ENSG00000183530,ENSG00000183963,ENSG00000185133,ENSG00000232346,ENSG00000287817,ENSG00000227519,ENSG00000213888,ENSG00000100220,ENSG00000205853,ENSG00000284082,ENSG00000214125,ENSG00000230120,ENSG00000230866,ENSG00000235573,ENSG00000228194,ENSG00000235989,ENSG00000138942",ENSG00000100105,Liver eQTLs,train
20010014200092196-92196000004881,chr22,"22-38334534-T-C,22-38353932-C-G,22-38393423-C-A,22-38397034-G-A,22-38364339-T-C,22-38358854-C-A,22-38355977-ATTG-A,22-38387914-G-T,22-38357823-G-GGGGAAGCATGA,22-38357823-G-GGGGAAGCATGA,22-38399979-A-G,22-38329524-G-A,22-38324323-T-C,22-38371039-C-T,22-38369027-C-T,22-38371328-C-T,22-38371396-G-C,22-38366300-C-CA,22-38360118-A-T,22-38335753-C-T,22-38354684-C-T,22-38361289-G-C,22-38393608-G-A,22-38390128-T-G,22-38357128-G-T,22-38361559-C-T,22-38343143-T-C,22-38351986-T-C,22-38352481-T-C,22-38364552-T-C,22-38388203-G-A,22-38399098-A-G,22-38369976-A-G,22-38389922-A-G,22-38409596-A-G,22-38361123-A-G,22-38386787-C-A,22-38364205-G-A,22-38331234-A-C,22-38406147-T-C,22-38330923-T-A,22-38329285-G-A,22-38341134-T-C,22-38360051-C-G,22-38397797-T-C","ENSG00000272720,ENSG00000221890,ENSG00000100116,ENSG00000229598,ENSG00000185022,ENSG00000100079,ENSG00000100146,ENSG00000100129,ENSG00000168135,ENSG00000272669,ENSG00000100246,ENSG00000100211,ENSG00000128283,ENSG00000100092,ENSG00000100379,ENSG00000286144,ENSG00000198792,ENSG00000100385,ENSG00000100065,ENSG00000100156,ENSG00000231467,ENSG00000128311,ENSG00000100221,ENSG00000100201,ENSG00000100142,ENSG00000225450,ENSG00000273899,ENSG00000213923,ENSG00000100226,ENSG00000128309,ENSG00000272582,ENSG00000273076,ENSG00000128298,ENSG00000100055,ENSG00000241360,ENSG00000228274,ENSG00000273096,ENSG00000228620,ENSG00000100060,ENSG00000184381,ENSG00000100097,ENSG00000100124,ENSG00000100151,ENSG00000279738,ENSG00000133466,ENSG00000100106,ENSG00000128340,ENSG00000100083,ENSG00000233360,ENSG00000278948,ENSG00000287236,ENSG00000100139,ENSG00000100242,ENSG00000100216,ENSG00000244627,ENSG00000183741,ENSG00000230149,ENSG00000100196,ENSG00000187045,ENSG00000128346,ENSG00000189060,ENSG00000166897","ENSG00000187045,ENSG00000198792,ENSG00000128309,ENSG00000185022,ENSG00000100092,ENSG00000233360,ENSG00000273096,ENSG00000100156,ENSG00000100116,ENSG00000128340,ENSG00000224794,ENSG00000273214,ENSG00000273076,ENSG00000272720,ENSG00000286440,ENSG00000100211,ENSG00000287219,ENSG00000166897,ENSG00000100083,ENSG00000230149,ENSG00000100124,ENSG00000221890,ENSG00000100201,ENSG00000100055,ENSG00000243902,ENSG00000235246,ENSG00000273899,ENSG00000263764,ENSG00000100142,ENSG00000235209,ENSG00000207696,ENSG00000225450,ENSG00000244491,ENSG00000278948,ENSG00000183741,ENSG00000272669,ENSG00000100079,ENSG00000184381,ENSG00000237862,ENSG00000229598,ENSG00000100221,ENSG00000224279,ENSG00000100226,ENSG00000100139,ENSG00000100129,ENSG00000228274,ENSG00000287236,ENSG00000259421,ENSG00000133466,ENSG00000225867,ENSG00000100097,ENSG00000128346,ENSG00000284197,ENSG00000100242,ENSG00000100379,ENSG00000189060,ENSG00000100246,ENSG00000213923,ENSG00000284289,ENSG00000128311,ENSG00000286144,ENSG00000100060,ENSG00000100385,ENSG00000272582,ENSG00000244627,ENSG00000241360,ENSG00000284266,ENSG00000229955,ENSG00000233739,ENSG00000228620,ENSG00000273866,ENSG00000128283,ENSG00000227009,ENSG00000288106,ENSG00000100216,ENSG00000168135,ENSG00000241333,ENSG00000100146,ENSG00000249310,ENSG00000100196,ENSG00000100065,ENSG00000279738,ENSG00000277385,ENSG00000222044,ENSG00000100106,ENSG00000100151,ENSG00000128298,ENSG00000241693,ENSG00000231467",ENSG00000100142,Liver eQTLs,train
20010018100092196-92196000004723,chr22,"22-17082713-C-T,22-17088861-G-C,22-17066622-C-T,22-17068748-C-T,22-17070407-C-A,22-17033099-C-A,22-17075467-C-T","ENSG00000183307,ENSG00000100181,ENSG00000272872,ENSG00000229492,ENSG00000182902,ENSG00000099954,ENSG00000069998,ENSG00000177663,ENSG00000093072,ENSG00000185837,ENSG00000236754","ENSG00000273442,ENSG00000239547,ENSG00000235969,ENSG00000189295,ENSG00000280263,ENSG00000254264,ENSG00000227367,ENSG00000225480,ENSG00000225293,ENSG00000177663,ENSG00000285045,ENSG00000229492,ENSG00000183307,ENSG00000236890,ENSG00000236754,ENSG00000253460,ENSG00000228122,ENSG00000099954,ENSG00000220248,ENSG00000236325,ENSG00000283535,ENSG00000241832,ENSG00000229027,ENSG00000241717,ENSG00000273362,ENSG00000288024,ENSG00000228045,ENSG00000093072,ENSG00000240122,ENSG00000267338,ENSG00000237358,ENSG00000233995,ENSG00000239435,ENSG00000198445,ENSG00000272872,ENSG00000231004,ENSG00000278188,ENSG00000229658,ENSG00000259271,ENSG00000234913,ENSG00000185837,ENSG00000235343,ENSG00000230481,ENSG00000100181,ENSG00000235445,ENSG00000215568,ENSG00000203416,ENSG00000249288,ENSG00000234121,ENSG00000226160,ENSG00000237689,ENSG00000172967,ENSG00000237835,ENSG00000069998,ENSG00000207780,ENSG00000235478,ENSG00000182902,ENSG00000249263,ENSG00000237446,ENSG00000232305,ENSG00000253691,ENSG00000264757,ENSG00000270226,ENSG00000253481,ENSG00000276400,ENSG00000287285,ENSG00000235295",ENSG00000100181,Liver eQTLs,train
20010024300092196-92196000004920,chr22,"22-43020322-A-G,22-43021713-T-A,22-43015716-T-C,22-43019562-T-C,22-43021446-G-A,22-43021554-A-G,22-43015492-G-T,22-43020169-C-T,22-43014467-C-T,22-43021141-T-C,22-43022832-AGGGC-A,22-43008104-T-C,22-42981349-C-T,22-42982340-T-TGTGGG,22-42984583-A-C","ENSG00000202058,ENSG00000128274,ENSG00000234009,ENSG00000159958,ENSG00000229891,ENSG00000205702,ENSG00000100147,ENSG00000184068,ENSG00000100294,ENSG00000183066,ENSG00000226450,ENSG00000100207,ENSG00000159307,ENSG00000227370,ENSG00000281538,ENSG00000100266,ENSG00000286659,ENSG00000184983,ENSG00000270083,ENSG00000100197,ENSG00000237037,ENSG00000213790,ENSG00000100304,ENSG00000189306,ENSG00000100162,ENSG00000215347,ENSG00000100271,ENSG00000100243,ENSG00000100227,ENSG00000235568,ENSG00000183172,ENSG00000232710,ENSG00000236117,ENSG00000100290,ENSG00000184208,ENSG00000285531,ENSG00000186732,ENSG00000100138,ENSG00000100300,ENSG00000167077,ENSG00000242247,ENSG00000274717,ENSG00000198911,ENSG00000198951,ENSG00000177096,ENSG00000182057","ENSG00000213790,ENSG00000198951,ENSG00000229891,ENSG00000100290,ENSG00000215347,ENSG00000198911,ENSG00000203527,ENSG00000183172,ENSG00000226450,ENSG00000286659,ENSG00000270022,ENSG00000285531,ENSG00000159307,ENSG00000100162,ENSG00000202058,ENSG00000100138,ENSG00000180150,ENSG00000100197,ENSG00000227370,ENSG00000281538,ENSG00000177096,ENSG00000234009,ENSG00000270083,ENSG00000274717,ENSG00000100294,ENSG00000183066,ENSG00000236117,ENSG00000234735,ENSG00000200448,ENSG00000100147,ENSG00000100227,ENSG00000100243,ENSG00000226989,ENSG00000100300,ENSG00000189306,ENSG00000182057,ENSG00000235568,ENSG00000232710,ENSG00000184208,ENSG00000242247,ENSG00000233157,ENSG00000184983,ENSG00000159958,ENSG00000184068,ENSG00000238498,ENSG00000128274,ENSG00000230107,ENSG00000229608,ENSG00000100271,ENSG00000286801,ENSG00000205702,ENSG00000100266,ENSG00000186732,ENSG00000167077,ENSG00000100207,ENSG00000172250,ENSG00000100304,ENSG00000249222,ENSG00000237037",ENSG00000100243,Liver eQTLs,train
20010029900092196-92196000004979,chr22,"22-51063477-T-C,22-51060049-G-A,22-51062832-G-A","ENSG00000184319,ENSG00000073169,ENSG00000184164,ENSG00000273188,ENSG00000273192,ENSG00000025770,ENSG00000100239,ENSG00000100299,ENSG00000198355,ENSG00000284194,ENSG00000073150,ENSG00000217442,ENSG00000170638,ENSG00000188130,ENSG00000273272,ENSG00000205560,ENSG00000272666,ENSG00000188511,ENSG00000278869,ENSG00000008735,ENSG00000286393,ENSG00000205559,ENSG00000251322,ENSG00000100429,ENSG00000279182,ENSG00000100427,ENSG00000272836,ENSG00000130487,ENSG00000073146,ENSG00000177989,ENSG00000196576,ENSG00000100426,ENSG00000279345,ENSG00000289244,ENSG00000100425,ENSG00000100312,ENSG00000100288,ENSG00000079974,ENSG00000205593,ENSG00000185386,ENSG00000025708,ENSG00000128159,ENSG00000182858,ENSG00000273137,ENSG00000225929,ENSG00000128165,ENSG00000273253,ENSG00000100241,ENSG00000100253,ENSG00000100258","ENSG00000079974,ENSG00000205559,ENSG00000198355,ENSG00000073146,ENSG00000100253,ENSG00000251322,ENSG00000273253,ENSG00000254499,ENSG00000205560,ENSG00000286393,ENSG00000289244,ENSG00000073150,ENSG00000100427,ENSG00000272666,ENSG00000073169,ENSG00000280395,ENSG00000185386,ENSG00000273188,ENSG00000025708,ENSG00000008735,ENSG00000170638,ENSG00000128165,ENSG00000184164,ENSG00000212569,ENSG00000100258,ENSG00000273137,ENSG00000188130,ENSG00000273192,ENSG00000225929,ENSG00000278869,ENSG00000227484,ENSG00000184319,ENSG00000100429,ENSG00000128159,ENSG00000130487,ENSG00000273272,ENSG00000272836,ENSG00000177989,ENSG00000100299,ENSG00000188511,ENSG00000288871,ENSG00000100241,ENSG00000100288,ENSG00000196576,ENSG00000100312,ENSG00000217442,ENSG00000205593,ENSG00000182858,ENSG00000100425,ENSG00000284194,ENSG00000100239,ENSG00000279345,ENSG00000286508,ENSG00000100426,ENSG00000279182,ENSG00000025770",ENSG00000100299,Liver eQTLs,train
20010035000092196-92196000004862,chr22,"22-36890520-C-T,22-36879429-G-C,22-36884175-A-T,22-36884472-AT-A,22-36885159-A-C,22-36885652-T-C,22-36887072-A-G,22-36887689-C-T,22-36881570-T-C,22-36892698-T-G,22-36897697-C-A,22-36902746-G-C,22-36902757-C-A,22-36902863-G-A,22-36892639-G-A,22-36891248-C-T,22-36892481-G-C,22-36882194-G-T,22-36890105-G-A,22-36885026-C-T,22-36886774-T-A,22-36887140-C-T,22-36906657-C-T,22-36890615-C-T","ENSG00000128284,ENSG00000100348,ENSG00000100320,ENSG00000166897,ENSG00000133466,ENSG00000287236,ENSG00000279805,ENSG00000100368,ENSG00000187045,ENSG00000128340,ENSG00000100379,ENSG00000198125,ENSG00000100385,ENSG00000221963,ENSG00000100302,ENSG00000100345,ENSG00000100336,ENSG00000128309,ENSG00000100362,ENSG00000237406,ENSG00000286485,ENSG00000231467,ENSG00000237668,ENSG00000128311,ENSG00000100353,ENSG00000100350,ENSG00000100342,ENSG00000100365,ENSG00000128313,ENSG00000288778,ENSG00000100055,ENSG00000279652,ENSG00000100060,ENSG00000100360,ENSG00000128335","ENSG00000234979,ENSG00000237668,ENSG00000128311,ENSG00000231467,ENSG00000229088,ENSG00000279805,ENSG00000100336,ENSG00000252225,ENSG00000232254,ENSG00000100320,ENSG00000128309,ENSG00000100365,ENSG00000183822,ENSG00000198125,ENSG00000187045,ENSG00000288778,ENSG00000100348,ENSG00000100379,ENSG00000201078,ENSG00000100360,ENSG00000100342,ENSG00000128313,ENSG00000100060,ENSG00000166862,ENSG00000100055,ENSG00000286485,ENSG00000228719,ENSG00000287773,ENSG00000273866,ENSG00000185264,ENSG00000279652,ENSG00000128340,ENSG00000233764,ENSG00000100353,ENSG00000223695,ENSG00000243902,ENSG00000100362,ENSG00000237406,ENSG00000225557,ENSG00000234688,ENSG00000241333,ENSG00000221963,ENSG00000226233,ENSG00000188078,ENSG00000237948,ENSG00000100302,ENSG00000278420,ENSG00000100345,ENSG00000231576,ENSG00000100368,ENSG00000128284,ENSG00000100385,ENSG00000229971,ENSG00000133466,ENSG00000237129,ENSG00000100350,ENSG00000287236,ENSG00000166897,ENSG00000237862,ENSG00000215403,ENSG00000225867,ENSG00000128335,ENSG00000235237,ENSG00000207696,ENSG00000284197",ENSG00000100350,Liver eQTLs,train
20010037600092196-92196000004940,chr22,"22-45728978-G-C,22-45731050-A-G,22-45711854-G-A,22-45719497-C-G,22-45726345-A-G,22-45731730-T-C,22-45731731-G-A,22-45705241-G-T,22-45736153-G-A,22-45736767-A-G,22-45739322-T-C,22-45741718-C-T,22-45742760-A-G,22-45744423-T-C,22-45744546-G-A,22-45744854-A-G,22-45746826-T-G,22-45731539-C-T,22-45701732-C-T,22-45788098-G-C,22-45766485-G-A,22-45766689-C-G,22-45808036-T-C,22-45745336-G-GC,22-45745341-T-C,22-45745437-A-G,22-45745439-A-T,22-45740224-G-A,22-45774531-T-A,22-45756081-G-A,22-45757987-C-T,22-45776213-G-A,22-45747901-T-C,22-45764874-T-C,22-45771974-G-A,22-45774434-TA-T,22-45783722-G-A,22-45785847-A-C,22-45786514-G-A,22-45807538-G-C,22-45752042-AT-A,22-45759591-T-TA,22-45759592-T-A,22-45759592-T-A,22-45759592-T-TA,22-45759592-T-TA,22-45723253-A-T,22-45723584-G-A,22-45767369-A-G,22-45771091-C-G,22-45789743-T-G,22-45749170-GA-G,22-45772596-G-GT,22-45713020-A-G,22-45713764-G-A,22-45721284-T-C,22-45722047-T-C,22-45723526-T-C,22-45800926-A-T,22-45789974-G-C,22-45703444-A-G,22-45797954-G-A,22-45782142-A-G,22-45748862-T-C,22-45723465-A-G,22-45793131-T-A,22-45794283-T-C,22-45794212-G-A,22-45794212-G-A,22-45789845-T-TA","ENSG00000241484,ENSG00000280384,ENSG00000186951,ENSG00000100364,ENSG00000130638,ENSG00000130943,ENSG00000226328,ENSG00000075234,ENSG00000188636,ENSG00000235159,ENSG00000093000,ENSG00000241990,ENSG00000186654,ENSG00000231711,ENSG00000280383,ENSG00000100416,ENSG00000077942,ENSG00000205643,ENSG00000188064,ENSG00000289044,ENSG00000273145,ENSG00000075218,ENSG00000197182,ENSG00000273243,ENSG00000128408,ENSG00000100376,ENSG00000273353,ENSG00000277232,ENSG00000182257,ENSG00000231010","ENSG00000277232,ENSG00000130638,ENSG00000188064,ENSG00000223730,ENSG00000273289,ENSG00000186654,ENSG00000241484,ENSG00000232363,ENSG00000075218,ENSG00000231010,ENSG00000130943,ENSG00000238120,ENSG00000100364,ENSG00000235091,ENSG00000226328,ENSG00000213752,ENSG00000221598,ENSG00000077942,ENSG00000205643,ENSG00000273145,ENSG00000273353,ENSG00000241990,ENSG00000280383,ENSG00000273243,ENSG00000289160,ENSG00000264160,ENSG00000251985,ENSG00000100416,ENSG00000266533,ENSG00000100376,ENSG00000182257,ENSG00000235159,ENSG00000093000,ENSG00000230922,ENSG00000280384,ENSG00000231711,ENSG00000288754,ENSG00000188636,ENSG00000197182,ENSG00000128408,ENSG00000289044,ENSG00000075234,ENSG00000186951,ENSG00000230634",ENSG00000100376,Liver eQTLs,train
20010038000092196-92196000004898,chr22,"22-41227086-C-G,22-41247938-A-G,22-41248031-A-G,22-41249522-A-G,22-41268925-T-G,22-41166135-A-G,22-41170063-T-C,22-41353349-C-CA,22-41382177-G-T,22-41175909-T-TA,22-41163108-A-C,22-41161225-G-T,22-41163753-A-G,22-41210827-G-T,22-41191938-C-T,22-41198988-C-A,22-41208403-G-A,22-41209684-C-T,22-41210063-T-A,22-41200200-T-C,22-41167872-T-C,22-41196068-G-T,22-41181336-G-A,22-41193574-G-A,22-41204085-C-CGA,22-41164847-G-C,22-41393520-C-T,22-41161986-C-G,22-41181820-G-T,22-41162305-A-T,22-41210656-A-T,22-41209156-C-T,22-41192603-A-G,22-41194909-C-T,22-41199407-T-C,22-41211229-A-G,22-41191057-C-T,22-41195191-A-AGTGGCATGGTT,22-41197433-C-T,22-41208362-T-C,22-41182304-A-G,22-41175263-C-T,22-41177500-C-T,22-41409429-C-T","ENSG00000184208,ENSG00000100401,ENSG00000172404,ENSG00000100403,ENSG00000196588,ENSG00000196236,ENSG00000100372,ENSG00000100380,ENSG00000167074,ENSG00000235513,ENSG00000285531,ENSG00000239900,ENSG00000100399,ENSG00000237214,ENSG00000100410,ENSG00000100147,ENSG00000100351,ENSG00000100393,ENSG00000196419,ENSG00000100354,ENSG00000273424,ENSG00000231993,ENSG00000100138,ENSG00000183864,ENSG00000100359,ENSG00000225528,ENSG00000100417,ENSG00000230071,ENSG00000100387,ENSG00000100418,ENSG00000133477,ENSG00000128285,ENSG00000226085,ENSG00000172346,ENSG00000100413,ENSG00000100395,ENSG00000100412,ENSG00000167077,ENSG00000272834","ENSG00000100399,ENSG00000167077,ENSG00000207457,ENSG00000196419,ENSG00000100354,ENSG00000128285,ENSG00000100403,ENSG00000225528,ENSG00000231993,ENSG00000172912,ENSG00000100413,ENSG00000100418,ENSG00000100138,ENSG00000200683,ENSG00000100417,ENSG00000172346,ENSG00000222698,ENSG00000266594,ENSG00000227413,ENSG00000235513,ENSG00000133477,ENSG00000100387,ENSG00000252859,ENSG00000206813,ENSG00000167074,ENSG00000237214,ENSG00000252603,ENSG00000272834,ENSG00000273979,ENSG00000100372,ENSG00000284015,ENSG00000224883,ENSG00000226085,ENSG00000238498,ENSG00000274552,ENSG00000100380,ENSG00000233603,ENSG00000100359,ENSG00000205704,ENSG00000230071,ENSG00000196588,ENSG00000183864,ENSG00000239900,ENSG00000200332,ENSG00000100393,ENSG00000196236,ENSG00000100412,ENSG00000229999,ENSG00000100395,ENSG00000207932,ENSG00000273424,ENSG00000172404,ENSG00000100410,ENSG00000100351,ENSG00000289292,ENSG00000199865,ENSG00000100147,ENSG00000230769,ENSG00000184208,ENSG00000231261,ENSG00000199515,ENSG00000232754,ENSG00000100401,ENSG00000286491,ENSG00000285531",ENSG00000100380,Liver eQTLs,train
20010039500092196-92196000004899,chr22,"22-41489526-C-A,22-41594611-T-C,22-41515179-A-T,22-41623996-C-T,22-41607379-AT-A,22-41605131-G-A,22-41593581-C-T,22-41607919-A-G,22-41607915-C-T,22-41627654-C-G,22-41606279-A-G,22-41618971-G-C,22-41608629-G-T,22-41596010-A-C,22-41627475-CTG-C,22-41582684-TA-T,22-41510179-G-T,22-41604399-G-A,22-41604353-C-T,22-41604557-G-A,22-41604785-A-G,22-41604811-G-A,22-41605635-T-C,22-41605639-C-T,22-41606030-A-C,22-41606195-T-C,22-41606312-T-C,22-41606395-G-C,22-41606397-G-A,22-41606720-A-G,22-41606988-A-G,22-41607056-A-G,22-41607738-A-AT,22-41608462-T-C,22-41608526-G-C,22-41608670-C-G,22-41608948-C-T,22-41609430-G-A,22-41609859-T-C,22-41610024-G-A,22-41610242-A-G,22-41610391-G-A,22-41610406-C-G,22-41610449-A-G,22-41610667-T-C,22-41610668-G-A,22-41611063-T-C,22-41611240-T-C,22-41611610-A-G,22-41611619-T-C,22-41612541-T-C,22-41612543-T-G,22-41612965-T-G,22-41627073-C-T,22-41619226-G-C,22-41513094-G-T,22-41514155-G-A,22-41515744-T-G,22-41519308-G-A,22-41519362-T-C,22-41539424-T-C,22-41550954-C-T,22-41551039-T-A,22-41606264-A-G,22-41559215-A-G,22-41598053-T-C,22-41614020-C-G,22-41609443-C-T,22-41610172-G-C,22-41627606-G-A,22-41578065-A-G,22-41547416-C-G,22-41627543-T-G,22-41604652-C-G,22-41495707-T-A,22-41566823-A-G,22-41541024-A-G,22-41541527-G-C,22-41549009-T-C,22-41504049-C-G,22-41512609-G-A,22-41493474-C-T,22-41492653-G-A,22-41495329-G-A,22-41525173-G-CC,22-41503426-TA-T,22-41570071-T-C,22-41501358-C-CA,22-41567722-G-T,22-41593636-G-A,22-41593873-T-G,22-41598050-C-G,22-41508393-T-G,22-41532934-T-C,22-41614113-C-T,22-41616516-C-T,22-41507400-A-G,22-41624761-G-A,22-41635204-C-G,22-41528323-C-A,22-41510828-G-GA,22-41501653-G-C,22-41494468-C-T,22-41497234-A-G,22-41552438-T-TA,22-41558232-A-G,22-41632079-C-T,22-41487344-G-A,22-41628902-G-T,22-41549921-A-C,22-41585793-T-G,22-41586320-C-T,22-41490680-G-C,22-41497785-C-T,22-41499971-T-TC,22-41502825-T-G,22-41503912-TAGTC-T,22-41509642-C-G,22-41523937-A-G,22-41529159-C-CG,22-41491276-T-C,22-41507958-G-C,22-41511171-T-C,22-41511176-G-A,22-41521717-T-C,22-41580713-C-T,22-41519760-CTTTG-C,22-41568480-T-C,22-41571276-G-GAC,22-41609461-CT-C,22-41484927-G-C,22-41596454-A-G,22-41596454-A-G","ENSG00000100138,ENSG00000196588,ENSG00000100380,ENSG00000285531,ENSG00000183172,ENSG00000196236,ENSG00000159958,ENSG00000167074,ENSG00000100372,ENSG00000100359,ENSG00000196419,ENSG00000100162,ENSG00000198951,ENSG00000237214,ENSG00000198911,ENSG00000183864,ENSG00000184208,ENSG00000100401,ENSG00000172404,ENSG00000177096,ENSG00000273424,ENSG00000100413,ENSG00000237037,ENSG00000184068,ENSG00000100147,ENSG00000100410,ENSG00000128285,ENSG00000100399,ENSG00000100393,ENSG00000272834,ENSG00000239900,ENSG00000100418,ENSG00000100412,ENSG00000167077,ENSG00000183066,ENSG00000230071,ENSG00000172346,ENSG00000231993,ENSG00000100417,ENSG00000286659,ENSG00000100387,ENSG00000100403,ENSG00000184983,ENSG00000100395,ENSG00000270083","ENSG00000167077,ENSG00000100413,ENSG00000199865,ENSG00000198951,ENSG00000266594,ENSG00000184208,ENSG00000100393,ENSG00000272834,ENSG00000205704,ENSG00000231993,ENSG00000237214,ENSG00000177096,ENSG00000128285,ENSG00000273979,ENSG00000252603,ENSG00000100403,ENSG00000230107,ENSG00000172912,ENSG00000239900,ENSG00000184068,ENSG00000100395,ENSG00000100162,ENSG00000100372,ENSG00000200683,ENSG00000100380,ENSG00000100401,ENSG00000207932,ENSG00000233603,ENSG00000274552,ENSG00000270083,ENSG00000100412,ENSG00000198911,ENSG00000100399,ENSG00000196588,ENSG00000172404,ENSG00000199515,ENSG00000207457,ENSG00000286491,ENSG00000183864,ENSG00000238498,ENSG00000230769,ENSG00000232754,ENSG00000183172,ENSG00000286659,ENSG00000231261,ENSG00000183066,ENSG00000222698,ENSG00000224883,ENSG00000167074,ENSG00000230071,ENSG00000100138,ENSG00000196236,ENSG00000100417,ENSG00000100418,ENSG00000206813,ENSG00000285531,ENSG00000100147,ENSG00000100387,ENSG00000237037,ENSG00000252859,ENSG00000100410,ENSG00000184983,ENSG00000200332,ENSG00000100359,ENSG00000289292,ENSG00000196419,ENSG00000172346,ENSG00000273424,ENSG00000159958,ENSG00000284015",ENSG00000100395,Liver eQTLs,train
20010055800092196-92196000002169,chr14,"14-67704268-A-G,14-67713057-A-G,14-67704698-A-AG,14-67705668-T-C,14-67707796-T-C,14-67708831-A-C,14-67710354-T-C,14-67732861-G-A,14-67732964-A-T,14-67733581-T-C,14-67830856-A-G,14-67710206-AT-A,14-67689283-A-G,14-67694125-G-C,14-67694099-C-G,14-67695017-G-A,14-67443159-T-A","ENSG00000100568,ENSG00000072042,ENSG00000100564,ENSG00000081181,ENSG00000072415,ENSG00000258561,ENSG00000196553,ENSG00000134001,ENSG00000286319,ENSG00000286861,ENSG00000072121,ENSG00000054690,ENSG00000172717,ENSG00000139988,ENSG00000198133,ENSG00000171723,ENSG00000100558,ENSG00000182185","ENSG00000072042,ENSG00000100568,ENSG00000286319,ENSG00000258796,ENSG00000274666,ENSG00000134001,ENSG00000272253,ENSG00000172717,ENSG00000100558,ENSG00000286861,ENSG00000287167,ENSG00000244677,ENSG00000139988,ENSG00000072121,ENSG00000242941,ENSG00000072415,ENSG00000240210,ENSG00000182185,ENSG00000199755,ENSG00000196553,ENSG00000100564,ENSG00000171723,ENSG00000265993,ENSG00000081181,ENSG00000239820,ENSG00000289208,ENSG00000241542,ENSG00000258759,ENSG00000243546,ENSG00000198133,ENSG00000258623,ENSG00000201529,ENSG00000258618,ENSG00000271697,ENSG00000258561,ENSG00000054690,ENSG00000258837,ENSG00000258490",ENSG00000100558,Liver eQTLs,train
20010058000092196-92196000002211,chr14,"14-77798634-ATGGGAGGCAGGCTCCCCCG-A,14-77800815-C-T,14-77834620-A-AT,14-77832883-A-G,14-77821608-A-G,14-77809319-A-G,14-77828047-TAG-T,14-77828257-C-T,14-77829210-A-G,14-77825746-A-C","ENSG00000259081,ENSG00000063761,ENSG00000021645,ENSG00000165555,ENSG00000289347,ENSG00000165548,ENSG00000286437,ENSG00000119669,ENSG00000198894,ENSG00000013523,ENSG00000100601,ENSG00000100596,ENSG00000071246,ENSG00000100583,ENSG00000151445,ENSG00000100580,ENSG00000258301,ENSG00000241081,ENSG00000100603,ENSG00000119705,ENSG00000273729,ENSG00000258819,ENSG00000100591,ENSG00000246548","ENSG00000258478,ENSG00000258819,ENSG00000100596,ENSG00000258602,ENSG00000119669,ENSG00000266553,ENSG00000259081,ENSG00000165553,ENSG00000273729,ENSG00000100591,ENSG00000100583,ENSG00000258421,ENSG00000258473,ENSG00000259058,ENSG00000021645,ENSG00000071246,ENSG00000288762,ENSG00000177108,ENSG00000286437,ENSG00000063761,ENSG00000151445,ENSG00000100580,ENSG00000258510,ENSG00000269883,ENSG00000198894,ENSG00000258874,ENSG00000258719,ENSG00000243225,ENSG00000258301,ENSG00000201384,ENSG00000223174,ENSG00000100601,ENSG00000258668,ENSG00000258552,ENSG00000258723,ENSG00000100593,ENSG00000197734,ENSG00000199454,ENSG00000013523,ENSG00000241081,ENSG00000258917,ENSG00000287004,ENSG00000119705,ENSG00000165555,ENSG00000100603,ENSG00000246548,ENSG00000240233,ENSG00000289347,ENSG00000239438,ENSG00000165548,ENSG00000199440",ENSG00000100580,Liver eQTLs,train
20010074400092196-92196000002257,chr14,"14-96829850-G-T,14-96829998-G-A,14-96812820-A-C,14-96821396-C-T,14-96813173-T-C,14-96827247-A-T,14-96836924-C-G,14-96768514-G-GA,14-96759853-A-C,14-96763040-G-C,14-96753312-G-T,14-96760563-G-A,14-96765001-A-C,14-96769233-A-G,14-96773389-C-T,14-96773435-AAG-A,14-96777408-T-C,14-96777468-G-C,14-96779895-A-G,14-96780933-AT-A,14-96783308-G-A,14-96808750-G-A,14-96852071-T-C,14-96805751-G-A,14-96855994-A-C,14-96749381-A-T,14-96842676-G-GC,14-96850372-A-G,14-96742603-G-A,14-96768916-GA-G,14-96768916-GA-G,14-96745999-G-A,14-96860165-CAG-C,14-96861151-A-G","ENSG00000090060,ENSG00000066739,ENSG00000258572,ENSG00000258793,ENSG00000260806,ENSG00000100739,ENSG00000140057,ENSG00000100744,ENSG00000182512,ENSG00000227051,ENSG00000100749,ENSG00000100721,ENSG00000176438,ENSG00000247092,ENSG00000168398","ENSG00000223299,ENSG00000259110,ENSG00000140057,ENSG00000168398,ENSG00000100739,ENSG00000287350,ENSG00000197176,ENSG00000287772,ENSG00000100749,ENSG00000271358,ENSG00000258702,ENSG00000259059,ENSG00000288034,ENSG00000222276,ENSG00000285584,ENSG00000250366,ENSG00000182512,ENSG00000176438,ENSG00000066739,ENSG00000258788,ENSG00000258869,ENSG00000259026,ENSG00000090060,ENSG00000258979,ENSG00000287501,ENSG00000259036,ENSG00000100744,ENSG00000258516,ENSG00000100721,ENSG00000247092,ENSG00000258379,ENSG00000258393,ENSG00000227051,ENSG00000258793,ENSG00000258729,ENSG00000258412,ENSG00000260806,ENSG00000280070,ENSG00000258572",ENSG00000100744,Liver eQTLs,train
20010074400092196-92196000002258,chr14,"14-96829850-G-T,14-96829998-G-A,14-96812820-A-C,14-96821396-C-T,14-96813173-T-C,14-96827247-A-T,14-96836924-C-G,14-96768514-G-GA,14-96759853-A-C,14-96763040-G-C,14-96753312-G-T,14-96760563-G-A,14-96765001-A-C,14-96769233-A-G,14-96773389-C-T,14-96773435-AAG-A,14-96777408-T-C,14-96777468-G-C,14-96779895-A-G,14-96780933-AT-A,14-96783308-G-A,14-96808750-G-A,14-96852071-T-C,14-96805751-G-A,14-96855994-A-C,14-96749381-A-T,14-96842676-G-GC,14-96850372-A-G,14-96742603-G-A,14-96745999-G-A,14-96860165-CAG-C,14-96861151-A-G","ENSG00000247092,ENSG00000100721,ENSG00000100749,ENSG00000100744,ENSG00000168398,ENSG00000258793,ENSG00000100739,ENSG00000227051,ENSG00000182512,ENSG00000260806,ENSG00000066739,ENSG00000140057,ENSG00000258572,ENSG00000090060,ENSG00000176438","ENSG00000287772,ENSG00000182512,ENSG00000259026,ENSG00000287501,ENSG00000258979,ENSG00000066739,ENSG00000100721,ENSG00000259110,ENSG00000258516,ENSG00000176438,ENSG00000100749,ENSG00000285584,ENSG00000258379,ENSG00000287350,ENSG00000197176,ENSG00000260806,ENSG00000258572,ENSG00000227051,ENSG00000271358,ENSG00000140057,ENSG00000288034,ENSG00000258393,ENSG00000258869,ENSG00000280070,ENSG00000258412,ENSG00000100739,ENSG00000258793,ENSG00000247092,ENSG00000258788,ENSG00000259059,ENSG00000258729,ENSG00000222276,ENSG00000100744,ENSG00000168398,ENSG00000259036,ENSG00000090060,ENSG00000250366,ENSG00000258702,ENSG00000223299",ENSG00000100744,Liver eQTLs,train
20010101900092196-92196000004505,chr20,"20-33887983-G-A,20-33887955-G-A,20-33896757-G-C,20-33894091-A-G,20-33898420-G-A,20-33998486-C-T,20-33890350-C-G,20-34003740-T-C,20-34008162-T-C,20-33939973-G-C,20-33943281-C-T,20-33958127-C-G,20-33980860-T-C,20-33982846-G-A,20-34006315-C-T,20-34006436-T-C,20-33970462-A-G,20-34006176-C-T,20-34007663-T-A,20-33909784-C-T,20-33910581-G-A,20-34013252-G-A,20-34017944-C-G,20-34014192-G-A,20-34016207-G-A,20-34016249-G-A,20-33905326-C-T,20-33910941-C-T,20-34023219-C-T,20-33912180-A-C,20-33914701-T-C,20-34011048-G-A,20-33910406-G-A,20-33913681-A-C,20-34016748-CTT-C,20-33923001-T-G,20-33910896-T-C,20-33909245-G-A,20-33909752-T-C,20-33910871-T-C","ENSG00000131067,ENSG00000101460,ENSG00000260032,ENSG00000126005,ENSG00000244462,ENSG00000125995,ENSG00000198646,ENSG00000171222,ENSG00000242372,ENSG00000278367,ENSG00000279253,ENSG00000277558,ENSG00000101464,ENSG00000061656,ENSG00000126001,ENSG00000100983,ENSG00000101019,ENSG00000100991,ENSG00000101000,ENSG00000125966,ENSG00000214078,ENSG00000244005,ENSG00000224497,ENSG00000088340,ENSG00000131043,ENSG00000078804,ENSG00000078747,ENSG00000101444,ENSG00000078814,ENSG00000181741,ENSG00000131051,ENSG00000088367,ENSG00000131069,ENSG00000125991,ENSG00000125971,ENSG00000088298,ENSG00000025293","ENSG00000167098,ENSG00000225246,ENSG00000025293,ENSG00000101019,ENSG00000264616,ENSG00000271803,ENSG00000224876,ENSG00000233146,ENSG00000186190,ENSG00000234087,ENSG00000231034,ENSG00000131069,ENSG00000214245,ENSG00000101460,ENSG00000167104,ENSG00000171222,ENSG00000229188,ENSG00000286803,ENSG00000101000,ENSG00000126005,ENSG00000125966,ENSG00000228958,ENSG00000260032,ENSG00000224497,ENSG00000131067,ENSG00000233106,ENSG00000181741,ENSG00000230837,ENSG00000125991,ENSG00000201498,ENSG00000214185,ENSG00000101444,ENSG00000277558,ENSG00000088367,ENSG00000131051,ENSG00000088298,ENSG00000228386,ENSG00000100991,ENSG00000131059,ENSG00000234933,ENSG00000126001,ENSG00000242372,ENSG00000279253,ENSG00000278367,ENSG00000131050,ENSG00000231795,ENSG00000088340,ENSG00000244005,ENSG00000225336,ENSG00000198183,ENSG00000186191,ENSG00000183566,ENSG00000207997,ENSG00000214200,ENSG00000237662,ENSG00000061656,ENSG00000206582,ENSG00000078804,ENSG00000131043,ENSG00000125995,ENSG00000236388,ENSG00000288878,ENSG00000149609,ENSG00000125971,ENSG00000198646,ENSG00000101464,ENSG00000244462,ENSG00000078814,ENSG00000078747,ENSG00000100983,ENSG00000214078",ENSG00000101019,Liver eQTLs,train
20010118100092196-92196000004587,chr20,"20-60776275-A-G,20-60776352-A-G,20-60776444-A-G,20-60776310-T-C,20-60773684-C-T,20-60778725-G-A,20-60771869-A-G,20-60777155-G-C,20-60777232-C-T,20-60777070-A-G","ENSG00000130703,ENSG00000101194,ENSG00000101181,ENSG00000130702,ENSG00000184402,ENSG00000275437,ENSG00000289236,ENSG00000060491,ENSG00000283078,ENSG00000174403,ENSG00000228705,ENSG00000273759,ENSG00000276317,ENSG00000092758,ENSG00000101193,ENSG00000231977,ENSG00000223669,ENSG00000101189,ENSG00000149679,ENSG00000226332,ENSG00000130699,ENSG00000101182,ENSG00000225978,ENSG00000289537,ENSG00000229873,ENSG00000171858,ENSG00000101190,ENSG00000179242,ENSG00000273619,ENSG00000149657,ENSG00000273812,ENSG00000130706,ENSG00000130700,ENSG00000101191,ENSG00000277496,ENSG00000101187,ENSG00000101188,ENSG00000232803","ENSG00000276627,ENSG00000265617,ENSG00000229755,ENSG00000060491,ENSG00000289236,ENSG00000101188,ENSG00000171858,ENSG00000225106,ENSG00000174403,ENSG00000130702,ENSG00000275437,ENSG00000130703,ENSG00000276317,ENSG00000228705,ENSG00000179253,ENSG00000101194,ENSG00000229873,ENSG00000130700,ENSG00000101193,ENSG00000289577,ENSG00000277270,ENSG00000261035,ENSG00000276786,ENSG00000130706,ENSG00000223669,ENSG00000149679,ENSG00000101189,ENSG00000184402,ENSG00000226332,ENSG00000101182,ENSG00000101190,ENSG00000231977,ENSG00000101181,ENSG00000266140,ENSG00000289537,ENSG00000130699,ENSG00000149657,ENSG00000273619,ENSG00000179242,ENSG00000101191,ENSG00000277496,ENSG00000273812,ENSG00000207802,ENSG00000238777,ENSG00000229690,ENSG00000276093,ENSG00000283078,ENSG00000286232,ENSG00000229606,ENSG00000092758,ENSG00000232803,ENSG00000273759,ENSG00000101187,ENSG00000225978",ENSG00000101181,Liver eQTLs,train
20010119000092196-92196000004599,chr20,"20-61491912-G-C,20-61492262-G-A,20-61492227-C-T,20-61493536-G-C,20-61493769-A-G,20-61493842-G-A,20-61495459-G-A,20-61495617-G-C,20-61496447-A-G,20-61493948-A-G,20-61482099-T-G,20-61472386-A-G,20-61472440-C-T,20-61472546-A-ACATCT,20-61472546-A-ACATCT,20-61472596-G-A,20-61490196-C-T,20-61483723-T-C,20-61473632-CT-C,20-61473841-T-C,20-61483345-CG-C,20-61484489-C-T,20-61484865-T-C,20-61485211-A-G,20-61485649-C-T,20-61486611-A-G,20-61486891-C-G,20-61487302-C-G,20-61488266-A-C,20-61488785-T-C,20-61490308-CTAAT-C,20-61480148-G-T,20-61475563-T-C,20-61485060-T-A,20-61484518-A-G,20-61491057-A-T,20-61483275-T-C,20-61478285-G-C,20-61491206-G-A,20-61470725-G-A,20-61479867-A-C,20-61470812-G-A","ENSG00000283078,ENSG00000225978,ENSG00000101191,ENSG00000258366,ENSG00000130589,ENSG00000184402,ENSG00000101216,ENSG00000130706,ENSG00000232803,ENSG00000101190,ENSG00000228705,ENSG00000149657,ENSG00000203900,ENSG00000277496,ENSG00000229873,ENSG00000101187,ENSG00000125520,ENSG00000174403,ENSG00000101182,ENSG00000231977,ENSG00000243509,ENSG00000101181,ENSG00000101210,ENSG00000130584,ENSG00000101193,ENSG00000274501,ENSG00000125534,ENSG00000197114,ENSG00000273812,ENSG00000130700,ENSG00000289236,ENSG00000149658,ENSG00000228812,ENSG00000232442,ENSG00000197457,ENSG00000092758,ENSG00000130702,ENSG00000101246,ENSG00000101199,ENSG00000125508,ENSG00000289537,ENSG00000273619,ENSG00000101213,ENSG00000130699,ENSG00000171858,ENSG00000223669,ENSG00000101194,ENSG00000273759,ENSG00000276317,ENSG00000130703,ENSG00000226332,ENSG00000275437,ENSG00000203896,ENSG00000060491,ENSG00000101204,ENSG00000101188,ENSG00000273821,ENSG00000101189,ENSG00000149679","ENSG00000149658,ENSG00000060491,ENSG00000235018,ENSG00000203900,ENSG00000101194,ENSG00000232803,ENSG00000289577,ENSG00000101246,ENSG00000277496,ENSG00000149657,ENSG00000276786,ENSG00000232442,ENSG00000273812,ENSG00000258366,ENSG00000101213,ENSG00000229606,ENSG00000223669,ENSG00000226332,ENSG00000101190,ENSG00000130699,ENSG00000233017,ENSG00000276317,ENSG00000101204,ENSG00000228705,ENSG00000276627,ENSG00000101188,ENSG00000130700,ENSG00000283078,ENSG00000289537,ENSG00000273821,ENSG00000130584,ENSG00000228812,ENSG00000101191,ENSG00000225106,ENSG00000130703,ENSG00000101182,ENSG00000273619,ENSG00000174403,ENSG00000101210,ENSG00000273759,ENSG00000229873,ENSG00000225978,ENSG00000197114,ENSG00000289236,ENSG00000274501,ENSG00000184402,ENSG00000149679,ENSG00000197457,ENSG00000125534,ENSG00000130702,ENSG00000179253,ENSG00000277270,ENSG00000171858,ENSG00000272050,ENSG00000125508,ENSG00000101187,ENSG00000092758,ENSG00000275437,ENSG00000101189,ENSG00000130589,ENSG00000203896,ENSG00000286232,ENSG00000261035,ENSG00000265617,ENSG00000101193,ENSG00000231977,ENSG00000101216,ENSG00000101181,ENSG00000243509,ENSG00000101199,ENSG00000125520,ENSG00000130706,ENSG00000284074,ENSG00000229755",ENSG00000101190,Liver eQTLs,train
20010128200092196-92196000004619,chr20,"20-998566-C-G,20-998383-T-C,20-998589-G-A,20-998813-A-G,20-998996-C-T,20-999048-A-G,20-999105-G-A,20-999106-A-G,20-999143-G-T,20-999572-G-A,20-999784-C-T,20-1000072-A-G,20-1000152-C-T,20-1000179-A-C,20-1000420-T-C,20-1000386-T-C,20-996293-A-G,20-996068-A-T,20-996069-T-C,20-1001760-T-C,20-1005873-C-T,20-1004630-A-G,20-1000303-T-C,20-1008465-G-A,20-1016391-C-T,20-1002255-T-C","ENSG00000286158,ENSG00000101255,ENSG00000101266,ENSG00000198053,ENSG00000229728,ENSG00000234684,ENSG00000286787,ENSG00000101282,ENSG00000088833,ENSG00000247315,ENSG00000177732,ENSG00000225377,ENSG00000125875,ENSG00000125895,ENSG00000089012,ENSG00000088832,ENSG00000196476,ENSG00000101307,ENSG00000125818,ENSG00000125878,ENSG00000101280,ENSG00000125826,ENSG00000215595,ENSG00000101298,ENSG00000276649,ENSG00000125898,ENSG00000125775,ENSG00000196209,ENSG00000215388,ENSG00000125841,ENSG00000232528,ENSG00000271303,ENSG00000186458","ENSG00000185982,ENSG00000242348,ENSG00000101298,ENSG00000271461,ENSG00000125841,ENSG00000215388,ENSG00000272874,ENSG00000125788,ENSG00000242324,ENSG00000186458,ENSG00000101327,ENSG00000232528,ENSG00000271523,ENSG00000284436,ENSG00000125878,ENSG00000206797,ENSG00000101282,ENSG00000125903,ENSG00000229728,ENSG00000088832,ENSG00000286158,ENSG00000088782,ENSG00000125818,ENSG00000198053,ENSG00000286787,ENSG00000237914,ENSG00000234282,ENSG00000125775,ENSG00000234684,ENSG00000125895,ENSG00000089012,ENSG00000177732,ENSG00000178591,ENSG00000196476,ENSG00000276649,ENSG00000125826,ENSG00000252103,ENSG00000223750,ENSG00000101255,ENSG00000225377,ENSG00000215595,ENSG00000215397,ENSG00000244588,ENSG00000125900,ENSG00000233896,ENSG00000125898,ENSG00000196209,ENSG00000088833,ENSG00000125875,ENSG00000101280,ENSG00000101307,ENSG00000101266,ENSG00000271303,ENSG00000247315,ENSG00000236550",ENSG00000101282,Liver eQTLs,train
20010130700092196-92196000004452,chr20,"20-1557744-A-G,20-1559696-C-A,20-1556758-T-C,20-1549402-A-T,20-1551097-C-G,20-1552430-T-C,20-1597433-G-T,20-1599142-C-T,20-1596473-A-G,20-1600794-C-T,20-1601167-C-T,20-1559989-G-T","ENSG00000125818,ENSG00000234684,ENSG00000125775,ENSG00000198053,ENSG00000088832,ENSG00000125834,ENSG00000276649,ENSG00000229728,ENSG00000125878,ENSG00000125780,ENSG00000125835,ENSG00000089012,ENSG00000125895,ENSG00000286787,ENSG00000101282,ENSG00000215595,ENSG00000196209,ENSG00000215388,ENSG00000088876,ENSG00000232528,ENSG00000088833,ENSG00000226644,ENSG00000101280,ENSG00000271303,ENSG00000101307,ENSG00000125898,ENSG00000101298","ENSG00000284436,ENSG00000252103,ENSG00000198053,ENSG00000271523,ENSG00000237914,ENSG00000125900,ENSG00000233896,ENSG00000287213,ENSG00000236550,ENSG00000101307,ENSG00000227663,ENSG00000125895,ENSG00000088832,ENSG00000271461,ENSG00000125775,ENSG00000232528,ENSG00000226644,ENSG00000244588,ENSG00000088833,ENSG00000242348,ENSG00000287561,ENSG00000234282,ENSG00000101282,ENSG00000125834,ENSG00000207305,ENSG00000286787,ENSG00000088876,ENSG00000271303,ENSG00000242324,ENSG00000125835,ENSG00000234684,ENSG00000196209,ENSG00000101327,ENSG00000125818,ENSG00000276649,ENSG00000125898,ENSG00000101280,ENSG00000223750,ENSG00000215595,ENSG00000101298,ENSG00000286108,ENSG00000125878,ENSG00000089012,ENSG00000215397,ENSG00000125780,ENSG00000215388,ENSG00000166948,ENSG00000229728",ENSG00000101307,Liver eQTLs,train
20010130700092196-92196000004461,chr20,"20-1893121-G-A,20-1893809-G-A,20-1893815-G-A,20-1894335-G-A,20-1894606-C-T,20-1895889-G-C,20-1894315-C-T,20-1885099-C-G,20-1897407-A-G,20-1897442-C-T,20-1889858-A-G,20-1888865-A-G,20-1896401-T-A,20-1896244-A-G,20-1896288-A-G,20-1897390-C-G,20-1895273-T-C,20-1894467-T-A,20-1893747-T-C,20-1893763-C-G,20-1893784-G-A,20-1893980-G-C,20-1893986-C-G,20-1894584-T-C,20-1894607-A-G,20-1894630-G-A,20-1894689-G-T,20-1894690-T-A,20-1894789-T-C,20-1894847-C-G,20-1894872-T-C,20-1894881-T-C,20-1894896-T-G,20-1894910-G-C,20-1894920-T-C,20-1894977-A-G,20-1895016-G-A,20-1895071-C-T,20-1895074-A-G,20-1895112-AG-A,20-1895292-A-G,20-1895317-C-T,20-1895533-T-C,20-1895538-C-T,20-1895539-T-G,20-1895570-C-T,20-1895601-C-T,20-1895353-CT-C,20-1895358-C-T,20-1895359-A-G","ENSG00000198053,ENSG00000125775,ENSG00000088833,ENSG00000215305,ENSG00000276649,ENSG00000234684,ENSG00000088882,ENSG00000125835,ENSG00000215595,ENSG00000232528,ENSG00000132635,ENSG00000088832,ENSG00000226644,ENSG00000101298,ENSG00000125818,ENSG00000088881,ENSG00000101365,ENSG00000125895,ENSG00000089012,ENSG00000101361,ENSG00000196209,ENSG00000229728,ENSG00000215388,ENSG00000101280,ENSG00000125780,ENSG00000125834,ENSG00000132670,ENSG00000101282,ENSG00000101307,ENSG00000088876,ENSG00000286787","ENSG00000088882,ENSG00000223750,ENSG00000196209,ENSG00000125900,ENSG00000198053,ENSG00000215595,ENSG00000271461,ENSG00000088833,ENSG00000242324,ENSG00000228293,ENSG00000125818,ENSG00000286787,ENSG00000101280,ENSG00000088876,ENSG00000125834,ENSG00000287561,ENSG00000215388,ENSG00000271523,ENSG00000271798,ENSG00000252103,ENSG00000088881,ENSG00000237914,ENSG00000101361,ENSG00000287213,ENSG00000088832,ENSG00000101307,ENSG00000166948,ENSG00000234282,ENSG00000226217,ENSG00000236550,ENSG00000234684,ENSG00000132670,ENSG00000125835,ENSG00000198326,ENSG00000229686,ENSG00000101365,ENSG00000227663,ENSG00000125775,ENSG00000101282,ENSG00000226644,ENSG00000284436,ENSG00000258713,ENSG00000286108,ENSG00000101298,ENSG00000244588,ENSG00000089012,ENSG00000101327,ENSG00000207305,ENSG00000233896,ENSG00000242348,ENSG00000276649,ENSG00000132635,ENSG00000229728,ENSG00000125895,ENSG00000232528,ENSG00000215305,ENSG00000125780",ENSG00000101307,Liver eQTLs,train
20010140500092196-92196000004483,chr20,20-3049890-T-G,"ENSG00000132622,ENSG00000132670,ENSG00000215251,ENSG00000088899,ENSG00000215305,ENSG00000275582,ENSG00000275491,ENSG00000125877,ENSG00000125787,ENSG00000088812,ENSG00000101220,ENSG00000101361,ENSG00000289183,ENSG00000185019,ENSG00000101222,ENSG00000088836,ENSG00000226644,ENSG00000229539,ENSG00000088854,ENSG00000088882,ENSG00000101200,ENSG00000125834,ENSG00000125817,ENSG00000101236,ENSG00000088888,ENSG00000125835,ENSG00000132635,ENSG00000101405,ENSG00000088827,ENSG00000235958,ENSG00000125901,ENSG00000088876,ENSG00000088881,ENSG00000125843,ENSG00000101224,ENSG00000226608,ENSG00000125779,ENSG00000101365,ENSG00000289494,ENSG00000198171,ENSG00000125780,ENSG00000149451","ENSG00000275491,ENSG00000166948,ENSG00000226608,ENSG00000289183,ENSG00000125877,ENSG00000215251,ENSG00000228293,ENSG00000287561,ENSG00000088827,ENSG00000101365,ENSG00000088876,ENSG00000125835,ENSG00000287213,ENSG00000101361,ENSG00000207305,ENSG00000088836,ENSG00000226217,ENSG00000271798,ENSG00000199024,ENSG00000088854,ENSG00000132622,ENSG00000215305,ENSG00000286108,ENSG00000288577,ENSG00000101236,ENSG00000263905,ENSG00000198171,ENSG00000088881,ENSG00000185019,ENSG00000125817,ENSG00000201346,ENSG00000125861,ENSG00000125787,ENSG00000101222,ENSG00000201294,ENSG00000258713,ENSG00000101405,ENSG00000275582,ENSG00000226644,ENSG00000149451,ENSG00000289494,ENSG00000088882,ENSG00000101224,ENSG00000125843,ENSG00000225116,ENSG00000132670,ENSG00000088812,ENSG00000229539,ENSG00000088888,ENSG00000227663,ENSG00000125834,ENSG00000101200,ENSG00000125779,ENSG00000229686,ENSG00000198326,ENSG00000125901,ENSG00000125780,ENSG00000088899,ENSG00000132635,ENSG00000235958,ENSG00000101220",ENSG00000101405,Liver eQTLs,train
20010145700092196-92196000004544,chr20,"20-44420637-G-A,20-44422705-G-T,20-44420280-G-A,20-44423843-C-A,20-44438974-G-T,20-44412567-C-A,20-44401630-T-A,20-44404647-C-T,20-44417877-A-G,20-44418564-A-G,20-44425837-C-G,20-44417334-T-C,20-44418946-G-A,20-44422373-T-C,20-44423798-G-A,20-44411710-CTA-C,20-44413410-G-C,20-44415460-A-G,20-44412463-G-A,20-44414086-C-T,20-44405259-AAG-A,20-44415816-CT-C,20-44385389-A-G,20-44402869-C-T,20-44402115-A-C,20-44403710-A-G,20-44404657-C-T,20-44402271-T-C,20-44385353-T-G","ENSG00000273828,ENSG00000132801,ENSG00000204070,ENSG00000198026,ENSG00000175063,ENSG00000101104,ENSG00000124134,ENSG00000172315,ENSG00000168612,ENSG00000101457,ENSG00000100979,ENSG00000271784,ENSG00000197496,ENSG00000124159,ENSG00000225849,ENSG00000101470,ENSG00000166913,ENSG00000124155,ENSG00000198185,ENSG00000149634,ENSG00000273893,ENSG00000124257,ENSG00000101109,ENSG00000124251,ENSG00000100982,ENSG00000101017,ENSG00000101443,ENSG00000124232,ENSG00000025772,ENSG00000064601,ENSG00000158296,ENSG00000124107,ENSG00000101473,ENSG00000227477,ENSG00000235508,ENSG00000124102,ENSG00000124145,ENSG00000215452,ENSG00000244274,ENSG00000275894,ENSG00000062598,ENSG00000285796,ENSG00000124104,ENSG00000080189,ENSG00000124160,ENSG00000100985","ENSG00000124159,ENSG00000124257,ENSG00000124134,ENSG00000252021,ENSG00000198185,ENSG00000124232,ENSG00000243995,ENSG00000201372,ENSG00000168703,ENSG00000271784,ENSG00000132801,ENSG00000124196,ENSG00000287570,ENSG00000275894,ENSG00000233277,ENSG00000124157,ENSG00000124233,ENSG00000289172,ENSG00000175121,ENSG00000101109,ENSG00000062598,ENSG00000285796,ENSG00000206801,ENSG00000124102,ENSG00000025772,ENSG00000101017,ENSG00000124104,ENSG00000100979,ENSG00000276223,ENSG00000235508,ENSG00000283142,ENSG00000234271,ENSG00000206998,ENSG00000241229,ENSG00000158296,ENSG00000124145,ENSG00000244274,ENSG00000101443,ENSG00000172315,ENSG00000124251,ENSG00000100982,ENSG00000232880,ENSG00000225849,ENSG00000227477,ENSG00000101457,ENSG00000101473,ENSG00000101104,ENSG00000124107,ENSG00000101470,ENSG00000080189,ENSG00000124160,ENSG00000197496,ENSG00000204070,ENSG00000277708,ENSG00000100985,ENSG00000215452,ENSG00000201363,ENSG00000166913,ENSG00000168612,ENSG00000198026,ENSG00000273828,ENSG00000273893,ENSG00000233711,ENSG00000233352,ENSG00000215467,ENSG00000064601,ENSG00000149634,ENSG00000175063,ENSG00000124155",ENSG00000101457,Liver eQTLs,train
20010147400092196-92196000004467,chr20,"20-24984413-A-G,20-24985487-C-T,20-24998436-G-A,20-25010502-A-C,20-24930531-G-A,20-24967215-T-C,20-24969901-C-A,20-24983190-T-C,20-25005602-T-C,20-25001302-G-T,20-25002318-A-T,20-25003294-A-G,20-25009414-G-C,20-25010326-T-C,20-25002763-C-T,20-24907851-G-C,20-25003705-A-C,20-25005088-G-T,20-25015093-C-T","ENSG00000154930,ENSG00000274173,ENSG00000077984,ENSG00000100997,ENSG00000213742,ENSG00000197586,ENSG00000278383,ENSG00000170191,ENSG00000226465,ENSG00000101004,ENSG00000277938,ENSG00000101003,ENSG00000100994,ENSG00000101474,ENSG00000276952,ENSG00000274414,ENSG00000130684","ENSG00000197586,ENSG00000100994,ENSG00000226203,ENSG00000202414,ENSG00000101004,ENSG00000274173,ENSG00000077984,ENSG00000228539,ENSG00000251883,ENSG00000228593,ENSG00000225069,ENSG00000154930,ENSG00000236542,ENSG00000230133,ENSG00000207355,ENSG00000232200,ENSG00000230725,ENSG00000274414,ENSG00000101003,ENSG00000274507,ENSG00000250090,ENSG00000167390,ENSG00000226465,ENSG00000130684,ENSG00000278383,ENSG00000274973,ENSG00000200231,ENSG00000276952,ENSG00000213742,ENSG00000234069,ENSG00000275358,ENSG00000231015,ENSG00000227379,ENSG00000100997,ENSG00000236151,ENSG00000170191,ENSG00000277938,ENSG00000275048,ENSG00000242236,ENSG00000225344,ENSG00000101474",ENSG00000101474,Liver eQTLs,train
20010154600092196-92196000003412,chr18,"18-77794297-C-T,18-77794410-C-T,18-77800888-G-A,18-77802008-G-A,18-77803307-A-G,18-77805949-A-C,18-77781202-A-G,18-77789323-C-T,18-77789356-T-C,18-77790723-T-C,18-77793734-T-C,18-77794081-G-GC,18-77784607-G-A,18-77827563-G-A,18-77769831-C-T,18-77771878-C-T,18-77799768-T-C,18-77799913-T-C,18-77804809-G-A,18-77807137-T-G,18-77807228-C-A,18-77811495-C-A,18-77817775-G-A,18-77819828-C-T,18-77821737-A-G,18-77822552-A-C,18-77800980-G-C,18-77806478-C-T,18-77818866-G-A,18-77820910-C-T,18-77792946-T-A,18-77829379-T-C,18-77830199-A-T,18-77832095-G-A,18-77834193-T-A,18-77793240-C-A,18-77792097-A-G,18-77812545-C-T,18-77812571-C-T,18-77815624-C-A,18-77769836-G-A,18-77770322-G-A,18-77771050-C-T,18-77775201-T-TG,18-77779532-T-C,18-77782390-C-T,18-77786810-G-A,18-77785761-G-A,18-77770278-A-C,18-77784474-TTGTG-T,18-77769251-T-C,18-77771351-G-A,18-77778583-T-C,18-77822261-G-GT,18-77837743-G-A,18-77767575-T-G,18-77759802-G-C,18-77761335-T-C,18-77842822-C-T,18-77843436-G-T,18-77844408-C-T,18-77847372-C-T,18-77849776-G-T,18-77849880-G-A,18-77765392-T-C,18-77761717-C-T,18-77763701-T-C,18-77763721-T-C,18-77766426-G-C,18-77741409-C-T,18-77751786-C-A,18-77757395-C-CA,18-77855864-G-C,18-77862082-C-G,18-77746403-T-A,18-77748859-G-C","ENSG00000131196,ENSG00000122490,ENSG00000178342,ENSG00000226742,ENSG00000060069,ENSG00000178184,ENSG00000274828,ENSG00000286186,ENSG00000141759,ENSG00000166377,ENSG00000267655,ENSG00000101546,ENSG00000101544,ENSG00000278075","ENSG00000265261,ENSG00000271702,ENSG00000252260,ENSG00000286727,ENSG00000244229,ENSG00000252097,ENSG00000101544,ENSG00000122490,ENSG00000141759,ENSG00000199392,ENSG00000278075,ENSG00000264693,ENSG00000264736,ENSG00000265644,ENSG00000265843,ENSG00000060069,ENSG00000166377,ENSG00000267655,ENSG00000178184,ENSG00000178342,ENSG00000266213,ENSG00000275355,ENSG00000199728,ENSG00000131196,ENSG00000264015,ENSG00000226742,ENSG00000265844,ENSG00000264334,ENSG00000201723,ENSG00000265378,ENSG00000101546,ENSG00000286186,ENSG00000166573,ENSG00000274828,ENSG00000266844",ENSG00000101546,Liver eQTLs,train
20010163900092196-92196000003327,chr18,"18-12997773-A-G,18-13068132-T-C,18-13076940-A-G,18-13081303-T-C,18-13123645-C-G,18-12993543-A-G,18-12994468-G-A,18-12994783-G-T,18-12995185-T-C,18-12998929-G-T,18-12999754-C-T,18-13000210-A-G,18-13002196-C-T,18-13007480-T-G,18-13008369-A-G,18-13009905-T-C,18-13011182-T-C,18-13011431-T-C,18-13020881-T-A,18-13026120-T-C,18-13029068-T-G,18-13030383-G-A,18-13047784-T-G,18-13054103-A-G,18-13058318-A-G,18-13069782-C-T,18-13070930-T-C,18-13087789-A-G,18-13087815-G-A,18-13091470-G-GT,18-13095609-T-C,18-13096436-T-C,18-13098597-T-C,18-13109879-T-C,18-13113197-C-T,18-13123876-C-G,18-13091661-T-C,18-13101168-A-G,18-13066123-T-C,18-12999821-C-T,18-13059494-T-A,18-13000736-C-T,18-13065484-C-A,18-13049948-G-GA,18-12993195-A-C,18-13036034-T-G,18-13129938-T-C,18-13131395-A-T,18-13131940-T-C,18-13133774-A-G,18-13134997-G-T,18-13135433-T-G,18-13137992-G-C,18-13141396-T-C,18-13142188-T-TCTCTGCCAGGACATGAAGGAGCGG,18-13143192-T-C,18-13144972-G-A,18-13145264-G-A,18-13148617-A-G,18-13154354-A-G,18-12991393-T-C,18-13037018-C-A,18-13033974-G-A,18-13008245-C-CTG,18-13018071-A-G,18-13094132-G-A,18-13106337-T-C,18-13093774-G-A,18-13116432-G-T,18-12991919-A-ATG,18-13005473-T-C,18-13011530-GT-G,18-13141904-T-C,18-12977206-A-C,18-12977630-C-G,18-12978183-T-C,18-12979434-T-C,18-12979435-A-G,18-12984340-A-C,18-12986000-G-A,18-12989151-T-TTGG,18-13122579-GA-G,18-13097788-A-C,18-13141859-G-A,18-13088673-T-C,18-12982760-G-A,18-12984144-C-A,18-12954740-G-T,18-12970262-G-A,18-13060928-GA-G,18-12951738-G-A,18-12980084-AC-A,18-13011225-CA-C,18-12979220-T-C,18-13021630-G-A,18-13058494-T-C,18-13093796-G-A,18-12959059-C-T,18-12947462-T-C,18-13000092-T-C,18-12972899-CA-C,18-13035831-G-A,18-13077953-CT-C,18-12958328-T-G","ENSG00000266954,ENSG00000101624,ENSG00000267199,ENSG00000267286,ENSG00000177150,ENSG00000128789,ENSG00000101639,ENSG00000267656,ENSG00000141391,ENSG00000085415,ENSG00000266969,ENSG00000267480,ENSG00000141385,ENSG00000134278,ENSG00000288839,ENSG00000176194,ENSG00000168675,ENSG00000101654,ENSG00000175354,ENSG00000267249,ENSG00000267690,ENSG00000260302,ENSG00000267366,ENSG00000176014","ENSG00000176136,ENSG00000101639,ENSG00000267480,ENSG00000286926,ENSG00000289550,ENSG00000267366,ENSG00000279285,ENSG00000279020,ENSG00000201466,ENSG00000267292,ENSG00000267069,ENSG00000242707,ENSG00000141391,ENSG00000101654,ENSG00000260302,ENSG00000267694,ENSG00000176194,ENSG00000266954,ENSG00000175354,ENSG00000279962,ENSG00000199702,ENSG00000267116,ENSG00000251937,ENSG00000267643,ENSG00000200827,ENSG00000267032,ENSG00000280302,ENSG00000267656,ENSG00000177150,ENSG00000266961,ENSG00000266969,ENSG00000267199,ENSG00000101624,ENSG00000168675,ENSG00000212712,ENSG00000267478,ENSG00000185231,ENSG00000176014,ENSG00000267177,ENSG00000267108,ENSG00000181626,ENSG00000267503,ENSG00000267239,ENSG00000134278,ENSG00000267076,ENSG00000267393,ENSG00000266995,ENSG00000267247,ENSG00000243779,ENSG00000266146,ENSG00000267286,ENSG00000267162,ENSG00000267733,ENSG00000267249,ENSG00000288839,ENSG00000141385,ENSG00000267722,ENSG00000267690,ENSG00000263527,ENSG00000085415,ENSG00000267663,ENSG00000267336,ENSG00000267570,ENSG00000128789",ENSG00000101639,Liver eQTLs,train
20010175100092196-92196000003376,chr18,18-51866974-C-T,"ENSG00000277324,ENSG00000134046,ENSG00000041353,ENSG00000264350,ENSG00000166845,ENSG00000101751,ENSG00000166510","ENSG00000041353,ENSG00000166845,ENSG00000207154,ENSG00000265712,ENSG00000266335,ENSG00000134046,ENSG00000277324,ENSG00000280098,ENSG00000266201,ENSG00000101751,ENSG00000166510,ENSG00000264350,ENSG00000286283,ENSG00000285695,ENSG00000215457,ENSG00000200752,ENSG00000267717,ENSG00000227115,ENSG00000265402,ENSG00000266003,ENSG00000273762",ENSG00000101751,Liver eQTLs,train
20010288600092196-92196000002630,chr16,16-30120308-A-G,"ENSG00000279789,ENSG00000274653,ENSG00000185905,ENSG00000260517,ENSG00000205534,ENSG00000198064,ENSG00000285043,ENSG00000169203,ENSG00000259807,ENSG00000103495,ENSG00000180035,ENSG00000196118,ENSG00000213648,ENSG00000151006,ENSG00000149923,ENSG00000275263,ENSG00000149932,ENSG00000273582,ENSG00000102882,ENSG00000179965,ENSG00000280789,ENSG00000167371,ENSG00000102870,ENSG00000102886,ENSG00000238045,ENSG00000284685,ENSG00000149927,ENSG00000261052,ENSG00000167395,ENSG00000102879,ENSG00000180209,ENSG00000279106,ENSG00000260083,ENSG00000229809,ENSG00000181625,ENSG00000156873,ENSG00000179918,ENSG00000169221,ENSG00000247735,ENSG00000179958,ENSG00000103507,ENSG00000103485,ENSG00000079616,ENSG00000149929,ENSG00000289029,ENSG00000183604,ENSG00000132207,ENSG00000156858,ENSG00000169955,ENSG00000289080,ENSG00000260719,ENSG00000288983,ENSG00000274678,ENSG00000099377,ENSG00000174939,ENSG00000156853,ENSG00000232748,ENSG00000174992,ENSG00000167394,ENSG00000254206,ENSG00000280211,ENSG00000169957,ENSG00000090238,ENSG00000167397,ENSG00000174938,ENSG00000260911,ENSG00000099385,ENSG00000250616,ENSG00000235560,ENSG00000103496,ENSG00000150281,ENSG00000279583,ENSG00000260953,ENSG00000080603,ENSG00000149925,ENSG00000099381,ENSG00000271699,ENSG00000273724,ENSG00000260413,ENSG00000103549,ENSG00000254634,ENSG00000197162,ENSG00000013364,ENSG00000099365,ENSG00000180096,ENSG00000280160,ENSG00000277999,ENSG00000005844,ENSG00000156860,ENSG00000175938,ENSG00000197471,ENSG00000169592,ENSG00000174943,ENSG00000260852,ENSG00000281991,ENSG00000284649,ENSG00000260219,ENSG00000278922,ENSG00000099364,ENSG00000279196,ENSG00000169951,ENSG00000261840,ENSG00000149930,ENSG00000103502","ENSG00000181625,ENSG00000167397,ENSG00000284685,ENSG00000261203,ENSG00000266305,ENSG00000103485,ENSG00000149923,ENSG00000196118,ENSG00000289029,ENSG00000199787,ENSG00000183336,ENSG00000254206,ENSG00000275263,ENSG00000238045,ENSG00000280211,ENSG00000251706,ENSG00000156858,ENSG00000149932,ENSG00000261740,ENSG00000156860,ENSG00000175938,ENSG00000280160,ENSG00000103495,ENSG00000179965,ENSG00000273582,ENSG00000197471,ENSG00000013364,ENSG00000260719,ENSG00000259952,ENSG00000099377,ENSG00000278078,ENSG00000260517,ENSG00000149929,ENSG00000271699,ENSG00000005844,ENSG00000198064,ENSG00000260133,ENSG00000103502,ENSG00000258150,ENSG00000185905,ENSG00000261346,ENSG00000260083,ENSG00000250616,ENSG00000281991,ENSG00000151006,ENSG00000103496,ENSG00000099385,ENSG00000258130,ENSG00000180035,ENSG00000102886,ENSG00000179958,ENSG00000260514,ENSG00000289181,ENSG00000169627,ENSG00000206755,ENSG00000260413,ENSG00000079616,ENSG00000274653,ENSG00000278887,ENSG00000279228,ENSG00000279583,ENSG00000260219,ENSG00000167194,ENSG00000167395,ENSG00000285043,ENSG00000279789,ENSG00000156873,ENSG00000149927,ENSG00000222287,ENSG00000260113,ENSG00000273724,ENSG00000266758,ENSG00000156853,ENSG00000252074,ENSG00000174943,ENSG00000197162,ENSG00000102882,ENSG00000174938,ENSG00000099381,ENSG00000229809,ENSG00000132207,ENSG00000279196,ENSG00000099365,ENSG00000150281,ENSG00000278713,ENSG00000169592,ENSG00000180209,ENSG00000261052,ENSG00000279106,ENSG00000260911,ENSG00000169957,ENSG00000230447,ENSG00000174939,ENSG00000080603,ENSG00000169951,ENSG00000102879,ENSG00000274848,ENSG00000213648,ENSG00000259807,ENSG00000257691,ENSG00000260335,ENSG00000289080,ENSG00000205534,ENSG00000254634,ENSG00000222375,ENSG00000102870,ENSG00000103507,ENSG00000232748,ENSG00000179918,ENSG00000099364,ENSG00000169955,ENSG00000247735,ENSG00000288983,ENSG00000169203,ENSG00000257506,ENSG00000167371,ENSG00000090238,ENSG00000260953,ENSG00000149930,ENSG00000277999,ENSG00000167394,ENSG00000284649,ENSG00000274678,ENSG00000280789,ENSG00000180096,ENSG00000169221,ENSG00000202476,ENSG00000278922,ENSG00000261840,ENSG00000261444,ENSG00000260852,ENSG00000274904,ENSG00000149925,ENSG00000235560,ENSG00000103549,ENSG00000222701,ENSG00000174992,ENSG00000261680,ENSG00000183604",ENSG00000102886,Liver eQTLs,train
20010293400092196-92196000002740,chr16,"16-57314135-G-A,16-57307573-T-C,16-57301112-A-G,16-57303156-T-C,16-57303485-C-T,16-57314472-A-C,16-57314934-T-C,16-57313590-GA-G,16-57313197-C-A,16-57314650-C-T,16-57314312-A-T,16-57310182-G-A,16-57311211-G-T,16-57311812-T-C,16-57312687-G-C,16-57308850-T-C,16-57308125-G-C,16-57308423-T-G","ENSG00000070761,ENSG00000260828,ENSG00000140848,ENSG00000198417,ENSG00000135736,ENSG00000102996,ENSG00000187193,ENSG00000187185,ENSG00000260545,ENSG00000260927,ENSG00000166188,ENSG00000205358,ENSG00000140859,ENSG00000102970,ENSG00000102931,ENSG00000169688,ENSG00000140854,ENSG00000169715,ENSG00000087250,ENSG00000125170,ENSG00000255986,ENSG00000182885,ENSG00000070770,ENSG00000159579,ENSG00000159625,ENSG00000285979,ENSG00000172775,ENSG00000261429,ENSG00000272372,ENSG00000140853,ENSG00000125124,ENSG00000102934,ENSG00000102978,ENSG00000261114,ENSG00000260549,ENSG00000103021,ENSG00000051108,ENSG00000205364,ENSG00000103005,ENSG00000205361,ENSG00000260038,ENSG00000006210,ENSG00000159618,ENSG00000125148,ENSG00000125144,ENSG00000102900,ENSG00000276663,ENSG00000205362,ENSG00000261270,ENSG00000088682,ENSG00000087237,ENSG00000102962,ENSG00000279019,ENSG00000087263,ENSG00000205336,ENSG00000276166,ENSG00000205360,ENSG00000167005,ENSG00000005194,ENSG00000159461","ENSG00000140854,ENSG00000243988,ENSG00000140853,ENSG00000125170,ENSG00000125148,ENSG00000261429,ENSG00000207173,ENSG00000198417,ENSG00000070761,ENSG00000159625,ENSG00000276166,ENSG00000070770,ENSG00000006210,ENSG00000159579,ENSG00000260038,ENSG00000087237,ENSG00000182885,ENSG00000169715,ENSG00000187193,ENSG00000260438,ENSG00000187185,ENSG00000088682,ENSG00000261270,ENSG00000259922,ENSG00000260148,ENSG00000285979,ENSG00000260145,ENSG00000005194,ENSG00000102934,ENSG00000172775,ENSG00000205364,ENSG00000272372,ENSG00000140848,ENSG00000169688,ENSG00000205361,ENSG00000205360,ENSG00000167005,ENSG00000283471,ENSG00000102891,ENSG00000051108,ENSG00000125124,ENSG00000260927,ENSG00000274816,ENSG00000260828,ENSG00000255986,ENSG00000102900,ENSG00000159618,ENSG00000240863,ENSG00000271456,ENSG00000288753,ENSG00000260965,ENSG00000276663,ENSG00000261114,ENSG00000087250,ENSG00000205336,ENSG00000159461,ENSG00000261151,ENSG00000125144,ENSG00000102962,ENSG00000261633,ENSG00000087263,ENSG00000103021,ENSG00000135736,ENSG00000205358,ENSG00000102970,ENSG00000103023,ENSG00000140859,ENSG00000102978,ENSG00000260545,ENSG00000102996,ENSG00000260549,ENSG00000206833,ENSG00000207649,ENSG00000103005,ENSG00000260621,ENSG00000260867,ENSG00000205362,ENSG00000260467,ENSG00000279019,ENSG00000166188,ENSG00000102931",ENSG00000102934,Liver eQTLs,train
20010316800092196-92196000002846,chr16,"16-84213965-G-A,16-84208032-T-G,16-84209138-A-T,16-84208144-C-G,16-84208446-AT-A,16-84208891-G-C,16-84208667-G-C,16-84214837-G-C,16-84215314-T-C","ENSG00000131149,ENSG00000135709,ENSG00000103187,ENSG00000275088,ENSG00000153786,ENSG00000261286,ENSG00000103154,ENSG00000140943,ENSG00000103196,ENSG00000103150,ENSG00000274677,ENSG00000260932,ENSG00000103160,ENSG00000135686,ENSG00000230989,ENSG00000140950,ENSG00000103194,ENSG00000103168,ENSG00000103175,ENSG00000140961,ENSG00000285848,ENSG00000140955,ENSG00000064270,ENSG00000278214,ENSG00000260018","ENSG00000230989,ENSG00000135709,ENSG00000260410,ENSG00000103175,ENSG00000140961,ENSG00000199350,ENSG00000260932,ENSG00000261243,ENSG00000064270,ENSG00000289551,ENSG00000103187,ENSG00000131149,ENSG00000260504,ENSG00000166558,ENSG00000278214,ENSG00000260859,ENSG00000153786,ENSG00000285848,ENSG00000274677,ENSG00000135686,ENSG00000103154,ENSG00000168418,ENSG00000201361,ENSG00000103150,ENSG00000103194,ENSG00000260340,ENSG00000103196,ENSG00000263785,ENSG00000140943,ENSG00000275088,ENSG00000140950,ENSG00000140955,ENSG00000103160,ENSG00000285792,ENSG00000260788,ENSG00000260018,ENSG00000259914,ENSG00000261410,ENSG00000288554,ENSG00000260530,ENSG00000260858,ENSG00000103168,ENSG00000261286",ENSG00000103168,Liver eQTLs,train
20010322700092196-92196000002516,chr16,"16-1030987-G-A,16-1020874-C-T,16-1029361-T-C,16-989600-CTG-C,16-990115-A-G,16-993101-G-A,16-993288-G-A,16-994716-G-A,16-995783-T-G,16-1004757-C-T,16-1027902-AAC-A,16-1026094-T-C,16-1032616-T-C,16-1032695-C-T,16-1032915-C-T,16-1033063-G-A","ENSG00000007541,ENSG00000276931,ENSG00000095917,ENSG00000059145,ENSG00000129925,ENSG00000187535,ENSG00000074071,ENSG00000140986,ENSG00000007376,ENSG00000103227,ENSG00000140983,ENSG00000278987,ENSG00000162004,ENSG00000234769,ENSG00000103269,ENSG00000198736,ENSG00000261505,ENSG00000183751,ENSG00000260022,ENSG00000242612,ENSG00000180185,ENSG00000275092,ENSG00000174109,ENSG00000100726,ENSG00000090581,ENSG00000086506,ENSG00000260284,ENSG00000103126,ENSG00000095906,ENSG00000099769,ENSG00000206053,ENSG00000140990,ENSG00000172366,ENSG00000260394,ENSG00000197599,ENSG00000103275,ENSG00000197253,ENSG00000172236,ENSG00000260646,ENSG00000161999,ENSG00000260051,ENSG00000103024,ENSG00000076344,ENSG00000280231,ENSG00000007516,ENSG00000103202,ENSG00000127580,ENSG00000086504,ENSG00000161981,ENSG00000197562,ENSG00000127578,ENSG00000185615,ENSG00000007384,ENSG00000103266,ENSG00000277010,ENSG00000007392,ENSG00000116176,ENSG00000138834,ENSG00000206172,ENSG00000103148,ENSG00000103245,ENSG00000007520,ENSG00000228779,ENSG00000236829,ENSG00000274751,ENSG00000188536,ENSG00000206177,ENSG00000161996,ENSG00000103326,ENSG00000260425,ENSG00000268836,ENSG00000167930,ENSG00000260807,ENSG00000277142,ENSG00000063854,ENSG00000280327,ENSG00000130731,ENSG00000127586,ENSG00000255513,ENSG00000162039,ENSG00000255198,ENSG00000196557,ENSG00000005513,ENSG00000103253,ENSG00000103152,ENSG00000269482,ENSG00000279930,ENSG00000260403,ENSG00000103249,ENSG00000007545,ENSG00000207405,ENSG00000242173,ENSG00000090565,ENSG00000131634,ENSG00000103260,ENSG00000127585,ENSG00000103254,ENSG00000140988,ENSG00000287855,ENSG00000257108,ENSG00000161980,ENSG00000102854,ENSG00000226942,ENSG00000228201,ENSG00000179580,ENSG00000260710,ENSG00000197774,ENSG00000262528","ENSG00000269482,ENSG00000279136,ENSG00000172366,ENSG00000261399,ENSG00000063854,ENSG00000206178,ENSG00000287855,ENSG00000255513,ENSG00000127580,ENSG00000278995,ENSG00000005513,ENSG00000197253,ENSG00000103249,ENSG00000196408,ENSG00000116176,ENSG00000275438,ENSG00000090565,ENSG00000103148,ENSG00000260702,ENSG00000197774,ENSG00000260710,ENSG00000129925,ENSG00000281219,ENSG00000242173,ENSG00000103024,ENSG00000234769,ENSG00000206172,ENSG00000007384,ENSG00000236829,ENSG00000086504,ENSG00000225323,ENSG00000103275,ENSG00000242612,ENSG00000074071,ENSG00000198736,ENSG00000226890,ENSG00000219027,ENSG00000103253,ENSG00000161999,ENSG00000207405,ENSG00000185615,ENSG00000102854,ENSG00000086506,ENSG00000275092,ENSG00000103326,ENSG00000219274,ENSG00000162004,ENSG00000260991,ENSG00000180185,ENSG00000095906,ENSG00000103254,ENSG00000184471,ENSG00000127586,ENSG00000172236,ENSG00000130731,ENSG00000127578,ENSG00000279930,ENSG00000161992,ENSG00000127588,ENSG00000260989,ENSG00000131634,ENSG00000162039,ENSG00000257108,ENSG00000260496,ENSG00000103152,ENSG00000228779,ENSG00000174109,ENSG00000007392,ENSG00000260022,ENSG00000103269,ENSG00000167930,ENSG00000277142,ENSG00000183751,ENSG00000228201,ENSG00000260807,ENSG00000273551,ENSG00000138834,ENSG00000103266,ENSG00000127585,ENSG00000280231,ENSG00000103126,ENSG00000206168,ENSG00000268836,ENSG00000196364,ENSG00000140983,ENSG00000179580,ENSG00000260182,ENSG00000095917,ENSG00000262528,ENSG00000103260,ENSG00000161996,ENSG00000259840,ENSG00000261659,ENSG00000140988,ENSG00000140986,ENSG00000230428,ENSG00000261505,ENSG00000007376,ENSG00000206053,ENSG00000260425,ENSG00000090581,ENSG00000187535,ENSG00000260532,ENSG00000162006,ENSG00000261564,ENSG00000265820,ENSG00000266124,ENSG00000161980,ENSG00000103202,ENSG00000266235,ENSG00000206177,ENSG00000059145,ENSG00000007520,ENSG00000276931,ENSG00000260132,ENSG00000188536,ENSG00000100726,ENSG00000278987,ENSG00000207243,ENSG00000260284,ENSG00000259947,ENSG00000226942,ENSG00000161981,ENSG00000007516,ENSG00000140990,ENSG00000280327,ENSG00000076344,ENSG00000103227,ENSG00000007541,ENSG00000261294,ENSG00000099769,ENSG00000162032,ENSG00000261430,ENSG00000130656,ENSG00000260394,ENSG00000260403,ENSG00000260646,ENSG00000201034,ENSG00000197599,ENSG00000277010,ENSG00000103245,ENSG00000197562,ENSG00000255198,ENSG00000196557,ENSG00000260051,ENSG00000277602,ENSG00000274751,ENSG00000007545",ENSG00000103227,Liver eQTLs,train
20010324500092196-92196000002811,chr16,"16-783004-T-C,16-783864-C-A,16-783865-T-C,16-781292-C-T,16-783173-T-C,16-782644-C-CT,16-783156-G-C,16-782132-C-T,16-780339-A-G,16-792190-A-G,16-781633-G-A,16-789761-A-G,16-790647-G-T","ENSG00000103152,ENSG00000007516,ENSG00000276931,ENSG00000131634,ENSG00000261505,ENSG00000260403,ENSG00000287855,ENSG00000103148,ENSG00000228201,ENSG00000103269,ENSG00000260710,ENSG00000005513,ENSG00000274751,ENSG00000260425,ENSG00000269482,ENSG00000234769,ENSG00000161980,ENSG00000260646,ENSG00000130731,ENSG00000275092,ENSG00000116176,ENSG00000172236,ENSG00000086506,ENSG00000138834,ENSG00000007392,ENSG00000103249,ENSG00000260051,ENSG00000103126,ENSG00000103202,ENSG00000228779,ENSG00000236829,ENSG00000161999,ENSG00000007384,ENSG00000174109,ENSG00000127586,ENSG00000103254,ENSG00000103326,ENSG00000242612,ENSG00000185615,ENSG00000280231,ENSG00000262528,ENSG00000127580,ENSG00000268836,ENSG00000226942,ENSG00000090581,ENSG00000260807,ENSG00000140983,ENSG00000187535,ENSG00000103227,ENSG00000188536,ENSG00000280327,ENSG00000277010,ENSG00000162004,ENSG00000100726,ENSG00000172366,ENSG00000102854,ENSG00000059145,ENSG00000278987,ENSG00000197562,ENSG00000196557,ENSG00000242173,ENSG00000007520,ENSG00000103245,ENSG00000260022,ENSG00000206177,ENSG00000007541,ENSG00000086504,ENSG00000161981,ENSG00000090565,ENSG00000257108,ENSG00000197253,ENSG00000076344,ENSG00000103275,ENSG00000129925,ENSG00000197599,ENSG00000260394,ENSG00000103266,ENSG00000007545,ENSG00000206172,ENSG00000167930,ENSG00000095917,ENSG00000007376,ENSG00000127585,ENSG00000260284,ENSG00000277142,ENSG00000206053,ENSG00000279930","ENSG00000260991,ENSG00000231439,ENSG00000206177,ENSG00000260702,ENSG00000127585,ENSG00000005513,ENSG00000260394,ENSG00000279136,ENSG00000236829,ENSG00000260646,ENSG00000273551,ENSG00000102854,ENSG00000007520,ENSG00000140983,ENSG00000260710,ENSG00000260051,ENSG00000261505,ENSG00000275438,ENSG00000103202,ENSG00000265820,ENSG00000197599,ENSG00000187535,ENSG00000287855,ENSG00000007376,ENSG00000162004,ENSG00000103254,ENSG00000086506,ENSG00000188536,ENSG00000161981,ENSG00000276931,ENSG00000127588,ENSG00000007516,ENSG00000162006,ENSG00000279930,ENSG00000274751,ENSG00000174109,ENSG00000103249,ENSG00000100726,ENSG00000280231,ENSG00000103275,ENSG00000277142,ENSG00000260989,ENSG00000278739,ENSG00000095917,ENSG00000007541,ENSG00000103126,ENSG00000280327,ENSG00000196557,ENSG00000228779,ENSG00000129925,ENSG00000226890,ENSG00000103227,ENSG00000277010,ENSG00000260182,ENSG00000242173,ENSG00000269482,ENSG00000260532,ENSG00000161992,ENSG00000230428,ENSG00000275092,ENSG00000259840,ENSG00000127580,ENSG00000172366,ENSG00000076344,ENSG00000260403,ENSG00000161980,ENSG00000261430,ENSG00000219027,ENSG00000278987,ENSG00000184471,ENSG00000206178,ENSG00000197253,ENSG00000242612,ENSG00000260807,ENSG00000103326,ENSG00000206053,ENSG00000197562,ENSG00000261564,ENSG00000007392,ENSG00000201034,ENSG00000103152,ENSG00000007545,ENSG00000131634,ENSG00000261399,ENSG00000103245,ENSG00000090565,ENSG00000278995,ENSG00000090581,ENSG00000262528,ENSG00000130731,ENSG00000260022,ENSG00000257108,ENSG00000103269,ENSG00000196364,ENSG00000086504,ENSG00000206172,ENSG00000116176,ENSG00000007384,ENSG00000225323,ENSG00000234769,ENSG00000226942,ENSG00000207243,ENSG00000059145,ENSG00000206168,ENSG00000172236,ENSG00000161999,ENSG00000260425,ENSG00000103148,ENSG00000260284,ENSG00000185615,ENSG00000219274,ENSG00000130656,ENSG00000261294,ENSG00000127586,ENSG00000138834,ENSG00000268836,ENSG00000266124,ENSG00000260132,ENSG00000266235,ENSG00000260496,ENSG00000261659,ENSG00000167930,ENSG00000228201,ENSG00000103266",ENSG00000103245,Liver eQTLs,train
20010324800092196-92196000002859,chr16,"16-86566596-T-C,16-86564225-A-C,16-86565187-A-T,16-86566115-T-C,16-86564226-A-C,16-86568180-G-A,16-86566334-G-A,16-86571606-G-T,16-86573987-G-A,16-86562100-G-A,16-86570487-C-T,16-86571919-G-C,16-86571997-A-G,16-86572555-C-T,16-86571890-C-T,16-86557817-G-A,16-86557948-C-G,16-86579657-G-T,16-86579796-T-G,16-86580466-G-A,16-86581191-G-A,16-86581953-C-A,16-86585743-G-C,16-86581842-G-C,16-86589166-T-C,16-86590106-C-G,16-86591864-C-A,16-86581275-A-C","ENSG00000270006,ENSG00000276337,ENSG00000131143,ENSG00000140941,ENSG00000154102,ENSG00000131148,ENSG00000140948,ENSG00000286510,ENSG00000268388,ENSG00000140968,ENSG00000103241,ENSG00000103248,ENSG00000176678,ENSG00000263968,ENSG00000103264,ENSG00000261592,ENSG00000288568,ENSG00000176692,ENSG00000131153,ENSG00000270184,ENSG00000260456","ENSG00000261697,ENSG00000287161,ENSG00000285527,ENSG00000280278,ENSG00000140948,ENSG00000268532,ENSG00000261363,ENSG00000285040,ENSG00000232190,ENSG00000131153,ENSG00000274134,ENSG00000261177,ENSG00000270006,ENSG00000103248,ENSG00000261161,ENSG00000268505,ENSG00000140968,ENSG00000270184,ENSG00000279142,ENSG00000131148,ENSG00000263968,ENSG00000280419,ENSG00000289336,ENSG00000285163,ENSG00000260944,ENSG00000274478,ENSG00000261095,ENSG00000199949,ENSG00000103241,ENSG00000261592,ENSG00000260795,ENSG00000154102,ENSG00000268388,ENSG00000131143,ENSG00000283416,ENSG00000279604,ENSG00000288568,ENSG00000269898,ENSG00000268473,ENSG00000176678,ENSG00000176692,ENSG00000268804,ENSG00000269186,ENSG00000261651,ENSG00000276393,ENSG00000214259,ENSG00000286510,ENSG00000276337,ENSG00000269826,ENSG00000279907,ENSG00000260387,ENSG00000270698,ENSG00000269667,ENSG00000289423,ENSG00000285012,ENSG00000287010,ENSG00000260456,ENSG00000268078,ENSG00000243705,ENSG00000270159,ENSG00000103264,ENSG00000260026,ENSG00000140941",ENSG00000103248,Liver eQTLs,train
20010324900092196-92196000002544,chr16,"16-1510538-A-G,16-1508988-T-C,16-1510203-A-G,16-1510634-G-A,16-1510707-C-G,16-1511372-C-T,16-1515415-G-T,16-1515515-G-A,16-1516686-G-A,16-1517226-C-T,16-1512731-A-G,16-1512257-C-G,16-1519806-G-A,16-1509123-G-A,16-1519941-G-A,16-1511758-A-G","ENSG00000095906,ENSG00000131634,ENSG00000179580,ENSG00000183751,ENSG00000103266,ENSG00000167968,ENSG00000131653,ENSG00000278987,ENSG00000260095,ENSG00000127578,ENSG00000008710,ENSG00000228201,ENSG00000277010,ENSG00000116176,ENSG00000183971,ENSG00000260778,ENSG00000127586,ENSG00000260260,ENSG00000065057,ENSG00000127580,ENSG00000255198,ENSG00000103260,ENSG00000103197,ENSG00000162063,ENSG00000261505,ENSG00000140990,ENSG00000261123,ENSG00000103253,ENSG00000099769,ENSG00000167972,ENSG00000275092,ENSG00000103269,ENSG00000095917,ENSG00000172366,ENSG00000287855,ENSG00000274751,ENSG00000103245,ENSG00000063854,ENSG00000259933,ENSG00000280231,ENSG00000065054,ENSG00000196557,ENSG00000005513,ENSG00000280327,ENSG00000103326,ENSG00000260284,ENSG00000102854,ENSG00000167962,ENSG00000167965,ENSG00000257108,ENSG00000103249,ENSG00000103024,ENSG00000167967,ENSG00000277142,ENSG00000205937,ENSG00000260710,ENSG00000260022,ENSG00000127585,ENSG00000074071,ENSG00000180185,ENSG00000261790,ENSG00000103254,ENSG00000103275,ENSG00000140983,ENSG00000197774,ENSG00000007545,ENSG00000127561,ENSG00000140986,ENSG00000198736,ENSG00000167969,ENSG00000260403,ENSG00000162004,ENSG00000007376,ENSG00000140988,ENSG00000007520,ENSG00000103227,ENSG00000260425,ENSG00000138834,ENSG00000255513,ENSG00000182685,ENSG00000100726,ENSG00000090581,ENSG00000276931,ENSG00000161996,ENSG00000172236,ENSG00000262528,ENSG00000059145,ENSG00000007541,ENSG00000260394,ENSG00000162039,ENSG00000184207,ENSG00000161999,ENSG00000207405,ENSG00000174109,ENSG00000197253,ENSG00000197562,ENSG00000007516,ENSG00000206053,ENSG00000162062,ENSG00000187535,ENSG00000261663,ENSG00000127554,ENSG00000260646,ENSG00000167964,ENSG00000260807,ENSG00000130731","ENSG00000138834,ENSG00000162006,ENSG00000260702,ENSG00000007545,ENSG00000103275,ENSG00000261240,ENSG00000059145,ENSG00000162039,ENSG00000007520,ENSG00000180185,ENSG00000265820,ENSG00000266643,ENSG00000260710,ENSG00000103024,ENSG00000285970,ENSG00000162062,ENSG00000228201,ENSG00000260394,ENSG00000207405,ENSG00000261790,ENSG00000183751,ENSG00000197774,ENSG00000196408,ENSG00000103227,ENSG00000131634,ENSG00000103260,ENSG00000219274,ENSG00000167964,ENSG00000161992,ENSG00000090581,ENSG00000260807,ENSG00000265867,ENSG00000260425,ENSG00000198736,ENSG00000127585,ENSG00000008710,ENSG00000221656,ENSG00000196557,ENSG00000197253,ENSG00000103326,ENSG00000167972,ENSG00000131653,ENSG00000167968,ENSG00000065057,ENSG00000161999,ENSG00000127588,ENSG00000274751,ENSG00000261663,ENSG00000167967,ENSG00000065054,ENSG00000174109,ENSG00000226890,ENSG00000260403,ENSG00000261505,ENSG00000182685,ENSG00000255198,ENSG00000260132,ENSG00000260532,ENSG00000103197,ENSG00000100726,ENSG00000257108,ENSG00000167965,ENSG00000130731,ENSG00000277602,ENSG00000162032,ENSG00000162004,ENSG00000279136,ENSG00000127580,ENSG00000127554,ENSG00000103269,ENSG00000007516,ENSG00000074071,ENSG00000103253,ENSG00000264004,ENSG00000278987,ENSG00000261399,ENSG00000116176,ENSG00000260182,ENSG00000196364,ENSG00000260284,ENSG00000275092,ENSG00000007541,ENSG00000172366,ENSG00000127586,ENSG00000284008,ENSG00000277142,ENSG00000266124,ENSG00000007376,ENSG00000260095,ENSG00000274805,ENSG00000063854,ENSG00000099769,ENSG00000273551,ENSG00000167969,ENSG00000260778,ENSG00000162063,ENSG00000205937,ENSG00000261294,ENSG00000219027,ENSG00000281219,ENSG00000260989,ENSG00000095906,ENSG00000260646,ENSG00000261659,ENSG00000259780,ENSG00000261123,ENSG00000259840,ENSG00000262528,ENSG00000261430,ENSG00000277010,ENSG00000259947,ENSG00000103245,ENSG00000266235,ENSG00000197562,ENSG00000187535,ENSG00000264397,ENSG00000095917,ENSG00000280327,ENSG00000183971,ENSG00000261564,ENSG00000161996,ENSG00000184471,ENSG00000140983,ENSG00000200059,ENSG00000172236,ENSG00000140988,ENSG00000206053,ENSG00000103254,ENSG00000260022,ENSG00000103249,ENSG00000260496,ENSG00000103266,ENSG00000260260,ENSG00000127561,ENSG00000127578,ENSG00000102854,ENSG00000283180,ENSG00000140990,ENSG00000184207,ENSG00000255513,ENSG00000275438,ENSG00000167962,ENSG00000260991,ENSG00000259933,ENSG00000280231,ENSG00000005513,ENSG00000140986,ENSG00000276931,ENSG00000179580,ENSG00000287855",ENSG00000103249,Liver eQTLs,train
20010325300092196-92196000002811,chr16,"16-783004-T-C,16-783864-C-A,16-783865-T-C,16-781292-C-T,16-783173-T-C,16-782644-C-CT,16-783156-G-C,16-782132-C-T,16-780339-A-G,16-792190-A-G,16-781633-G-A,16-789761-A-G,16-790647-G-T","ENSG00000103266,ENSG00000260425,ENSG00000167930,ENSG00000103275,ENSG00000007545,ENSG00000103254,ENSG00000287855,ENSG00000103249,ENSG00000127580,ENSG00000130731,ENSG00000226942,ENSG00000260051,ENSG00000007384,ENSG00000279930,ENSG00000277010,ENSG00000162004,ENSG00000100726,ENSG00000007520,ENSG00000197599,ENSG00000268836,ENSG00000059145,ENSG00000172236,ENSG00000280231,ENSG00000275092,ENSG00000197253,ENSG00000269482,ENSG00000242612,ENSG00000129925,ENSG00000187535,ENSG00000103326,ENSG00000161999,ENSG00000086504,ENSG00000228201,ENSG00000103253,ENSG00000103152,ENSG00000102854,ENSG00000090565,ENSG00000103227,ENSG00000260646,ENSG00000103148,ENSG00000274751,ENSG00000228779,ENSG00000103269,ENSG00000138834,ENSG00000127585,ENSG00000260284,ENSG00000260022,ENSG00000206053,ENSG00000185615,ENSG00000188536,ENSG00000257108,ENSG00000086506,ENSG00000260403,ENSG00000196557,ENSG00000127586,ENSG00000277142,ENSG00000278987,ENSG00000234769,ENSG00000161981,ENSG00000197562,ENSG00000172366,ENSG00000236829,ENSG00000260394,ENSG00000174109,ENSG00000261505,ENSG00000116176,ENSG00000206172,ENSG00000131634,ENSG00000280327,ENSG00000242173,ENSG00000007392,ENSG00000007376,ENSG00000276931,ENSG00000007541,ENSG00000103126,ENSG00000005513,ENSG00000161980,ENSG00000076344,ENSG00000260807,ENSG00000103202,ENSG00000007516,ENSG00000206177,ENSG00000090581,ENSG00000260710,ENSG00000095917,ENSG00000140983,ENSG00000262528","ENSG00000260532,ENSG00000278987,ENSG00000265820,ENSG00000269482,ENSG00000231439,ENSG00000266124,ENSG00000005513,ENSG00000127588,ENSG00000127586,ENSG00000197562,ENSG00000230428,ENSG00000228779,ENSG00000201034,ENSG00000274751,ENSG00000138834,ENSG00000278995,ENSG00000280327,ENSG00000129925,ENSG00000260403,ENSG00000206177,ENSG00000261430,ENSG00000103202,ENSG00000280231,ENSG00000127580,ENSG00000275438,ENSG00000086504,ENSG00000130731,ENSG00000196364,ENSG00000185615,ENSG00000278739,ENSG00000103275,ENSG00000196557,ENSG00000277142,ENSG00000260284,ENSG00000260989,ENSG00000257108,ENSG00000260991,ENSG00000260646,ENSG00000206168,ENSG00000076344,ENSG00000162004,ENSG00000276931,ENSG00000226890,ENSG00000260710,ENSG00000226942,ENSG00000103227,ENSG00000287855,ENSG00000279930,ENSG00000007384,ENSG00000103326,ENSG00000219027,ENSG00000174109,ENSG00000059145,ENSG00000260425,ENSG00000279136,ENSG00000007392,ENSG00000130656,ENSG00000260182,ENSG00000103253,ENSG00000090581,ENSG00000266235,ENSG00000261659,ENSG00000103126,ENSG00000161981,ENSG00000162006,ENSG00000131634,ENSG00000225323,ENSG00000273551,ENSG00000167930,ENSG00000262528,ENSG00000103148,ENSG00000260132,ENSG00000268836,ENSG00000103269,ENSG00000260496,ENSG00000095917,ENSG00000261564,ENSG00000086506,ENSG00000260702,ENSG00000234769,ENSG00000275092,ENSG00000260807,ENSG00000007516,ENSG00000206172,ENSG00000206053,ENSG00000197599,ENSG00000103254,ENSG00000188536,ENSG00000103266,ENSG00000236829,ENSG00000007520,ENSG00000207243,ENSG00000261399,ENSG00000172366,ENSG00000187535,ENSG00000007541,ENSG00000242612,ENSG00000277010,ENSG00000116176,ENSG00000261294,ENSG00000103249,ENSG00000140983,ENSG00000102854,ENSG00000219274,ENSG00000161992,ENSG00000261505,ENSG00000172236,ENSG00000161999,ENSG00000260022,ENSG00000259840,ENSG00000184471,ENSG00000090565,ENSG00000007545,ENSG00000260394,ENSG00000206178,ENSG00000100726,ENSG00000260051,ENSG00000197253,ENSG00000228201,ENSG00000127585,ENSG00000103152,ENSG00000007376,ENSG00000161980,ENSG00000242173",ENSG00000103253,Liver eQTLs,train
20010335100092196-92196000002672,chr16,"16-3589024-AC-A,16-3634746-C-A,16-3626106-AAG-A,16-3670799-A-T","ENSG00000010539,ENSG00000263280,ENSG00000205918,ENSG00000262686,ENSG00000280402,ENSG00000228146,ENSG00000260565,ENSG00000262899,ENSG00000162078,ENSG00000262246,ENSG00000278434,ENSG00000153406,ENSG00000162073,ENSG00000274367,ENSG00000205913,ENSG00000281005,ENSG00000162086,ENSG00000162104,ENSG00000103351,ENSG00000167978,ENSG00000276791,ENSG00000262362,ENSG00000217930,ENSG00000188827,ENSG00000280063,ENSG00000263105,ENSG00000005339,ENSG00000213918,ENSG00000279568,ENSG00000007038,ENSG00000089486,ENSG00000263072,ENSG00000005001,ENSG00000127564,ENSG00000008517,ENSG00000272079,ENSG00000185739,ENSG00000008516,ENSG00000126603,ENSG00000140987,ENSG00000288935,ENSG00000261971,ENSG00000122390,ENSG00000167977,ENSG00000279162,ENSG00000006194,ENSG00000213937,ENSG00000172382,ENSG00000263235,ENSG00000103423,ENSG00000279330,ENSG00000168140,ENSG00000289281,ENSG00000262712,ENSG00000131652,ENSG00000162069,ENSG00000103343,ENSG00000262370,ENSG00000090447,ENSG00000140993,ENSG00000261613,ENSG00000103313,ENSG00000126602,ENSG00000103145,ENSG00000262482,ENSG00000261889,ENSG00000162076,ENSG00000279031,ENSG00000215154,ENSG00000172460,ENSG00000262312,ENSG00000059122,ENSG00000122386,ENSG00000103363,ENSG00000167981,ENSG00000262468,ENSG00000262185,ENSG00000103415,ENSG00000006327,ENSG00000085644,ENSG00000205890","ENSG00000162086,ENSG00000103351,ENSG00000261889,ENSG00000281005,ENSG00000262712,ENSG00000263159,ENSG00000103313,ENSG00000122386,ENSG00000276754,ENSG00000126603,ENSG00000122390,ENSG00000162073,ENSG00000085644,ENSG00000168124,ENSG00000131652,ENSG00000090447,ENSG00000162076,ENSG00000262482,ENSG00000279031,ENSG00000228146,ENSG00000261971,ENSG00000167981,ENSG00000103415,ENSG00000126602,ENSG00000103343,ENSG00000262370,ENSG00000262185,ENSG00000262362,ENSG00000213918,ENSG00000280063,ENSG00000279568,ENSG00000217930,ENSG00000262471,ENSG00000280402,ENSG00000103355,ENSG00000263325,ENSG00000007038,ENSG00000215154,ENSG00000006194,ENSG00000260565,ENSG00000103423,ENSG00000213937,ENSG00000215148,ENSG00000188827,ENSG00000127564,ENSG00000278434,ENSG00000162104,ENSG00000289281,ENSG00000167977,ENSG00000103363,ENSG00000103145,ENSG00000221719,ENSG00000262899,ENSG00000205913,ENSG00000262468,ENSG00000185739,ENSG00000263072,ENSG00000006327,ENSG00000261789,ENSG00000205890,ENSG00000167978,ENSG00000263235,ENSG00000285329,ENSG00000205918,ENSG00000089486,ENSG00000279330,ENSG00000168140,ENSG00000263280,ENSG00000262312,ENSG00000262959,ENSG00000262686,ENSG00000010539,ENSG00000276791,ENSG00000288935,ENSG00000279162,ENSG00000140987,ENSG00000263177,ENSG00000262316,ENSG00000262516,ENSG00000275515,ENSG00000059122,ENSG00000215131,ENSG00000162078,ENSG00000203581,ENSG00000262521,ENSG00000162069,ENSG00000153406,ENSG00000172460,ENSG00000263105,ENSG00000240311,ENSG00000200204,ENSG00000005339,ENSG00000262154,ENSG00000274367,ENSG00000262246,ENSG00000261613,ENSG00000008516,ENSG00000261612,ENSG00000172382,ENSG00000272079,ENSG00000008517,ENSG00000279901,ENSG00000005001,ENSG00000140993",ENSG00000103351,Liver eQTLs,train
20010335600092196-92196000002590,chr16,"16-23545711-G-A,16-23542217-AT-A,16-23530089-T-C,16-23534098-G-A,16-23534249-G-C,16-23542633-G-A,16-23545478-T-G,16-23553255-C-G,16-23553580-T-G,16-23483353-C-A,16-23463305-C-G,16-23473175-T-C,16-23528123-T-C,16-23473275-GA-G,16-23557718-T-C,16-23528554-T-A,16-23477997-CCA-C,16-23488031-A-G,16-23495394-C-G,16-23523296-T-TCAGCTGTCTA,16-23535156-CT-C,16-23537678-T-C,16-23538666-G-A,16-23543131-G-A,16-23544295-G-A,16-23554498-A-G,16-23560205-G-T,16-23562309-A-T,16-23526094-T-C,16-23544447-A-G,16-23558751-G-A,16-23560204-T-C,16-23523293-G-C,16-23527062-T-C,16-23529329-A-G,16-23529806-C-T,16-23529886-G-C,16-23530040-TA-T,16-23532809-G-T,16-23535680-A-C,16-23536366-T-C,16-23536684-T-C,16-23539132-A-C,16-23546561-G-C,16-23550938-T-C,16-23562001-A-G,16-23564198-T-C,16-23525126-G-GA,16-23525104-C-A,16-23573705-CAG-C,16-23587924-G-A,16-23581678-A-G,16-23582153-G-A,16-23583111-T-C,16-23551033-CA-C,16-23500558-T-C,16-23462639-C-A,16-23408427-C-G,16-23408591-A-G,16-23410398-G-A,16-23542392-C-G,16-23438138-A-AC,16-23438163-G-A,16-23438159-G-A,16-23422194-T-G,16-23441465-G-C,16-23420006-G-C,16-23518214-T-TC,16-23400194-G-A,16-23504041-A-C,16-23504248-G-A,16-23510326-A-G,16-23512592-G-T,16-23519986-T-C,16-23508360-C-CTTGAGGCTGA,16-23460152-C-T,16-23462501-G-A,16-23495677-C-T,16-23470704-C-G,16-23475140-T-C,16-23521780-C-T,16-23397248-C-T,16-23401076-C-T,16-23450656-A-G,16-23493356-G-A,16-23523345-C-A,16-23524601-C-CA,16-23537772-A-G,16-23540798-C-T,16-23542668-G-A,16-23548801-G-A,16-23550931-C-T,16-23556909-G-A,16-23514525-G-A,16-23521403-T-G,16-23557790-T-C,16-23521643-G-C,16-23506408-AAAAAG-A,16-23549417-TA-T,16-23487272-C-CAAAG,16-23502149-C-T,16-23504993-C-T,16-23515334-G-A,16-23412897-G-A,16-23466035-C-T,16-23466109-A-G,16-23474664-T-C,16-23489025-G-A,16-23486952-C-T,16-23553019-T-TC,16-23489711-C-G,16-23593985-C-CACA,16-23523875-C-A,16-23524558-T-A,16-23529732-C-T,16-23531431-G-A,16-23533008-G-A,16-23537280-T-C,16-23540237-T-C,16-23541223-G-A,16-23555726-C-T,16-23560398-G-A,16-23560771-C-A,16-23563501-C-T,16-23565212-A-G,16-23573833-A-C,16-23583073-G-A,16-23589986-A-G,16-23590302-C-T,16-23596983-A-G,16-23597878-T-A,16-23521874-G-GC,16-23594441-A-T,16-23600573-T-C,16-23601237-G-A,16-23608070-A-G,16-23609207-T-C,16-23499700-G-A,16-23581042-T-TC,16-23521750-T-C,16-23556561-C-T,16-23512383-C-T,16-23511372-C-T,16-23515952-G-A,16-23486197-A-G,16-23495468-C-T,16-23461754-A-C,16-23462055-G-A,16-23467181-T-C,16-23470639-A-G,16-23485353-G-C,16-23488889-C-T,16-23490353-T-G,16-23496346-T-C,16-23506940-G-A,16-23458485-T-C,16-23495695-C-T","ENSG00000103353,ENSG00000260751,ENSG00000166851,ENSG00000122254,ENSG00000103404,ENSG00000168434,ENSG00000103365,ENSG00000280039,ENSG00000166501,ENSG00000168447,ENSG00000103356,ENSG00000004779,ENSG00000083093","ENSG00000103404,ENSG00000274466,ENSG00000261583,ENSG00000168434,ENSG00000260973,ENSG00000260072,ENSG00000280039,ENSG00000201541,ENSG00000083093,ENSG00000279202,ENSG00000279276,ENSG00000260741,ENSG00000279554,ENSG00000006116,ENSG00000103356,ENSG00000103365,ENSG00000166851,ENSG00000239081,ENSG00000260247,ENSG00000004779,ENSG00000261090,ENSG00000260264,ENSG00000278912,ENSG00000260751,ENSG00000260905,ENSG00000285613,ENSG00000212593,ENSG00000103353,ENSG00000122254,ENSG00000168447,ENSG00000166501,ENSG00000279756,ENSG00000261528",ENSG00000103356,Liver eQTLs,train
20010347900092196-92196000002712,chr16,"16-53516950-A-T,16-53533227-A-C,16-53452081-A-G,16-53524308-G-C,16-53537581-A-G,16-53467722-A-G,16-53499725-T-C,16-53509936-G-A,16-53520998-T-C,16-53454151-G-T,16-53471357-T-G,16-53475650-A-G,16-53483376-A-G,16-53497045-A-G,16-53518228-T-C,16-53490098-G-GAAA,16-53429173-C-T,16-53526551-C-T,16-53452220-CACT-C,16-53468026-G-C,16-53479084-G-C,16-53504721-T-C,16-53443636-C-A,16-53478022-G-A,16-53503934-G-A,16-53513452-C-G,16-53459745-G-A,16-53527781-G-T,16-53522971-TA-T,16-53429775-G-A,16-53489190-A-T,16-53489705-G-A,16-53496598-G-A,16-53498402-T-C,16-53499599-A-G,16-53510687-G-A,16-53515959-T-C,16-53518370-C-G,16-53518686-G-T,16-53519035-T-C,16-53522749-T-C,16-53533342-T-C,16-53468962-C-T,16-53472385-G-A,16-53474693-C-T,16-53480709-C-T,16-53482365-G-A,16-53482692-G-A,16-53483980-C-A,16-53487218-C-T,16-53497417-G-T,16-53508507-C-T,16-53513055-T-C,16-53516676-C-T,16-53473866-CAAAAAA-C,16-53512488-G-A,16-53480250-A-AGT,16-53501946-G-A,16-53481422-G-C,16-53511926-G-A,16-53490676-C-T,16-53513033-C-T,16-53486037-G-A,16-53474108-C-T,16-53476804-G-A,16-53456661-G-A,16-53523947-AG-A,16-53448872-A-AATT,16-53439409-T-C,16-53445358-T-C,16-53446757-T-C,16-53463418-A-C,16-53437201-A-G,16-53494617-T-C,16-53432219-C-G,16-53438177-A-G,16-53428284-G-A","ENSG00000140718,ENSG00000260078,ENSG00000260963,ENSG00000277639,ENSG00000103479,ENSG00000261056,ENSG00000277559,ENSG00000279722,ENSG00000103460,ENSG00000103494,ENSG00000177200,ENSG00000166971,ENSG00000177508","ENSG00000279722,ENSG00000260939,ENSG00000177508,ENSG00000261261,ENSG00000177200,ENSG00000249231,ENSG00000261049,ENSG00000260326,ENSG00000261630,ENSG00000259759,ENSG00000261803,ENSG00000103479,ENSG00000260258,ENSG00000259517,ENSG00000280027,ENSG00000287909,ENSG00000260963,ENSG00000202193,ENSG00000260078,ENSG00000280227,ENSG00000262714,ENSG00000287885,ENSG00000260194,ENSG00000103460,ENSG00000261056,ENSG00000252569,ENSG00000285800,ENSG00000259926,ENSG00000259962,ENSG00000286845,ENSG00000288801,ENSG00000260393,ENSG00000279741,ENSG00000238645,ENSG00000277639,ENSG00000277559,ENSG00000261804,ENSG00000103494,ENSG00000140718,ENSG00000166971,ENSG00000234337",ENSG00000103479,Liver eQTLs,train
20010355000092196-92196000002572,chr16,"16-19709751-C-T,16-19719946-C-A,16-19721806-C-T,16-19722366-T-C,16-19721515-A-G,16-19721755-C-T,16-19725130-C-T,16-19720162-G-T,16-19720258-A-G,16-19724020-A-G,16-19714329-A-AAAAG,16-19721731-A-G,16-19709459-C-T,16-19800213-T-C,16-19820241-G-A,16-19820694-T-C,16-19810584-A-T,16-19799141-T-TA,16-19723112-C-T,16-19709779-T-C,16-19711351-C-T,16-19718725-T-A,16-19729016-G-C,16-19719785-CTCA-C,16-19713174-CA-C,16-19787949-G-A,16-19792515-C-T,16-19792534-C-A,16-19796343-G-A,16-19711439-T-C,16-19714903-A-G,16-19797969-G-A,16-19741027-C-T,16-19746982-C-T,16-19768340-C-T,16-19777231-T-A,16-19777237-A-T,16-19782653-A-G,16-19730554-A-C,16-19813605-T-C,16-19806164-G-A,16-19805386-AAATG-A,16-19804370-T-C,16-19800973-A-G,16-19803199-G-T,16-19821557-G-A,16-19824493-G-C,16-19829999-G-A,16-19733012-A-G,16-19739002-C-G,16-19741106-A-G,16-19743649-T-C,16-19747922-T-C,16-19750051-A-G,16-19758962-C-T,16-19762935-A-G,16-19771577-G-A,16-19824779-A-AC,16-19737425-A-G,16-19740243-A-G,16-19791663-C-T,16-19792598-C-T,16-19795409-A-T,16-19797129-G-A,16-19786373-T-C,16-19794347-G-A,16-19795326-GA-G,16-19821818-C-CA,16-19801550-CA-C,16-19782802-C-A,16-19796901-A-G,16-19814744-T-C,16-19800133-G-A,16-19815228-C-T,16-19815411-G-A,16-19784691-A-G,16-19787166-GCTGTT-G,16-19787411-G-C,16-19789307-A-G,16-19793011-C-T,16-19794374-A-G,16-19713315-T-C,16-19713316-C-T,16-19793980-T-G,16-19794703-C-T,16-19777705-C-A,16-19812885-C-T,16-19794323-G-T,16-19816562-G-GAC,16-19817853-C-CA,16-19759622-T-C,16-19767373-T-G,16-19774713-A-G,16-19740237-A-G,16-19758885-A-C,16-19769823-T-C,16-19772076-A-G,16-19794325-G-T,16-19812205-C-CTTTA,16-19809695-A-G,16-19808609-G-A,16-19807767-A-G,16-19824638-T-C,16-19826534-C-G,16-19830457-G-A,16-19806252-A-G,16-19808163-T-C,16-19802764-A-G,16-19804256-G-A,16-19803846-C-T,16-19801861-A-G,16-19801849-T-C,16-19801230-A-G,16-19765959-CT-C,16-19802014-G-A,16-19810485-G-GCCTA,16-19759575-T-C,16-19766034-A-T,16-19768047-A-G,16-19771182-G-A,16-19777197-A-T,16-19804085-A-G,16-19804085-A-G,16-19754492-C-CAAAT,16-19706199-A-G,16-19707731-G-C,16-19708196-A-G,16-19709105-G-C,16-19710014-T-C,16-19710702-A-G,16-19711469-G-A,16-19713882-A-G,16-19714368-GACTT-G,16-19722002-G-A,16-19722309-A-C,16-19724313-A-G,16-19727868-A-AAT,16-19728455-A-G,16-19728722-C-T,16-19735697-T-C,16-19749709-A-G,16-19750275-G-A,16-19733263-T-TTCATCACTTAATC,16-19733263-T-TTCATCACTTAATC,16-19757512-CT-C,16-19759007-A-C,16-19769394-A-G,16-19727998-A-G,16-19733586-T-C,16-19734854-C-T,16-19741087-T-C,16-19753213-T-G,16-19753267-T-C,16-19753334-T-C,16-19761858-G-A,16-19742079-CT-C,16-19781960-G-T,16-19753456-G-A,16-19797878-A-G,16-19794321-G-T,16-19735900-C-G","ENSG00000103534,ENSG00000167186,ENSG00000103528,ENSG00000183747,ENSG00000134419,ENSG00000260762,ENSG00000169347,ENSG00000260201,ENSG00000006007,ENSG00000170540,ENSG00000286790,ENSG00000262995,ENSG00000170537,ENSG00000205730,ENSG00000174628,ENSG00000103540,ENSG00000005187,ENSG00000103544,ENSG00000157106,ENSG00000103550,ENSG00000066813,ENSG00000276571,ENSG00000260352,ENSG00000167191,ENSG00000280306,ENSG00000183549","ENSG00000277211,ENSG00000170540,ENSG00000174628,ENSG00000183747,ENSG00000169347,ENSG00000167186,ENSG00000285869,ENSG00000157106,ENSG00000261939,ENSG00000167191,ENSG00000276571,ENSG00000259871,ENSG00000260681,ENSG00000259925,ENSG00000066813,ENSG00000274730,ENSG00000261210,ENSG00000263253,ENSG00000260352,ENSG00000261465,ENSG00000134419,ENSG00000170537,ENSG00000103534,ENSG00000280265,ENSG00000227624,ENSG00000183549,ENSG00000260762,ENSG00000286790,ENSG00000261312,ENSG00000103550,ENSG00000006007,ENSG00000205730,ENSG00000260201,ENSG00000103540,ENSG00000275315,ENSG00000207167,ENSG00000261357,ENSG00000280306,ENSG00000169344,ENSG00000180269,ENSG00000263237,ENSG00000261195,ENSG00000103544,ENSG00000103528,ENSG00000262995,ENSG00000005187,ENSG00000260017,ENSG00000260934",ENSG00000103550,Liver eQTLs,train
20010385500092196-92196000002419,chr15,"15-73979507-C-T,15-73971361-C-A,15-73973978-C-T,15-73977336-A-G,15-73956856-T-G,15-73982336-C-T,15-73982556-C-T,15-73975471-A-AC,15-73977271-A-G,15-73978337-C-T,15-73962728-G-A,15-73973662-T-C,15-73986264-G-T,15-73988652-G-A,15-74002854-G-A,15-73998817-ACTC-A,15-73999379-T-A,15-74000506-T-G,15-74000839-G-A,15-74003936-G-A,15-74005600-C-T","ENSG00000281183,ENSG00000260266,ENSG00000179361,ENSG00000261821,ENSG00000103855,ENSG00000159289,ENSG00000159322,ENSG00000261801,ENSG00000140459,ENSG00000205363,ENSG00000138629,ENSG00000156642,ENSG00000138623,ENSG00000067141,ENSG00000067221,ENSG00000247240,ENSG00000287543,ENSG00000129009,ENSG00000179335,ENSG00000140464,ENSG00000129038","ENSG00000259186,ENSG00000264386,ENSG00000260266,ENSG00000278604,ENSG00000277718,ENSG00000261801,ENSG00000129009,ENSG00000214702,ENSG00000179361,ENSG00000140459,ENSG00000212279,ENSG00000259528,ENSG00000159289,ENSG00000183324,ENSG00000261543,ENSG00000167139,ENSG00000278348,ENSG00000156642,ENSG00000159322,ENSG00000129038,ENSG00000260469,ENSG00000138623,ENSG00000261775,ENSG00000247240,ENSG00000179335,ENSG00000260624,ENSG00000286696,ENSG00000287543,ENSG00000140464,ENSG00000138629,ENSG00000260096,ENSG00000259691,ENSG00000259650,ENSG00000103855,ENSG00000067221,ENSG00000275411,ENSG00000277749,ENSG00000067141,ENSG00000140481,ENSG00000259440,ENSG00000261813,ENSG00000261384,ENSG00000260103,ENSG00000276807,ENSG00000274937,ENSG00000205363,ENSG00000261821,ENSG00000277391,ENSG00000281183",ENSG00000103855,Liver eQTLs,train
20010404400092196-92196000002283,chr15,"15-28302088-T-C,15-28299893-TA-T,15-28301382-T-C,15-28303528-A-C,15-28304623-C-G,15-28299328-A-T,15-28299362-A-ATGTG,15-28271247-G-A,15-28282191-T-C,15-28284720-G-A,15-28293627-A-C,15-28296120-C-T,15-28301342-C-T,15-28311287-T-C,15-28313986-C-G,15-28314062-A-G,15-28319592-G-A,15-28323204-G-A,15-28324578-A-G,15-28297376-G-C,15-28297894-C-T,15-28298389-CT-C,15-28298406-A-C,15-28299065-C-G,15-28299078-CT-C,15-28299454-G-A,15-28299817-A-T,15-28300034-G-C,15-28300248-T-C,15-28300834-C-A,15-28301261-T-A,15-28301730-C-T,15-28298310-G-A,15-28298619-A-T,15-28298775-G-A,15-28299087-C-T,15-28299474-G-A,15-28299608-C-T,15-28299989-A-G,15-28300339-G-A,15-28301550-T-C,15-28305305-G-T,15-28305060-C-T,15-28310083-C-T,15-28318287-C-T,15-28325439-C-T,15-28303203-C-T,15-28303645-C-T,15-28303683-A-G,15-28303776-A-T,15-28304335-T-A,15-28304344-G-A,15-28304625-T-C,15-28304854-A-AC,15-28305483-A-G,15-28286407-C-CAT,15-28286407-C-CAT,15-28311321-G-A,15-28305170-G-A,15-28309848-CT-C,15-28304603-C-T,15-28300649-A-C,15-28302957-C-CAG,15-28304987-T-C,15-28309313-G-C,15-28327488-G-A,15-28307889-G-T","ENSG00000261377,ENSG00000254398,ENSG00000034053,ENSG00000128731,ENSG00000206149,ENSG00000188626,ENSG00000104044,ENSG00000248334,ENSG00000260844,ENSG00000256338","ENSG00000259168,ENSG00000284628,ENSG00000261426,ENSG00000237850,ENSG00000153684,ENSG00000183629,ENSG00000258853,ENSG00000227717,ENSG00000256338,ENSG00000289209,ENSG00000258970,ENSG00000260844,ENSG00000274632,ENSG00000104044,ENSG00000260444,ENSG00000261377,ENSG00000276928,ENSG00000258624,ENSG00000128731,ENSG00000248334,ENSG00000260053,ENSG00000261524,ENSG00000261649,ENSG00000276891,ENSG00000274532,ENSG00000261041,ENSG00000259299,ENSG00000258594,ENSG00000276955,ENSG00000256951,ENSG00000261365,ENSG00000261497,ENSG00000261401,ENSG00000232394,ENSG00000261581,ENSG00000287922,ENSG00000259152,ENSG00000228992,ENSG00000254398,ENSG00000188626,ENSG00000271616,ENSG00000034053,ENSG00000263964,ENSG00000206149,ENSG00000274814,ENSG00000261561,ENSG00000287894,ENSG00000259277,ENSG00000232431,ENSG00000266039,ENSG00000260159",ENSG00000104044,Liver eQTLs,train
20010421900092196-92196000007041,chr8,"8-17024939-C-G,8-17013199-T-C,8-17013874-T-C","ENSG00000104763,ENSG00000279932,ENSG00000289225,ENSG00000253944,ENSG00000078674,ENSG00000253671,ENSG00000198791,ENSG00000038945,ENSG00000253215,ENSG00000155975,ENSG00000279903,ENSG00000003989,ENSG00000245281,ENSG00000155970,ENSG00000253384,ENSG00000104760,ENSG00000254054,ENSG00000003987,ENSG00000104219,ENSG00000104213,ENSG00000129422,ENSG00000249258","ENSG00000277466,ENSG00000212280,ENSG00000279932,ENSG00000249258,ENSG00000155970,ENSG00000104763,ENSG00000078674,ENSG00000254054,ENSG00000264092,ENSG00000279903,ENSG00000253384,ENSG00000214607,ENSG00000253944,ENSG00000104213,ENSG00000245281,ENSG00000289225,ENSG00000253951,ENSG00000253168,ENSG00000104760,ENSG00000265520,ENSG00000003987,ENSG00000253184,ENSG00000104219,ENSG00000003989,ENSG00000253215,ENSG00000253671,ENSG00000129422,ENSG00000253496,ENSG00000253934,ENSG00000287303,ENSG00000038945,ENSG00000198791,ENSG00000155975,ENSG00000279271",ENSG00000104219,Liver eQTLs,train
20010432500092196-92196000007180,chr8,"8-91020834-A-C,8-91019060-C-T,8-90988575-A-G,8-90988740-T-C,8-90990479-C-G,8-90991268-T-C,8-91019051-G-A,8-91019956-A-G,8-90955170-G-C,8-90955253-T-G,8-90958422-T-C,8-90960546-T-C,8-90970935-G-A,8-90974701-T-C,8-90977768-G-A,8-90980766-G-T,8-90981171-G-A,8-90981862-T-C,8-90986130-T-TC,8-90989323-C-G,8-90991571-G-C,8-90962678-AT-A,8-90995971-T-C,8-90997694-A-G,8-91002929-G-A,8-91011073-C-G,8-91013377-A-G,8-90997339-C-T,8-90998207-C-T,8-90999286-G-C,8-91000368-A-G,8-91003888-G-A,8-91005188-A-G,8-91005687-A-C,8-91006333-C-T,8-91007806-T-C,8-91008283-A-T,8-91007082-A-AT,8-91012186-T-C,8-91013348-C-T,8-91012828-A-C,8-91013239-C-G,8-91013366-T-C,8-90963986-T-TA,8-90962041-G-A,8-91005645-C-T,8-90958530-T-C,8-90978655-T-A,8-90995019-C-T,8-90955624-T-A,8-90973051-G-A,8-90978837-C-T,8-90980804-A-G,8-90993883-C-T,8-90995366-C-T,8-90960510-G-A,8-90961703-G-A,8-90962337-T-C,8-90963117-G-C,8-90970862-G-T,8-90972395-T-C,8-90975003-GA-G,8-90976116-C-T,8-90976405-C-T,8-90968316-T-A,8-91007120-T-C,8-91007123-A-G,8-91007126-T-A,8-90968425-G-GA,8-91021403-C-G,8-90996258-A-G,8-90967862-G-T,8-91098934-A-G,8-90955358-C-T,8-90968310-T-C,8-91095517-T-C,8-90967711-A-G,8-90970021-T-G,8-90971688-A-T,8-90975150-G-A,8-90989238-C-G,8-90990091-T-C,8-91095609-T-A,8-90993395-C-T,8-90961512-T-C,8-90962976-GTTTC-G,8-90985333-C-G,8-90992670-G-C,8-91002909-A-G,8-91002586-G-T,8-91055864-T-TA,8-91045893-A-C,8-91007531-G-C,8-91017745-T-C,8-91019047-C-T,8-91023118-T-C,8-91030536-G-A,8-91043642-A-G,8-91043775-G-A,8-91045895-T-C,8-91059083-T-C,8-91059247-A-G,8-91038867-A-G,8-91064036-G-C,8-91064455-C-G,8-91047739-G-T,8-91053010-A-G,8-90969535-C-A,8-91006947-A-G,8-91040002-T-A,8-90970047-T-G,8-90970135-T-C,8-90975415-CG-C,8-90984803-G-C,8-91030736-AT-A,8-91030754-A-G,8-91055915-G-A,8-91001024-C-T,8-91028394-A-G,8-91055469-G-A,8-91063250-C-G,8-91012047-A-G,8-91012629-C-A,8-90953247-T-C,8-91063787-G-T,8-91051625-T-A,8-91058391-C-T","ENSG00000180694,ENSG00000104320,ENSG00000123119,ENSG00000253250,ENSG00000104325,ENSG00000104312,ENSG00000164823,ENSG00000251136","ENSG00000254182,ENSG00000254219,ENSG00000253358,ENSG00000164823,ENSG00000254251,ENSG00000271202,ENSG00000253901,ENSG00000253576,ENSG00000180694,ENSG00000104325,ENSG00000123119,ENSG00000251136,ENSG00000104320,ENSG00000199354,ENSG00000104312,ENSG00000253799,ENSG00000229182,ENSG00000253250,ENSG00000266194,ENSG00000200151",ENSG00000104325,Liver eQTLs,train
20010438800092196-92196000007130,chr8,"8-61541273-T-C,8-61539278-A-T,8-61463647-A-T,8-61513098-T-A,8-61546275-A-G,8-61403965-T-C,8-61406197-T-C,8-61407255-T-C,8-61412250-T-C,8-61412809-T-C,8-61425258-T-C,8-61425971-G-A,8-61426374-A-AG,8-61428280-C-A,8-61446683-T-A,8-61450894-G-A,8-61453916-G-T,8-61457009-G-A,8-61457044-T-C,8-61468134-T-C,8-61471839-T-C,8-61476541-G-T,8-61488859-A-G,8-61492893-T-C,8-61504093-A-G,8-61504193-G-A,8-61519325-T-C,8-61535709-G-C,8-61540398-G-A,8-61542934-TA-T,8-61395832-T-C,8-61397279-C-CT,8-61399283-A-G,8-61413458-A-ATTATTAATT,8-61537593-A-AAATG,8-61437759-A-G,8-61452046-A-G,8-61452302-G-C,8-61455861-A-G,8-61457783-G-GA,8-61462295-G-C,8-61464227-T-C,8-61467003-T-G,8-61467655-C-T,8-61485570-C-T,8-61485641-T-TAGTC,8-61496950-C-T,8-61500402-G-A,8-61505275-C-G,8-61510495-ACT-A,8-61511115-GTA-G,8-61513452-A-C,8-61515689-A-T,8-61516897-A-G,8-61516915-G-A,8-61522276-A-G,8-61436955-A-AT,8-61442940-T-C,8-61457785-A-C,8-61505331-G-A,8-61522910-C-T,8-61409871-G-T,8-61408810-G-A,8-61415926-G-A,8-61418365-C-T,8-61418431-C-T,8-61513774-T-TGCTAACATAGTTTTTTCACAAGA,8-61401040-AAAAC-A,8-61520658-T-TTTTG,8-61392652-C-CTT,8-61518399-C-T,8-61436559-C-T,8-61445098-C-T,8-61459716-A-G,8-61475274-T-G,8-61480927-GTC-G,8-61481614-T-G,8-61484788-C-G,8-61486366-G-A,8-61492728-G-A,8-61494331-C-T,8-61494991-G-C,8-61517798-C-T,8-61518273-C-T,8-61523998-C-T,8-61525395-G-A,8-61526953-A-G,8-61528876-T-G,8-61534428-A-G,8-61534895-C-T,8-61489601-CT-C,8-61421645-GCTTAA-G,8-61349350-T-C,8-61337279-C-A,8-61505067-A-AT,8-61411196-C-T,8-61411475-T-C,8-61417284-A-G,8-61419728-G-A,8-61424568-A-G,8-61332227-AG-A,8-61335402-A-C,8-61340676-G-A,8-61344778-T-A,8-61353362-T-G,8-61359223-G-A,8-61363597-CAGAA-C,8-61369808-G-C,8-61378363-T-A,8-61392465-A-C,8-61341711-A-G,8-61347172-G-A,8-61374869-G-A,8-61386533-T-C,8-61398085-A-G,8-61396829-T-C,8-61398160-T-C,8-61399587-C-T,8-61511366-A-C,8-61490395-G-A,8-61432007-G-A,8-61492192-CT-C,8-61473307-G-GT,8-61372388-C-CTTCCTTCCTTCT,8-61461273-A-G,8-61424441-GT-G,8-61442992-C-A,8-61447748-T-C,8-61453184-A-G,8-61453848-TA-T,8-61464349-T-C,8-61464655-T-C,8-61464732-C-T,8-61464839-T-C,8-61476709-C-T,8-61488824-T-C,8-61512042-G-A,8-61512060-C-A,8-61537523-T-C,8-61488254-C-T,8-61488238-C-T,8-61447483-T-A,8-61405398-CT-C,8-61340828-T-C,8-61397551-T-A,8-61492559-CT-C,8-61307547-C-T,8-61306938-G-A,8-61303622-A-G,8-61306157-G-A,8-61392724-A-G,8-61455071-CA-C,8-61531713-A-T,8-61419993-TA-T,8-61299528-C-A,8-61300510-T-C,8-61303146-G-A,8-61298005-C-G,8-61461350-A-G","ENSG00000287975,ENSG00000254285,ENSG00000171316,ENSG00000104388","ENSG00000264408,ENSG00000285971,ENSG00000254432,ENSG00000171316,ENSG00000287975,ENSG00000104388,ENSG00000254119,ENSG00000253711,ENSG00000253544,ENSG00000254802,ENSG00000251127,ENSG00000254222,ENSG00000253975,ENSG00000271377,ENSG00000254777,ENSG00000253834,ENSG00000253789,ENSG00000255289,ENSG00000255321,ENSG00000237810,ENSG00000254050,ENSG00000254120,ENSG00000254285",ENSG00000104388,Liver eQTLs,train
20010447200092196-92196000006990,chr8,"8-141526038-T-C,8-141528090-C-T,8-141527936-T-C,8-141525465-T-C,8-141526231-C-T,8-141526985-G-C,8-141527306-A-G,8-141514392-AT-A,8-141513072-C-G,8-141514184-T-C,8-141519185-G-C,8-141516724-A-G,8-141517388-G-A,8-141508143-A-G,8-141518037-A-C,8-141518673-G-T,8-141520374-A-G,8-141520581-G-A,8-141521151-G-C,8-141521345-G-C","ENSG00000259891,ENSG00000271959,ENSG00000280303,ENSG00000123908,ENSG00000279766,ENSG00000169398,ENSG00000184489,ENSG00000282164,ENSG00000104472,ENSG00000167632,ENSG00000022567,ENSG00000105339,ENSG00000253574,ENSG00000253210,ENSG00000204882,ENSG00000279786,ENSG00000261655","ENSG00000253307,ENSG00000280326,ENSG00000221768,ENSG00000169398,ENSG00000252864,ENSG00000259891,ENSG00000254324,ENSG00000226490,ENSG00000253210,ENSG00000261655,ENSG00000253574,ENSG00000105339,ENSG00000282164,ENSG00000253605,ENSG00000184489,ENSG00000254008,ENSG00000289263,ENSG00000244998,ENSG00000287677,ENSG00000280303,ENSG00000123908,ENSG00000261710,ENSG00000204882,ENSG00000238854,ENSG00000254291,ENSG00000287325,ENSG00000265247,ENSG00000253602,ENSG00000279766,ENSG00000254197,ENSG00000167632,ENSG00000289338,ENSG00000022567,ENSG00000254019,ENSG00000279786,ENSG00000271959,ENSG00000104472,ENSG00000254183,ENSG00000253595,ENSG00000253266",ENSG00000104472,Liver eQTLs,train
20010451800092196-92196000007008,chr8,"8-144642244-A-G,8-144642854-G-A,8-144640506-G-C,8-144641313-G-A,8-144642490-G-A,8-144645959-A-G,8-144647167-C-T,8-144651062-A-G,8-144647991-T-G,8-144648184-G-A,8-144648193-A-G,8-144625439-G-A,8-144623852-G-C,8-144646687-G-A,8-144625793-C-T,8-144631953-C-T,8-144638273-C-T,8-144638888-C-T,8-144603486-G-C,8-144620855-C-A,8-144605095-A-AT,8-144624438-C-T,8-144624917-G-A,8-144631988-G-A,8-144634735-G-T,8-144608418-G-T,8-144641753-A-C,8-144626708-A-G,8-144628078-C-T,8-144628208-A-G,8-144629346-G-A,8-144630174-A-C,8-144630847-G-A,8-144571187-T-C,8-144571431-T-C,8-144571600-G-A,8-144571841-C-G,8-144632006-G-A,8-144630058-C-CA,8-144619844-TG-T,8-144623304-C-A,8-144565421-C-T,8-144565798-G-C,8-144568825-G-A,8-144650925-A-T,8-144617923-G-A","ENSG00000185189,ENSG00000179698,ENSG00000253716,ENSG00000204839,ENSG00000283992,ENSG00000158106,ENSG00000185730,ENSG00000287222,ENSG00000255050,ENSG00000255224,ENSG00000180921,ENSG00000181097,ENSG00000204791,ENSG00000147804,ENSG00000185803,ENSG00000178685,ENSG00000160973,ENSG00000185122,ENSG00000272172,ENSG00000250571,ENSG00000179886,ENSG00000254389,ENSG00000181085,ENSG00000173137,ENSG00000181135,ENSG00000261587,ENSG00000104518,ENSG00000179091,ENSG00000180155,ENSG00000130193,ENSG00000289161,ENSG00000167656,ENSG00000235173,ENSG00000167700,ENSG00000254812,ENSG00000234616,ENSG00000177335,ENSG00000213563,ENSG00000104529,ENSG00000253196,ENSG00000104522,ENSG00000167653,ENSG00000147813,ENSG00000178209,ENSG00000160959,ENSG00000178896,ENSG00000183309,ENSG00000186583,ENSG00000198576,ENSG00000179526,ENSG00000203499,ENSG00000071894,ENSG00000178719,ENSG00000253741,ENSG00000185000,ENSG00000261150,ENSG00000167701,ENSG00000279605,ENSG00000178814,ENSG00000160932,ENSG00000285599,ENSG00000180900,ENSG00000197858,ENSG00000179632,ENSG00000160957,ENSG00000288096,ENSG00000160882,ENSG00000160948,ENSG00000197353,ENSG00000104524,ENSG00000255182,ENSG00000181638,ENSG00000277494,ENSG00000261236,ENSG00000167702,ENSG00000184428,ENSG00000179832,ENSG00000232600,ENSG00000187954,ENSG00000182325,ENSG00000255343,ENSG00000160949,ENSG00000260428,ENSG00000179950,ENSG00000247317,ENSG00000160972","ENSG00000181135,ENSG00000104518,ENSG00000253741,ENSG00000167653,ENSG00000178896,ENSG00000234616,ENSG00000160972,ENSG00000261150,ENSG00000204791,ENSG00000160957,ENSG00000187954,ENSG00000178814,ENSG00000247317,ENSG00000272172,ENSG00000180921,ENSG00000283770,ENSG00000265393,ENSG00000284139,ENSG00000250571,ENSG00000178685,ENSG00000179632,ENSG00000186583,ENSG00000260428,ENSG00000160948,ENSG00000261587,ENSG00000185189,ENSG00000160959,ENSG00000232600,ENSG00000207574,ENSG00000284054,ENSG00000277888,ENSG00000181097,ENSG00000284310,ENSG00000179698,ENSG00000160882,ENSG00000254548,ENSG00000283992,ENSG00000184428,ENSG00000179832,ENSG00000263612,ENSG00000185803,ENSG00000254389,ENSG00000255224,ENSG00000255182,ENSG00000254812,ENSG00000203499,ENSG00000265660,ENSG00000104524,ENSG00000160932,ENSG00000167701,ENSG00000185730,ENSG00000284142,ENSG00000254574,ENSG00000185000,ENSG00000235173,ENSG00000179526,ENSG00000287222,ENSG00000255000,ENSG00000181638,ENSG00000283764,ENSG00000177335,ENSG00000255456,ENSG00000285599,ENSG00000288096,ENSG00000167656,ENSG00000255050,ENSG00000180900,ENSG00000276598,ENSG00000167700,ENSG00000197858,ENSG00000279605,ENSG00000284224,ENSG00000253196,ENSG00000167702,ENSG00000147804,ENSG00000197353,ENSG00000179950,ENSG00000244307,ENSG00000277494,ENSG00000179091,ENSG00000198576,ENSG00000160973,ENSG00000181085,ENSG00000289161,ENSG00000255181,ENSG00000255164,ENSG00000178209,ENSG00000213563,ENSG00000173137,ENSG00000147813,ENSG00000179886,ENSG00000104522,ENSG00000183309,ENSG00000182325,ENSG00000274772,ENSG00000255343,ENSG00000284229,ENSG00000253716,ENSG00000180155,ENSG00000158106,ENSG00000071894,ENSG00000160949,ENSG00000261236,ENSG00000130193,ENSG00000104529,ENSG00000204839,ENSG00000178719,ENSG00000185122",ENSG00000104518,Liver eQTLs,train
20010468900092196-92196000007072,chr8,"8-23088245-T-C,8-23085838-T-A,8-23085868-G-A,8-23085269-T-C,8-23086086-T-A,8-23088174-G-T,8-23083488-G-T","ENSG00000289584,ENSG00000251034,ENSG00000173530,ENSG00000147454,ENSG00000179388,ENSG00000241852,ENSG00000134020,ENSG00000147457,ENSG00000287166,ENSG00000245025,ENSG00000168490,ENSG00000168495,ENSG00000104635,ENSG00000120910,ENSG00000158941,ENSG00000147439,ENSG00000254272,ENSG00000159167,ENSG00000134013,ENSG00000104689,ENSG00000287467,ENSG00000120896,ENSG00000120913,ENSG00000253200,ENSG00000104679,ENSG00000120889,ENSG00000197217,ENSG00000197181,ENSG00000167034,ENSG00000254064,ENSG00000173535,ENSG00000008853","ENSG00000245025,ENSG00000167034,ENSG00000251034,ENSG00000120896,ENSG00000252067,ENSG00000201761,ENSG00000159167,ENSG00000254230,ENSG00000008853,ENSG00000271118,ENSG00000240116,ENSG00000287166,ENSG00000104689,ENSG00000104635,ENSG00000241852,ENSG00000197217,ENSG00000147457,ENSG00000243265,ENSG00000254002,ENSG00000134020,ENSG00000253142,ENSG00000253200,ENSG00000168495,ENSG00000120913,ENSG00000120910,ENSG00000147439,ENSG00000104679,ENSG00000289461,ENSG00000253125,ENSG00000208037,ENSG00000207201,ENSG00000289584,ENSG00000147454,ENSG00000207027,ENSG00000253986,ENSG00000173535,ENSG00000254272,ENSG00000253488,ENSG00000173530,ENSG00000179388,ENSG00000248738,ENSG00000134013,ENSG00000177725,ENSG00000197181,ENSG00000287812,ENSG00000287467,ENSG00000253471,ENSG00000120889,ENSG00000158941,ENSG00000180053,ENSG00000254064,ENSG00000168490",ENSG00000104689,Liver eQTLs,train
20010472300092196-92196000007035,chr8,8-15416496-T-C,ENSG00000104723,ENSG00000104723,ENSG00000104723,Liver eQTLs,train
20010480400092196-92196000003745,chr19,"19-49399676-T-C,19-49399676-T-C,19-49399676-T-C,19-49399676-T-C,19-49399676-T-C,19-49399676-T-C,19-49399676-T-C,19-49399676-T-C,19-49399676-T-C,19-49399676-T-C,19-49399941-C-A,19-49399941-C-A,19-49399941-C-A,19-49399941-C-A,19-49399941-C-A,19-49399941-C-A,19-49399941-C-A,19-49399941-C-A,19-49399941-C-A,19-49399941-C-A,19-49399978-T-C,19-49399978-T-C,19-49399978-T-C,19-49399978-T-C,19-49399978-T-C,19-49399978-T-C,19-49399978-T-C,19-49399978-T-C,19-49399978-T-C,19-49399978-T-C,19-49399988-T-C,19-49399988-T-C,19-49399988-T-C,19-49399988-T-C,19-49399988-T-C,19-49399988-T-C,19-49399988-T-C,19-49399988-T-C,19-49399988-T-C,19-49399988-T-C,19-49400000-C-T,19-49400000-C-T,19-49400000-C-T,19-49400000-C-T,19-49400000-C-T,19-49400000-C-T,19-49400000-C-T,19-49400000-C-T,19-49400000-C-T,19-49400000-C-T,19-49400179-C-CTCTA,19-49400179-C-CTCTA,19-49400179-C-CTCTA,19-49400179-C-CTCTA,19-49400179-C-CTCTA,19-49400179-C-CTCTA,19-49400179-C-CTCTA,19-49400179-C-CTCTA,19-49400179-C-CTCTA,19-49400179-C-CTCTA,19-49400216-C-T,19-49400216-C-T,19-49400216-C-T,19-49400216-C-T,19-49400216-C-T,19-49400216-C-T,19-49400216-C-T,19-49400216-C-T,19-49400216-C-T,19-49400216-C-T,19-49400511-T-C,19-49400511-T-C,19-49400511-T-C,19-49400511-T-C,19-49400511-T-C,19-49400511-T-C,19-49400511-T-C,19-49400511-T-C,19-49400511-T-C,19-49400511-T-C,19-49401952-A-C,19-49401952-A-C,19-49401952-A-C,19-49401952-A-C,19-49401952-A-C,19-49401952-A-C,19-49401952-A-C,19-49401952-A-C,19-49401952-A-C,19-49401952-A-C,19-49402148-C-T,19-49402148-C-T,19-49402148-C-T,19-49402148-C-T,19-49402148-C-T,19-49402148-C-T,19-49402148-C-T,19-49402148-C-T,19-49402148-C-T,19-49402148-C-T,19-49402487-C-T,19-49402487-C-T,19-49402487-C-T,19-49402487-C-T,19-49402487-C-T,19-49402487-C-T,19-49402487-C-T,19-49402487-C-T,19-49402487-C-T,19-49402487-C-T,19-49402686-G-T,19-49402686-G-T,19-49402686-G-T,19-49402686-G-T,19-49402686-G-T,19-49402686-G-T,19-49402686-G-T,19-49402686-G-T,19-49402686-G-T,19-49402686-G-T,19-49402765-T-C,19-49402765-T-C,19-49402765-T-C,19-49402765-T-C,19-49402765-T-C,19-49402765-T-C,19-49402765-T-C,19-49402765-T-C,19-49402765-T-C,19-49402765-T-C,19-49403055-A-G,19-49403055-A-G,19-49403055-A-G,19-49403055-A-G,19-49403055-A-G,19-49403055-A-G,19-49403055-A-G,19-49403055-A-G,19-49403055-A-G,19-49403055-A-G,19-49403141-A-G,19-49403141-A-G,19-49403141-A-G,19-49403141-A-G,19-49403141-A-G,19-49403141-A-G,19-49403141-A-G,19-49403141-A-G,19-49403141-A-G,19-49403141-A-G,19-49404535-T-G,19-49404535-T-G,19-49404535-T-G,19-49404535-T-G,19-49404535-T-G,19-49404535-T-G,19-49404535-T-G,19-49404535-T-G,19-49404535-T-G,19-49404535-T-G,19-49391770-G-A,19-49391770-G-A,19-49391770-G-A,19-49391770-G-A,19-49391770-G-A,19-49391770-G-A,19-49391770-G-A,19-49391770-G-A,19-49391770-G-A,19-49391770-G-A,19-49403009-T-A,19-49403009-T-A,19-49403009-T-A,19-49403009-T-A,19-49403009-T-A,19-49403009-T-A,19-49403009-T-A,19-49403009-T-A,19-49403009-T-A,19-49403009-T-A,19-49387757-G-A,19-49387757-G-A,19-49387757-G-A,19-49387757-G-A,19-49387757-G-A,19-49387757-G-A,19-49387757-G-A,19-49387757-G-A,19-49387757-G-A,19-49387757-G-A,19-49400147-C-CTT,19-49400147-C-CTT,19-49400147-C-CTT,19-49400147-C-CTT,19-49400147-C-CTT,19-49400147-C-CTT,19-49400147-C-CTT,19-49400147-C-CTT,19-49400147-C-CTT,19-49400147-C-CTT,19-49401384-C-A,19-49401384-C-A,19-49401384-C-A,19-49401384-C-A,19-49401384-C-A,19-49401384-C-A,19-49401384-C-A,19-49401384-C-A,19-49401384-C-A,19-49401384-C-A,19-49403178-G-T,19-49403178-G-T,19-49403178-G-T,19-49403178-G-T,19-49403178-G-T,19-49403178-G-T,19-49403178-G-T,19-49403178-G-T,19-49403178-G-T,19-49403178-G-T,19-49407733-C-T,19-49407733-C-T,19-49407733-C-T,19-49407733-C-T,19-49407733-C-T,19-49407733-C-T,19-49407733-C-T,19-49407733-C-T,19-49407733-C-T,19-49407733-C-T,19-49407947-A-G,19-49407947-A-G,19-49407947-A-G,19-49407947-A-G,19-49407947-A-G,19-49407947-A-G,19-49407947-A-G,19-49407947-A-G,19-49407947-A-G,19-49407947-A-G,19-49408358-C-G,19-49408358-C-G,19-49408358-C-G,19-49408358-C-G,19-49408358-C-G,19-49408358-C-G,19-49408358-C-G,19-49408358-C-G,19-49408358-C-G,19-49408358-C-G,19-49409004-T-C,19-49409004-T-C,19-49409004-T-C,19-49409004-T-C,19-49409004-T-C,19-49409004-T-C,19-49409004-T-C,19-49409004-T-C,19-49409004-T-C,19-49409004-T-C,19-49412512-T-A,19-49412512-T-A,19-49412512-T-A,19-49412512-T-A,19-49412512-T-A,19-49412512-T-A,19-49412512-T-A,19-49412512-T-A,19-49412512-T-A,19-49412512-T-A,19-49395960-C-T,19-49395960-C-T,19-49395960-C-T,19-49395960-C-T,19-49395960-C-T,19-49395960-C-T,19-49395960-C-T,19-49395960-C-T,19-49395960-C-T,19-49395960-C-T,19-49397214-C-T,19-49397214-C-T,19-49397214-C-T,19-49397214-C-T,19-49397214-C-T,19-49397214-C-T,19-49397214-C-T,19-49397214-C-T,19-49397214-C-T,19-49397214-C-T,19-49397350-C-A,19-49397350-C-A,19-49397350-C-A,19-49397350-C-A,19-49397350-C-A,19-49397350-C-A,19-49397350-C-A,19-49397350-C-A,19-49397350-C-A,19-49397350-C-A,19-49397896-CCAA-C,19-49397896-CCAA-C,19-49397896-CCAA-C,19-49397896-CCAA-C,19-49397896-CCAA-C,19-49397896-CCAA-C,19-49397896-CCAA-C,19-49397896-CCAA-C,19-49397896-CCAA-C,19-49397896-CCAA-C,19-49398017-AT-A,19-49398017-AT-A,19-49398017-AT-A,19-49398017-AT-A,19-49398017-AT-A,19-49398017-AT-A,19-49398017-AT-A,19-49398017-AT-A,19-49398017-AT-A,19-49398017-AT-A,19-49398940-C-G,19-49398940-C-G,19-49398940-C-G,19-49398940-C-G,19-49398940-C-G,19-49398940-C-G,19-49398940-C-G,19-49398940-C-G,19-49398940-C-G,19-49398940-C-G,19-49407660-G-A,19-49407660-G-A,19-49407660-G-A,19-49407660-G-A,19-49407660-G-A,19-49407660-G-A,19-49407660-G-A,19-49407660-G-A,19-49407660-G-A,19-49407660-G-A,19-49407715-C-T,19-49407715-C-T,19-49407715-C-T,19-49407715-C-T,19-49407715-C-T,19-49407715-C-T,19-49407715-C-T,19-49407715-C-T,19-49407715-C-T,19-49407715-C-T,19-49408943-T-C,19-49408943-T-C,19-49408943-T-C,19-49408943-T-C,19-49408943-T-C,19-49408943-T-C,19-49408943-T-C,19-49408943-T-C,19-49408943-T-C,19-49408943-T-C,19-49411560-T-C,19-49411560-T-C,19-49411560-T-C,19-49411560-T-C,19-49411560-T-C,19-49411560-T-C,19-49411560-T-C,19-49411560-T-C,19-49411560-T-C,19-49411560-T-C,19-49412101-C-A,19-49412101-C-A,19-49412101-C-A,19-49412101-C-A,19-49412101-C-A,19-49412101-C-A,19-49412101-C-A,19-49412101-C-A,19-49412101-C-A,19-49412101-C-A,19-49398847-A-G,19-49398847-A-G,19-49398847-A-G,19-49398847-A-G,19-49398847-A-G,19-49398847-A-G,19-49398847-A-G,19-49398847-A-G,19-49398847-A-G,19-49398847-A-G,19-49402401-AAAAAAAAAAGAG-A,19-49402401-AAAAAAAAAAGAG-A,19-49402401-AAAAAAAAAAGAG-A,19-49402401-AAAAAAAAAAGAG-A,19-49402401-AAAAAAAAAAGAG-A,19-49402401-AAAAAAAAAAGAG-A,19-49402401-AAAAAAAAAAGAG-A,19-49402401-AAAAAAAAAAGAG-A,19-49402401-AAAAAAAAAAGAG-A,19-49402401-AAAAAAAAAAGAG-A,19-49412509-T-A,19-49412509-T-A,19-49412509-T-A,19-49412509-T-A,19-49412509-T-A,19-49412509-T-A,19-49412509-T-A,19-49412509-T-A,19-49412509-T-A,19-49412509-T-A,19-49410473-G-T,19-49410473-G-T,19-49410473-G-T,19-49410473-G-T,19-49410473-G-T,19-49410473-G-T,19-49410473-G-T,19-49410473-G-T,19-49410473-G-T,19-49410473-G-T,19-49393727-A-T,19-49393727-A-T,19-49393727-A-T,19-49393727-A-T,19-49393727-A-T,19-49393727-A-T,19-49393727-A-T,19-49393727-A-T,19-49393727-A-T,19-49393727-A-T,19-49406665-G-A,19-49406665-G-A,19-49406665-G-A,19-49406665-G-A,19-49406665-G-A,19-49406665-G-A,19-49406665-G-A,19-49406665-G-A,19-49406665-G-A,19-49406665-G-A,19-49385253-C-G,19-49385253-C-G,19-49385253-C-G,19-49385253-C-G,19-49385253-C-G,19-49385253-C-G,19-49385253-C-G,19-49385253-C-G,19-49385253-C-G,19-49385253-C-G","ENSG00000130528,ENSG00000126460,ENSG00000104872,ENSG00000126461,ENSG00000232871,ENSG00000063176,ENSG00000104812,ENSG00000063127,ENSG00000105483,ENSG00000105523,ENSG00000126467,ENSG00000268583,ENSG00000104901,ENSG00000142235,ENSG00000142541,ENSG00000105464,ENSG00000090554,ENSG00000142534,ENSG00000267898,ENSG00000176920,ENSG00000104888,ENSG00000221916,ENSG00000105550,ENSG00000269194,ENSG00000104973,ENSG00000161558,ENSG00000268006,ENSG00000087076,ENSG00000105552,ENSG00000087088,ENSG00000104826,ENSG00000104870,ENSG00000142227,ENSG00000197813,ENSG00000130529,ENSG00000174951,ENSG00000105486,ENSG00000105516,ENSG00000104852,ENSG00000105438,ENSG00000105559,ENSG00000087086,ENSG00000269352,ENSG00000104946,ENSG00000126456,ENSG00000126458,ENSG00000105499,ENSG00000104960,ENSG00000104863,ENSG00000268047,ENSG00000126457,ENSG00000010361,ENSG00000063180,ENSG00000105443,ENSG00000243829,ENSG00000182324,ENSG00000182264,ENSG00000268093,ENSG00000126453,ENSG00000104808,ENSG00000200530,ENSG00000200259,ENSG00000224420,ENSG00000177380,ENSG00000176909,ENSG00000268686,ENSG00000104804,ENSG00000204673,ENSG00000104805,ENSG00000268001,ENSG00000286024,ENSG00000039650,ENSG00000260366,ENSG00000105447,ENSG00000183207,ENSG00000142546,ENSG00000161618,ENSG00000105538,ENSG00000196961,ENSG00000185453,ENSG00000074219,ENSG00000087074,ENSG00000063177,ENSG00000142233,ENSG00000104894,ENSG00000105479,ENSG00000169169,ENSG00000142552,ENSG00000088002,ENSG00000126464","ENSG00000221916,ENSG00000087086,ENSG00000126460,ENSG00000063176,ENSG00000204673,ENSG00000207073,ENSG00000142227,ENSG00000104808,ENSG00000269706,ENSG00000063127,ENSG00000206599,ENSG00000189052,ENSG00000182324,ENSG00000104894,ENSG00000105523,ENSG00000142233,ENSG00000224420,ENSG00000105516,ENSG00000142552,ENSG00000196961,ENSG00000104960,ENSG00000268093,ENSG00000090554,ENSG00000267898,ENSG00000243829,ENSG00000269352,ENSG00000104804,ENSG00000126458,ENSG00000269540,ENSG00000174951,ENSG00000104818,ENSG00000207782,ENSG00000130529,ENSG00000274306,ENSG00000235555,ENSG00000104872,ENSG00000105483,ENSG00000126453,ENSG00000104901,ENSG00000273898,ENSG00000130528,ENSG00000039650,ENSG00000276002,ENSG00000063180,ENSG00000142534,ENSG00000105550,ENSG00000126456,ENSG00000104812,ENSG00000268001,ENSG00000261949,ENSG00000267099,ENSG00000104973,ENSG00000268530,ENSG00000088002,ENSG00000267019,ENSG00000105486,ENSG00000182264,ENSG00000126457,ENSG00000265954,ENSG00000087088,ENSG00000126467,ENSG00000161558,ENSG00000161618,ENSG00000268583,ENSG00000126464,ENSG00000177380,ENSG00000267890,ENSG00000104946,ENSG00000087074,ENSG00000142235,ENSG00000276270,ENSG00000142538,ENSG00000268006,ENSG00000183207,ENSG00000063177,ENSG00000265407,ENSG00000105538,ENSG00000176920,ENSG00000232871,ENSG00000010361,ENSG00000200530,ENSG00000284114,ENSG00000265675,ENSG00000202503,ENSG00000104826,ENSG00000105559,ENSG00000161652,ENSG00000267631,ENSG00000105552,ENSG00000185453,ENSG00000105438,ENSG00000267685,ENSG00000087076,ENSG00000176909,ENSG00000074219,ENSG00000142541,ENSG00000197813,ENSG00000104827,ENSG00000104852,ENSG00000269194,ENSG00000104805,ENSG00000268047,ENSG00000260366,ENSG00000268686,ENSG00000105464,ENSG00000200259,ENSG00000206758,ENSG00000105499,ENSG00000268669,ENSG00000105447,ENSG00000213030,ENSG00000104888,ENSG00000142546,ENSG00000286024,ENSG00000105479,ENSG00000268287,ENSG00000104870,ENSG00000105443,ENSG00000126461,ENSG00000276729,ENSG00000104863,ENSG00000268108,ENSG00000169169,ENSG00000268681",ENSG00000104804,Liver eQTLs,train
20010489900092196-92196000003532,chr19,"19-2248683-C-T,19-2244072-G-A,19-2249477-G-T,19-2246652-G-A,19-2241327-G-T","ENSG00000181588,ENSG00000099800,ENSG00000133275,ENSG00000127540,ENSG00000288704,ENSG00000115286,ENSG00000060558,ENSG00000287766,ENSG00000099840,ENSG00000099617,ENSG00000104904,ENSG00000119559,ENSG00000065717,ENSG00000065000,ENSG00000267317,ENSG00000228300,ENSG00000099875,ENSG00000267283,ENSG00000141873,ENSG00000176533,ENSG00000079313,ENSG00000171970,ENSG00000133243,ENSG00000172006,ENSG00000279452,ENSG00000220008,ENSG00000005206,ENSG00000267493,ENSG00000160953,ENSG00000288156,ENSG00000176490,ENSG00000167476,ENSG00000071564,ENSG00000104886,ENSG00000261342,ENSG00000161082,ENSG00000115255,ENSG00000071626,ENSG00000267244,ENSG00000129968,ENSG00000129911,ENSG00000178297,ENSG00000172009,ENSG00000104899,ENSG00000227500,ENSG00000213638,ENSG00000104885,ENSG00000188305,ENSG00000268798,ENSG00000104953,ENSG00000267372,ENSG00000104969,ENSG00000115257,ENSG00000099860,ENSG00000175691,ENSG00000099622,ENSG00000279488,ENSG00000125910,ENSG00000176619,ENSG00000130270,ENSG00000267412,ENSG00000280486,ENSG00000130005,ENSG00000104964,ENSG00000130332,ENSG00000186300,ENSG00000115268,ENSG00000071655,ENSG00000115266,ENSG00000248015,ENSG00000125912,ENSG00000253392,ENSG00000088256,ENSG00000185761,ENSG00000261526,ENSG00000104897,ENSG00000185988,ENSG00000172081","ENSG00000280486,ENSG00000267063,ENSG00000213638,ENSG00000104897,ENSG00000284216,ENSG00000133275,ENSG00000129911,ENSG00000119559,ENSG00000129968,ENSG00000104953,ENSG00000267398,ENSG00000228300,ENSG00000172081,ENSG00000267372,ENSG00000104885,ENSG00000185988,ENSG00000105694,ENSG00000005206,ENSG00000125912,ENSG00000267125,ENSG00000176490,ENSG00000099840,ENSG00000071626,ENSG00000263974,ENSG00000071564,ENSG00000104886,ENSG00000172009,ENSG00000127540,ENSG00000115268,ENSG00000275642,ENSG00000268798,ENSG00000161082,ENSG00000267412,ENSG00000279488,ENSG00000261342,ENSG00000175691,ENSG00000283728,ENSG00000065717,ENSG00000130005,ENSG00000115255,ENSG00000099617,ENSG00000267317,ENSG00000172006,ENSG00000104899,ENSG00000252962,ENSG00000186300,ENSG00000071655,ENSG00000267180,ENSG00000267749,ENSG00000065000,ENSG00000267073,ENSG00000288704,ENSG00000266938,ENSG00000104964,ENSG00000181588,ENSG00000167476,ENSG00000133243,ENSG00000239367,ENSG00000079313,ENSG00000288906,ENSG00000178297,ENSG00000227500,ENSG00000160953,ENSG00000267283,ENSG00000286460,ENSG00000115257,ENSG00000188305,ENSG00000279452,ENSG00000176533,ENSG00000261526,ENSG00000220008,ENSG00000060558,ENSG00000253392,ENSG00000252933,ENSG00000266944,ENSG00000276097,ENSG00000277904,ENSG00000267244,ENSG00000099800,ENSG00000104969,ENSG00000130332,ENSG00000267493,ENSG00000130270,ENSG00000248015,ENSG00000099875,ENSG00000221411,ENSG00000240846,ENSG00000088256,ENSG00000141873,ENSG00000287766,ENSG00000115286,ENSG00000104904,ENSG00000125910,ENSG00000288156,ENSG00000099860,ENSG00000185761,ENSG00000286880,ENSG00000289471,ENSG00000176619,ENSG00000284272,ENSG00000099622,ENSG00000267201,ENSG00000171970,ENSG00000115266",ENSG00000104899,Liver eQTLs,train
20010493600092196-92196000003710,chr19,"19-46257358-A-C,19-46257358-A-C,19-46258993-G-T,19-46258993-G-T,19-46260748-T-C,19-46260748-T-C,19-46274171-A-C,19-46274171-A-C,19-46292259-G-A,19-46292259-G-A,19-46235950-A-G,19-46235950-A-G,19-46274972-A-C,19-46274972-A-C,19-46241195-T-C,19-46241195-T-C,19-46284334-T-G,19-46284334-T-G,19-46287200-C-G,19-46287200-C-G,19-46255139-C-T,19-46255139-C-T,19-46235868-T-C,19-46235868-T-C,19-46269076-G-A,19-46269076-G-A,19-46296230-A-T,19-46296230-A-T,19-46225952-G-A,19-46225952-G-A,19-46238555-T-C,19-46238555-T-C,19-46260245-G-A,19-46260245-G-A,19-46260375-C-T,19-46260375-C-T,19-46261247-G-A,19-46261247-G-A,19-46261762-A-G,19-46261762-A-G,19-46261982-C-T,19-46261982-C-T,19-46265029-C-T,19-46265029-C-T,19-46271177-G-T,19-46271177-G-T,19-46276056-C-A,19-46276056-C-A,19-46277288-C-A,19-46277288-C-A,19-46284520-G-A,19-46284520-G-A,19-46227880-T-C,19-46227880-T-C,19-46255075-G-A,19-46255075-G-A,19-46234632-T-C,19-46234632-T-C,19-46294510-G-A,19-46294510-G-A,19-46224156-A-G,19-46224156-A-G,19-46248407-G-A,19-46248407-G-A,19-46251362-G-A,19-46251362-G-A,19-46247641-A-G,19-46247641-A-G,19-46251460-T-C,19-46251460-T-C,19-46246704-C-T,19-46246704-C-T","ENSG00000104859,ENSG00000267282,ENSG00000007255,ENSG00000142252,ENSG00000010310,ENSG00000104884,ENSG00000125755,ENSG00000279407,ENSG00000125753,ENSG00000104983,ENSG00000125740,ENSG00000104892,ENSG00000125741,ENSG00000170684,ENSG00000008438,ENSG00000181027,ENSG00000124440,ENSG00000267467,ENSG00000268401,ENSG00000104856,ENSG00000283632,ENSG00000267348,ENSG00000268460,ENSG00000177051,ENSG00000011485,ENSG00000117877,ENSG00000090372,ENSG00000011478,ENSG00000234906,ENSG00000125746,ENSG00000104866,ENSG00000176182,ENSG00000125744,ENSG00000169515,ENSG00000104853,ENSG00000167414,ENSG00000007047,ENSG00000269151,ENSG00000230510,ENSG00000182013,ENSG00000160014,ENSG00000268810,ENSG00000177464,ENSG00000170604,ENSG00000267757,ENSG00000269148,ENSG00000104967,ENSG00000130204,ENSG00000285128,ENSG00000104879,ENSG00000105287,ENSG00000187244,ENSG00000214855,ENSG00000130203,ENSG00000204851,ENSG00000177045,ENSG00000104936,ENSG00000197380,ENSG00000204850,ENSG00000170608,ENSG00000125743,ENSG00000160013,ENSG00000142273,ENSG00000012061,ENSG00000130208,ENSG00000104881,ENSG00000189114,ENSG00000267395,ENSG00000245598,ENSG00000130202,ENSG00000213889,ENSG00000279161","ENSG00000275862,ENSG00000130208,ENSG00000214855,ENSG00000160014,ENSG00000211513,ENSG00000267395,ENSG00000104884,ENSG00000275726,ENSG00000234906,ENSG00000011478,ENSG00000007047,ENSG00000142252,ENSG00000104859,ENSG00000170604,ENSG00000267467,ENSG00000207773,ENSG00000177045,ENSG00000167414,ENSG00000125740,ENSG00000268238,ENSG00000269487,ENSG00000268401,ENSG00000181027,ENSG00000269148,ENSG00000269637,ENSG00000104892,ENSG00000197380,ENSG00000104856,ENSG00000188293,ENSG00000182013,ENSG00000007255,ENSG00000222614,ENSG00000269151,ENSG00000279407,ENSG00000204850,ENSG00000267757,ENSG00000130203,ENSG00000169515,ENSG00000283632,ENSG00000267282,ENSG00000170684,ENSG00000104983,ENSG00000170608,ENSG00000268460,ENSG00000104879,ENSG00000204851,ENSG00000125743,ENSG00000130204,ENSG00000259339,ENSG00000125746,ENSG00000267348,ENSG00000090372,ENSG00000268053,ENSG00000188425,ENSG00000269729,ENSG00000008438,ENSG00000278797,ENSG00000125744,ENSG00000177464,ENSG00000188624,ENSG00000160013,ENSG00000104936,ENSG00000265134,ENSG00000268879,ENSG00000211580,ENSG00000104853,ENSG00000011485,ENSG00000230510,ENSG00000268810,ENSG00000243560,ENSG00000176182,ENSG00000104866,ENSG00000104881,ENSG00000242675,ENSG00000117877,ENSG00000285128,ENSG00000130202,ENSG00000245598,ENSG00000269014,ENSG00000204866,ENSG00000213889,ENSG00000104967,ENSG00000189114,ENSG00000177051,ENSG00000105287,ENSG00000125755,ENSG00000199796,ENSG00000286669,ENSG00000279161,ENSG00000267922,ENSG00000241226,ENSG00000125741,ENSG00000142273,ENSG00000269745,ENSG00000277748,ENSG00000124440,ENSG00000125753,ENSG00000187244,ENSG00000012061,ENSG00000010310",ENSG00000104936,Liver eQTLs,train
20010496400092196-92196000003561,chr19,19-3062857-T-C,"ENSG00000267138,ENSG00000104904,ENSG00000006638,ENSG00000125910,ENSG00000186111,ENSG00000099840,ENSG00000129932,ENSG00000104886,ENSG00000171970,ENSG00000178297,ENSG00000226800,ENSG00000167476,ENSG00000172006,ENSG00000005206,ENSG00000267205,ENSG00000183617,ENSG00000188305,ENSG00000220008,ENSG00000104899,ENSG00000060558,ENSG00000267412,ENSG00000287766,ENSG00000176619,ENSG00000268670,ENSG00000088256,ENSG00000099860,ENSG00000183397,ENSG00000077009,ENSG00000167658,ENSG00000130332,ENSG00000288156,ENSG00000141873,ENSG00000105325,ENSG00000104885,ENSG00000105289,ENSG00000186300,ENSG00000065000,ENSG00000253392,ENSG00000141905,ENSG00000105229,ENSG00000064961,ENSG00000105298,ENSG00000104953,ENSG00000179855,ENSG00000279452,ENSG00000104897,ENSG00000175691,ENSG00000007264,ENSG00000161091,ENSG00000176490,ENSG00000172009,ENSG00000172081,ENSG00000065717,ENSG00000261342,ENSG00000104969,ENSG00000011132,ENSG00000176533,ENSG00000283928,ENSG00000161082,ENSG00000099800,ENSG00000095932,ENSG00000167657,ENSG00000125912,ENSG00000280103,ENSG00000104964","ENSG00000266627,ENSG00000283728,ENSG00000125912,ENSG00000283928,ENSG00000125910,ENSG00000252962,ENSG00000266938,ENSG00000267148,ENSG00000279590,ENSG00000183397,ENSG00000104964,ENSG00000065000,ENSG00000284638,ENSG00000179855,ENSG00000289254,ENSG00000284272,ENSG00000173976,ENSG00000267205,ENSG00000288906,ENSG00000206775,ENSG00000286460,ENSG00000188305,ENSG00000253392,ENSG00000006638,ENSG00000105229,ENSG00000130332,ENSG00000280103,ENSG00000105694,ENSG00000267138,ENSG00000141905,ENSG00000099800,ENSG00000141873,ENSG00000129932,ENSG00000172009,ENSG00000161082,ENSG00000176490,ENSG00000221411,ENSG00000286880,ENSG00000266989,ENSG00000105298,ENSG00000176533,ENSG00000104885,ENSG00000268670,ENSG00000288156,ENSG00000267063,ENSG00000266959,ENSG00000161091,ENSG00000105289,ENSG00000186300,ENSG00000267412,ENSG00000105325,ENSG00000065717,ENSG00000007264,ENSG00000267231,ENSG00000172081,ENSG00000279599,ENSG00000167658,ENSG00000267448,ENSG00000011132,ENSG00000220008,ENSG00000167657,ENSG00000077009,ENSG00000178297,ENSG00000167476,ENSG00000277904,ENSG00000287766,ENSG00000099840,ENSG00000104953,ENSG00000171970,ENSG00000267398,ENSG00000276097,ENSG00000252408,ENSG00000088256,ENSG00000095932,ENSG00000289471,ENSG00000104897,ENSG00000279452,ENSG00000104904,ENSG00000099860,ENSG00000183617,ENSG00000267201,ENSG00000104886,ENSG00000267749,ENSG00000267304,ENSG00000005206,ENSG00000261342,ENSG00000172006,ENSG00000064961,ENSG00000060558,ENSG00000176619,ENSG00000104969,ENSG00000266944,ENSG00000175691,ENSG00000263974,ENSG00000226800,ENSG00000186111,ENSG00000104899",ENSG00000104964,Liver eQTLs,train
20010508800092196-92196000003418,chr19,"19-10058911-G-A,19-10059160-G-C,19-10060162-G-A,19-10061010-G-T,19-10061960-A-T,19-10064295-A-T,19-10058807-C-T,19-10066364-C-T,19-10055264-C-T,19-10056634-C-CT,19-10061214-A-G","ENSG00000130816,ENSG00000161847,ENSG00000130811,ENSG00000213339,ENSG00000080573,ENSG00000244165,ENSG00000196605,ENSG00000267197,ENSG00000267106,ENSG00000188321,ENSG00000105397,ENSG00000142444,ENSG00000267387,ENSG00000267607,ENSG00000267534,ENSG00000130733,ENSG00000105376,ENSG00000129351,ENSG00000129347,ENSG00000270614,ENSG00000196110,ENSG00000278611,ENSG00000105401,ENSG00000129355,ENSG00000267612,ENSG00000079805,ENSG00000127445,ENSG00000079999,ENSG00000105088,ENSG00000130818,ENSG00000267119,ENSG00000174652,ENSG00000267100,ENSG00000267673,ENSG00000171469,ENSG00000197961,ENSG00000130810,ENSG00000130803,ENSG00000076662,ENSG00000090339,ENSG00000105364,ENSG00000129354,ENSG00000129353,ENSG00000065989,ENSG00000180739,ENSG00000198258,ENSG00000171466,ENSG00000277587,ENSG00000267370,ENSG00000220201,ENSG00000099203,ENSG00000214212,ENSG00000130734,ENSG00000167798,ENSG00000274425,ENSG00000142453,ENSG00000224689,ENSG00000130813,ENSG00000130812,ENSG00000127452","ENSG00000188321,ENSG00000267370,ENSG00000105397,ENSG00000266204,ENSG00000065989,ENSG00000198258,ENSG00000207972,ENSG00000171469,ENSG00000105088,ENSG00000277587,ENSG00000220201,ENSG00000267273,ENSG00000129354,ENSG00000209645,ENSG00000127452,ENSG00000198028,ENSG00000267119,ENSG00000275787,ENSG00000267154,ENSG00000265879,ENSG00000267387,ENSG00000276757,ENSG00000130733,ENSG00000214212,ENSG00000270614,ENSG00000180926,ENSG00000278643,ENSG00000130734,ENSG00000129355,ENSG00000207752,ENSG00000174667,ENSG00000130816,ENSG00000076662,ENSG00000267775,ENSG00000142453,ENSG00000130811,ENSG00000171466,ENSG00000237521,ENSG00000170920,ENSG00000267490,ENSG00000244165,ENSG00000129353,ENSG00000105364,ENSG00000267289,ENSG00000197961,ENSG00000238531,ENSG00000142444,ENSG00000238364,ENSG00000267607,ENSG00000196110,ENSG00000170923,ENSG00000187847,ENSG00000267106,ENSG00000224689,ENSG00000130812,ENSG00000225980,ENSG00000260112,ENSG00000274425,ENSG00000267105,ENSG00000079805,ENSG00000267534,ENSG00000221410,ENSG00000267612,ENSG00000167798,ENSG00000161847,ENSG00000278611,ENSG00000105376,ENSG00000080573,ENSG00000090339,ENSG00000170929,ENSG00000079999,ENSG00000267673,ENSG00000267100,ENSG00000129351,ENSG00000180739,ENSG00000130810,ENSG00000283108,ENSG00000127445,ENSG00000188314,ENSG00000196605,ENSG00000275640,ENSG00000226480,ENSG00000130813,ENSG00000271010,ENSG00000213339,ENSG00000161807,ENSG00000080511,ENSG00000267544,ENSG00000105401,ENSG00000200237,ENSG00000266950,ENSG00000174652,ENSG00000130818,ENSG00000267197,ENSG00000130803,ENSG00000129347,ENSG00000099203,ENSG00000267418,ENSG00000264266",ENSG00000105088,Liver eQTLs,train
20010518500092196-92196000003566,chr19,"19-33072069-G-A,19-33072085-A-G,19-33070644-TA-T","ENSG00000105186,ENSG00000076650,ENSG00000124299,ENSG00000245848,ENSG00000153879,ENSG00000166359,ENSG00000267130,ENSG00000131941,ENSG00000178904,ENSG00000267475,ENSG00000289378,ENSG00000267213,ENSG00000130881,ENSG00000021488,ENSG00000121289,ENSG00000213965,ENSG00000267296,ENSG00000201967,ENSG00000131944,ENSG00000168813,ENSG00000105185","ENSG00000270212,ENSG00000267475,ENSG00000105185,ENSG00000287526,ENSG00000249987,ENSG00000267611,ENSG00000240626,ENSG00000266899,ENSG00000286041,ENSG00000178904,ENSG00000121289,ENSG00000201967,ENSG00000213965,ENSG00000267213,ENSG00000153879,ENSG00000288790,ENSG00000267133,ENSG00000267296,ENSG00000267557,ENSG00000267054,ENSG00000267725,ENSG00000131941,ENSG00000245848,ENSG00000021488,ENSG00000239253,ENSG00000168813,ENSG00000267245,ENSG00000267130,ENSG00000239988,ENSG00000131944,ENSG00000267489,ENSG00000267204,ENSG00000243864,ENSG00000166359,ENSG00000130881,ENSG00000289378,ENSG00000200738,ENSG00000186326,ENSG00000201388,ENSG00000105186,ENSG00000266985,ENSG00000124299,ENSG00000076650,ENSG00000242436,ENSG00000232429",ENSG00000105185,Liver eQTLs,train
20010525100092196-92196000003662,chr19,"19-4268341-G-A,19-4266447-C-T,19-4263802-A-G,19-4268402-C-T,19-4269460-C-A,19-4264675-C-T,19-4268019-G-A,19-4265942-G-A,19-4259514-C-T,19-4264176-G-A,19-4268543-G-C,19-4252942-T-A,19-4257378-C-T,19-4272101-GA-G,19-4237425-A-T,19-4237716-G-A,19-4237955-C-T,19-4240129-C-T,19-4236996-G-A,19-4242458-C-T,19-4252580-G-A,19-4242505-T-C,19-4244586-C-T,19-4245528-C-T,19-4236388-G-A,19-4252392-G-A,19-4251367-T-C,19-4240046-G-T,19-4257482-T-G,19-4250991-A-G,19-4248119-T-G,19-4256247-A-C,19-4256241-A-T,19-4250577-G-A,19-4251069-T-C,19-4253578-C-A,19-4251431-C-A,19-4252294-TA-T,19-4252431-T-TA,19-4254375-C-T,19-4255010-G-A,19-4255304-T-G,19-4256919-G-T,19-4252205-T-TCA,19-4252322-G-T,19-4252659-C-T,19-4253005-AC-A,19-4253017-A-G,19-4253071-T-A,19-4253548-G-A,19-4254211-T-C,19-4254308-T-C,19-4254752-A-G,19-4255378-A-C,19-4256524-G-C,19-4256821-C-T,19-4256822-A-G,19-4257102-T-G,19-4257142-A-G,19-4257234-C-G,19-4247338-G-C,19-4249033-A-G,19-4237067-A-G,19-4254682-T-G,19-4255440-G-A,19-4255456-G-A,19-4255821-C-T,19-4273301-G-A,19-4273250-T-C","ENSG00000185361,ENSG00000161091,ENSG00000105248,ENSG00000205790,ENSG00000127663,ENSG00000007264,ENSG00000126934,ENSG00000105246,ENSG00000095932,ENSG00000268670,ENSG00000141985,ENSG00000267138,ENSG00000127666,ENSG00000171236,ENSG00000167670,ENSG00000089847,ENSG00000268536,ENSG00000178951,ENSG00000074842,ENSG00000167657,ENSG00000183397,ENSG00000167680,ENSG00000280103,ENSG00000105255,ENSG00000105229,ENSG00000186111,ENSG00000267769,ENSG00000179855,ENSG00000267980,ENSG00000167674,ENSG00000105251,ENSG00000176840,ENSG00000183617,ENSG00000205784,ENSG00000267205,ENSG00000214456,ENSG00000141905,ENSG00000287884,ENSG00000267011,ENSG00000226800,ENSG00000060566,ENSG00000064961,ENSG00000167676,ENSG00000167671,ENSG00000283928,ENSG00000280239,ENSG00000105325,ENSG00000276043,ENSG00000077463,ENSG00000105355,ENSG00000167658,ENSG00000129932,ENSG00000011132,ENSG00000142002,ENSG00000006638,ENSG00000077009,ENSG00000105298,ENSG00000141965,ENSG00000167664,ENSG00000105289,ENSG00000267030","ENSG00000142002,ENSG00000167680,ENSG00000167674,ENSG00000095932,ENSG00000161091,ENSG00000283928,ENSG00000268670,ENSG00000011132,ENSG00000266437,ENSG00000289254,ENSG00000284638,ENSG00000167671,ENSG00000074842,ENSG00000279590,ENSG00000266989,ENSG00000167664,ENSG00000205784,ENSG00000267011,ENSG00000007264,ENSG00000105298,ENSG00000267448,ENSG00000226800,ENSG00000205790,ENSG00000276043,ENSG00000267148,ENSG00000268536,ENSG00000206775,ENSG00000006638,ENSG00000267255,ENSG00000105251,ENSG00000077009,ENSG00000167658,ENSG00000267769,ENSG00000167657,ENSG00000183397,ENSG00000280239,ENSG00000263409,ENSG00000267980,ENSG00000267304,ENSG00000105255,ENSG00000105355,ENSG00000278007,ENSG00000171236,ENSG00000105289,ENSG00000105325,ENSG00000267408,ENSG00000267231,ENSG00000207630,ENSG00000266627,ENSG00000185361,ENSG00000167676,ENSG00000105248,ENSG00000267484,ENSG00000266959,ENSG00000126934,ENSG00000267030,ENSG00000176840,ENSG00000089847,ENSG00000179855,ENSG00000178951,ENSG00000129932,ENSG00000186111,ENSG00000105246,ENSG00000267138,ENSG00000267550,ENSG00000127666,ENSG00000252408,ENSG00000105229,ENSG00000173976,ENSG00000141965,ENSG00000287884,ENSG00000077463,ENSG00000127663,ENSG00000141985,ENSG00000214456,ENSG00000060566,ENSG00000183617,ENSG00000279599,ENSG00000141905,ENSG00000167670,ENSG00000280103,ENSG00000267205,ENSG00000064961",ENSG00000105251,Liver eQTLs,train
20010532900092196-92196000003650,chr19,"19-41790086-GTTATGGTA-G,19-41813375-T-C,19-41825191-C-T,19-41826020-A-C,19-41790199-GA-G,19-41790199-GA-G","ENSG00000277744,ENSG00000130612,ENSG00000105329,ENSG00000167601,ENSG00000197838,ENSG00000167578,ENSG00000268366,ENSG00000123815,ENSG00000105404,ENSG00000160570,ENSG00000086548,ENSG00000167565,ENSG00000237118,ENSG00000077312,ENSG00000105369,ENSG00000167625,ENSG00000261857,ENSG00000090013,ENSG00000007129,ENSG00000160460,ENSG00000086544,ENSG00000007306,ENSG00000279759,ENSG00000267107,ENSG00000090006,ENSG00000255974,ENSG00000105341,ENSG00000167600,ENSG00000248098,ENSG00000105223,ENSG00000105409,ENSG00000105388,ENSG00000233622,ENSG00000160396,ENSG00000197408,ENSG00000279108,ENSG00000105352,ENSG00000269858,ENSG00000256612,ENSG00000079432,ENSG00000105732,ENSG00000076928,ENSG00000268027,ENSG00000105227,ENSG00000177191,ENSG00000198077,ENSG00000269843,ENSG00000268041,ENSG00000028277,ENSG00000270164,ENSG00000105722,ENSG00000105323,ENSG00000105723,ENSG00000282951,ENSG00000123810,ENSG00000286177,ENSG00000105372,ENSG00000105245,ENSG00000077348,ENSG00000105737,ENSG00000160410,ENSG00000142046,ENSG00000197019,ENSG00000105221,ENSG00000188493,ENSG00000160392,ENSG00000170956,ENSG00000269353,ENSG00000279539","ENSG00000197019,ENSG00000279108,ENSG00000167625,ENSG00000105388,ENSG00000282951,ENSG00000267107,ENSG00000277533,ENSG00000255974,ENSG00000239736,ENSG00000123810,ENSG00000077348,ENSG00000237118,ENSG00000105227,ENSG00000286177,ENSG00000170956,ENSG00000198251,ENSG00000105404,ENSG00000160460,ENSG00000105245,ENSG00000123815,ENSG00000270164,ENSG00000268833,ENSG00000142046,ENSG00000269858,ENSG00000076928,ENSG00000269353,ENSG00000231561,ENSG00000090006,ENSG00000105223,ENSG00000253048,ENSG00000160396,ENSG00000167600,ENSG00000239868,ENSG00000167565,ENSG00000268041,ENSG00000105409,ENSG00000269119,ENSG00000280014,ENSG00000268366,ENSG00000278239,ENSG00000248098,ENSG00000105323,ENSG00000233622,ENSG00000268987,ENSG00000197446,ENSG00000105722,ENSG00000105737,ENSG00000188493,ENSG00000277744,ENSG00000167601,ENSG00000197838,ENSG00000086548,ENSG00000007129,ENSG00000221826,ENSG00000289115,ENSG00000204978,ENSG00000268997,ENSG00000090013,ENSG00000105369,ENSG00000279539,ENSG00000261857,ENSG00000276926,ENSG00000079432,ENSG00000230558,ENSG00000233681,ENSG00000279759,ENSG00000238092,ENSG00000105341,ENSG00000105732,ENSG00000264423,ENSG00000268101,ENSG00000028277,ENSG00000105329,ENSG00000243167,ENSG00000086544,ENSG00000268027,ENSG00000198077,ENSG00000277136,ENSG00000269354,ENSG00000177191,ENSG00000268529,ENSG00000197408,ENSG00000271299,ENSG00000268355,ENSG00000160410,ENSG00000268582,ENSG00000160392,ENSG00000007306,ENSG00000105352,ENSG00000256612,ENSG00000105221,ENSG00000105372,ENSG00000167578,ENSG00000269652,ENSG00000160570,ENSG00000266226,ENSG00000269843,ENSG00000224476,ENSG00000130612,ENSG00000077312,ENSG00000105723",ENSG00000105329,Liver eQTLs,train
20010549700092196-92196000003771,chr19,"19-52074366-T-G,19-52058654-A-T,19-52059152-G-A,19-52071567-T-C,19-52074537-A-G,19-52064477-A-G,19-52067182-C-CT,19-52073911-T-C,19-52076481-C-A,19-52075622-G-A,19-52078355-C-A,19-52074761-A-G,19-52076133-T-C,19-52076960-T-C,19-52077069-G-A,19-52079407-T-G,19-52066582-T-C","ENSG00000256087,ENSG00000269834,ENSG00000105509,ENSG00000269681,ENSG00000256683,ENSG00000142556,ENSG00000168995,ENSG00000180279,ENSG00000197619,ENSG00000171101,ENSG00000196214,ENSG00000198482,ENSG00000142512,ENSG00000167751,ENSG00000171051,ENSG00000269072,ENSG00000269235,ENSG00000254415,ENSG00000167747,ENSG00000105379,ENSG00000198464,ENSG00000268500,ENSG00000275055,ENSG00000254521,ENSG00000167748,ENSG00000221923,ENSG00000142544,ENSG00000269388,ENSG00000186806,ENSG00000289102,ENSG00000268520,ENSG00000167554,ENSG00000167555,ENSG00000129437,ENSG00000105383,ENSG00000105366,ENSG00000176024,ENSG00000142515,ENSG00000167562,ENSG00000142549,ENSG00000105568,ENSG00000105492,ENSG00000105497,ENSG00000187474,ENSG00000198093,ENSG00000182310,ENSG00000105374,ENSG00000283236,ENSG00000167757,ENSG00000160318,ENSG00000289037,ENSG00000268849,ENSG00000260160,ENSG00000161551,ENSG00000171049,ENSG00000204611,ENSG00000197608,ENSG00000129451,ENSG00000129450,ENSG00000105472,ENSG00000267895","ENSG00000269021,ENSG00000142544,ENSG00000105568,ENSG00000269181,ENSG00000142512,ENSG00000161551,ENSG00000171101,ENSG00000176024,ENSG00000268282,ENSG00000268336,ENSG00000243469,ENSG00000269072,ENSG00000269834,ENSG00000268144,ENSG00000269681,ENSG00000198464,ENSG00000198093,ENSG00000142549,ENSG00000268839,ENSG00000289037,ENSG00000196214,ENSG00000260160,ENSG00000167757,ENSG00000129450,ENSG00000268458,ENSG00000270248,ENSG00000268520,ENSG00000254415,ENSG00000278617,ENSG00000268095,ENSG00000268652,ENSG00000267905,ENSG00000207265,ENSG00000204611,ENSG00000244071,ENSG00000142515,ENSG00000277562,ENSG00000256683,ENSG00000182310,ENSG00000167748,ENSG00000268318,ENSG00000187474,ENSG00000269235,ENSG00000186806,ENSG00000269253,ENSG00000105497,ENSG00000268595,ENSG00000105366,ENSG00000269580,ENSG00000254521,ENSG00000207550,ENSG00000274380,ENSG00000105374,ENSG00000180279,ENSG00000268015,ENSG00000283695,ENSG00000267984,ENSG00000105501,ENSG00000168995,ENSG00000268957,ENSG00000268500,ENSG00000269388,ENSG00000105383,ENSG00000167554,ENSG00000268581,ENSG00000179213,ENSG00000289102,ENSG00000267927,ENSG00000283236,ENSG00000171049,ENSG00000269130,ENSG00000167555,ENSG00000267990,ENSG00000208002,ENSG00000167751,ENSG00000256087,ENSG00000286236,ENSG00000268267,ENSG00000267895,ENSG00000105492,ENSG00000167562,ENSG00000278543,ENSG00000221923,ENSG00000277977,ENSG00000105472,ENSG00000167747,ENSG00000142556,ENSG00000213822,ENSG00000105509,ENSG00000275055,ENSG00000268849,ENSG00000171051,ENSG00000268711,ENSG00000105379,ENSG00000268889,ENSG00000129437,ENSG00000129451,ENSG00000255875,ENSG00000269526,ENSG00000198482,ENSG00000268886,ENSG00000268964,ENSG00000268777,ENSG00000197619,ENSG00000283285,ENSG00000269776,ENSG00000105370,ENSG00000267943,ENSG00000197608,ENSG00000160318",ENSG00000105497,Liver eQTLs,train
20010567200092196-92196000003593,chr19,19-36135279-C-CT,"ENSG00000181007,ENSG00000179066,ENSG00000167604,ENSG00000267049,ENSG00000075702,ENSG00000161298,ENSG00000279504,ENSG00000268947,ENSG00000270760,ENSG00000233214,ENSG00000126264,ENSG00000280194,ENSG00000105290,ENSG00000105707,ENSG00000239382,ENSG00000280106,ENSG00000105698,ENSG00000186020,ENSG00000197841,ENSG00000188508,ENSG00000105270,ENSG00000126254,ENSG00000142065,ENSG00000105672,ENSG00000271366,ENSG00000126247,ENSG00000189001,ENSG00000105695,ENSG00000126243,ENSG00000011600,ENSG00000168661,ENSG00000161265,ENSG00000267439,ENSG00000161281,ENSG00000180884,ENSG00000105254,ENSG00000267309,ENSG00000153896,ENSG00000267053,ENSG00000266964,ENSG00000126246,ENSG00000167635,ENSG00000221946,ENSG00000267796,ENSG00000105711,ENSG00000272333,ENSG00000233527,ENSG00000105675,ENSG00000011590,ENSG00000089356,ENSG00000279329,ENSG00000161249,ENSG00000271109,ENSG00000271032,ENSG00000181392,ENSG00000279619,ENSG00000089351,ENSG00000153902,ENSG00000205138,ENSG00000250799,ENSG00000270876,ENSG00000254004,ENSG00000105258,ENSG00000089335,ENSG00000205155,ENSG00000089327,ENSG00000126262,ENSG00000267698,ENSG00000225872,ENSG00000105668,ENSG00000126267,ENSG00000196357,ENSG00000249115,ENSG00000266973,ENSG00000205209,ENSG00000105697,ENSG00000232677,ENSG00000105699,ENSG00000105677,ENSG00000227392,ENSG00000274104,ENSG00000186017,ENSG00000161277,ENSG00000012124,ENSG00000236144","ENSG00000012124,ENSG00000280023,ENSG00000126264,ENSG00000105270,ENSG00000181392,ENSG00000267005,ENSG00000126247,ENSG00000284034,ENSG00000186020,ENSG00000196357,ENSG00000126262,ENSG00000233214,ENSG00000267796,ENSG00000283758,ENSG00000226510,ENSG00000167635,ENSG00000205155,ENSG00000267786,ENSG00000267113,ENSG00000243968,ENSG00000225872,ENSG00000279619,ENSG00000267698,ENSG00000232677,ENSG00000268947,ENSG00000227392,ENSG00000105679,ENSG00000228629,ENSG00000105290,ENSG00000279504,ENSG00000269553,ENSG00000271366,ENSG00000011590,ENSG00000126243,ENSG00000105258,ENSG00000105677,ENSG00000142065,ENSG00000181007,ENSG00000267053,ENSG00000186017,ENSG00000126267,ENSG00000161277,ENSG00000105254,ENSG00000270876,ENSG00000205209,ENSG00000179066,ENSG00000205138,ENSG00000221946,ENSG00000167604,ENSG00000197841,ENSG00000280194,ENSG00000105697,ENSG00000272333,ENSG00000011600,ENSG00000254004,ENSG00000250799,ENSG00000270760,ENSG00000288731,ENSG00000089351,ENSG00000267190,ENSG00000266964,ENSG00000274104,ENSG00000239382,ENSG00000267672,ENSG00000206669,ENSG00000188508,ENSG00000266973,ENSG00000105695,ENSG00000168661,ENSG00000267142,ENSG00000267439,ENSG00000243297,ENSG00000233527,ENSG00000105699,ENSG00000200179,ENSG00000289246,ENSG00000236144,ENSG00000105711,ENSG00000189001,ENSG00000185897,ENSG00000161281,ENSG00000267091,ENSG00000267353,ENSG00000267309,ENSG00000267626,ENSG00000161265,ENSG00000105698,ENSG00000153902,ENSG00000271032,ENSG00000161249,ENSG00000089327,ENSG00000126246,ENSG00000105675,ENSG00000249115,ENSG00000280106,ENSG00000089356,ENSG00000267345,ENSG00000126254,ENSG00000161298,ENSG00000267260,ENSG00000180884,ENSG00000271109,ENSG00000275547,ENSG00000264400,ENSG00000267049,ENSG00000089335,ENSG00000224910,ENSG00000075702,ENSG00000153896,ENSG00000105707,ENSG00000279329,ENSG00000105672,ENSG00000126266,ENSG00000105668,ENSG00000126251",ENSG00000105672,Liver eQTLs,train
20010567700092196-92196000003591,chr19,"19-36038390-A-G,19-36043097-T-C,19-36045635-T-TGTAG,19-36029852-T-C,19-36030507-T-C,19-36032301-A-G,19-36019522-T-C,19-36044524-G-A,19-36021193-A-G,19-36024925-G-C,19-36045403-T-C,19-36045772-A-G,19-36046888-C-CTGACAT","ENSG00000274104,ENSG00000012124,ENSG00000279619,ENSG00000105254,ENSG00000271049,ENSG00000181007,ENSG00000126262,ENSG00000105711,ENSG00000167635,ENSG00000126264,ENSG00000250799,ENSG00000270876,ENSG00000279329,ENSG00000270760,ENSG00000271032,ENSG00000126243,ENSG00000266973,ENSG00000011590,ENSG00000126247,ENSG00000126246,ENSG00000249115,ENSG00000266964,ENSG00000205138,ENSG00000279504,ENSG00000105675,ENSG00000197841,ENSG00000075702,ENSG00000221946,ENSG00000011600,ENSG00000105270,ENSG00000161249,ENSG00000254004,ENSG00000267796,ENSG00000089327,ENSG00000105677,ENSG00000272333,ENSG00000105672,ENSG00000181392,ENSG00000267439,ENSG00000180884,ENSG00000004777,ENSG00000153896,ENSG00000188508,ENSG00000271109,ENSG00000225872,ENSG00000161265,ENSG00000105698,ENSG00000161277,ENSG00000179066,ENSG00000205155,ENSG00000236144,ENSG00000142065,ENSG00000168661,ENSG00000186017,ENSG00000280194,ENSG00000189001,ENSG00000267049,ENSG00000271366,ENSG00000105695,ENSG00000205209,ENSG00000105707,ENSG00000105290,ENSG00000126267,ENSG00000280106,ENSG00000196357,ENSG00000153902,ENSG00000268751,ENSG00000268947,ENSG00000105258,ENSG00000004776,ENSG00000267053,ENSG00000105668,ENSG00000126254,ENSG00000089335,ENSG00000239382,ENSG00000167604,ENSG00000089351,ENSG00000089356,ENSG00000105697,ENSG00000105699,ENSG00000233214,ENSG00000232677,ENSG00000167595,ENSG00000267309,ENSG00000161281,ENSG00000227392,ENSG00000267698","ENSG00000267786,ENSG00000105697,ENSG00000264400,ENSG00000126262,ENSG00000249115,ENSG00000250799,ENSG00000233214,ENSG00000105258,ENSG00000075702,ENSG00000105707,ENSG00000089351,ENSG00000181392,ENSG00000280106,ENSG00000004776,ENSG00000267309,ENSG00000105270,ENSG00000179066,ENSG00000243297,ENSG00000280023,ENSG00000254004,ENSG00000267005,ENSG00000236144,ENSG00000167604,ENSG00000267091,ENSG00000224910,ENSG00000239382,ENSG00000206669,ENSG00000188508,ENSG00000142065,ENSG00000167635,ENSG00000186017,ENSG00000243968,ENSG00000268947,ENSG00000270876,ENSG00000180884,ENSG00000089335,ENSG00000270760,ENSG00000288731,ENSG00000105698,ENSG00000227392,ENSG00000267053,ENSG00000185897,ENSG00000267113,ENSG00000268751,ENSG00000267142,ENSG00000153902,ENSG00000267698,ENSG00000011600,ENSG00000167595,ENSG00000105695,ENSG00000267626,ENSG00000275547,ENSG00000126246,ENSG00000225872,ENSG00000266973,ENSG00000283758,ENSG00000267439,ENSG00000153896,ENSG00000161249,ENSG00000105675,ENSG00000105711,ENSG00000126267,ENSG00000266964,ENSG00000279329,ENSG00000279504,ENSG00000168661,ENSG00000189001,ENSG00000274104,ENSG00000126247,ENSG00000269553,ENSG00000004777,ENSG00000161277,ENSG00000205209,ENSG00000267796,ENSG00000105679,ENSG00000089327,ENSG00000105254,ENSG00000126264,ENSG00000221946,ENSG00000197841,ENSG00000271032,ENSG00000267260,ENSG00000011590,ENSG00000012124,ENSG00000126254,ENSG00000279619,ENSG00000205138,ENSG00000161265,ENSG00000196357,ENSG00000226510,ENSG00000272333,ENSG00000200179,ENSG00000105699,ENSG00000126266,ENSG00000089356,ENSG00000289246,ENSG00000271049,ENSG00000271109,ENSG00000105668,ENSG00000161281,ENSG00000181007,ENSG00000205155,ENSG00000280194,ENSG00000267049,ENSG00000126243,ENSG00000232677,ENSG00000105677,ENSG00000267190,ENSG00000228629,ENSG00000267353,ENSG00000105672,ENSG00000126251,ENSG00000271366,ENSG00000105290,ENSG00000284034",ENSG00000105677,Liver eQTLs,train
20010569500092196-92196000003589,chr19,19-35800662-G-T,"ENSG00000089327,ENSG00000004776,ENSG00000280106,ENSG00000205155,ENSG00000270876,ENSG00000161265,ENSG00000205209,ENSG00000271049,ENSG00000270760,ENSG00000011590,ENSG00000280194,ENSG00000268947,ENSG00000126254,ENSG00000105254,ENSG00000126247,ENSG00000167595,ENSG00000239382,ENSG00000167604,ENSG00000167635,ENSG00000196357,ENSG00000266964,ENSG00000105695,ENSG00000153896,ENSG00000225872,ENSG00000105698,ENSG00000189001,ENSG00000142279,ENSG00000126243,ENSG00000161277,ENSG00000268751,ENSG00000089351,ENSG00000267053,ENSG00000267698,ENSG00000105220,ENSG00000126264,ENSG00000105668,ENSG00000188508,ENSG00000011600,ENSG00000250799,ENSG00000105672,ENSG00000221946,ENSG00000161249,ENSG00000279329,ENSG00000267796,ENSG00000271032,ENSG00000105711,ENSG00000161281,ENSG00000105290,ENSG00000089335,ENSG00000168661,ENSG00000105707,ENSG00000267439,ENSG00000236144,ENSG00000181392,ENSG00000105675,ENSG00000272333,ENSG00000267219,ENSG00000249115,ENSG00000105270,ENSG00000105697,ENSG00000279504,ENSG00000227392,ENSG00000197841,ENSG00000004777,ENSG00000205138,ENSG00000271366,ENSG00000233214,ENSG00000075702,ENSG00000126267,ENSG00000126261,ENSG00000179066,ENSG00000180884,ENSG00000105258,ENSG00000126249,ENSG00000105677,ENSG00000105699,ENSG00000279619,ENSG00000126262,ENSG00000267049,ENSG00000274104,ENSG00000126246,ENSG00000271109,ENSG00000153902","ENSG00000105679,ENSG00000271366,ENSG00000105668,ENSG00000267049,ENSG00000233214,ENSG00000161265,ENSG00000126246,ENSG00000105711,ENSG00000105254,ENSG00000224910,ENSG00000236144,ENSG00000105707,ENSG00000075702,ENSG00000089351,ENSG00000269037,ENSG00000205155,ENSG00000267190,ENSG00000283758,ENSG00000250799,ENSG00000189001,ENSG00000126251,ENSG00000105270,ENSG00000228629,ENSG00000105220,ENSG00000271171,ENSG00000185897,ENSG00000188508,ENSG00000280194,ENSG00000280106,ENSG00000196357,ENSG00000288731,ENSG00000089327,ENSG00000126249,ENSG00000270760,ENSG00000105672,ENSG00000267005,ENSG00000105290,ENSG00000267219,ENSG00000289246,ENSG00000004776,ENSG00000153902,ENSG00000126243,ENSG00000267439,ENSG00000271109,ENSG00000161281,ENSG00000105258,ENSG00000180884,ENSG00000221946,ENSG00000205138,ENSG00000266964,ENSG00000267796,ENSG00000105695,ENSG00000279504,ENSG00000269553,ENSG00000267353,ENSG00000280023,ENSG00000153896,ENSG00000011600,ENSG00000272333,ENSG00000105697,ENSG00000142279,ENSG00000267113,ENSG00000126261,ENSG00000264400,ENSG00000267260,ENSG00000161249,ENSG00000126262,ENSG00000167595,ENSG00000105675,ENSG00000197841,ENSG00000126254,ENSG00000271049,ENSG00000271032,ENSG00000267091,ENSG00000126264,ENSG00000279619,ENSG00000279329,ENSG00000011590,ENSG00000105698,ENSG00000089335,ENSG00000004777,ENSG00000274104,ENSG00000126266,ENSG00000270876,ENSG00000126247,ENSG00000267053,ENSG00000225872,ENSG00000270624,ENSG00000284034,ENSG00000269303,ENSG00000179066,ENSG00000167604,ENSG00000268947,ENSG00000227392,ENSG00000126267,ENSG00000239382,ENSG00000267626,ENSG00000161277,ENSG00000267698,ENSG00000205209,ENSG00000267786,ENSG00000167635,ENSG00000271666,ENSG00000181392,ENSG00000243968,ENSG00000226510,ENSG00000267142,ENSG00000168661,ENSG00000249115,ENSG00000105677,ENSG00000268751,ENSG00000105699,ENSG00000200179",ENSG00000105695,Liver eQTLs,train
20010573700092196-92196000003660,chr19,"19-42506044-C-G,19-42517524-T-G,19-42504505-G-A,19-42512281-C-T,19-42535234-A-G,19-42558629-G-A,19-42556501-C-T,19-42562481-C-T,19-42515669-C-T,19-42500373-A-G,19-42550432-G-A,19-42561438-T-C,19-42563142-T-C,19-42543452-C-A,19-42544877-G-A,19-42570571-A-C,19-42542466-A-C,19-42588999-G-A,19-42576952-G-C,19-42587193-AAAAC-A,19-42593716-A-G,19-42606369-T-C,19-42671935-G-T,19-42670309-C-T,19-42673597-C-T,19-42670527-T-C,19-42670633-A-G,19-42671478-C-T,19-42675725-A-G,19-42635623-C-T,19-42594894-T-G,19-42678270-G-A,19-42672760-C-T,19-42673812-C-T,19-42674150-G-A,19-42676916-A-G,19-42677807-C-T,19-42489516-A-C,19-42606037-G-A,19-42639971-C-T,19-42650466-C-T,19-42650753-G-A,19-42667036-C-T,19-42660912-G-GC,19-42654905-A-T,19-42637232-T-C,19-42638270-C-T,19-42651599-T-G,19-42651600-C-T,19-42651872-A-G,19-42656257-T-C,19-42658845-C-G,19-42660021-T-C,19-42660093-G-A,19-42660804-A-G,19-42661142-T-C,19-42661320-A-C,19-42661538-A-G,19-42661915-C-G,19-42661978-C-G,19-42662038-C-T,19-42665148-T-C,19-42667014-A-G,19-42658128-T-C,19-42638310-T-A,19-42638486-A-G,19-42639946-G-A,19-42640658-CAA-C,19-42644640-T-C,19-42644685-C-T,19-42645537-C-T,19-42655400-C-T,19-42663057-AAACTGC-A,19-42664732-G-A,19-42656347-T-C","ENSG00000123810,ENSG00000268041,ENSG00000167600,ENSG00000177191,ENSG00000167619,ENSG00000142046,ENSG00000105372,ENSG00000079462,ENSG00000007129,ENSG00000086548,ENSG00000077348,ENSG00000105427,ENSG00000105388,ENSG00000268027,ENSG00000105404,ENSG00000105722,ENSG00000142039,ENSG00000270164,ENSG00000279539,ENSG00000105323,ENSG00000170956,ENSG00000267107,ENSG00000028277,ENSG00000197838,ENSG00000079385,ENSG00000105341,ENSG00000105732,ENSG00000105723,ENSG00000105429,ENSG00000160570,ENSG00000248098,ENSG00000286177,ENSG00000277744,ENSG00000007306,ENSG00000105369,ENSG00000188368,ENSG00000167601,ENSG00000079432,ENSG00000105329,ENSG00000269374,ENSG00000105737,ENSG00000079435,ENSG00000105409,ENSG00000189377,ENSG00000076928,ENSG00000124469,ENSG00000105352,ENSG00000167625","ENSG00000131126,ENSG00000278239,ENSG00000105732,ENSG00000077348,ENSG00000269374,ENSG00000268027,ENSG00000167600,ENSG00000086548,ENSG00000242221,ENSG00000268997,ENSG00000105409,ENSG00000267107,ENSG00000236932,ENSG00000007129,ENSG00000268833,ENSG00000233681,ENSG00000105737,ENSG00000167619,ENSG00000123810,ENSG00000124469,ENSG00000239736,ENSG00000189377,ENSG00000079435,ENSG00000204941,ENSG00000248098,ENSG00000276926,ENSG00000105323,ENSG00000248257,ENSG00000105404,ENSG00000204933,ENSG00000236123,ENSG00000105427,ENSG00000231924,ENSG00000170956,ENSG00000243130,ENSG00000079385,ENSG00000007306,ENSG00000266226,ENSG00000269354,ENSG00000105388,ENSG00000272396,ENSG00000079462,ENSG00000183668,ENSG00000105369,ENSG00000105722,ENSG00000105352,ENSG00000197838,ENSG00000221826,ENSG00000105329,ENSG00000231561,ENSG00000142039,ENSG00000282943,ENSG00000105341,ENSG00000105723,ENSG00000268041,ENSG00000268355,ENSG00000079432,ENSG00000076928,ENSG00000270164,ENSG00000289115,ENSG00000221878,ENSG00000230529,ENSG00000268582,ENSG00000253048,ENSG00000167625,ENSG00000243167,ENSG00000243137,ENSG00000028277,ENSG00000241104,ENSG00000160570,ENSG00000277533,ENSG00000105429,ENSG00000227349,ENSG00000269119,ENSG00000230558,ENSG00000170848,ENSG00000142046,ENSG00000225877,ENSG00000124467,ENSG00000230681,ENSG00000188368,ENSG00000167601,ENSG00000286177,ENSG00000105372,ENSG00000238092,ENSG00000177191,ENSG00000227606,ENSG00000279539,ENSG00000280014,ENSG00000277744",ENSG00000105737,Liver eQTLs,train
20010575500092196-92196000003668,chr19,"19-44035158-C-T,19-44029744-T-G,19-44033545-A-G,19-44021274-C-A,19-44021773-A-G,19-44022663-C-T,19-44025434-G-A,19-44014530-C-T,19-44016566-A-T,19-44017703-C-T,19-44019772-A-G,19-44022669-C-T,19-44026922-A-G,19-44028295-C-T,19-44031324-C-T,19-44031552-CAG-C,19-44021649-G-A,19-44022089-A-G,19-44023155-T-A,19-44033594-T-TA,19-44023153-T-G,19-44025833-AAAAG-A,19-44022165-CA-C,19-44021451-C-G,19-44019419-A-T,19-43995146-G-A,19-43995957-T-C,19-44005876-CCAAA-C,19-44007496-C-T,19-44007627-G-C,19-44007786-G-T,19-44008489-G-A,19-44008528-C-T,19-44009364-C-T,19-44011568-C-T,19-44008370-C-T,19-43979015-C-T,19-43985711-G-A,19-43985830-C-T,19-43981229-T-C,19-44005463-G-A,19-44077389-A-G,19-44072003-T-C,19-44074996-CT-C,19-44076164-A-T,19-44077260-A-T,19-44072176-A-G,19-44006609-CT-C,19-44006609-CT-C,19-44070186-A-G,19-44074597-T-G,19-44067674-T-C,19-44081288-A-G,19-44081499-A-G,19-43969083-T-C,19-44049531-G-C,19-43960114-A-C","ENSG00000105755,ENSG00000124444,ENSG00000278917,ENSG00000159915,ENSG00000267680,ENSG00000204920,ENSG00000286613,ENSG00000167637,ENSG00000124459,ENSG00000159885,ENSG00000267191,ENSG00000273777,ENSG00000073050,ENSG00000167378,ENSG00000167380,ENSG00000256294,ENSG00000289428,ENSG00000105767,ENSG00000178386,ENSG00000159917,ENSG00000131116,ENSG00000176472,ENSG00000277806,ENSG00000176222,ENSG00000226763,ENSG00000270679,ENSG00000266921,ENSG00000011422,ENSG00000159882,ENSG00000231412,ENSG00000186026,ENSG00000267058,ENSG00000124469,ENSG00000131115,ENSG00000186019,ENSG00000159905,ENSG00000176531,ENSG00000105771,ENSG00000124466,ENSG00000104783,ENSG00000234465,ENSG00000263002,ENSG00000062370,ENSG00000279103,ENSG00000278318,ENSG00000167384,ENSG00000079385,ENSG00000204936,ENSG00000267508","ENSG00000230681,ENSG00000272396,ENSG00000167380,ENSG00000278318,ENSG00000234465,ENSG00000267058,ENSG00000267508,ENSG00000278917,ENSG00000062370,ENSG00000279103,ENSG00000243137,ENSG00000267144,ENSG00000204920,ENSG00000230529,ENSG00000253021,ENSG00000186019,ENSG00000267614,ENSG00000124469,ENSG00000176472,ENSG00000263002,ENSG00000267191,ENSG00000159917,ENSG00000287035,ENSG00000267680,ENSG00000273777,ENSG00000204936,ENSG00000167384,ENSG00000224366,ENSG00000236932,ENSG00000131115,ENSG00000269177,ENSG00000176222,ENSG00000176531,ENSG00000079385,ENSG00000105767,ENSG00000131116,ENSG00000269583,ENSG00000186026,ENSG00000159885,ENSG00000226763,ENSG00000105755,ENSG00000283673,ENSG00000231412,ENSG00000268601,ENSG00000227606,ENSG00000104783,ENSG00000131126,ENSG00000159915,ENSG00000073050,ENSG00000159905,ENSG00000204941,ENSG00000270679,ENSG00000252200,ENSG00000242221,ENSG00000011422,ENSG00000256294,ENSG00000236807,ENSG00000283525,ENSG00000159882,ENSG00000277806,ENSG00000124444,ENSG00000167378,ENSG00000284258,ENSG00000183668,ENSG00000289428,ENSG00000239948,ENSG00000124466,ENSG00000286613,ENSG00000167637,ENSG00000253027,ENSG00000241104,ENSG00000236123,ENSG00000266921,ENSG00000267590,ENSG00000105771,ENSG00000124459,ENSG00000204933,ENSG00000178386",ENSG00000105755,Liver eQTLs,train
20010587700092196-92196000006656,chr7,"7-21613842-G-A,7-21605482-C-G,7-21607352-T-C,7-21596006-G-A,7-21603601-G-A,7-21595043-C-A,7-21602091-A-G,7-21601065-TA-T,7-21600902-A-G,7-21605973-A-G,7-21607283-C-G,7-21611187-G-C,7-21611399-G-C,7-21611970-T-G,7-21603678-A-G,7-21600154-T-C,7-21604916-C-G,7-21599807-A-C,7-21601659-G-GCTCT,7-21597487-A-C,7-21598254-T-C,7-21598753-G-C","ENSG00000105866,ENSG00000219451,ENSG00000164649,ENSG00000233476,ENSG00000136237,ENSG00000105877,ENSG00000232759,ENSG00000225308","ENSG00000232949,ENSG00000232790,ENSG00000225308,ENSG00000251993,ENSG00000234839,ENSG00000233476,ENSG00000232759,ENSG00000164649,ENSG00000136237,ENSG00000195024,ENSG00000243633,ENSG00000223866,ENSG00000221783,ENSG00000164651,ENSG00000229949,ENSG00000285592,ENSG00000105877,ENSG00000219451,ENSG00000105866",ENSG00000105877,Liver eQTLs,train
20010604900092196-92196000006681,chr7,"7-27917884-T-C,7-27918415-T-C,7-27925158-C-T","ENSG00000146592,ENSG00000106052,ENSG00000253552,ENSG00000153814,ENSG00000005020,ENSG00000233830,ENSG00000105991,ENSG00000286478,ENSG00000106004,ENSG00000197576,ENSG00000106049,ENSG00000105996,ENSG00000233429,ENSG00000105997","ENSG00000279655,ENSG00000270182,ENSG00000146592,ENSG00000206623,ENSG00000279429,ENSG00000233429,ENSG00000253308,ENSG00000174495,ENSG00000253405,ENSG00000106052,ENSG00000287489,ENSG00000105996,ENSG00000213786,ENSG00000253552,ENSG00000236569,ENSG00000214869,ENSG00000254369,ENSG00000106006,ENSG00000005020,ENSG00000197576,ENSG00000253508,ENSG00000213783,ENSG00000105991,ENSG00000224322,ENSG00000106038,ENSG00000226059,ENSG00000213781,ENSG00000106031,ENSG00000153814,ENSG00000229893,ENSG00000286478,ENSG00000213787,ENSG00000253187,ENSG00000225286,ENSG00000122592,ENSG00000240990,ENSG00000243766,ENSG00000286323,ENSG00000106004,ENSG00000106049,ENSG00000105997,ENSG00000005073,ENSG00000233830",ENSG00000106049,Liver eQTLs,train
20010612500092196-92196000006694,chr7,"7-30795331-A-G,7-30800886-G-C,7-30801439-T-C,7-30803516-A-G","ENSG00000122574,ENSG00000106125,ENSG00000106100,ENSG00000180354,ENSG00000226874,ENSG00000263683,ENSG00000006625,ENSG00000235859,ENSG00000106105,ENSG00000196295,ENSG00000281404,ENSG00000106080,ENSG00000180233,ENSG00000241644,ENSG00000240583,ENSG00000078549,ENSG00000106128,ENSG00000136193,ENSG00000244480,ENSG00000106086","ENSG00000227017,ENSG00000106341,ENSG00000286847,ENSG00000006625,ENSG00000241644,ENSG00000106125,ENSG00000106128,ENSG00000271027,ENSG00000106105,ENSG00000122574,ENSG00000226874,ENSG00000286487,ENSG00000235859,ENSG00000136193,ENSG00000238906,ENSG00000240583,ENSG00000263683,ENSG00000106086,ENSG00000106080,ENSG00000180354,ENSG00000232887,ENSG00000229263,ENSG00000180347,ENSG00000281404,ENSG00000106100,ENSG00000164600,ENSG00000225907,ENSG00000180233,ENSG00000231519,ENSG00000230751,ENSG00000244480,ENSG00000078549,ENSG00000223419,ENSG00000231418,ENSG00000283618,ENSG00000196295",ENSG00000106125,Liver eQTLs,train
20010613300092196-92196000006812,chr7,"7-72668712-G-A,7-72660173-C-G,7-72693797-C-T","ENSG00000182487,ENSG00000155428,ENSG00000175877,ENSG00000071462,ENSG00000176428,ENSG00000106682,ENSG00000174384,ENSG00000233369,ENSG00000106635,ENSG00000189143,ENSG00000165215,ENSG00000165171,ENSG00000205578,ENSG00000106638,ENSG00000176410,ENSG00000188763,ENSG00000225648,ENSG00000086730,ENSG00000009954,ENSG00000146755,ENSG00000106133,ENSG00000274080,ENSG00000272843,ENSG00000106683,ENSG00000049541,ENSG00000214544,ENSG00000106077,ENSG00000285886,ENSG00000232415,ENSG00000049540,ENSG00000009950,ENSG00000130305,ENSG00000174353,ENSG00000183166,ENSG00000106089","ENSG00000106077,ENSG00000049541,ENSG00000106635,ENSG00000176428,ENSG00000233523,ENSG00000214544,ENSG00000146755,ENSG00000175877,ENSG00000155428,ENSG00000273520,ENSG00000273927,ENSG00000106683,ENSG00000225005,ENSG00000270555,ENSG00000106638,ENSG00000201014,ENSG00000086730,ENSG00000264494,ENSG00000273897,ENSG00000274984,ENSG00000165171,ENSG00000228769,ENSG00000176410,ENSG00000106682,ENSG00000274656,ENSG00000071462,ENSG00000199913,ENSG00000201282,ENSG00000270694,ENSG00000266569,ENSG00000206709,ENSG00000252713,ENSG00000275976,ENSG00000188763,ENSG00000165215,ENSG00000274080,ENSG00000205584,ENSG00000202035,ENSG00000233369,ENSG00000285886,ENSG00000189143,ENSG00000106133,ENSG00000179994,ENSG00000009950,ENSG00000106089,ENSG00000262461,ENSG00000225648,ENSG00000235581,ENSG00000272843,ENSG00000183166,ENSG00000182487,ENSG00000232415,ENSG00000009954,ENSG00000049540,ENSG00000174353,ENSG00000174384,ENSG00000205578,ENSG00000199940,ENSG00000276178,ENSG00000130305",ENSG00000106133,Liver eQTLs,train
20010632700092196-92196000006477,chr7,"7-100235970-C-A,7-100236202-G-A,7-100240296-A-G,7-100221849-C-T,7-100222162-GA-G,7-100226665-C-T,7-100236380-TA-T,7-100224636-C-CTG,7-100220593-CCAAA-C,7-100220593-CCAAA-C,7-100222682-CT-C","ENSG00000066923,ENSG00000197093,ENSG00000106367,ENSG00000077454,ENSG00000146833,ENSG00000278683,ENSG00000185955,ENSG00000224729,ENSG00000106261,ENSG00000087077,ENSG00000221838,ENSG00000146839,ENSG00000166925,ENSG00000078319,ENSG00000146834,ENSG00000168090,ENSG00000214313,ENSG00000106258,ENSG00000188186,ENSG00000087087,ENSG00000166529,ENSG00000078487,ENSG00000021461,ENSG00000176402,ENSG00000106397,ENSG00000121716,ENSG00000160813,ENSG00000166997,ENSG00000106404,ENSG00000273407,ENSG00000274993,ENSG00000160862,ENSG00000146830,ENSG00000196411,ENSG00000128581,ENSG00000288976,ENSG00000184414,ENSG00000213420,ENSG00000235713,ENSG00000172336,ENSG00000214252,ENSG00000106351,ENSG00000172354,ENSG00000106400,ENSG00000106336,ENSG00000205307,ENSG00000160870,ENSG00000166508,ENSG00000214309,ENSG00000213413,ENSG00000106330,ENSG00000214253,ENSG00000239521,ENSG00000166526,ENSG00000169871,ENSG00000232445,ENSG00000106366,ENSG00000282301,ENSG00000166924,ENSG00000160963,ENSG00000169894,ENSG00000214142,ENSG00000146826,ENSG00000214300,ENSG00000176125,ENSG00000085514,ENSG00000146828,ENSG00000286923,ENSG00000106333,ENSG00000087085,ENSG00000106290,ENSG00000106384,ENSG00000242294,ENSG00000160868,ENSG00000235077,ENSG00000130427,ENSG00000106327","ENSG00000263672,ENSG00000282301,ENSG00000241357,ENSG00000160963,ENSG00000185955,ENSG00000232445,ENSG00000106261,ENSG00000166508,ENSG00000146834,ENSG00000146826,ENSG00000235926,ENSG00000278683,ENSG00000160870,ENSG00000106351,ENSG00000146828,ENSG00000066923,ENSG00000224729,ENSG00000160868,ENSG00000106384,ENSG00000106258,ENSG00000282277,ENSG00000087077,ENSG00000242294,ENSG00000260524,ENSG00000214252,ENSG00000288976,ENSG00000166925,ENSG00000196411,ENSG00000208036,ENSG00000106330,ENSG00000273407,ENSG00000106336,ENSG00000264425,ENSG00000176402,ENSG00000077454,ENSG00000214300,ENSG00000188186,ENSG00000261511,ENSG00000222966,ENSG00000106333,ENSG00000078319,ENSG00000106327,ENSG00000199711,ENSG00000225807,ENSG00000286923,ENSG00000214313,ENSG00000221838,ENSG00000242101,ENSG00000166997,ENSG00000168090,ENSG00000166529,ENSG00000239521,ENSG00000214142,ENSG00000169894,ENSG00000130427,ENSG00000260445,ENSG00000166924,ENSG00000176125,ENSG00000184414,ENSG00000087085,ENSG00000106366,ENSG00000283821,ENSG00000169871,ENSG00000078487,ENSG00000274993,ENSG00000213420,ENSG00000172354,ENSG00000146839,ENSG00000235077,ENSG00000166526,ENSG00000021461,ENSG00000146833,ENSG00000237640,ENSG00000106400,ENSG00000244623,ENSG00000201913,ENSG00000121716,ENSG00000106367,ENSG00000239825,ENSG00000205307,ENSG00000235713,ENSG00000207757,ENSG00000214253,ENSG00000146830,ENSG00000160862,ENSG00000106404,ENSG00000213413,ENSG00000085514,ENSG00000160813,ENSG00000106290,ENSG00000087087,ENSG00000284518,ENSG00000197093,ENSG00000106397,ENSG00000214309,ENSG00000128581,ENSG00000172336",ENSG00000106327,Liver eQTLs,train
20010639200092196-92196000006814,chr7,"7-7277215-C-G,7-7289543-T-C,7-7289938-C-G,7-7291508-T-TC,7-7253520-C-T,7-7228824-A-T","ENSG00000272732,ENSG00000164631,ENSG00000164535,ENSG00000227719,ENSG00000106415,ENSG00000178397,ENSG00000215018,ENSG00000230825,ENSG00000272894,ENSG00000136238,ENSG00000187953,ENSG00000164654,ENSG00000233264,ENSG00000136240,ENSG00000236609,ENSG00000219545,ENSG00000136247,ENSG00000106392,ENSG00000106399,ENSG00000146576,ENSG00000146574,ENSG00000228010,ENSG00000008256,ENSG00000205903","ENSG00000270314,ENSG00000236712,ENSG00000274319,ENSG00000226943,ENSG00000164631,ENSG00000227719,ENSG00000146576,ENSG00000215018,ENSG00000164535,ENSG00000146574,ENSG00000136238,ENSG00000233108,ENSG00000106399,ENSG00000214998,ENSG00000187953,ENSG00000008256,ENSG00000244167,ENSG00000241539,ENSG00000164654,ENSG00000236609,ENSG00000106415,ENSG00000243531,ENSG00000273252,ENSG00000272894,ENSG00000219545,ENSG00000234718,ENSG00000233264,ENSG00000277327,ENSG00000136247,ENSG00000228010,ENSG00000242731,ENSG00000201747,ENSG00000136240,ENSG00000205903,ENSG00000266287,ENSG00000250561,ENSG00000178397,ENSG00000155070,ENSG00000205897,ENSG00000198580,ENSG00000287860,ENSG00000272732,ENSG00000201218,ENSG00000106392,ENSG00000230825,ENSG00000239696",ENSG00000106392,Liver eQTLs,train
20010648400092196-92196000006558,chr7,7-130127518-C-T,"ENSG00000273319,ENSG00000106459,ENSG00000233559,ENSG00000091732,ENSG00000286214,ENSG00000271204,ENSG00000128585,ENSG00000240204,ENSG00000091704,ENSG00000273329,ENSG00000158516,ENSG00000285106,ENSG00000146842,ENSG00000106484,ENSG00000106477,ENSG00000236753,ENSG00000226380,ENSG00000270953,ENSG00000231721,ENSG00000186591,ENSG00000128607,ENSG00000128510","ENSG00000286214,ENSG00000229858,ENSG00000286380,ENSG00000284032,ENSG00000271522,ENSG00000200629,ENSG00000199846,ENSG00000128607,ENSG00000091732,ENSG00000158516,ENSG00000233559,ENSG00000270992,ENSG00000106477,ENSG00000240571,ENSG00000240204,ENSG00000091704,ENSG00000199516,ENSG00000207691,ENSG00000240680,ENSG00000165120,ENSG00000213265,ENSG00000226380,ENSG00000128510,ENSG00000201109,ENSG00000231721,ENSG00000270953,ENSG00000106484,ENSG00000146842,ENSG00000232716,ENSG00000229196,ENSG00000207990,ENSG00000273329,ENSG00000266265,ENSG00000271204,ENSG00000239021,ENSG00000288881,ENSG00000236753,ENSG00000158525,ENSG00000287547,ENSG00000242078,ENSG00000106459,ENSG00000128585,ENSG00000226045,ENSG00000186591,ENSG00000285106,ENSG00000199158,ENSG00000199627,ENSG00000239919,ENSG00000273319",ENSG00000106484,Liver eQTLs,train
20010656000092196-92196000006609,chr7,"7-150421600-C-G,7-150411591-T-C,7-150417064-A-C,7-150417677-G-A,7-150391311-T-G,7-150393049-T-C,7-150394682-T-A,7-150402894-A-G,7-150403991-C-A,7-150338196-A-C,7-150357360-C-T,7-150350485-C-T,7-150347767-C-T,7-150350165-A-G,7-150351088-A-G,7-150368807-C-T,7-150371283-C-T,7-150371624-T-C,7-150373778-C-A,7-150375798-C-T,7-150379439-C-G,7-150379649-A-G,7-150382724-C-T,7-150350835-G-C,7-150351720-C-G,7-150387942-C-T,7-150357717-G-A,7-150358737-T-C,7-150429668-G-A,7-150396090-TA-T,7-150360481-A-G,7-150386627-C-T,7-150416576-AGAGG-A,7-150342420-C-T,7-150344366-A-T,7-150344699-A-G,7-150345090-C-T,7-150345310-T-C,7-150345316-C-T,7-150401581-G-C,7-150403385-C-T,7-150412139-C-A,7-150408597-T-C,7-150411505-T-C,7-150408607-C-T,7-150411159-T-C,7-150411249-G-C","ENSG00000133561,ENSG00000284691,ENSG00000197150,ENSG00000181444,ENSG00000204934,ENSG00000279536,ENSG00000033100,ENSG00000213203,ENSG00000106560,ENSG00000244151,ENSG00000106479,ENSG00000196456,ENSG00000164896,ENSG00000164897,ENSG00000106565,ENSG00000179144,ENSG00000013374,ENSG00000197558,ENSG00000286912,ENSG00000082014,ENSG00000243836,ENSG00000106615,ENSG00000261305,ENSG00000196329,ENSG00000106526,ENSG00000106538,ENSG00000002726,ENSG00000164885,ENSG00000133574,ENSG00000002933,ENSG00000033050,ENSG00000240449,ENSG00000213199,ENSG00000133612,ENSG00000214022,ENSG00000055118,ENSG00000187260,ENSG00000164867,ENSG00000188707,ENSG00000164889,ENSG00000280149,ENSG00000285480,ENSG00000181652,ENSG00000127399,ENSG00000273419,ENSG00000171115,ENSG00000171130,ENSG00000242258,ENSG00000289470","ENSG00000164889,ENSG00000171130,ENSG00000284691,ENSG00000261305,ENSG00000055118,ENSG00000181444,ENSG00000271582,ENSG00000240449,ENSG00000164900,ENSG00000289470,ENSG00000286912,ENSG00000106565,ENSG00000181652,ENSG00000164867,ENSG00000177590,ENSG00000171115,ENSG00000213199,ENSG00000179144,ENSG00000188707,ENSG00000013374,ENSG00000278685,ENSG00000244151,ENSG00000133612,ENSG00000242258,ENSG00000270990,ENSG00000273419,ENSG00000271568,ENSG00000285480,ENSG00000106479,ENSG00000197150,ENSG00000213205,ENSG00000279536,ENSG00000146926,ENSG00000197558,ENSG00000196456,ENSG00000033050,ENSG00000106560,ENSG00000280149,ENSG00000106538,ENSG00000133574,ENSG00000133561,ENSG00000273293,ENSG00000164885,ENSG00000002933,ENSG00000276538,ENSG00000204934,ENSG00000196329,ENSG00000214022,ENSG00000002726,ENSG00000232361,ENSG00000243018,ENSG00000106615,ENSG00000106526,ENSG00000082014,ENSG00000273011,ENSG00000164897,ENSG00000033100,ENSG00000187260,ENSG00000127399,ENSG00000243836,ENSG00000243853,ENSG00000213203,ENSG00000164896",ENSG00000106560,Liver eQTLs,train
20010661000092196-92196000006800,chr7,"7-66783821-C-T,7-66782477-A-C,7-66784173-T-C,7-66784699-A-G,7-66784818-A-T,7-66784852-T-C,7-66785137-C-A,7-66783479-G-A,7-66787661-C-T,7-66786384-T-C,7-66781776-T-C,7-66831265-C-A,7-66831274-T-TGGTCCCATACTCCCAAG,7-66822120-A-G,7-66783711-C-CA,7-66817431-G-A,7-66819429-C-G,7-66821067-C-T,7-66822392-C-G,7-66822414-CT-C,7-66823060-C-A,7-66812511-C-T,7-66816668-T-A,7-66820868-C-T,7-66817008-C-T,7-66836417-A-G,7-66820920-C-T,7-66832426-T-C,7-66835658-A-G,7-66844253-C-T,7-66839367-TA-T,7-66853707-A-G,7-66852334-GT-G","ENSG00000126524,ENSG00000289015,ENSG00000232491,ENSG00000230295,ENSG00000237310,ENSG00000251451,ENSG00000231234,ENSG00000225573,ENSG00000229180,ENSG00000198874,ENSG00000230583,ENSG00000226824,ENSG00000067601,ENSG00000243335,ENSG00000154710,ENSG00000289177,ENSG00000234500,ENSG00000230189,ENSG00000273142,ENSG00000106609,ENSG00000179406,ENSG00000106610","ENSG00000179131,ENSG00000126524,ENSG00000237466,ENSG00000224365,ENSG00000200670,ENSG00000198874,ENSG00000201560,ENSG00000251451,ENSG00000266525,ENSG00000229180,ENSG00000243335,ENSG00000201565,ENSG00000234185,ENSG00000289177,ENSG00000230295,ENSG00000067601,ENSG00000232546,ENSG00000212568,ENSG00000225573,ENSG00000231234,ENSG00000233423,ENSG00000234500,ENSG00000223948,ENSG00000205596,ENSG00000179406,ENSG00000252126,ENSG00000237310,ENSG00000106609,ENSG00000289015,ENSG00000275878,ENSG00000230583,ENSG00000244657,ENSG00000274135,ENSG00000271064,ENSG00000154710,ENSG00000106610,ENSG00000226392,ENSG00000232491,ENSG00000273142,ENSG00000230189,ENSG00000233383,ENSG00000226824",ENSG00000106610,Liver eQTLs,train
20010795900092196-92196000000849,chr10,"10-3183044-T-TA,10-3193412-C-T","ENSG00000107959,ENSG00000067057,ENSG00000067082,ENSG00000233321,ENSG00000237399,ENSG00000287175","ENSG00000286858,ENSG00000236892,ENSG00000287428,ENSG00000227101,ENSG00000235281,ENSG00000274809,ENSG00000236968,ENSG00000233321,ENSG00000289597,ENSG00000234182,ENSG00000234556,ENSG00000226005,ENSG00000287560,ENSG00000288566,ENSG00000234170,ENSG00000237500,ENSG00000287175,ENSG00000288755,ENSG00000229672,ENSG00000067082,ENSG00000237399,ENSG00000067057,ENSG00000227338,ENSG00000212156,ENSG00000288657,ENSG00000228353,ENSG00000231743,ENSG00000230573,ENSG00000236990,ENSG00000231326,ENSG00000107959,ENSG00000286610",ENSG00000107959,Liver eQTLs,train
20010817900092196-92196000001002,chr10,"10-81095519-C-T,10-81091563-A-C,10-81094290-T-G,10-81095782-A-G,10-81094251-A-C,10-81094125-A-G,10-81099082-G-T,10-81097266-A-G,10-81097759-C-T,10-81096071-T-C,10-81096589-G-A,10-81097499-C-A,10-81073027-CCCACCCACCA-C","ENSG00000189129,ENSG00000244733,ENSG00000237523,ENSG00000108179,ENSG00000242600,ENSG00000280355,ENSG00000225484,ENSG00000122359,ENSG00000234743,ENSG00000224596,ENSG00000108175,ENSG00000283101,ENSG00000253626,ENSG00000188199,ENSG00000165424,ENSG00000273372,ENSG00000185303,ENSG00000133678,ENSG00000272447,ENSG00000122852,ENSG00000133661,ENSG00000283913,ENSG00000230091,ENSG00000278616,ENSG00000151224","ENSG00000278616,ENSG00000283913,ENSG00000234319,ENSG00000133678,ENSG00000122852,ENSG00000224596,ENSG00000165424,ENSG00000231060,ENSG00000253626,ENSG00000283101,ENSG00000151224,ENSG00000233353,ENSG00000230091,ENSG00000231082,ENSG00000122359,ENSG00000230171,ENSG00000273372,ENSG00000287358,ENSG00000279359,ENSG00000133661,ENSG00000234382,ENSG00000233703,ENSG00000272447,ENSG00000234743,ENSG00000244733,ENSG00000170788,ENSG00000242600,ENSG00000237523,ENSG00000225484,ENSG00000108175,ENSG00000185303,ENSG00000235858,ENSG00000108179,ENSG00000280355,ENSG00000189129,ENSG00000227209,ENSG00000188199,ENSG00000232950,ENSG00000226466",ENSG00000108179,Liver eQTLs,train
20010818700092196-92196000000969,chr10,"10-70044031-T-C,10-70044452-C-A,10-70044792-C-G,10-70035837-C-T,10-70036456-C-T,10-70037327-C-G,10-70037456-C-T,10-70037854-C-T,10-70038498-T-C,10-70039119-T-C,10-70042115-A-G,10-70043190-C-T,10-70043721-G-A,10-70043916-G-A,10-70044937-C-A,10-70042371-T-G,10-70038771-G-A,10-70043500-TTG-T,10-70042807-CT-C,10-70033963-A-G,10-70045264-A-C,10-70045658-G-A,10-70045660-ACTC-A,10-70045727-G-T,10-70046441-A-G,10-70046578-G-A,10-70046630-G-GTGGTGGCTCCACGCCCATAA,10-70046810-T-C,10-70047133-C-CA,10-70047308-G-C,10-70047439-C-T,10-70047877-C-T,10-70053640-GA-G,10-70045943-A-G,10-70061075-A-G,10-70064546-G-A,10-70065469-G-A,10-70071275-G-A,10-70072620-G-A","ENSG00000122912,ENSG00000138336,ENSG00000198954,ENSG00000096746,ENSG00000122862,ENSG00000148634,ENSG00000165732,ENSG00000260400,ENSG00000108187,ENSG00000183230,ENSG00000122958,ENSG00000226318,ENSG00000107625,ENSG00000060339,ENSG00000156515,ENSG00000272892,ENSG00000156502,ENSG00000108176,ENSG00000165730,ENSG00000156510,ENSG00000213025,ENSG00000096717","ENSG00000122912,ENSG00000166220,ENSG00000229197,ENSG00000259267,ENSG00000271409,ENSG00000235524,ENSG00000138336,ENSG00000122958,ENSG00000230755,ENSG00000183230,ENSG00000236154,ENSG00000232142,ENSG00000213025,ENSG00000165732,ENSG00000165730,ENSG00000232734,ENSG00000226794,ENSG00000289193,ENSG00000107625,ENSG00000060339,ENSG00000235803,ENSG00000096717,ENSG00000148634,ENSG00000285300,ENSG00000226318,ENSG00000230661,ENSG00000224725,ENSG00000231366,ENSG00000233163,ENSG00000230469,ENSG00000096746,ENSG00000272892,ENSG00000231152,ENSG00000198954,ENSG00000108187,ENSG00000229261,ENSG00000108176,ENSG00000156502,ENSG00000260400,ENSG00000156510,ENSG00000233197,ENSG00000122859,ENSG00000231748,ENSG00000122862,ENSG00000156515",ENSG00000108187,Liver eQTLs,train
20010856100092196-92196000003156,chr17,"17-5339059-G-A,17-5338301-GAAAACAGACAAGGC-G,17-5327528-C-T,17-5336188-A-G,17-5336210-T-C,17-5337137-G-C,17-5336791-G-T,17-5335752-C-T,17-5340813-T-C,17-5338783-G-C,17-5338818-G-C,17-5338990-T-C,17-5336058-G-A,17-5334873-GA-G,17-5330186-A-G,17-5333380-C-T","ENSG00000108518,ENSG00000108556,ENSG00000108523,ENSG00000141480,ENSG00000108561,ENSG00000182853,ENSG00000142507,ENSG00000183018,ENSG00000244184,ENSG00000229782,ENSG00000263272,ENSG00000161920,ENSG00000161921,ENSG00000167741,ENSG00000108559,ENSG00000182327,ENSG00000005100,ENSG00000180626,ENSG00000108528,ENSG00000179314,ENSG00000108515,ENSG00000263164,ENSG00000263220,ENSG00000180787,ENSG00000205710,ENSG00000227495,ENSG00000286190,ENSG00000142484,ENSG00000129204,ENSG00000262227,ENSG00000161929,ENSG00000213939,ENSG00000129197,ENSG00000141497,ENSG00000185245,ENSG00000234203,ENSG00000141503,ENSG00000129250,ENSG00000129219,ENSG00000262165,ENSG00000108509,ENSG00000196388,ENSG00000132382,ENSG00000262823,ENSG00000280254,ENSG00000234327,ENSG00000091592,ENSG00000091640,ENSG00000167840,ENSG00000261879,ENSG00000167842,ENSG00000141456,ENSG00000072849,ENSG00000188176","ENSG00000262921,ENSG00000262519,ENSG00000180787,ENSG00000274300,ENSG00000167840,ENSG00000129204,ENSG00000206618,ENSG00000262495,ENSG00000129219,ENSG00000196388,ENSG00000261879,ENSG00000108556,ENSG00000180626,ENSG00000161920,ENSG00000234203,ENSG00000182327,ENSG00000161921,ENSG00000108528,ENSG00000161929,ENSG00000263220,ENSG00000262855,ENSG00000185245,ENSG00000179314,ENSG00000129197,ENSG00000262165,ENSG00000167741,ENSG00000205710,ENSG00000142484,ENSG00000261863,ENSG00000263882,ENSG00000227495,ENSG00000108561,ENSG00000091640,ENSG00000263272,ENSG00000141456,ENSG00000213939,ENSG00000262693,ENSG00000280254,ENSG00000108509,ENSG00000129250,ENSG00000142507,ENSG00000108515,ENSG00000282980,ENSG00000222429,ENSG00000262227,ENSG00000091592,ENSG00000262678,ENSG00000286356,ENSG00000072849,ENSG00000261898,ENSG00000262429,ENSG00000108523,ENSG00000262823,ENSG00000264113,ENSG00000183018,ENSG00000141497,ENSG00000284837,ENSG00000262961,ENSG00000188176,ENSG00000005100,ENSG00000262609,ENSG00000141503,ENSG00000132382,ENSG00000244184,ENSG00000230201,ENSG00000167842,ENSG00000141480,ENSG00000108518,ENSG00000262231,ENSG00000108559,ENSG00000278517,ENSG00000182853,ENSG00000263164,ENSG00000262099,ENSG00000286190,ENSG00000229782,ENSG00000234327",ENSG00000108561,Liver eQTLs,train
20010859200092196-92196000003176,chr17,"17-61776479-T-C,17-61834981-T-C,17-61784963-C-A,17-61785374-A-G,17-61794839-A-T,17-61795328-A-C,17-61795439-C-T,17-61796306-T-C,17-61797515-T-A,17-61797862-A-T,17-61797873-A-G,17-61798604-T-C,17-61798724-A-G,17-61799198-T-C,17-61799840-T-C,17-61802049-T-C,17-61802378-T-C,17-61805747-G-A,17-61806138-A-G,17-61811920-T-C,17-61812733-G-A,17-61813169-T-C,17-61814762-GT-G,17-61816590-T-C,17-61819222-C-A,17-61819960-G-A,17-61820902-T-C,17-61821161-A-G,17-61822223-T-G,17-61822394-T-TAACTC,17-61823899-C-T,17-61826980-G-A,17-61826993-C-T,17-61828349-T-C,17-61828952-G-A,17-61829989-C-T,17-61832099-C-T,17-61834537-A-G,17-61835579-T-C,17-61835603-A-T,17-61835992-T-C,17-61836372-T-C,17-61838060-G-A,17-61838259-G-A,17-61843130-G-A,17-61848779-C-G,17-61848792-A-G,17-61849387-A-T,17-61850392-C-T,17-61851366-C-G,17-61851485-C-A,17-61851751-T-G,17-61855667-C-A,17-61855668-A-C,17-61857314-T-C,17-61859390-G-A,17-61859836-A-G,17-61860355-A-G,17-61861219-A-T,17-61863184-G-T,17-61863488-C-T,17-61863732-C-T,17-61864131-A-G,17-61865325-T-C,17-61865516-T-C,17-61865800-A-G,17-61865934-A-G,17-61869095-G-A,17-61872871-T-C,17-61872883-TA-T,17-61874455-A-G,17-61875066-T-G,17-61876010-A-G,17-61876023-G-A,17-61878144-G-A,17-61884120-G-A,17-61885917-G-A,17-61889213-G-GA,17-61894728-G-T,17-61896004-T-C,17-61896127-C-G,17-61896455-A-G,17-61896487-C-T,17-61896719-A-ATTAAGCTGGGAC,17-61896814-C-T,17-61898063-C-CGCTTGAACCTGGAAGACGG,17-61901197-T-A,17-61901439-T-C,17-61901641-T-C,17-61901657-A-G,17-61902822-C-G,17-61903179-A-G,17-61903445-G-C,17-61904546-A-G,17-61904724-T-C,17-61904728-G-A,17-61906846-T-C,17-61908271-C-T,17-61909485-T-A,17-61912261-C-T,17-61912392-C-T,17-61913214-A-G,17-61913215-T-A,17-61915326-G-A,17-61916347-A-G,17-61916384-T-C,17-61917099-G-A,17-61917686-T-C,17-61913859-A-G,17-61813906-T-C,17-61817124-G-GTATATATGTACATATAT,17-61806264-T-A,17-61802612-T-C,17-61806249-C-CA,17-61807170-CA-C,17-61779927-A-C,17-61782325-T-C,17-61824667-C-G,17-61788634-G-A,17-61791210-T-G,17-61841236-G-A,17-61841788-T-A,17-61842408-A-T,17-61842646-A-G,17-61944619-C-T,17-61806096-A-T,17-61944620-T-G,17-61805607-G-A,17-61947543-A-G,17-61948390-A-G,17-61949023-C-T,17-61949279-C-T,17-61951722-C-T,17-61951860-C-T,17-61951868-G-A,17-61952100-C-T,17-61952110-T-G,17-61952229-G-A,17-61952299-A-G,17-61953294-A-C,17-61953670-T-C,17-61954112-T-C,17-61955523-A-G,17-61955983-A-G,17-61956567-A-G,17-61957023-T-C,17-61960247-A-C,17-61961350-G-C,17-61793818-T-C,17-61860932-C-T,17-61953362-T-C,17-61953868-C-A,17-61891384-G-A,17-61944621-T-C,17-61946020-G-C,17-61944496-C-CT,17-61921706-G-A,17-61922485-G-C,17-61923422-G-A,17-61925498-G-A,17-61929709-G-A,17-61934783-T-C,17-61936710-T-C,17-61938100-C-T,17-61940687-C-T,17-61942427-T-C,17-61942617-G-A,17-61944149-A-G,17-61945631-T-C,17-61920497-T-C,17-61920891-C-G,17-61921397-C-T,17-61921999-G-T,17-61922330-T-C,17-61922858-A-AT,17-61923016-G-A,17-61923564-G-A,17-61923611-T-C,17-61923716-G-C,17-61925272-C-T,17-61925298-C-T,17-61926613-A-AT,17-61927473-T-C,17-61927774-T-C,17-61931790-C-T,17-61932204-A-G,17-61932866-T-C,17-61934444-C-T,17-61936155-G-A,17-61937179-G-A,17-61938248-G-T,17-61938806-A-G,17-61940977-T-C,17-61941445-G-T,17-61941937-C-T,17-61942952-T-C,17-61945449-G-C,17-61945943-A-G,17-61946338-C-A,17-61946353-TGTGGTG-T,17-61946767-A-G,17-61946885-C-T,17-61947203-G-A,17-61940669-G-T,17-61947334-T-C,17-61947337-G-C,17-61940579-C-T,17-61940580-T-C,17-61940595-G-T,17-61940600-C-T,17-61940666-C-A,17-61940668-T-C,17-61940775-G-A,17-61940801-C-T,17-61940804-G-A,17-61981696-C-A,17-61954918-G-C,17-61812655-G-A,17-61829157-A-ATAGTGTT,17-61940718-G-A,17-61940720-T-C,17-61951836-G-T,17-61924005-CT-C,17-61947383-A-AG,17-61947303-A-G,17-61940756-G-C,17-61940721-G-A,17-61856004-GT-G,17-61952984-T-C,17-61962856-T-C,17-61964815-T-C,17-61965143-A-G,17-61934961-AT-A,17-61967438-A-G,17-61943445-GACAA-G,17-61964657-T-C,17-61968113-G-C,17-61970009-T-C,17-61968421-T-A,17-61969287-T-C,17-61971404-C-G,17-61977937-G-A,17-61978765-G-A,17-61978776-C-T,17-61964010-CTCTTTTCTTTTCTTTTTCTTTTTCTT-C,17-61963478-T-C,17-61852186-G-C,17-61976093-T-C,17-61887693-C-T,17-61812995-T-G,17-61970210-C-G,17-61977270-C-G,17-61976665-A-G,17-61972043-G-A,17-61966824-C-T,17-61783908-A-G,17-61971635-T-C","ENSG00000108592,ENSG00000178607,ENSG00000271605,ENSG00000108654,ENSG00000224383,ENSG00000136478,ENSG00000159640,ENSG00000136463,ENSG00000258890,ENSG00000108588,ENSG00000136490,ENSG00000270587,ENSG00000007314,ENSG00000259384,ENSG00000170921,ENSG00000266173,ENSG00000261371,ENSG00000007312,ENSG00000256525,ENSG00000108854,ENSG00000008283,ENSG00000279369,ENSG00000108622,ENSG00000286629,ENSG00000266402,ENSG00000108604","ENSG00000008283,ENSG00000267137,ENSG00000254114,ENSG00000242123,ENSG00000007312,ENSG00000108622,ENSG00000258890,ENSG00000239527,ENSG00000267083,ENSG00000207123,ENSG00000108654,ENSG00000007314,ENSG00000264322,ENSG00000172421,ENSG00000136490,ENSG00000202361,ENSG00000279369,ENSG00000265702,ENSG00000178607,ENSG00000136463,ENSG00000108854,ENSG00000121075,ENSG00000271605,ENSG00000256525,ENSG00000239809,ENSG00000259384,ENSG00000286629,ENSG00000273982,ENSG00000108604,ENSG00000270587,ENSG00000136478,ENSG00000266647,ENSG00000266365,ENSG00000227694,ENSG00000170921,ENSG00000267207,ENSG00000224383,ENSG00000108592,ENSG00000188755,ENSG00000108588,ENSG00000199697,ENSG00000263887,ENSG00000266173,ENSG00000266402,ENSG00000207382,ENSG00000267449,ENSG00000251981,ENSG00000261371,ENSG00000159640",ENSG00000108592,Liver eQTLs,train
